image_path,dataset,foreground_fraction,n_components,largest_component_fraction
data\raw\riceleafbd\Bacterial Leaf Blight\287707627_871778014004060_726758636943332730_n.jpg,riceleafbd,0.055951128643436335,1,0.055951128643436335
data\raw\riceleafbd\Bacterial Leaf Blight\306374173_668849494858593_3766180290570057808_n.jpg,riceleafbd,0.41243556962539063,1,0.41243556962539063
data\raw\riceleafbd\Bacterial Leaf Blight\306768571_5705896816098704_5324870073207477777_n.jpg,riceleafbd,0.2175972825306202,1,0.2175972825306202
data\raw\riceleafbd\Bacterial Leaf Blight\308023277_813205076492610_8884314140399816635_n.jpg,riceleafbd,0.5532783051724481,1,0.5532783051724481
data\raw\riceleafbd\Bacterial Leaf Blight\308400042_1457149698084155_2460803779325392734_n.jpg,riceleafbd,0.7028677983539094,1,0.7028677983539094
data\raw\riceleafbd\Bacterial Leaf Blight\309887257_1206708786950023_3999718091796316686_n.jpg,riceleafbd,0.5917756958141573,1,0.5917756958141573
data\raw\riceleafbd\Bacterial Leaf Blight\309889467_1034938934566619_5421307974573115033_n.jpg,riceleafbd,0.07505167738142648,1,0.07505167738142648
data\raw\riceleafbd\Bacterial Leaf Blight\309906799_2995311924109055_1548035455363112562_n (1).jpg,riceleafbd,0.3023312513697129,1,0.3023312513697129
data\raw\riceleafbd\Bacterial Leaf Blight\309906799_2995311924109055_1548035455363112562_n (2).jpg,riceleafbd,0.3023312513697129,1,0.3023312513697129
data\raw\riceleafbd\Bacterial Leaf Blight\309906799_2995311924109055_1548035455363112562_n (3).jpg,riceleafbd,0.3023312513697129,1,0.3023312513697129
data\raw\riceleafbd\Bacterial Leaf Blight\309906799_2995311924109055_1548035455363112562_n.jpg,riceleafbd,0.3023312513697129,1,0.3023312513697129
data\raw\riceleafbd\Bacterial Leaf Blight\309914121_499573125434843_7502151446289468963_n.jpg,riceleafbd,0.27829321765090026,1,0.27829321765090026
data\raw\riceleafbd\Bacterial Leaf Blight\309917130_705181374368022_7708826739424719878_n.jpg,riceleafbd,0.21168430335097002,1,0.21168430335097002
data\raw\riceleafbd\Bacterial Leaf Blight\309927186_1142612546377118_9049401921745677073_n.jpg,riceleafbd,0.6165923982453217,1,0.6165923982453217
data\raw\riceleafbd\Bacterial Leaf Blight\309930035_609965000916713_6053113369076935018_n (1).jpg,riceleafbd,0.4795973767671881,1,0.4795973767671881
data\raw\riceleafbd\Bacterial Leaf Blight\309935720_624667676025618_6020341465910782064_n.jpg,riceleafbd,0.1773406862745098,1,0.1773406862745098
data\raw\riceleafbd\Bacterial Leaf Blight\309944835_403163421908295_9126692865745592080_n (1).jpg,riceleafbd,0.8202460729211702,1,0.8202460729211702
data\raw\riceleafbd\Bacterial Leaf Blight\309944835_403163421908295_9126692865745592080_n.jpg,riceleafbd,0.8202460729211702,1,0.8202460729211702
data\raw\riceleafbd\Bacterial Leaf Blight\309949841_5556370191117231_3092019620081404905_n (1).jpg,riceleafbd,0.31481181343417974,1,0.31481181343417974
data\raw\riceleafbd\Bacterial Leaf Blight\309949841_5556370191117231_3092019620081404905_n.jpg,riceleafbd,0.31481181343417974,1,0.31481181343417974
data\raw\riceleafbd\Bacterial Leaf Blight\309950589_1096526231050520_832987334448539271_n.jpg,riceleafbd,0.27346136081521893,1,0.27346136081521893
data\raw\riceleafbd\Bacterial Leaf Blight\309981324_5716773368401002_4567453957138815972_n.jpg,riceleafbd,0.11894860837168529,1,0.11894860837168529
data\raw\riceleafbd\Bacterial Leaf Blight\310002278_817225236263649_3961895793977925231_n (1).jpg,riceleafbd,0.31696616369455877,1,0.31696616369455877
data\raw\riceleafbd\Bacterial Leaf Blight\310002278_817225236263649_3961895793977925231_n.jpg,riceleafbd,0.31696616369455877,1,0.31696616369455877
data\raw\riceleafbd\Bacterial Leaf Blight\310006532_887017432263227_516046070358667000_n (1).jpg,riceleafbd,0.7265216154721275,1,0.7265216154721275
data\raw\riceleafbd\Bacterial Leaf Blight\310011901_727491482067925_2927973224257730841_n.jpg,riceleafbd,0.07419624485596708,1,0.07419624485596708
data\raw\riceleafbd\Bacterial Leaf Blight\310061159_1771194393257497_6100627014383132732_n (1).jpg,riceleafbd,0.5862538580246913,1,0.5862538580246913
data\raw\riceleafbd\Bacterial Leaf Blight\310067670_1460212497800616_8263437998853540163_n.jpg,riceleafbd,0.39891484869809996,1,0.39891484869809996
data\raw\riceleafbd\Bacterial Leaf Blight\310068205_3277307199265837_3560960330579466291_n.jpg,riceleafbd,0.178593601458976,1,0.178593601458976
data\raw\riceleafbd\Bacterial Leaf Blight\310068205_818588019449923_3913899021171820655_n.jpg,riceleafbd,0.2857028795137279,1,0.2857028795137279
data\raw\riceleafbd\Bacterial Leaf Blight\310068882_691272839033182_5139952364170529372_n.jpg,riceleafbd,0.49820730637313554,1,0.49820730637313554
data\raw\riceleafbd\Bacterial Leaf Blight\310071915_444203177660926_6518706998211739864_n (1).jpg,riceleafbd,0.6831256430041153,1,0.6831256430041153
data\raw\riceleafbd\Bacterial Leaf Blight\310071915_444203177660926_6518706998211739864_n.jpg,riceleafbd,0.6831256430041153,1,0.6831256430041153
data\raw\riceleafbd\Bacterial Leaf Blight\310073451_670400287776430_8623490334686936705_n.jpg,riceleafbd,0.4489913434144203,1,0.4489913434144203
data\raw\riceleafbd\Bacterial Leaf Blight\310073971_435370668776339_6035196133024949050_n.jpg,riceleafbd,0.29061213991769547,1,0.29061213991769547
data\raw\riceleafbd\Bacterial Leaf Blight\310077906_1096335294401000_358816161487578227_n (1).jpg,riceleafbd,0.6747635163182286,1,0.6747635163182286
data\raw\riceleafbd\Bacterial Leaf Blight\310077906_1096335294401000_358816161487578227_n.jpg,riceleafbd,0.6747635163182286,1,0.6747635163182286
data\raw\riceleafbd\Bacterial Leaf Blight\310078353_660589472106425_3907303379127533192_n.jpg,riceleafbd,0.0972437949905761,1,0.0972437949905761
data\raw\riceleafbd\Bacterial Leaf Blight\310090711_874207533939594_3235125099262747986_n (1).jpg,riceleafbd,0.1970084590763603,1,0.1970084590763603
data\raw\riceleafbd\Bacterial Leaf Blight\310099266_1114310669474495_1151059898472155262_n.jpg,riceleafbd,0.6521237507348618,1,0.6521237507348618
data\raw\riceleafbd\Bacterial Leaf Blight\310103066_1336526506753515_6186056900445065534_n.jpg,riceleafbd,0.2308645627876397,1,0.2308645627876397
data\raw\riceleafbd\Bacterial Leaf Blight\310106462_1093880197983588_1411787509327726484_n.jpg,riceleafbd,0.12507396449704142,1,0.12507396449704142
data\raw\riceleafbd\Bacterial Leaf Blight\310108465_1274344353360521_4050189809060602811_n.jpg,riceleafbd,0.418019279947131,1,0.418019279947131
data\raw\riceleafbd\Bacterial Leaf Blight\310111298_562164032386723_1187157458750245682_n (1).jpg,riceleafbd,0.12893630345321166,1,0.12893630345321166
data\raw\riceleafbd\Bacterial Leaf Blight\310111298_562164032386723_1187157458750245682_n.jpg,riceleafbd,0.12893630345321166,1,0.12893630345321166
data\raw\riceleafbd\Bacterial Leaf Blight\310114150_1326246238112132_6368990570522175941_n.jpg,riceleafbd,0.6006968432162733,1,0.6006968432162733
data\raw\riceleafbd\Bacterial Leaf Blight\310116581_5529911123723324_4187199742885998953_n.jpg,riceleafbd,0.5363335253456222,1,0.5363335253456222
data\raw\riceleafbd\Bacterial Leaf Blight\310117662_659620325688598_7388704243788229374_n.jpg,riceleafbd,0.08526688453159041,1,0.08526688453159041
data\raw\riceleafbd\Bacterial Leaf Blight\310118366_792036068554166_3778291304245694531_n.jpg,riceleafbd,0.39390309343434343,1,0.39390309343434343
data\raw\riceleafbd\Bacterial Leaf Blight\310155672_615122330405118_141836114081908699_n (1).jpg,riceleafbd,0.2509019158786446,1,0.2509019158786446
data\raw\riceleafbd\Bacterial Leaf Blight\310186129_1587918904994279_3358023107928269316_n.jpg,riceleafbd,0.7336510423466945,1,0.7336510423466945
data\raw\riceleafbd\Bacterial Leaf Blight\310204379_844905173419386_2433971113517325536_n.jpg,riceleafbd,0.1087149939866971,1,0.1087149939866971
data\raw\riceleafbd\Bacterial Leaf Blight\310206284_656083739226753_3914532778220688758_n.jpg,riceleafbd,0.20027418362830587,1,0.20027418362830587
data\raw\riceleafbd\Bacterial Leaf Blight\310227896_2359522557534803_874180533767999718_n.jpg,riceleafbd,0.1980928117466579,1,0.1980928117466579
data\raw\riceleafbd\Bacterial Leaf Blight\310242655_462324529121851_7634462214048329274_n.jpg,riceleafbd,0.21506105006105006,1,0.21506105006105006
data\raw\riceleafbd\Bacterial Leaf Blight\310245436_530123098626208_7344551422469112740_n.jpg,riceleafbd,0.2386519043069372,1,0.2386519043069372
data\raw\riceleafbd\Bacterial Leaf Blight\310246564_645862093898606_4326219695700720633_n.jpg,riceleafbd,0.6664944860590928,1,0.6664944860590928
data\raw\riceleafbd\Bacterial Leaf Blight\310252428_829038964986259_6100403909234475320_n.jpg,riceleafbd,0.5635602381828912,1,0.5635602381828912
data\raw\riceleafbd\Bacterial Leaf Blight\310271125_854878082364909_969723976098953938_n.jpg,riceleafbd,0.17046269916640286,1,0.17046269916640286
data\raw\riceleafbd\Bacterial Leaf Blight\310287299_803094234309195_4665509542057031227_n.jpg,riceleafbd,0.10908557966250274,1,0.10908557966250274
data\raw\riceleafbd\Bacterial Leaf Blight\310290439_684785263013773_6826715026678719745_n.jpg,riceleafbd,0.4908826164874552,1,0.4908826164874552
data\raw\riceleafbd\Bacterial Leaf Blight\310298902_1613877562348531_1007280443627564728_n.jpg,riceleafbd,0.4292996426432009,1,0.4292996426432009
data\raw\riceleafbd\Bacterial Leaf Blight\310301288_829532258098749_271686150820095018_n.jpg,riceleafbd,0.34340649291266573,1,0.34340649291266573
data\raw\riceleafbd\Bacterial Leaf Blight\310321695_687983289408936_7725850286696211803_n.jpg,riceleafbd,0.06859686609686609,1,0.06859686609686609
data\raw\riceleafbd\Bacterial Leaf Blight\310335563_689649512083368_5156866007167643059_n.jpg,riceleafbd,0.7538307204180664,1,0.7538307204180664
data\raw\riceleafbd\Bacterial Leaf Blight\310346992_1108086863410406_8151012851109379531_n (1).jpg,riceleafbd,0.35884532471032066,1,0.35884532471032066
data\raw\riceleafbd\Bacterial Leaf Blight\310348568_1576915136115241_4061210897780894592_n.jpg,riceleafbd,0.5339245014245014,1,0.5339245014245014
data\raw\riceleafbd\Bacterial Leaf Blight\310348569_496418645770619_1973838462801256641_n.jpg,riceleafbd,0.34779750164365547,1,0.34779750164365547
data\raw\riceleafbd\Bacterial Leaf Blight\310398982_1743511802696734_8223560625839530939_n (1).jpg,riceleafbd,0.4344099479439089,1,0.4344099479439089
data\raw\riceleafbd\Bacterial Leaf Blight\310398982_1743511802696734_8223560625839530939_n.jpg,riceleafbd,0.4344099479439089,1,0.4344099479439089
data\raw\riceleafbd\Bacterial Leaf Blight\310399369_540025967958207_1299660027449913615_n.jpg,riceleafbd,0.20162726565630376,1,0.20162726565630376
data\raw\riceleafbd\Bacterial Leaf Blight\310399965_525487952452987_1097327620810210042_n.jpg,riceleafbd,0.16000426413255361,1,0.16000426413255361
data\raw\riceleafbd\Bacterial Leaf Blight\310406638_441712651261553_8445621227755511487_n.jpg,riceleafbd,0.29670426188599947,1,0.29670426188599947
data\raw\riceleafbd\Bacterial Leaf Blight\310408699_496897225830087_237703061076680073_n.jpg,riceleafbd,0.17919918578095523,1,0.17919918578095523
data\raw\riceleafbd\Bacterial Leaf Blight\310408699_822627472279758_1254045115159679670_n (1).jpg,riceleafbd,0.20027584876543209,1,0.20027584876543209
data\raw\riceleafbd\Bacterial Leaf Blight\310408699_822627472279758_1254045115159679670_n.jpg,riceleafbd,0.20027584876543209,1,0.20027584876543209
data\raw\riceleafbd\Bacterial Leaf Blight\310415196_863381368363076_2835015746818951626_n.jpg,riceleafbd,0.09135053692746001,1,0.09135053692746001
data\raw\riceleafbd\Bacterial Leaf Blight\310421506_682212046823295_7959506462679908202_n.jpg,riceleafbd,0.46076901422241806,1,0.46076901422241806
data\raw\riceleafbd\Bacterial Leaf Blight\310425396_1159231851666855_6998416759931708991_n.jpg,riceleafbd,0.735065383365822,1,0.735065383365822
data\raw\riceleafbd\Bacterial Leaf Blight\310431608_945940750126887_1669829760117063812_n (1).jpg,riceleafbd,0.15984711455641687,1,0.15984711455641687
data\raw\riceleafbd\Bacterial Leaf Blight\310431608_945940750126887_1669829760117063812_n.jpg,riceleafbd,0.15984711455641687,1,0.15984711455641687
data\raw\riceleafbd\Bacterial Leaf Blight\310448020_682310889868060_4681830072878013283_n.jpg,riceleafbd,0.3616310541310541,1,0.3616310541310541
data\raw\riceleafbd\Bacterial Leaf Blight\310464016_1164415064492054_7219545344180247598_n.jpg,riceleafbd,0.7015748962058618,1,0.7015748962058618
data\raw\riceleafbd\Bacterial Leaf Blight\310464616_851545286273413_4316228521924337719_n.jpg,riceleafbd,0.19792584910552244,1,0.19792584910552244
data\raw\riceleafbd\Bacterial Leaf Blight\310469690_2436748673143286_2677182688110486122_n.jpg,riceleafbd,0.40197337962962965,1,0.40197337962962965
data\raw\riceleafbd\Bacterial Leaf Blight\310487840_1291281128080362_8434485632634687911_n (1).jpg,riceleafbd,0.45943707447181864,1,0.45943707447181864
data\raw\riceleafbd\Bacterial Leaf Blight\310487840_1291281128080362_8434485632634687911_n.jpg,riceleafbd,0.45943707447181864,1,0.45943707447181864
data\raw\riceleafbd\Bacterial Leaf Blight\310488167_3283636195219120_6710492829285452029_n (1).jpg,riceleafbd,0.4951325723797634,1,0.4951325723797634
data\raw\riceleafbd\Bacterial Leaf Blight\310488167_3283636195219120_6710492829285452029_n.jpg,riceleafbd,0.4951325723797634,1,0.4951325723797634
data\raw\riceleafbd\Bacterial Leaf Blight\310543147_457255739652955_3429368353373351621_n.jpg,riceleafbd,0.2211094674556213,1,0.2211094674556213
data\raw\riceleafbd\Bacterial Leaf Blight\310551734_1878080685878412_6304500458457326559_n.jpg,riceleafbd,0.6706785262953242,1,0.6706785262953242
data\raw\riceleafbd\Bacterial Leaf Blight\310553566_2995830284047527_316969068202881531_n.jpg,riceleafbd,0.2979213148891864,1,0.2979213148891864
data\raw\riceleafbd\Bacterial Leaf Blight\310559329_690131362347145_6658353345499358807_n (1).jpg,riceleafbd,0.45909014917695473,1,0.45909014917695473
data\raw\riceleafbd\Bacterial Leaf Blight\310559329_690131362347145_6658353345499358807_n.jpg,riceleafbd,0.45909014917695473,1,0.45909014917695473
data\raw\riceleafbd\Bacterial Leaf Blight\310559970_1213671542697262_8535261898640007138_n.jpg,riceleafbd,0.10657668231611894,1,0.10657668231611894
data\raw\riceleafbd\Bacterial Leaf Blight\310572527_877480326964706_6234914540895705397_n.jpg,riceleafbd,0.3237218196457327,1,0.3237218196457327
data\raw\riceleafbd\Bacterial Leaf Blight\310600434_509085124429604_8918712258124914972_n.jpg,riceleafbd,0.3266418272143463,1,0.3266418272143463
data\raw\riceleafbd\Bacterial Leaf Blight\310614783_415402003974119_8541969504061395281_n.jpg,riceleafbd,0.17945131691370408,1,0.17945131691370408
data\raw\riceleafbd\Bacterial Leaf Blight\310618161_749865946301961_566346251077039014_n (1).jpg,riceleafbd,0.26871877451587595,1,0.26871877451587595
data\raw\riceleafbd\Bacterial Leaf Blight\310640932_1155806921733557_1536466671256326621_n.jpg,riceleafbd,0.02758211444701052,1,0.02758211444701052
data\raw\riceleafbd\Bacterial Leaf Blight\310644021_808218650294002_2396455372290571328_n (1).jpg,riceleafbd,0.40637424872861766,1,0.40637424872861766
data\raw\riceleafbd\Bacterial Leaf Blight\310644021_808218650294002_2396455372290571328_n.jpg,riceleafbd,0.40637424872861766,1,0.40637424872861766
data\raw\riceleafbd\Bacterial Leaf Blight\310646560_492327916186305_3033082180337223512_n.jpg,riceleafbd,0.39771283436213994,1,0.39771283436213994
data\raw\riceleafbd\Bacterial Leaf Blight\310648809_1276299019880335_3987705849652034683_n.jpg,riceleafbd,0.1888214990138067,1,0.1888214990138067
data\raw\riceleafbd\Bacterial Leaf Blight\310670396_429378569378476_2079842306408630720_n (1).jpg,riceleafbd,0.3367163177670424,1,0.3367163177670424
data\raw\riceleafbd\Bacterial Leaf Blight\310670396_429378569378476_2079842306408630720_n.jpg,riceleafbd,0.3367163177670424,1,0.3367163177670424
data\raw\riceleafbd\Bacterial Leaf Blight\310671193_651962683328428_2392190712301200676_n.jpg,riceleafbd,0.3919174382716049,1,0.3919174382716049
data\raw\riceleafbd\Bacterial Leaf Blight\310674255_5604488246310964_3622111877303547733_n (1).jpg,riceleafbd,0.39890347151432776,1,0.39890347151432776
data\raw\riceleafbd\Bacterial Leaf Blight\310674255_5604488246310964_3622111877303547733_n.jpg,riceleafbd,0.39890347151432776,1,0.39890347151432776
data\raw\riceleafbd\Bacterial Leaf Blight\310719042_561579772636310_4450666158229352919_n (1).jpg,riceleafbd,0.12683425705991028,1,0.12683425705991028
data\raw\riceleafbd\Bacterial Leaf Blight\310719042_561579772636310_4450666158229352919_n.jpg,riceleafbd,0.12683425705991028,1,0.12683425705991028
data\raw\riceleafbd\Bacterial Leaf Blight\310732056_882974596404588_3333536589152760246_n.jpg,riceleafbd,0.23026186509462174,1,0.23026186509462174
data\raw\riceleafbd\Bacterial Leaf Blight\310773473_503921111704958_8483945229256166615_n.jpg,riceleafbd,0.026006441223832527,1,0.026006441223832527
data\raw\riceleafbd\Bacterial Leaf Blight\310776944_2271192576395292_6697039548256478756_n.jpg,riceleafbd,0.10148807624396367,1,0.10148807624396367
data\raw\riceleafbd\Bacterial Leaf Blight\310786053_1525316674560353_7049264138852649689_n.jpg,riceleafbd,0.014790345313601128,1,0.014790345313601128
data\raw\riceleafbd\Bacterial Leaf Blight\310793904_3186523691659403_5383376354122925282_n (1).jpg,riceleafbd,0.41653499830105334,1,0.41653499830105334
data\raw\riceleafbd\Bacterial Leaf Blight\310800911_1086292778725443_5354534637381279077_n.jpg,riceleafbd,0.10193769928869266,1,0.10193769928869266
data\raw\riceleafbd\Bacterial Leaf Blight\310806656_1155600812023590_376145728074683356_n (1).jpg,riceleafbd,0.3768081275720165,1,0.3768081275720165
data\raw\riceleafbd\Bacterial Leaf Blight\310806656_1155600812023590_376145728074683356_n.jpg,riceleafbd,0.3768081275720165,1,0.3768081275720165
data\raw\riceleafbd\Bacterial Leaf Blight\310807976_811879566593115_3526807662723242232_n.jpg,riceleafbd,0.060406972345174594,1,0.060406972345174594
data\raw\riceleafbd\Bacterial Leaf Blight\310816588_683444686539952_5848690206784441184_n (1).jpg,riceleafbd,0.5974228395061728,1,0.5974228395061728
data\raw\riceleafbd\Bacterial Leaf Blight\310816588_683444686539952_5848690206784441184_n.jpg,riceleafbd,0.5974228395061728,1,0.5974228395061728
data\raw\riceleafbd\Bacterial Leaf Blight\310824213_855040892191393_2275687619532873530_n.jpg,riceleafbd,0.09993002099370189,1,0.09993002099370189
data\raw\riceleafbd\Bacterial Leaf Blight\310828816_690325272284589_9142632844752404553_n.jpg,riceleafbd,0.41738208554518275,1,0.41738208554518275
data\raw\riceleafbd\Bacterial Leaf Blight\310828818_502045418606703_6319544330287836103_n.jpg,riceleafbd,0.32035403885480573,1,0.32035403885480573
data\raw\riceleafbd\Bacterial Leaf Blight\310828818_801077407864911_6593082883199240119_n.jpg,riceleafbd,0.17969921905203742,1,0.17969921905203742
data\raw\riceleafbd\Bacterial Leaf Blight\310839695_5693966490642265_4289994576722985164_n.jpg,riceleafbd,0.221754990531185,1,0.221754990531185
data\raw\riceleafbd\Bacterial Leaf Blight\310852417_3265459660435599_1909107167551415250_n.jpg,riceleafbd,0.6102094406479373,1,0.6102094406479373
data\raw\riceleafbd\Bacterial Leaf Blight\310853518_1159479021645279_1488304423547265573_n.jpg,riceleafbd,0.4881656293222683,1,0.4881656293222683
data\raw\riceleafbd\Bacterial Leaf Blight\310854028_435802855205808_7539885840348190946_n.jpg,riceleafbd,0.28591442033749725,1,0.28591442033749725
data\raw\riceleafbd\Bacterial Leaf Blight\310860211_1195211697757300_6481156105053704010_n.jpg,riceleafbd,0.5805285797608633,1,0.5805285797608633
data\raw\riceleafbd\Bacterial Leaf Blight\310899607_1814307275582501_3557432218080740998_n.jpg,riceleafbd,0.2224890422967346,1,0.2224890422967346
data\raw\riceleafbd\Bacterial Leaf Blight\310910786_497041972358154_3724793616908977131_n.jpg,riceleafbd,0.41012102305411746,1,0.41012102305411746
data\raw\riceleafbd\Bacterial Leaf Blight\310939144_520951129667148_9028737506706713083_n.jpg,riceleafbd,0.4172478832600161,1,0.4172478832600161
data\raw\riceleafbd\Bacterial Leaf Blight\310957993_531393051801796_7180472141142317761_n (1).jpg,riceleafbd,0.2024729938271605,1,0.2024729938271605
data\raw\riceleafbd\Bacterial Leaf Blight\310959560_1164934114442829_2311022066141502967_n (1).jpg,riceleafbd,0.3212652730049637,1,0.3212652730049637
data\raw\riceleafbd\Bacterial Leaf Blight\310959560_1164934114442829_2311022066141502967_n (2).jpg,riceleafbd,0.3212652730049637,1,0.3212652730049637
data\raw\riceleafbd\Bacterial Leaf Blight\310959560_1164934114442829_2311022066141502967_n.jpg,riceleafbd,0.3212652730049637,1,0.3212652730049637
data\raw\riceleafbd\Bacterial Leaf Blight\310962820_3246774055651160_4343341207776874939_n.jpg,riceleafbd,0.1171499013806706,1,0.1171499013806706
data\raw\riceleafbd\Bacterial Leaf Blight\310973863_659588705790448_79279918050844787_n.jpg,riceleafbd,0.025515812616269236,1,0.025515812616269236
data\raw\riceleafbd\Bacterial Leaf Blight\310974891_450883127170242_460585121222718338_n (1).jpg,riceleafbd,0.5019202045517835,1,0.5019202045517835
data\raw\riceleafbd\Bacterial Leaf Blight\310974891_450883127170242_460585121222718338_n (2).jpg,riceleafbd,0.5019202045517835,1,0.5019202045517835
data\raw\riceleafbd\Bacterial Leaf Blight\310974891_450883127170242_460585121222718338_n.jpg,riceleafbd,0.5019202045517835,1,0.5019202045517835
data\raw\riceleafbd\Bacterial Leaf Blight\310974927_491049266314337_8022843233606053562_n (1).jpg,riceleafbd,0.1028825785448302,1,0.1028825785448302
data\raw\riceleafbd\Bacterial Leaf Blight\310974927_491049266314337_8022843233606053562_n.jpg,riceleafbd,0.1028825785448302,1,0.1028825785448302
data\raw\riceleafbd\Bacterial Leaf Blight\310974928_1248138435919353_5243267489632069214_n.jpg,riceleafbd,0.4684650513285024,1,0.4684650513285024
data\raw\riceleafbd\Bacterial Leaf Blight\310986458_1422967054894315_2215338726885638584_n.jpg,riceleafbd,0.27544843049327355,1,0.27544843049327355
data\raw\riceleafbd\Bacterial Leaf Blight\310986470_827527985246219_5182457811937271935_n.jpg,riceleafbd,0.6685776901161516,1,0.6685776901161516
data\raw\riceleafbd\Bacterial Leaf Blight\310987026_3261889310716732_1126130837070880892_n.jpg,riceleafbd,0.2671032248979017,1,0.2671032248979017
data\raw\riceleafbd\Bacterial Leaf Blight\310989352_452640626791616_6700188349420952797_n.jpg,riceleafbd,0.1694433486741179,1,0.1694433486741179
data\raw\riceleafbd\Bacterial Leaf Blight\310989352_840479063762307_7205381542363703990_n.jpg,riceleafbd,0.23208431240908584,1,0.23208431240908584
data\raw\riceleafbd\Bacterial Leaf Blight\311006291_1283093285821857_4533140281566325969_n.jpg,riceleafbd,0.3401928201443157,1,0.3401928201443157
data\raw\riceleafbd\Bacterial Leaf Blight\311024973_1610391142753270_631261596346559709_n.jpg,riceleafbd,0.3525352733686067,1,0.3525352733686067
data\raw\riceleafbd\Bacterial Leaf Blight\311039233_647379983529818_3179780877140814952_n (1).jpg,riceleafbd,0.12357385492000876,1,0.12357385492000876
data\raw\riceleafbd\Bacterial Leaf Blight\311039233_647379983529818_3179780877140814952_n.jpg,riceleafbd,0.12357385492000876,1,0.12357385492000876
data\raw\riceleafbd\Bacterial Leaf Blight\311120128_827872505301907_5738768674890653677_n.jpg,riceleafbd,0.2318626826367652,1,0.2318626826367652
data\raw\riceleafbd\Bacterial Leaf Blight\311127088_3070769586478834_593695714921536743_n.jpg,riceleafbd,0.2929098785770944,1,0.2929098785770944
data\raw\riceleafbd\Bacterial Leaf Blight\311146649_1109249426367992_2020093549392706267_n.jpg,riceleafbd,0.019669642857142858,1,0.019669642857142858
data\raw\riceleafbd\Bacterial Leaf Blight\311150408_1181671116062665_4258769257725963297_n.jpg,riceleafbd,0.1739902476440938,1,0.1739902476440938
data\raw\riceleafbd\Bacterial Leaf Blight\311155755_667001898417987_5463193008355939533_n.jpg,riceleafbd,0.09892970927917165,1,0.09892970927917165
data\raw\riceleafbd\Bacterial Leaf Blight\311162571_5469448139777618_6986294095882567716_n (1).jpg,riceleafbd,0.3758809993425378,1,0.3758809993425378
data\raw\riceleafbd\Bacterial Leaf Blight\311162571_5469448139777618_6986294095882567716_n.jpg,riceleafbd,0.3758809993425378,1,0.3758809993425378
data\raw\riceleafbd\Bacterial Leaf Blight\311173558_1078001522862587_6821030613800710079_n.jpg,riceleafbd,0.13374302290412166,1,0.13374302290412166
data\raw\riceleafbd\Bacterial Leaf Blight\311176948_1173457476855843_8876369629576747934_n (1).jpg,riceleafbd,0.5886095420774352,1,0.5886095420774352
data\raw\riceleafbd\Bacterial Leaf Blight\311176948_1173457476855843_8876369629576747934_n.jpg,riceleafbd,0.5886095420774352,1,0.5886095420774352
data\raw\riceleafbd\Bacterial Leaf Blight\311215805_2327211210781483_4316745845371875045_n (1).jpg,riceleafbd,0.49297343043584774,1,0.49297343043584774
data\raw\riceleafbd\Bacterial Leaf Blight\311215805_2327211210781483_4316745845371875045_n.jpg,riceleafbd,0.49297343043584774,1,0.49297343043584774
data\raw\riceleafbd\Bacterial Leaf Blight\311228557_3354837764782169_1347128547830875125_n.jpg,riceleafbd,0.4558229235152312,1,0.4558229235152312
data\raw\riceleafbd\Bacterial Leaf Blight\311241844_867069184651555_26029076582327398_n.jpg,riceleafbd,0.07727481919789612,1,0.07727481919789612
data\raw\riceleafbd\Bacterial Leaf Blight\311265233_657558655877043_5865489749184376197_n.jpg,riceleafbd,0.6075701293008985,1,0.6075701293008985
data\raw\riceleafbd\Bacterial Leaf Blight\311279607_8500016796705278_1785616972798444820_n.jpg,riceleafbd,0.16095332018408942,1,0.16095332018408942
data\raw\riceleafbd\Bacterial Leaf Blight\311296765_525129705864898_613330793096347451_n.jpg,riceleafbd,0.33612589921193736,1,0.33612589921193736
data\raw\riceleafbd\Bacterial Leaf Blight\311311853_5451057041609361_5671669149495919327_n (1).jpg,riceleafbd,0.5607957748204789,1,0.5607957748204789
data\raw\riceleafbd\Bacterial Leaf Blight\311316953_2333723993468631_1150700993852292418_n.jpg,riceleafbd,0.4840408941258014,1,0.4840408941258014
data\raw\riceleafbd\Bacterial Leaf Blight\311332387_657230612713643_6199394551710473389_n (1).jpg,riceleafbd,0.26997191313229046,1,0.26997191313229046
data\raw\riceleafbd\Bacterial Leaf Blight\311332387_657230612713643_6199394551710473389_n.jpg,riceleafbd,0.26997191313229046,1,0.26997191313229046
data\raw\riceleafbd\Bacterial Leaf Blight\311441515_1079990362543994_6288708335709485111_n.jpg,riceleafbd,0.4166589962743809,1,0.4166589962743809
data\raw\riceleafbd\Bacterial Leaf Blight\311442085_3290982681175106_6220041470786268097_n.jpg,riceleafbd,0.29368870631194577,1,0.29368870631194577
data\raw\riceleafbd\Bacterial Leaf Blight\311453915_3375316629450850_968877061441042640_n.jpg,riceleafbd,0.5267540642953185,1,0.5267540642953185
data\raw\riceleafbd\Bacterial Leaf Blight\311466345_1063398244336523_5655169926138422138_n.jpg,riceleafbd,0.038144642857142856,1,0.038144642857142856
data\raw\riceleafbd\Bacterial Leaf Blight\311866964_567071142085825_622814194050866011_n.jpg,riceleafbd,0.3009452563210392,1,0.3009452563210392
data\raw\riceleafbd\Bacterial Leaf Blight\311877206_813451169874270_1813155305506983296_n (1).jpg,riceleafbd,0.4377393385552654,1,0.4377393385552654
data\raw\riceleafbd\Bacterial Leaf Blight\311877206_850779099448782_7344538294085096936_n.jpg,riceleafbd,0.4738597996346931,1,0.4738597996346931
data\raw\riceleafbd\Bacterial Leaf Blight\311900983_689802402358732_3634352778830511459_n (1).jpg,riceleafbd,0.13806153401704463,1,0.13806153401704463
data\raw\riceleafbd\Bacterial Leaf Blight\311900983_689802402358732_3634352778830511459_n.jpg,riceleafbd,0.13806153401704463,1,0.13806153401704463
data\raw\riceleafbd\Bacterial Leaf Blight\311903426_838983637128251_2126702621483037354_n.jpg,riceleafbd,0.18046731535141064,1,0.18046731535141064
data\raw\riceleafbd\Bacterial Leaf Blight\311905670_494313549327013_3366459603905626498_n (1).jpg,riceleafbd,0.6471620510008226,1,0.6471620510008226
data\raw\riceleafbd\Bacterial Leaf Blight\311905670_494313549327013_3366459603905626498_n.jpg,riceleafbd,0.6471620510008226,1,0.6471620510008226
data\raw\riceleafbd\Bacterial Leaf Blight\311922711_862621194774744_1639676549932614409_n.jpg,riceleafbd,0.4908122427983539,1,0.4908122427983539
data\raw\riceleafbd\Bacterial Leaf Blight\311950185_1181251602817107_2793916819747041864_n.jpg,riceleafbd,0.05811198772737234,1,0.05811198772737234
data\raw\riceleafbd\Bacterial Leaf Blight\311958416_856690878677156_2200993711463183195_n.jpg,riceleafbd,0.14179809320146128,1,0.14179809320146128
data\raw\riceleafbd\Bacterial Leaf Blight\311994481_1554859204947566_3246896678956371692_n.jpg,riceleafbd,0.5329717291255753,1,0.5329717291255753
data\raw\riceleafbd\Bacterial Leaf Blight\311996253_708829197508056_1204240679350468183_n.jpg,riceleafbd,0.5199394489857705,1,0.5199394489857705
data\raw\riceleafbd\Bacterial Leaf Blight\312005263_671890507987285_3104310052928250043_n.jpg,riceleafbd,0.12168559384006539,1,0.12168559384006539
data\raw\riceleafbd\Bacterial Leaf Blight\312109408_775761866918297_6977507205127226856_n.jpg,riceleafbd,0.12154722770107386,1,0.12154722770107386
data\raw\riceleafbd\Bacterial Leaf Blight\312115862_868821337579765_6672153462436386912_n.jpg,riceleafbd,0.4128290320918972,1,0.4128290320918972
data\raw\riceleafbd\Bacterial Leaf Blight\312117365_3213264032297783_6825796052983078457_n.jpg,riceleafbd,0.40427790637860084,1,0.40427790637860084
data\raw\riceleafbd\Bacterial Leaf Blight\312124793_2094179050769487_8295648045246142761_n (1).jpg,riceleafbd,0.3216865997942387,1,0.3216865997942387
data\raw\riceleafbd\Bacterial Leaf Blight\312124793_2094179050769487_8295648045246142761_n (2).jpg,riceleafbd,0.3216865997942387,1,0.3216865997942387
data\raw\riceleafbd\Bacterial Leaf Blight\312124793_2094179050769487_8295648045246142761_n.jpg,riceleafbd,0.3216865997942387,1,0.3216865997942387
data\raw\riceleafbd\Bacterial Leaf Blight\312134552_1074778793216195_7727199800077020230_n.jpg,riceleafbd,0.2931908831908832,1,0.2931908831908832
data\raw\riceleafbd\Bacterial Leaf Blight\312144415_509177034425217_5689135141004163658_n.jpg,riceleafbd,0.004895982142857143,1,0.004895982142857143
data\raw\riceleafbd\Bacterial Leaf Blight\312156860_1303276270474197_3862165336192323356_n.jpg,riceleafbd,0.21358583513875992,1,0.21358583513875992
data\raw\riceleafbd\Bacterial Leaf Blight\312168283_695866688628163_6057433753176077367_n.jpg,riceleafbd,0.39407552083333336,1,0.39407552083333336
data\raw\riceleafbd\Bacterial Leaf Blight\312183275_656322959375215_4017854485040632635_n.jpg,riceleafbd,0.207796875,1,0.207796875
data\raw\riceleafbd\Bacterial Leaf Blight\312203278_5366371953471241_8735366072359109211_n.jpg,riceleafbd,0.4454262546570239,1,0.4454262546570239
data\raw\riceleafbd\Bacterial Leaf Blight\312203280_1112869256098748_5917544327451324383_n.jpg,riceleafbd,0.09913019079685746,1,0.09913019079685746
data\raw\riceleafbd\Bacterial Leaf Blight\312216982_865720758115042_5955277785360983136_n.jpg,riceleafbd,0.45443789173789173,1,0.45443789173789173
data\raw\riceleafbd\Bacterial Leaf Blight\312240092_427147422938967_679263528616862535_n.jpg,riceleafbd,0.3049934780427439,1,0.3049934780427439
data\raw\riceleafbd\Bacterial Leaf Blight\312262792_903324473966751_5231161925546916462_n.jpg,riceleafbd,0.1745994984372953,1,0.1745994984372953
data\raw\riceleafbd\Bacterial Leaf Blight\312265952_860714698675407_8304289516212089109_n.jpg,riceleafbd,0.2489288888888889,1,0.2489288888888889
data\raw\riceleafbd\Bacterial Leaf Blight\312270228_804664440820807_2302721452737006100_n.jpg,riceleafbd,0.1587962962962963,1,0.1587962962962963
data\raw\riceleafbd\Bacterial Leaf Blight\312305620_840412667306112_5109935503413715418_n.jpg,riceleafbd,0.11278051720359412,1,0.11278051720359412
data\raw\riceleafbd\Bacterial Leaf Blight\312307012_1137047957009667_5775483781927203184_n.jpg,riceleafbd,0.025902275199848637,1,0.025902275199848637
data\raw\riceleafbd\Bacterial Leaf Blight\312319966_688919419618010_4242118936767372404_n (1).jpg,riceleafbd,0.5846990057904512,1,0.5846990057904512
data\raw\riceleafbd\Bacterial Leaf Blight\312358944_1165312637746496_9080282855795945222_n.jpg,riceleafbd,0.040276682007451235,1,0.040276682007451235
data\raw\riceleafbd\Bacterial Leaf Blight\312362021_897971174434056_4612567614879769508_n.jpg,riceleafbd,0.333998861128906,1,0.333998861128906
data\raw\riceleafbd\Bacterial Leaf Blight\312366899_848781659487265_7905190979807373086_n.jpg,riceleafbd,0.1474756275340531,1,0.1474756275340531
data\raw\riceleafbd\Bacterial Leaf Blight\312372571_868246384178924_1560286390148884930_n.jpg,riceleafbd,0.2895501862809555,1,0.2895501862809555
data\raw\riceleafbd\Bacterial Leaf Blight\312376726_506582041393533_6134942179223141876_n.jpg,riceleafbd,0.04128698224852071,1,0.04128698224852071
data\raw\riceleafbd\Bacterial Leaf Blight\312380040_666514341810864_640069108703250035_n (1).jpg,riceleafbd,0.6550244042492105,1,0.6550244042492105
data\raw\riceleafbd\Bacterial Leaf Blight\312380040_666514341810864_640069108703250035_n.jpg,riceleafbd,0.6550244042492105,1,0.6550244042492105
data\raw\riceleafbd\Bacterial Leaf Blight\312430212_856443215361815_4156088728725466798_n.jpg,riceleafbd,0.34408143939393937,1,0.34408143939393937
data\raw\riceleafbd\Bacterial Leaf Blight\312460599_615434820370384_4814049240850019307_n.jpg,riceleafbd,0.40011574074074074,1,0.40011574074074074
data\raw\riceleafbd\Bacterial Leaf Blight\312468370_5637100656380348_703247384194259115_n.jpg,riceleafbd,0.5133870535714286,1,0.5133870535714286
data\raw\riceleafbd\Bacterial Leaf Blight\312472792_444886301126098_1501912677559689732_n (1).jpg,riceleafbd,0.23871021874753218,1,0.23871021874753218
data\raw\riceleafbd\Bacterial Leaf Blight\312472792_444886301126098_1501912677559689732_n.jpg,riceleafbd,0.23871021874753218,1,0.23871021874753218
data\raw\riceleafbd\Bacterial Leaf Blight\312492836_921608635883654_5040495292452316542_n.jpg,riceleafbd,0.4029059829059829,1,0.4029059829059829
data\raw\riceleafbd\Bacterial Leaf Blight\312497633_493821666106853_2003525939535835671_n.jpg,riceleafbd,0.6343232614811793,1,0.6343232614811793
data\raw\riceleafbd\Bacterial Leaf Blight\312501455_701030871075552_5552237118172408186_n.jpg,riceleafbd,0.4769643775720165,1,0.4769643775720165
data\raw\riceleafbd\Bacterial Leaf Blight\312533724_527055925932704_529721116070509117_n.jpg,riceleafbd,0.3693532122021867,1,0.3693532122021867
data\raw\riceleafbd\Bacterial Leaf Blight\312544784_688879059321101_6372406967365528103_n.jpg,riceleafbd,0.4049094576125979,1,0.4049094576125979
data\raw\riceleafbd\Bacterial Leaf Blight\312562418_839362653763759_9061241516002192433_n.jpg,riceleafbd,0.023613392857142857,1,0.023613392857142857
data\raw\riceleafbd\Bacterial Leaf Blight\312567234_1137342777156531_6664665408580704339_n.jpg,riceleafbd,0.1405124015418133,1,0.1405124015418133
data\raw\riceleafbd\Bacterial Leaf Blight\312602648_1233624923888692_5205660825053270302_n (1).jpg,riceleafbd,0.08789972616727003,1,0.08789972616727003
data\raw\riceleafbd\Bacterial Leaf Blight\312602648_1233624923888692_5205660825053270302_n.jpg,riceleafbd,0.08789972616727003,1,0.08789972616727003
data\raw\riceleafbd\Bacterial Leaf Blight\312646122_640566951102447_2555335777393358146_n.jpg,riceleafbd,0.16141056222427413,1,0.16141056222427413
data\raw\riceleafbd\Bacterial Leaf Blight\312656411_465523942147125_5077802567650565707_n.jpg,riceleafbd,0.6364459821428572,1,0.6364459821428572
data\raw\riceleafbd\Bacterial Leaf Blight\312662581_465466095568796_6078116808070006939_n.jpg,riceleafbd,0.09398791152263375,1,0.09398791152263375
data\raw\riceleafbd\Bacterial Leaf Blight\312665151_823751822349646_2099650976172566029_n.jpg,riceleafbd,0.18468167872014027,1,0.18468167872014027
data\raw\riceleafbd\Bacterial Leaf Blight\312665151_8320432917998191_1604786143188951266_n (1).jpg,riceleafbd,0.7439003944773176,1,0.7439003944773176
data\raw\riceleafbd\Bacterial Leaf Blight\312665151_8320432917998191_1604786143188951266_n.jpg,riceleafbd,0.7439003944773176,1,0.7439003944773176
data\raw\riceleafbd\Bacterial Leaf Blight\312701781_1737299809990745_2445287125465582583_n.jpg,riceleafbd,0.5859668359495229,1,0.5859668359495229
data\raw\riceleafbd\Bacterial Leaf Blight\312704681_795162698218208_1051476981153219409_n (1).jpg,riceleafbd,0.47903955555555555,1,0.47903955555555555
data\raw\riceleafbd\Bacterial Leaf Blight\312704681_795162698218208_1051476981153219409_n.jpg,riceleafbd,0.47903955555555555,1,0.47903955555555555
data\raw\riceleafbd\Bacterial Leaf Blight\312706214_427375179400683_5301068537977839772_n.jpg,riceleafbd,0.2542707648476879,1,0.2542707648476879
data\raw\riceleafbd\Bacterial Leaf Blight\312708295_658525155897001_2690667916063653321_n.jpg,riceleafbd,0.03932544642857143,1,0.03932544642857143
data\raw\riceleafbd\Bacterial Leaf Blight\312708644_1280225746108999_5061069931412327781_n.jpg,riceleafbd,0.5121085831485058,1,0.5121085831485058
data\raw\riceleafbd\Bacterial Leaf Blight\312709288_1547785992338261_1313766342061877705_n (1).jpg,riceleafbd,0.5373703309273065,1,0.5373703309273065
data\raw\riceleafbd\Bacterial Leaf Blight\312729215_2367073810112328_6929513737770592226_n.jpg,riceleafbd,0.32634670173131713,1,0.32634670173131713
data\raw\riceleafbd\Bacterial Leaf Blight\312735367_788952488860882_5846495993529613836_n.jpg,riceleafbd,0.3927127183161666,1,0.3927127183161666
data\raw\riceleafbd\Bacterial Leaf Blight\312785445_1599618183789246_6785072920701701173_n.jpg,riceleafbd,0.2423523399841357,1,0.2423523399841357
data\raw\riceleafbd\Bacterial Leaf Blight\312814131_5737346553026808_4825949185555821636_n.jpg,riceleafbd,0.28927186061801446,1,0.28927186061801446
data\raw\riceleafbd\Bacterial Leaf Blight\312814140_676724064091604_719715407509556462_n.jpg,riceleafbd,0.3700854700854701,1,0.3700854700854701
data\raw\riceleafbd\Bacterial Leaf Blight\312825899_918213142479666_8187078238093186601_n.jpg,riceleafbd,0.24877767857142857,1,0.24877767857142857
data\raw\riceleafbd\Bacterial Leaf Blight\312832518_549472323680260_2663611904166783782_n.jpg,riceleafbd,0.3583641975308642,1,0.3583641975308642
data\raw\riceleafbd\Bacterial Leaf Blight\312847473_1461819517659471_8659958642311574889_n (1).jpg,riceleafbd,0.4437437128486511,1,0.4437437128486511
data\raw\riceleafbd\Bacterial Leaf Blight\312890873_497867222269951_4022885594997532713_n (1).jpg,riceleafbd,0.3253646705750977,1,0.3253646705750977
data\raw\riceleafbd\Bacterial Leaf Blight\312899709_676667683828905_3129524143857991819_n.jpg,riceleafbd,0.22234953703703703,1,0.22234953703703703
data\raw\riceleafbd\Bacterial Leaf Blight\312912387_542087637738188_9057210992686544035_n.jpg,riceleafbd,0.25351737540009145,1,0.25351737540009145
data\raw\riceleafbd\Bacterial Leaf Blight\312915118_662477082240879_7201080361578101744_n.jpg,riceleafbd,0.6145913335431749,1,0.6145913335431749
data\raw\riceleafbd\Bacterial Leaf Blight\312918593_812923126632902_6109964321710625166_n.jpg,riceleafbd,0.5630018628095551,1,0.5630018628095551
data\raw\riceleafbd\Bacterial Leaf Blight\312925345_1156721908267660_1075663843189959229_n (1).jpg,riceleafbd,0.17229233688031015,1,0.17229233688031015
data\raw\riceleafbd\Bacterial Leaf Blight\312925345_1156721908267660_1075663843189959229_n.jpg,riceleafbd,0.17229233688031015,1,0.17229233688031015
data\raw\riceleafbd\Bacterial Leaf Blight\312964669_454960753440897_8478428658294630974_n.jpg,riceleafbd,0.3754463165614807,1,0.3754463165614807
data\raw\riceleafbd\Bacterial Leaf Blight\312974194_2709532582801460_3219081549650181894_n (1).jpg,riceleafbd,0.23686088095743926,1,0.23686088095743926
data\raw\riceleafbd\Bacterial Leaf Blight\312974194_2709532582801460_3219081549650181894_n.jpg,riceleafbd,0.23686088095743926,1,0.23686088095743926
data\raw\riceleafbd\Bacterial Leaf Blight\312975402_1528136661036791_1394897624014877779_n.jpg,riceleafbd,0.24675624321389794,1,0.24675624321389794
data\raw\riceleafbd\Bacterial Leaf Blight\312978871_660758595666798_3325351575029013031_n.jpg,riceleafbd,0.08279027777777778,1,0.08279027777777778
data\raw\riceleafbd\Bacterial Leaf Blight\312990018_1136540447236375_5043220856020100086_n.jpg,riceleafbd,0.303390562574236,1,0.303390562574236
data\raw\riceleafbd\Bacterial Leaf Blight\312990018_1337846716966826_4711896998053243296_n.jpg,riceleafbd,0.24900065746219593,1,0.24900065746219593
data\raw\riceleafbd\Bacterial Leaf Blight\313004913_3389591657947614_3495100598670456610_n.jpg,riceleafbd,0.2925128888888889,1,0.2925128888888889
data\raw\riceleafbd\Bacterial Leaf Blight\313016481_5867146806663135_5094170152353790410_n (1).jpg,riceleafbd,0.29660442204147097,1,0.29660442204147097
data\raw\riceleafbd\Bacterial Leaf Blight\313016481_5867146806663135_5094170152353790410_n.jpg,riceleafbd,0.29660442204147097,1,0.29660442204147097
data\raw\riceleafbd\Bacterial Leaf Blight\313075917_3424973521160379_7569098915164717131_n.jpg,riceleafbd,0.2865027545398898,1,0.2865027545398898
data\raw\riceleafbd\Bacterial Leaf Blight\313092833_3347182755503283_5311448066645106633_n.jpg,riceleafbd,0.38171066666666664,1,0.38171066666666664
data\raw\riceleafbd\Bacterial Leaf Blight\313097918_877942733376868_9194036881977719275_n.jpg,riceleafbd,0.22845362824990298,1,0.22845362824990298
data\raw\riceleafbd\Bacterial Leaf Blight\313116912_431918332474198_784020068876008549_n (1).jpg,riceleafbd,0.5359472934472934,1,0.5359472934472934
data\raw\riceleafbd\Bacterial Leaf Blight\313116912_431918332474198_784020068876008549_n.jpg,riceleafbd,0.5359472934472934,1,0.5359472934472934
data\raw\riceleafbd\Bacterial Leaf Blight\313125469_1532710907153871_4052787896055209520_n.jpg,riceleafbd,0.08620223214285715,1,0.08620223214285715
data\raw\riceleafbd\Bacterial Leaf Blight\313184079_3469583136607090_449427817064877970_n.jpg,riceleafbd,0.07365969652801137,1,0.07365969652801137
data\raw\riceleafbd\Bacterial Leaf Blight\313190303_841405017284368_6724129714613041782_n.jpg,riceleafbd,0.16529848877014278,1,0.16529848877014278
data\raw\riceleafbd\Bacterial Leaf Blight\313201251_810379590028458_3127202997446956919_n (1).jpg,riceleafbd,0.05034907111584428,1,0.05034907111584428
data\raw\riceleafbd\Bacterial Leaf Blight\313201251_810379590028458_3127202997446956919_n.jpg,riceleafbd,0.05034907111584428,1,0.05034907111584428
data\raw\riceleafbd\Bacterial Leaf Blight\313202214_984414079628034_5421652704516354868_n.jpg,riceleafbd,0.3647856841216216,1,0.3647856841216216
data\raw\riceleafbd\Bacterial Leaf Blight\313216803_856009255430748_230503132216514310_n (1).jpg,riceleafbd,0.2676058794220229,1,0.2676058794220229
data\raw\riceleafbd\Bacterial Leaf Blight\313216803_856009255430748_230503132216514310_n.jpg,riceleafbd,0.2676058794220229,1,0.2676058794220229
data\raw\riceleafbd\Bacterial Leaf Blight\313272390_828425448210000_7218589833982451236_n.jpg,riceleafbd,0.23562416583249918,1,0.23562416583249918
data\raw\riceleafbd\Bacterial Leaf Blight\313280596_458699843022179_8235591247668221753_n (1).jpg,riceleafbd,0.24957428693060876,1,0.24957428693060876
data\raw\riceleafbd\Bacterial Leaf Blight\313288395_1379966989200457_645103067676935316_n (1).jpg,riceleafbd,0.42985388341928427,1,0.42985388341928427
data\raw\riceleafbd\Bacterial Leaf Blight\313288395_1379966989200457_645103067676935316_n.jpg,riceleafbd,0.42985388341928427,1,0.42985388341928427
data\raw\riceleafbd\Bacterial Leaf Blight\313290041_487455263360439_5527203075568716606_n.jpg,riceleafbd,0.3072313671696388,1,0.3072313671696388
data\raw\riceleafbd\Bacterial Leaf Blight\313296761_807379907162244_3739428451411564338_n.jpg,riceleafbd,0.1823677466593447,1,0.1823677466593447
data\raw\riceleafbd\Bacterial Leaf Blight\313335724_680172380155038_5711655244716331428_n (1).jpg,riceleafbd,0.07883949918208129,1,0.07883949918208129
data\raw\riceleafbd\Bacterial Leaf Blight\313335724_680172380155038_5711655244716331428_n.jpg,riceleafbd,0.07883949918208129,1,0.07883949918208129
data\raw\riceleafbd\Bacterial Leaf Blight\313364190_666995381649861_2601386126776133066_n.jpg,riceleafbd,0.3471432600112803,1,0.3471432600112803
data\raw\riceleafbd\Bacterial Leaf Blight\313368565_2901629056648728_1986317717129065125_n.jpg,riceleafbd,0.5690134887974394,1,0.5690134887974394
data\raw\riceleafbd\Bacterial Leaf Blight\313377554_884564552529914_7976321575616993713_n.jpg,riceleafbd,0.018618361622212712,1,0.018618361622212712
data\raw\riceleafbd\Bacterial Leaf Blight\313387124_524718646179149_2682641858435266165_n.jpg,riceleafbd,0.45436116589962744,1,0.45436116589962744
data\raw\riceleafbd\Bacterial Leaf Blight\313390589_1512623025830711_8179220880642290492_n.jpg,riceleafbd,0.2188105413105413,1,0.2188105413105413
data\raw\riceleafbd\Bacterial Leaf Blight\313391547_893590681654312_977410686022984017_n.jpg,riceleafbd,0.15730667480667482,1,0.15730667480667482
data\raw\riceleafbd\Bacterial Leaf Blight\313443110_443164957984102_2372957647976202316_n.jpg,riceleafbd,0.2577560585276635,1,0.2577560585276635
data\raw\riceleafbd\Bacterial Leaf Blight\313455391_1101637010529676_1240998423287300582_n.jpg,riceleafbd,0.3119483404622169,1,0.3119483404622169
data\raw\riceleafbd\Bacterial Leaf Blight\313474843_811852343475263_5798374518245765759_n (1).jpg,riceleafbd,0.23340406378600823,1,0.23340406378600823
data\raw\riceleafbd\Bacterial Leaf Blight\313474843_811852343475263_5798374518245765759_n.jpg,riceleafbd,0.23340406378600823,1,0.23340406378600823
data\raw\riceleafbd\Bacterial Leaf Blight\313480265_703472411381217_4218896468161941377_n.jpg,riceleafbd,0.5610207100591716,1,0.5610207100591716
data\raw\riceleafbd\Bacterial Leaf Blight\313488018_1544669256051042_2288142598022210757_n.jpg,riceleafbd,0.6579134993800205,1,0.6579134993800205
data\raw\riceleafbd\Bacterial Leaf Blight\313517573_1530247807422505_3741303846692974961_n.jpg,riceleafbd,0.23107001972386587,1,0.23107001972386587
data\raw\riceleafbd\Bacterial Leaf Blight\313529323_632659951929018_5164044943661756511_n(1).jpg,riceleafbd,0.19323800131492438,1,0.19323800131492438
data\raw\riceleafbd\Bacterial Leaf Blight\313529323_632659951929018_5164044943661756511_n.jpg,riceleafbd,0.19323800131492438,1,0.19323800131492438
data\raw\riceleafbd\Bacterial Leaf Blight\313531062_1123370891907164_288597222568799908_n(1).jpg,riceleafbd,0.32295787884390215,1,0.32295787884390215
data\raw\riceleafbd\Bacterial Leaf Blight\313531062_1123370891907164_288597222568799908_n.jpg,riceleafbd,0.32295787884390215,1,0.32295787884390215
data\raw\riceleafbd\Bacterial Leaf Blight\313789844_438648228421486_791084882802911761_n (1)(1).jpg,riceleafbd,0.5372583826429981,1,0.5372583826429981
data\raw\riceleafbd\Bacterial Leaf Blight\313789844_438648228421486_791084882802911761_n (1).jpg,riceleafbd,0.5372583826429981,1,0.5372583826429981
data\raw\riceleafbd\Bacterial Leaf Blight\313789844_438648228421486_791084882802911761_n (2)(1).jpg,riceleafbd,0.5372583826429981,1,0.5372583826429981
data\raw\riceleafbd\Bacterial Leaf Blight\313789844_438648228421486_791084882802911761_n (2).jpg,riceleafbd,0.5372583826429981,1,0.5372583826429981
data\raw\riceleafbd\Bacterial Leaf Blight\313789844_438648228421486_791084882802911761_n(1).jpg,riceleafbd,0.5372583826429981,1,0.5372583826429981
data\raw\riceleafbd\Bacterial Leaf Blight\313789844_438648228421486_791084882802911761_n.jpg,riceleafbd,0.5372583826429981,1,0.5372583826429981
data\raw\riceleafbd\Bacterial Leaf Blight\313797027_521015683244868_2452302897003697668_n (1).jpg,riceleafbd,0.68096579218107,1,0.68096579218107
data\raw\riceleafbd\Bacterial Leaf Blight\313797027_521015683244868_2452302897003697668_n (2).jpg,riceleafbd,0.68096579218107,1,0.68096579218107
data\raw\riceleafbd\Bacterial Leaf Blight\313797027_521015683244868_2452302897003697668_n.jpg,riceleafbd,0.68096579218107,1,0.68096579218107
data\raw\riceleafbd\Bacterial Leaf Blight\313827047_434148212214126_4413127387676911482_n.jpg,riceleafbd,0.22177242576935122,1,0.22177242576935122
data\raw\riceleafbd\Bacterial Leaf Blight\313854034_491226366111736_6843130050787536538_n.jpg,riceleafbd,0.012414051295030794,1,0.012414051295030794
data\raw\riceleafbd\Bacterial Leaf Blight\313856946_1833550937021923_5512337559482885285_n.jpg,riceleafbd,0.056840346263423186,1,0.056840346263423186
data\raw\riceleafbd\Bacterial Leaf Blight\313857637_831454774572196_484695248932998142_n.jpg,riceleafbd,0.35575257752708356,1,0.35575257752708356
data\raw\riceleafbd\Bacterial Leaf Blight\313918636_1533100613781539_3758552531449923107_n.jpg,riceleafbd,0.07192037993134263,1,0.07192037993134263
data\raw\riceleafbd\Bacterial Leaf Blight\313927021_678147093672689_6312163041575514342_n.jpg,riceleafbd,0.3491299583607276,1,0.3491299583607276
data\raw\riceleafbd\Bacterial Leaf Blight\313987825_643470467424649_5538335259530142053_n (1).jpg,riceleafbd,0.5732923964604999,1,0.5732923964604999
data\raw\riceleafbd\Bacterial Leaf Blight\313987825_643470467424649_5538335259530142053_n (2).jpg,riceleafbd,0.5732923964604999,1,0.5732923964604999
data\raw\riceleafbd\Bacterial Leaf Blight\313987825_643470467424649_5538335259530142053_n.jpg,riceleafbd,0.5732923964604999,1,0.5732923964604999
data\raw\riceleafbd\Bacterial Leaf Blight\314028895_801848780916809_8811364587906290773_n.jpg,riceleafbd,0.33103386982095534,1,0.33103386982095534
data\raw\riceleafbd\Bacterial Leaf Blight\314029427_1474908556324251_8704600103163320252_n (1).jpg,riceleafbd,0.5932793209876543,1,0.5932793209876543
data\raw\riceleafbd\Bacterial Leaf Blight\314029427_1474908556324251_8704600103163320252_n.jpg,riceleafbd,0.5932793209876543,1,0.5932793209876543
data\raw\riceleafbd\Bacterial Leaf Blight\314072790_834891124599416_4941628278594523902_n.jpg,riceleafbd,0.24541025107504508,1,0.24541025107504508
data\raw\riceleafbd\Bacterial Leaf Blight\314121731_1145899412694737_3396488001877568627_n.jpg,riceleafbd,0.2709308568923954,1,0.2709308568923954
data\raw\riceleafbd\Bacterial Leaf Blight\314351327_808863677041455_5740930604287503069_n (1).jpg,riceleafbd,0.06042347887414246,1,0.06042347887414246
data\raw\riceleafbd\Bacterial Leaf Blight\314351327_808863677041455_5740930604287503069_n.jpg,riceleafbd,0.06042347887414246,1,0.06042347887414246
data\raw\riceleafbd\Bacterial Leaf Blight\314355869_1099539654040045_6996823663406357561_n.jpg,riceleafbd,0.25632991071428574,1,0.25632991071428574
data\raw\riceleafbd\Bacterial Leaf Blight\314357746_694845125075823_5816002003456285487_n.jpg,riceleafbd,0.2267066367609846,1,0.2267066367609846
data\raw\riceleafbd\Bacterial Leaf Blight\314376862_786742659055499_1521945375934901831_n.jpg,riceleafbd,0.1386682121124312,1,0.1386682121124312
data\raw\riceleafbd\Bacterial Leaf Blight\314393577_661221312389182_6637831798883137321_n.jpg,riceleafbd,0.09269121192198115,1,0.09269121192198115
data\raw\riceleafbd\Bacterial Leaf Blight\314394408_666716938414137_4252503226096246667_n (1).jpg,riceleafbd,0.19157546197160757,1,0.19157546197160757
data\raw\riceleafbd\Bacterial Leaf Blight\314397624_435216292139693_3187008454940169565_n.jpg,riceleafbd,0.3725736607142857,1,0.3725736607142857
data\raw\riceleafbd\Bacterial Leaf Blight\314401729_523319616043432_4076016159667800144_n.jpg,riceleafbd,0.1746104536489152,1,0.1746104536489152
data\raw\riceleafbd\Bacterial Leaf Blight\314402079_3286041288337304_8955342581891349412_n.jpg,riceleafbd,0.5953796844181459,1,0.5953796844181459
data\raw\riceleafbd\Bacterial Leaf Blight\314404506_780148943082485_5897280051167182181_n (1).jpg,riceleafbd,0.283786435530312,1,0.283786435530312
data\raw\riceleafbd\Bacterial Leaf Blight\314404506_780148943082485_5897280051167182181_n.jpg,riceleafbd,0.283786435530312,1,0.283786435530312
data\raw\riceleafbd\Bacterial Leaf Blight\314409345_841701453811073_7061125291719242458_n (1).jpg,riceleafbd,0.36060401523018343,1,0.36060401523018343
data\raw\riceleafbd\Bacterial Leaf Blight\314410540_822820188940428_2126467225077651625_n.jpg,riceleafbd,0.2061915633833442,1,0.2061915633833442
data\raw\riceleafbd\Bacterial Leaf Blight\314410853_1119103932308053_5933860079944818362_n.jpg,riceleafbd,0.18206683695189443,1,0.18206683695189443
data\raw\riceleafbd\Bacterial Leaf Blight\314415059_640803711164560_6347233167110396111_n.jpg,riceleafbd,0.2243217777777778,1,0.2243217777777778
data\raw\riceleafbd\Bacterial Leaf Blight\314429060_589187009361649_7522663317960405558_n (1).jpg,riceleafbd,0.3736991635022839,1,0.3736991635022839
data\raw\riceleafbd\Bacterial Leaf Blight\314429060_589187009361649_7522663317960405558_n.jpg,riceleafbd,0.3736991635022839,1,0.3736991635022839
data\raw\riceleafbd\Bacterial Leaf Blight\314439181_819540292697799_4616355629563509887_n.jpg,riceleafbd,0.031708035714285716,1,0.031708035714285716
data\raw\riceleafbd\Bacterial Leaf Blight\314441579_508227617897984_5101677207747213181_n.jpg,riceleafbd,0.2828101030024107,1,0.2828101030024107
data\raw\riceleafbd\Bacterial Leaf Blight\314441983_2244418075720062_4174869389399198009_n (1).jpg,riceleafbd,0.16981236203090508,1,0.16981236203090508
data\raw\riceleafbd\Bacterial Leaf Blight\314441983_2244418075720062_4174869389399198009_n.jpg,riceleafbd,0.16981236203090508,1,0.16981236203090508
data\raw\riceleafbd\Bacterial Leaf Blight\314451539_1835505676788232_3371884482373564247_n.jpg,riceleafbd,0.24393953261333823,1,0.24393953261333823
data\raw\riceleafbd\Bacterial Leaf Blight\314463837_5702007336511438_8700558555560432166_n.jpg,riceleafbd,0.06031764403292181,1,0.06031764403292181
data\raw\riceleafbd\Bacterial Leaf Blight\314472624_964919151565455_3531763840417720217_n.jpg,riceleafbd,0.32059330357142857,1,0.32059330357142857
data\raw\riceleafbd\Bacterial Leaf Blight\314477102_664878278644574_8181446894341452010_n (1).jpg,riceleafbd,0.41410871460917104,1,0.41410871460917104
data\raw\riceleafbd\Bacterial Leaf Blight\314496509_810216386943549_7270184481671125128_n.jpg,riceleafbd,0.5621740083278545,1,0.5621740083278545
data\raw\riceleafbd\Bacterial Leaf Blight\314502779_544122287528925_5404724053188449320_n.jpg,riceleafbd,0.5763702417695473,1,0.5763702417695473
data\raw\riceleafbd\Bacterial Leaf Blight\314506181_2214276502088148_8611441168398325446_n.jpg,riceleafbd,0.21581634889327198,1,0.21581634889327198
data\raw\riceleafbd\Bacterial Leaf Blight\314548529_1364720347607678_1648343751211277692_n.jpg,riceleafbd,0.34261148904006045,1,0.34261148904006045
data\raw\riceleafbd\Bacterial Leaf Blight\314551869_1138758503423341_1674044700241260944_n (1).jpg,riceleafbd,0.3298874742798354,1,0.3298874742798354
data\raw\riceleafbd\Bacterial Leaf Blight\314551869_1138758503423341_1674044700241260944_n.jpg,riceleafbd,0.3298874742798354,1,0.3298874742798354
data\raw\riceleafbd\Bacterial Leaf Blight\314574999_1353767665365023_4727371206751064709_n.jpg,riceleafbd,0.1006563664255972,1,0.1006563664255972
data\raw\riceleafbd\Bacterial Leaf Blight\314585873_500957292090998_2790838066914251733_n.jpg,riceleafbd,0.4418600701293009,1,0.4418600701293009
data\raw\riceleafbd\Bacterial Leaf Blight\314593313_2288775861301246_3006187957377964012_n.jpg,riceleafbd,0.5246701388888889,1,0.5246701388888889
data\raw\riceleafbd\Bacterial Leaf Blight\314598396_535855474615564_5258295899288853222_n.jpg,riceleafbd,0.15256245890861275,1,0.15256245890861275
data\raw\riceleafbd\Bacterial Leaf Blight\314635055_786524529119140_9186089258053961087_n.jpg,riceleafbd,0.6151145079991234,1,0.6151145079991234
data\raw\riceleafbd\Bacterial Leaf Blight\314644652_703448734631594_5743254173818613983_n.jpg,riceleafbd,0.17322946428571429,1,0.17322946428571429
data\raw\riceleafbd\Bacterial Leaf Blight\314675712_625650222639071_2589804356355308691_n.jpg,riceleafbd,0.4892933035714286,1,0.4892933035714286
data\raw\riceleafbd\Bacterial Leaf Blight\314678583_438510178466480_3607749174548309620_n.jpg,riceleafbd,0.10467784352399737,1,0.10467784352399737
data\raw\riceleafbd\Bacterial Leaf Blight\314697782_5612750502150745_5814902332967440189_n.jpg,riceleafbd,0.07289392943239097,1,0.07289392943239097
data\raw\riceleafbd\Bacterial Leaf Blight\314702573_523287219813784_9055721019609953534_n.jpg,riceleafbd,0.3745929783950617,1,0.3745929783950617
data\raw\riceleafbd\Bacterial Leaf Blight\314860880_1269561237234922_2030127976134928341_n.jpg,riceleafbd,0.1018836291913215,1,0.1018836291913215
data\raw\riceleafbd\Bacterial Leaf Blight\314908866_1572489049861194_2745779637557302996_n.jpg,riceleafbd,0.16059938636861715,1,0.16059938636861715
data\raw\riceleafbd\Bacterial Leaf Blight\314923345_1130901067547900_8004910236694075430_n.jpg,riceleafbd,0.15495069033530573,1,0.15495069033530573
data\raw\riceleafbd\Bacterial Leaf Blight\314989868_534931571427059_7838929276660168273_n.jpg,riceleafbd,0.5019306666666666,1,0.5019306666666666
data\raw\riceleafbd\Bacterial Leaf Blight\314990569_2958429804456984_2635856298122951277_n.jpg,riceleafbd,0.16059390751698444,1,0.16059390751698444
data\raw\riceleafbd\Bacterial Leaf Blight\314991235_1781177362259728_2375544211862643572_n.jpg,riceleafbd,0.27278380451457374,1,0.27278380451457374
data\raw\riceleafbd\Bacterial Leaf Blight\314994201_1390162368477722_8862583186667038312_n.jpg,riceleafbd,0.21405763751917598,1,0.21405763751917598
data\raw\riceleafbd\Bacterial Leaf Blight\314999191_865432541298738_5106694513451358739_n.jpg,riceleafbd,0.13220304624150778,1,0.13220304624150778
data\raw\riceleafbd\Bacterial Leaf Blight\315009589_1782680888761755_205823445997496934_n.jpg,riceleafbd,0.15906311637080867,1,0.15906311637080867
data\raw\riceleafbd\Bacterial Leaf Blight\315016546_2218749368305006_5076810308451690999_n.jpg,riceleafbd,0.3548303509505548,1,0.3548303509505548
data\raw\riceleafbd\Bacterial Leaf Blight\315027221_1538525549906371_9169566106709057222_n.jpg,riceleafbd,0.23524910714285716,1,0.23524910714285716
data\raw\riceleafbd\Bacterial Leaf Blight\315071468_2401943333288552_3485159411988415665_n.jpg,riceleafbd,0.19795036160420776,1,0.19795036160420776
data\raw\riceleafbd\Bacterial Leaf Blight\315074520_5751664111539900_3631585951625988479_n.jpg,riceleafbd,0.20398422090729784,1,0.20398422090729784
data\raw\riceleafbd\Bacterial Leaf Blight\315077827_621088336473764_8668136715430723613_n.jpg,riceleafbd,0.13328895463510848,1,0.13328895463510848
data\raw\riceleafbd\Bacterial Leaf Blight\315086347_507127591472883_5806831084092326784_n.jpg,riceleafbd,0.3995198780189295,1,0.3995198780189295
data\raw\riceleafbd\Bacterial Leaf Blight\315089161_651317073354981_3643435809460826645_n.jpg,riceleafbd,0.23974578128424281,1,0.23974578128424281
data\raw\riceleafbd\Bacterial Leaf Blight\315101941_371070788540716_8224649232538059011_n.jpg,riceleafbd,0.12206936226166995,1,0.12206936226166995
data\raw\riceleafbd\Bacterial Leaf Blight\315101944_1297318541097689_5451123898314564856_n.jpg,riceleafbd,0.2867910365987289,1,0.2867910365987289
data\raw\riceleafbd\Bacterial Leaf Blight\315103055_793382671749644_9052517081369098851_n.jpg,riceleafbd,0.10120753889984659,1,0.10120753889984659
data\raw\riceleafbd\Bacterial Leaf Blight\315103057_1111400676175700_5432031046975784486_n.jpg,riceleafbd,0.08141354372123603,1,0.08141354372123603
data\raw\riceleafbd\Bacterial Leaf Blight\315103063_624143302825103_7132876366463172174_n.jpg,riceleafbd,0.10407845715538024,1,0.10407845715538024
data\raw\riceleafbd\Bacterial Leaf Blight\315103065_5765950963474243_5937345883256512876_n.jpg,riceleafbd,0.28381821170282706,1,0.28381821170282706
data\raw\riceleafbd\Bacterial Leaf Blight\315103069_682543376486399_2331184656930360648_n.jpg,riceleafbd,0.08622287968441815,1,0.08622287968441815
data\raw\riceleafbd\Bacterial Leaf Blight\315104143_1206895939923217_5543788513976286344_n.jpg,riceleafbd,0.17572430418584264,1,0.17572430418584264
data\raw\riceleafbd\Bacterial Leaf Blight\315106325_522197449759150_6261279372278398762_n.jpg,riceleafbd,0.08181404777558623,1,0.08181404777558623
data\raw\riceleafbd\Bacterial Leaf Blight\315107087_1171245770130671_2229195706849003534_n.jpg,riceleafbd,0.29959456497918036,1,0.29959456497918036
data\raw\riceleafbd\Bacterial Leaf Blight\315107778_5614062285347913_4261856392199548789_n.jpg,riceleafbd,0.09926473214285714,1,0.09926473214285714
data\raw\riceleafbd\Bacterial Leaf Blight\315109192_653319659728355_4967674981338515450_n.jpg,riceleafbd,0.11411571334648257,1,0.11411571334648257
data\raw\riceleafbd\Bacterial Leaf Blight\315109280_1334075877408768_3043399210035198683_n.jpg,riceleafbd,0.03675049309664694,1,0.03675049309664694
data\raw\riceleafbd\Bacterial Leaf Blight\315109344_490554359521669_3605999754783295753_n.jpg,riceleafbd,0.12397052377821609,1,0.12397052377821609
data\raw\riceleafbd\Bacterial Leaf Blight\315110834_825434625377548_7799740694883268375_n.jpg,riceleafbd,0.5523860398860398,1,0.5523860398860398
data\raw\riceleafbd\Bacterial Leaf Blight\315112385_1760978674281935_194414106869409992_n.jpg,riceleafbd,0.18494247205785666,1,0.18494247205785666
data\raw\riceleafbd\Bacterial Leaf Blight\315112603_5904872452931613_6623045049893129241_n.jpg,riceleafbd,0.14616863905325445,1,0.14616863905325445
data\raw\riceleafbd\Bacterial Leaf Blight\315176547_961944554678531_2072620674157332322_n.jpg,riceleafbd,0.16918529476221783,1,0.16918529476221783
data\raw\riceleafbd\Bacterial Leaf Blight\315183999_790535685577645_6340853242658624367_n.jpg,riceleafbd,0.5027098400175323,1,0.5027098400175323
data\raw\riceleafbd\Bacterial Leaf Blight\315203775_830516898283616_2907511732247535087_n.jpg,riceleafbd,0.0807922419460881,1,0.0807922419460881
data\raw\riceleafbd\Bacterial Leaf Blight\315208022_798774971206720_1687696613883098690_n.jpg,riceleafbd,0.17053207513733828,1,0.17053207513733828
data\raw\riceleafbd\Bacterial Leaf Blight\315262988_659326702239981_4957574645755378364_n.jpg,riceleafbd,0.1039376506684199,1,0.1039376506684199
data\raw\riceleafbd\Bacterial Leaf Blight\315288471_652278516358984_6474206586868454970_n.jpg,riceleafbd,0.4852245535714286,1,0.4852245535714286
data\raw\riceleafbd\Bacterial Leaf Blight\315518389_1748571678849511_9171680535233049298_n.jpg,riceleafbd,0.0869447925368978,1,0.0869447925368978
data\raw\riceleafbd\Bacterial Leaf Blight\315531765_1673445079719873_5494100703377762286_n.jpg,riceleafbd,0.18423794642857144,1,0.18423794642857144
data\raw\riceleafbd\Bacterial Leaf Blight\315930074_1075350293144099_1989168563865613542_n.jpg,riceleafbd,0.5384044642857143,1,0.5384044642857143
data\raw\riceleafbd\Bacterial Leaf Blight\316050249_3162601460622353_2004653722111855928_n.jpg,riceleafbd,0.2795200892857143,1,0.2795200892857143
data\raw\riceleafbd\Bacterial Leaf Blight\316100811_1187208431886572_9196050605949563222_n.jpg,riceleafbd,0.1656625,1,0.1656625
data\raw\riceleafbd\Bacterial Leaf Blight\316177080_845639723533726_8267250599617390004_n.jpg,riceleafbd,0.44491071428571427,1,0.44491071428571427
data\raw\riceleafbd\Brown Spot\306636683_1075699563116434_3688220584841276761_n.png,riceleafbd,0.32327332520280805,1,0.32327332520280805
data\raw\riceleafbd\Brown Spot\308278744_606334647906871_7109375032890807056_n.jpg,riceleafbd,0.42292824074074076,1,0.42292824074074076
data\raw\riceleafbd\Brown Spot\308308969_1158070344844591_368051609697725308_n.jpg,riceleafbd,0.38876045914158436,1,0.38876045914158436
data\raw\riceleafbd\Brown Spot\309493078_674517544280445_2780755483028955674_n.jpg,riceleafbd,0.23712365065533247,1,0.23712365065533247
data\raw\riceleafbd\Brown Spot\309856581_1540544999720159_3167110615008965834_n.jpg,riceleafbd,0.4292162222590859,1,0.4292162222590859
data\raw\riceleafbd\Brown Spot\309909525_2499918870173412_1188415515568731275_n.jpg,riceleafbd,0.2805874634433831,1,0.2805874634433831
data\raw\riceleafbd\Brown Spot\309914645_512032790836766_3232278334211904072_n.jpg,riceleafbd,0.3867678001764746,1,0.3867678001764746
data\raw\riceleafbd\Brown Spot\309914653_1176550713259738_1105670629556489780_n.jpg,riceleafbd,0.22471131900662103,1,0.22471131900662103
data\raw\riceleafbd\Brown Spot\309926482_543090584297337_3614563266431093962_n.jpg,riceleafbd,0.30844170142624366,1,0.30844170142624366
data\raw\riceleafbd\Brown Spot\309933374_813227523318866_5419753912257273000_n.jpg,riceleafbd,0.25089242989759786,1,0.25089242989759786
data\raw\riceleafbd\Brown Spot\309939907_1298534884255323_1747386383395765499_n.jpg,riceleafbd,0.30349675086468925,1,0.30349675086468925
data\raw\riceleafbd\Brown Spot\309946730_2973301759636647_3744589297634946481_n.jpg,riceleafbd,0.7487676113889706,1,0.7487676113889706
data\raw\riceleafbd\Brown Spot\309949831_1336776450479892_2221528534198295843_n.jpg,riceleafbd,0.2971198156682028,1,0.2971198156682028
data\raw\riceleafbd\Brown Spot\309953022_725741598999109_8842452746849133819_n.jpg,riceleafbd,0.33425373779275774,1,0.33425373779275774
data\raw\riceleafbd\Brown Spot\309953967_1351192915416250_8181016055482165956_n.jpg,riceleafbd,0.3685362178125695,1,0.3685362178125695
data\raw\riceleafbd\Brown Spot\309958158_1574264802991543_3732718783421117392_n.jpg,riceleafbd,0.22915232974910393,1,0.22915232974910393
data\raw\riceleafbd\Brown Spot\309962532_861398241722730_4166811756916713153_n.jpg,riceleafbd,0.2611607142857143,1,0.2611607142857143
data\raw\riceleafbd\Brown Spot\309964523_2318278248336267_948119003886079338_n.jpg,riceleafbd,0.5194716174222365,1,0.5194716174222365
data\raw\riceleafbd\Brown Spot\309993664_1567873237000612_7794085351818485330_n.jpg,riceleafbd,0.48767076502732243,1,0.48767076502732243
data\raw\riceleafbd\Brown Spot\309996257_480800110695748_6992653624216699035_n.jpg,riceleafbd,0.3533798247374406,1,0.3533798247374406
data\raw\riceleafbd\Brown Spot\310008198_1320242232080932_4364812681009576646_n.jpg,riceleafbd,0.5389045709921999,1,0.5389045709921999
data\raw\riceleafbd\Brown Spot\310009622_1110367876295321_5321306325847120324_n.jpg,riceleafbd,0.183364359760549,1,0.183364359760549
data\raw\riceleafbd\Brown Spot\310011903_461069906169423_6180653117817214589_n.jpg,riceleafbd,0.21089230255896924,1,0.21089230255896924
data\raw\riceleafbd\Brown Spot\310015336_557923699425815_1708555633980798458_n.jpg,riceleafbd,0.5912097754462287,1,0.5912097754462287
data\raw\riceleafbd\Brown Spot\310062871_1876024519400996_8219913860789849669_n.jpg,riceleafbd,0.30229235152312073,1,0.30229235152312073
data\raw\riceleafbd\Brown Spot\310068201_974682670600775_2172701830537907723_n.jpg,riceleafbd,0.47298328164545683,1,0.47298328164545683
data\raw\riceleafbd\Brown Spot\310069559_844675403226330_7800477233685291706_n.jpg,riceleafbd,0.3419267197722482,1,0.3419267197722482
data\raw\riceleafbd\Brown Spot\310070338_1221984858350826_7709976709562904139_n.jpg,riceleafbd,0.5541195509668961,1,0.5541195509668961
data\raw\riceleafbd\Brown Spot\310071915_490449669710602_3589257402027487119_n.jpg,riceleafbd,0.31858914748165273,1,0.31858914748165273
data\raw\riceleafbd\Brown Spot\310076727_857027329056921_1136202015508284715_n.jpg,riceleafbd,0.42779336115213445,1,0.42779336115213445
data\raw\riceleafbd\Brown Spot\310077906_692868602038815_1527612901872866553_n.jpg,riceleafbd,0.5015740740740741,1,0.5015740740740741
data\raw\riceleafbd\Brown Spot\310082918_871415177202516_5002521107004828589_n.jpg,riceleafbd,0.3521659059068107,1,0.3521659059068107
data\raw\riceleafbd\Brown Spot\310090427_533931768138521_5214171824331083059_n.jpg,riceleafbd,0.21891533784182665,1,0.21891533784182665
data\raw\riceleafbd\Brown Spot\310091333_655570942821741_6999184718027168547_n.jpg,riceleafbd,0.5631003179384203,1,0.5631003179384203
data\raw\riceleafbd\Brown Spot\310104735_514443447243614_5741446641291179102_n.jpg,riceleafbd,0.20007000929214241,1,0.20007000929214241
data\raw\riceleafbd\Brown Spot\310108464_434577971983783_3352364910713725183_n.jpg,riceleafbd,0.5548270126625838,1,0.5548270126625838
data\raw\riceleafbd\Brown Spot\310108465_513514257115787_8697196049310722085_n.jpg,riceleafbd,0.21954318829318828,1,0.21954318829318828
data\raw\riceleafbd\Brown Spot\310115075_498868342299013_3194400662650127897_n.jpg,riceleafbd,0.33290515682484256,1,0.33290515682484256
data\raw\riceleafbd\Brown Spot\310116800_2633953446742264_5075079932730326382_n.jpg,riceleafbd,0.4089346934187602,1,0.4089346934187602
data\raw\riceleafbd\Brown Spot\310125872_562390022555910_4194683443636044021_n.jpg,riceleafbd,0.2870688441845228,1,0.2870688441845228
data\raw\riceleafbd\Brown Spot\310138548_585933979969601_3292203972379903687_n.jpg,riceleafbd,0.32484091546409544,1,0.32484091546409544
data\raw\riceleafbd\Brown Spot\310166255_8397939406945445_2537616112883189039_n.jpg,riceleafbd,0.236136736826392,1,0.236136736826392
data\raw\riceleafbd\Brown Spot\310184338_712786060181148_6045441015911569486_n.jpg,riceleafbd,0.3105717866238544,1,0.3105717866238544
data\raw\riceleafbd\Brown Spot\310227896_1156794111890459_7330375921245463272_n.jpg,riceleafbd,0.13980180883206275,1,0.13980180883206275
data\raw\riceleafbd\Brown Spot\310230697_687200202593410_773732709845143863_n.jpg,riceleafbd,0.3773627969706401,1,0.3773627969706401
data\raw\riceleafbd\Brown Spot\310232432_916004359371667_480001528006557110_n.jpg,riceleafbd,0.20848892549881018,1,0.20848892549881018
data\raw\riceleafbd\Brown Spot\310235593_1080264705967044_7076671397801331634_n.jpg,riceleafbd,0.06755691983432591,1,0.06755691983432591
data\raw\riceleafbd\Brown Spot\310235967_705575307176920_6174025801346000024_n.jpg,riceleafbd,0.54300133891529,1,0.54300133891529
data\raw\riceleafbd\Brown Spot\310240154_653748513071128_7809190233150817814_n.jpg,riceleafbd,0.4646431153375598,1,0.4646431153375598
data\raw\riceleafbd\Brown Spot\310240474_1067068477295579_1067343616679042913_n.jpg,riceleafbd,0.3043014736578442,1,0.3043014736578442
data\raw\riceleafbd\Brown Spot\310243653_1175890976471607_174154916313519198_n.jpg,riceleafbd,0.6145790261287337,1,0.6145790261287337
data\raw\riceleafbd\Brown Spot\310246263_629224232229317_3057882260199121970_n.jpg,riceleafbd,0.2278843851795962,1,0.2278843851795962
data\raw\riceleafbd\Brown Spot\310252934_458496419686388_869526501005796402_n.jpg,riceleafbd,0.6752986251972053,1,0.6752986251972053
data\raw\riceleafbd\Brown Spot\310273432_860229471821624_5544502880723430289_n.jpg,riceleafbd,0.44392909294342986,1,0.44392909294342986
data\raw\riceleafbd\Brown Spot\310279124_1308745899888984_1786932448113474810_n.jpg,riceleafbd,0.5508313730916471,1,0.5508313730916471
data\raw\riceleafbd\Brown Spot\310301753_3256048104662186_7766892706666530682_n.jpg,riceleafbd,0.7732134377967711,1,0.7732134377967711
data\raw\riceleafbd\Brown Spot\310310726_521973126475182_1577311798757957966_n.jpg,riceleafbd,0.40714535952011555,1,0.40714535952011555
data\raw\riceleafbd\Brown Spot\310360089_591896359375980_4721300831126999238_n.jpg,riceleafbd,0.5695039210503128,1,0.5695039210503128
data\raw\riceleafbd\Brown Spot\310367674_1269873143864271_5071878590540429049_n.jpg,riceleafbd,0.49277314204850436,1,0.49277314204850436
data\raw\riceleafbd\Brown Spot\310397769_1160405084550868_5795423925770958169_n.jpg,riceleafbd,0.43323508395855664,1,0.43323508395855664
data\raw\riceleafbd\Brown Spot\310401093_1145771346047730_890553304188097791_n.jpg,riceleafbd,0.30663350119042543,1,0.30663350119042543
data\raw\riceleafbd\Brown Spot\310408699_581222973762479_3034583721755206178_n.jpg,riceleafbd,0.3570692431561997,1,0.3570692431561997
data\raw\riceleafbd\Brown Spot\310412950_3299455947038250_6118699778973115620_n.jpg,riceleafbd,0.4107165046820219,1,0.4107165046820219
data\raw\riceleafbd\Brown Spot\310413706_406779671529288_6083541172236119468_n.jpg,riceleafbd,0.7167837438423645,1,0.7167837438423645
data\raw\riceleafbd\Brown Spot\310413706_542920307667959_7271112821702146072_n.jpg,riceleafbd,0.28905073382511143,1,0.28905073382511143
data\raw\riceleafbd\Brown Spot\310426342_1297660331049973_5517302091758027512_n.jpg,riceleafbd,0.6037855331446096,1,0.6037855331446096
data\raw\riceleafbd\Brown Spot\310433287_1170527013537104_2288436462912475998_n.jpg,riceleafbd,0.46255848694965895,1,0.46255848694965895
data\raw\riceleafbd\Brown Spot\310440595_437763975176397_3421827152598261933_n.jpg,riceleafbd,0.38771896726408833,1,0.38771896726408833
data\raw\riceleafbd\Brown Spot\310448023_2785363404931753_357066214047467928_n.jpg,riceleafbd,0.23089232759164616,1,0.23089232759164616
data\raw\riceleafbd\Brown Spot\310448892_865948157757587_1575096072039838138_n.jpg,riceleafbd,0.36414831028652167,1,0.36414831028652167
data\raw\riceleafbd\Brown Spot\310456200_860362441810426_2125457529938607800_n.jpg,riceleafbd,0.35532201788359424,1,0.35532201788359424
data\raw\riceleafbd\Brown Spot\310464731_2095864390596693_7529287577372319351_n.jpg,riceleafbd,0.4688920012449424,1,0.4688920012449424
data\raw\riceleafbd\Brown Spot\310466281_445412417740074_3454842528657237988_n.jpg,riceleafbd,0.531244858788045,1,0.531244858788045
data\raw\riceleafbd\Brown Spot\310479672_1548736808895214_1122183377644120885_n.jpg,riceleafbd,0.5681313816293402,1,0.5681313816293402
data\raw\riceleafbd\Brown Spot\310503754_3406179269667322_6868493276527715507_n.jpg,riceleafbd,0.3199790067845623,1,0.3199790067845623
data\raw\riceleafbd\Brown Spot\310509792_5559735287442458_3971883232493130140_n.jpg,riceleafbd,0.36605421778906466,1,0.36605421778906466
data\raw\riceleafbd\Brown Spot\310515645_429000562741465_2293056403644865098_n.jpg,riceleafbd,0.2672689681764092,1,0.2672689681764092
data\raw\riceleafbd\Brown Spot\310531220_463358079230548_4330153429928501160_n.jpg,riceleafbd,0.3696649749259863,1,0.3696649749259863
data\raw\riceleafbd\Brown Spot\310538123_800092631250475_2661903395682189719_n.jpg,riceleafbd,0.3373256047375289,1,0.3373256047375289
data\raw\riceleafbd\Brown Spot\310549204_862490201570514_2698855657437861283_n.jpg,riceleafbd,0.39807199211045363,1,0.39807199211045363
data\raw\riceleafbd\Brown Spot\310551734_6208035492545976_1642254191197766220_n.jpg,riceleafbd,0.19729435317670613,1,0.19729435317670613
data\raw\riceleafbd\Brown Spot\310552937_2304234059764535_643117186335999333_n.jpg,riceleafbd,0.32429835177501154,1,0.32429835177501154
data\raw\riceleafbd\Brown Spot\310552937_663060611980047_7867110391988752020_n.jpg,riceleafbd,0.16898120475526332,1,0.16898120475526332
data\raw\riceleafbd\Brown Spot\310552940_1513055385866693_5202646752382774347_n.jpg,riceleafbd,0.24623655913978496,1,0.24623655913978496
data\raw\riceleafbd\Brown Spot\310568407_1600675443720770_3405254753128624442_n.jpg,riceleafbd,0.3145572916666667,1,0.3145572916666667
data\raw\riceleafbd\Brown Spot\310572005_585774859972846_8887018455851724965_n.jpg,riceleafbd,0.24735883424408014,1,0.24735883424408014
data\raw\riceleafbd\Brown Spot\310574100_3177827532469376_3606010084420014810_n.jpg,riceleafbd,0.4352700978703195,1,0.4352700978703195
data\raw\riceleafbd\Brown Spot\310591531_647596893482328_2416547431702864403_n.jpg,riceleafbd,0.28141975308641975,1,0.28141975308641975
data\raw\riceleafbd\Brown Spot\310600431_1176906219620409_5572658965513226166_n.jpg,riceleafbd,0.30898882871820454,1,0.30898882871820454
data\raw\riceleafbd\Brown Spot\310600434_673533360790656_5382092698552622711_n.jpg,riceleafbd,0.16058431904854242,1,0.16058431904854242
data\raw\riceleafbd\Brown Spot\310618169_1095591744338175_6293196138231764647_n.jpg,riceleafbd,0.4733009561849431,1,0.4733009561849431
data\raw\riceleafbd\Brown Spot\310633591_435998688516676_4687821410676363321_n.jpg,riceleafbd,0.3775842258878221,1,0.3775842258878221
data\raw\riceleafbd\Brown Spot\310644021_563178102237151_1801329210829339387_n.jpg,riceleafbd,0.32153565640194487,1,0.32153565640194487
data\raw\riceleafbd\Brown Spot\310646878_652622709743689_4280957580249613305_n.jpg,riceleafbd,0.39534127843987,1,0.39534127843987
data\raw\riceleafbd\Brown Spot\310658174_1811366175890472_634044558163658478_n.jpg,riceleafbd,0.38651872379109115,1,0.38651872379109115
data\raw\riceleafbd\Brown Spot\310658884_446068057647401_6642037205738559820_n.jpg,riceleafbd,0.3369971918639951,1,0.3369971918639951
data\raw\riceleafbd\Brown Spot\310661186_680508230184016_1666128555220764955_n.jpg,riceleafbd,0.5570003233845042,1,0.5570003233845042
data\raw\riceleafbd\Brown Spot\310690626_807803723801286_3580362136413475553_n.jpg,riceleafbd,0.4041699374390447,1,0.4041699374390447
data\raw\riceleafbd\Brown Spot\310776944_2271192576395292_6697039548256478756_n.jpg,riceleafbd,0.10148807624396367,1,0.10148807624396367
data\raw\riceleafbd\Brown Spot\310789414_904359843869479_2426029954085555124_n.jpg,riceleafbd,0.3738585274631921,1,0.3738585274631921
data\raw\riceleafbd\Brown Spot\310804511_648697216660190_3587973030833937162_n.jpg,riceleafbd,0.4923247878824697,1,0.4923247878824697
data\raw\riceleafbd\Brown Spot\310807976_1267804150453137_2952585295063268243_n.jpg,riceleafbd,0.31747444220580556,1,0.31747444220580556
data\raw\riceleafbd\Brown Spot\310818069_530673785156674_5674307323228277295_n.jpg,riceleafbd,0.3996071953867345,1,0.3996071953867345
data\raw\riceleafbd\Brown Spot\310823410_418061953701303_2392965091483809066_n.jpg,riceleafbd,0.4403327143299288,1,0.4403327143299288
data\raw\riceleafbd\Brown Spot\310824212_668508701381573_7641199740375120880_n.jpg,riceleafbd,0.4537962612100543,1,0.4537962612100543
data\raw\riceleafbd\Brown Spot\310824228_524471822554248_358818164046999562_n.jpg,riceleafbd,0.5562334656084656,1,0.5562334656084656
data\raw\riceleafbd\Brown Spot\310828063_1446078215877474_1905737522057351903_n.jpg,riceleafbd,0.4886036611323968,1,0.4886036611323968
data\raw\riceleafbd\Brown Spot\310828816_3348217798776258_724187761063625091_n.jpg,riceleafbd,0.2894942622835124,1,0.2894942622835124
data\raw\riceleafbd\Brown Spot\310828818_502045418606703_6319544330287836103_n.jpg,riceleafbd,0.32035403885480573,1,0.32035403885480573
data\raw\riceleafbd\Brown Spot\310835321_3253575268305521_4194507410517847799_n (1).jpg,riceleafbd,0.3284164104816279,1,0.3284164104816279
data\raw\riceleafbd\Brown Spot\310835321_3253575268305521_4194507410517847799_n.jpg,riceleafbd,0.3284164104816279,1,0.3284164104816279
data\raw\riceleafbd\Brown Spot\310844257_509440641199570_5702343190639353102_n.jpg,riceleafbd,0.3076260374086461,1,0.3076260374086461
data\raw\riceleafbd\Brown Spot\310853531_652581173058231_1063835090034377594_n.jpg,riceleafbd,0.447267556935106,1,0.447267556935106
data\raw\riceleafbd\Brown Spot\310862149_2316976765132110_2200817704905796416_n.jpg,riceleafbd,0.34609718984718985,1,0.34609718984718985
data\raw\riceleafbd\Brown Spot\310885383_815755239635944_8200766767589677304_n.jpg,riceleafbd,0.5117225509533202,1,0.5117225509533202
data\raw\riceleafbd\Brown Spot\310907388_3266484753614015_2615133480251311747_n.jpg,riceleafbd,0.3959732664995823,1,0.3959732664995823
data\raw\riceleafbd\Brown Spot\310910786_1513395185739435_204951998156743921_n.jpg,riceleafbd,0.23662154882154882,1,0.23662154882154882
data\raw\riceleafbd\Brown Spot\310943241_449647463945146_639634782995154368_n.jpg,riceleafbd,0.5581533265258032,1,0.5581533265258032
data\raw\riceleafbd\Brown Spot\310949660_1699018083827986_56126341270983836_n.jpg,riceleafbd,0.17859303252770217,1,0.17859303252770217
data\raw\riceleafbd\Brown Spot\310949660_683939402972570_2384416694152309614_n.jpg,riceleafbd,0.20695335376901156,1,0.20695335376901156
data\raw\riceleafbd\Brown Spot\310958148_807649880308425_292737329862633011_n.jpg,riceleafbd,0.44614431036804203,1,0.44614431036804203
data\raw\riceleafbd\Brown Spot\310966908_460000666237274_4340544923399777166_n.jpg,riceleafbd,0.17811069496462756,1,0.17811069496462756
data\raw\riceleafbd\Brown Spot\310968022_509822557521186_5444277443482914274_n.jpg,riceleafbd,0.4927694622634038,1,0.4927694622634038
data\raw\riceleafbd\Brown Spot\310977568_1514622672347385_8736818964133698049_n.jpg,riceleafbd,0.2513073418245832,1,0.2513073418245832
data\raw\riceleafbd\Brown Spot\310984154_694067871853184_2163653223673718597_n.jpg,riceleafbd,0.2553595978249718,1,0.2553595978249718
data\raw\riceleafbd\Brown Spot\310987026_495529472618032_469706044882835937_n (1).jpg,riceleafbd,0.490264274691358,1,0.490264274691358
data\raw\riceleafbd\Brown Spot\310987026_495529472618032_469706044882835937_n.jpg,riceleafbd,0.490264274691358,1,0.490264274691358
data\raw\riceleafbd\Brown Spot\310996256_842961983582812_6278524794023676205_n.jpg,riceleafbd,0.36316272856307924,1,0.36316272856307924
data\raw\riceleafbd\Brown Spot\310997509_578806160671820_2590837107383300728_n.jpg,riceleafbd,0.21096129115226336,1,0.21096129115226336
data\raw\riceleafbd\Brown Spot\311021703_1507971309689477_3485279124224682658_n.jpg,riceleafbd,0.5671858691822395,1,0.5671858691822395
data\raw\riceleafbd\Brown Spot\311026301_667593804714222_1324197971946391729_n.jpg,riceleafbd,0.451639231824417,1,0.451639231824417
data\raw\riceleafbd\Brown Spot\311040835_1082378245793340_3748689263983894360_n.jpg,riceleafbd,0.3156671804212788,1,0.3156671804212788
data\raw\riceleafbd\Brown Spot\311043994_3234524246878187_6853227440626132597_n.jpg,riceleafbd,0.4956153549382716,1,0.4956153549382716
data\raw\riceleafbd\Brown Spot\311052757_1662312644170393_664664330632009953_n.jpg,riceleafbd,0.356023685515873,1,0.356023685515873
data\raw\riceleafbd\Brown Spot\311052757_578359977380937_3643681530688443368_n.jpg,riceleafbd,0.6784909798216903,1,0.6784909798216903
data\raw\riceleafbd\Brown Spot\311057508_665142201662772_2586560655691049853_n.jpg,riceleafbd,0.24510650546919976,1,0.24510650546919976
data\raw\riceleafbd\Brown Spot\311057508_913574306621065_7934301880931283898_n.jpg,riceleafbd,0.2579203165821423,1,0.2579203165821423
data\raw\riceleafbd\Brown Spot\311073757_672101004374904_1475839309996704675_n.jpg,riceleafbd,0.4024337951182735,1,0.4024337951182735
data\raw\riceleafbd\Brown Spot\311124288_475510674646539_1867154576088742452_n.jpg,riceleafbd,0.22867991255144032,1,0.22867991255144032
data\raw\riceleafbd\Brown Spot\311130886_426783756282010_6214404032701960436_n.jpg,riceleafbd,0.6571380181365954,1,0.6571380181365954
data\raw\riceleafbd\Brown Spot\311140425_1168751807079842_3950150907155685313_n.jpg,riceleafbd,0.38244748165021514,1,0.38244748165021514
data\raw\riceleafbd\Brown Spot\311161314_829598394755680_4737991771902303326_n.jpg,riceleafbd,0.49862304021813225,1,0.49862304021813225
data\raw\riceleafbd\Brown Spot\311202622_681717036612752_636487386220260721_n.jpg,riceleafbd,0.34394665417687464,1,0.34394665417687464
data\raw\riceleafbd\Brown Spot\311213447_1111101009548880_9186270975712037966_n.jpg,riceleafbd,0.23492049329843762,1,0.23492049329843762
data\raw\riceleafbd\Brown Spot\311215314_451765910395630_6401476738363950100_n.jpg,riceleafbd,0.6067544184896799,1,0.6067544184896799
data\raw\riceleafbd\Brown Spot\311216422_438794945077183_6633890714686824563_n.jpg,riceleafbd,0.314404494824261,1,0.314404494824261
data\raw\riceleafbd\Brown Spot\311238271_3583923715161873_9176656190329904768_n.jpg,riceleafbd,0.21676924998215943,1,0.21676924998215943
data\raw\riceleafbd\Brown Spot\311271897_1056552061707110_5402107187246718929_n.jpg,riceleafbd,0.39581640780565513,1,0.39581640780565513
data\raw\riceleafbd\Brown Spot\311277018_1953567501515058_7969272057765421987_n.jpg,riceleafbd,0.298377891498079,1,0.298377891498079
data\raw\riceleafbd\Brown Spot\311285716_1159560954663132_2971789968105334662_n.jpg,riceleafbd,0.3704387506898596,1,0.3704387506898596
data\raw\riceleafbd\Brown Spot\311296765_978416633114600_8053663257899152685_n.jpg,riceleafbd,0.35311134478326905,1,0.35311134478326905
data\raw\riceleafbd\Brown Spot\311300529_496557825753120_7006532035661778892_n.jpg,riceleafbd,0.22026529624535127,1,0.22026529624535127
data\raw\riceleafbd\Brown Spot\311316953_1222914088643370_3433756191131106554_n.jpg,riceleafbd,0.37299433639363483,1,0.37299433639363483
data\raw\riceleafbd\Brown Spot\311330755_540922951205269_9047410166727285240_n.jpg,riceleafbd,0.14580229671011793,1,0.14580229671011793
data\raw\riceleafbd\Brown Spot\311377246_810766993317222_9100351975254516487_n.jpg,riceleafbd,0.1993636750092991,1,0.1993636750092991
data\raw\riceleafbd\Brown Spot\311380503_1351490178930581_846371559059730686_n.jpg,riceleafbd,0.5195392285776901,1,0.5195392285776901
data\raw\riceleafbd\Brown Spot\311386232_685870439447238_1373729858025101687_n.jpg,riceleafbd,0.2703700769859148,1,0.2703700769859148
data\raw\riceleafbd\Brown Spot\311396297_829005278365176_1374891973416584192_n.jpg,riceleafbd,0.48317170187708797,1,0.48317170187708797
data\raw\riceleafbd\Brown Spot\311406569_1095409827827436_6560628508321962026_n.jpg,riceleafbd,0.47782990924385677,1,0.47782990924385677
data\raw\riceleafbd\Brown Spot\311408901_519141103418762_4335388543255097599_n.jpg,riceleafbd,0.7046723214285714,1,0.7046723214285714
data\raw\riceleafbd\Brown Spot\311416513_1109471589709308_8180735797175148639_n.jpg,riceleafbd,0.33701269209077617,1,0.33701269209077617
data\raw\riceleafbd\Brown Spot\311417279_802982790934579_6928591112788404232_n.jpg,riceleafbd,0.6149718244326113,1,0.6149718244326113
data\raw\riceleafbd\Brown Spot\311428112_1137683283546380_8377865949876745685_n.jpg,riceleafbd,0.2789245733690178,1,0.2789245733690178
data\raw\riceleafbd\Brown Spot\311431730_432763282267257_5061788090332940654_n.jpg,riceleafbd,0.3892567996884544,1,0.3892567996884544
data\raw\riceleafbd\Brown Spot\311453915_3375316629450850_968877061441042640_n.jpg,riceleafbd,0.5267540642953185,1,0.5267540642953185
data\raw\riceleafbd\Brown Spot\311462290_1523806308136409_1620723249680699873_n.jpg,riceleafbd,0.4477515058310906,1,0.4477515058310906
data\raw\riceleafbd\Brown Spot\311486043_1306022510155226_6152244108715750966_n.jpg,riceleafbd,0.28548766552396315,1,0.28548766552396315
data\raw\riceleafbd\Brown Spot\311486043_851216852725879_4856467563986000375_n.jpg,riceleafbd,0.46388517627491166,1,0.46388517627491166
data\raw\riceleafbd\Brown Spot\311869507_654707029438611_4227447126501839018_n.jpg,riceleafbd,0.46526433072076223,1,0.46526433072076223
data\raw\riceleafbd\Brown Spot\311873170_1292561338206591_2970536920858156407_n.jpg,riceleafbd,0.5128531267316364,1,0.5128531267316364
data\raw\riceleafbd\Brown Spot\311922711_653462639606123_2554408956699866739_n.jpg,riceleafbd,0.4330329571355047,1,0.4330329571355047
data\raw\riceleafbd\Brown Spot\311953561_412065494318391_2659692527148639224_n.jpg,riceleafbd,0.487356149898125,1,0.487356149898125
data\raw\riceleafbd\Brown Spot\311966500_1218844282308245_2136710182395461767_n.jpg,riceleafbd,0.07213146361191054,1,0.07213146361191054
data\raw\riceleafbd\Brown Spot\311977195_1310726413011036_3359377035045024594_n.jpg,riceleafbd,0.33754050925925927,1,0.33754050925925927
data\raw\riceleafbd\Brown Spot\311977195_1557255631363450_3642511899748077977_n.jpg,riceleafbd,0.49917592224296015,1,0.49917592224296015
data\raw\riceleafbd\Brown Spot\311982221_1269766160475674_6749695651504417821_n.jpg,riceleafbd,0.25762345679012344,1,0.25762345679012344
data\raw\riceleafbd\Brown Spot\311994477_808004087120124_4789279673069325208_n.jpg,riceleafbd,0.3353008959179558,1,0.3353008959179558
data\raw\riceleafbd\Brown Spot\312016287_5257096791062384_969213634235200911_n.jpg,riceleafbd,0.4948366722492621,1,0.4948366722492621
data\raw\riceleafbd\Brown Spot\312109407_1220699645455560_2742647944434764488_n.jpg,riceleafbd,0.5448742431804865,1,0.5448742431804865
data\raw\riceleafbd\Brown Spot\312112038_3412358252419684_455379211809313426_n.jpg,riceleafbd,0.3152362363292747,1,0.3152362363292747
data\raw\riceleafbd\Brown Spot\312122856_1167298270561140_2414166199220239812_n.jpg,riceleafbd,0.5854679856743537,1,0.5854679856743537
data\raw\riceleafbd\Brown Spot\312127844_572747297942794_8506920159216579211_n.jpg,riceleafbd,0.5184411987032819,1,0.5184411987032819
data\raw\riceleafbd\Brown Spot\312149269_1304740540260222_2269084485641565875_n.jpg,riceleafbd,0.5635345360714819,1,0.5635345360714819
data\raw\riceleafbd\Brown Spot\312168694_869198991062369_2282186203934686543_n.jpg,riceleafbd,0.42590258395606373,1,0.42590258395606373
data\raw\riceleafbd\Brown Spot\312182903_888814375834945_724937048690758269_n.jpg,riceleafbd,0.493322440087146,1,0.493322440087146
data\raw\riceleafbd\Brown Spot\312200158_2052677011592758_4127150590826511509_n.jpg,riceleafbd,0.6031725449515906,1,0.6031725449515906
data\raw\riceleafbd\Brown Spot\312207002_2741301756002006_8386953099903781042_n.jpg,riceleafbd,0.3667434640522876,1,0.3667434640522876
data\raw\riceleafbd\Brown Spot\312216426_427424412918302_4487343712450077075_n.jpg,riceleafbd,0.40317400823397825,1,0.40317400823397825
data\raw\riceleafbd\Brown Spot\312217600_2173196119533853_7591157869470821724_n.jpg,riceleafbd,0.29704282407407406,1,0.29704282407407406
data\raw\riceleafbd\Brown Spot\312250047_1501595143682656_6875401553277024264_n.jpg,riceleafbd,0.15563585924952547,1,0.15563585924952547
data\raw\riceleafbd\Brown Spot\312285453_1846453892358024_562901013174433459_n.jpg,riceleafbd,0.2216626593831735,1,0.2216626593831735
data\raw\riceleafbd\Brown Spot\312316744_578052897456678_8878432331654448719_n.jpg,riceleafbd,0.29587431989334484,1,0.29587431989334484
data\raw\riceleafbd\Brown Spot\312326382_3211361932446366_6682615499917169209_n.jpg,riceleafbd,0.2594734516674351,1,0.2594734516674351
data\raw\riceleafbd\Brown Spot\312411158_398111535753549_7820183711646867822_n.jpg,riceleafbd,0.07354201540006695,1,0.07354201540006695
data\raw\riceleafbd\Brown Spot\312415299_824724295458341_4435560014065582603_n.jpg,riceleafbd,0.38158076019126347,1,0.38158076019126347
data\raw\riceleafbd\Brown Spot\312418780_528454468732938_8639071520617950282_n.jpg,riceleafbd,0.4172252972529725,1,0.4172252972529725
data\raw\riceleafbd\Brown Spot\312450370_1200425843914858_2691683223786668142_n.jpg,riceleafbd,0.4870713722841382,1,0.4870713722841382
data\raw\riceleafbd\Brown Spot\312462597_1340965113373984_7107727838575005015_n.jpg,riceleafbd,0.214678125,1,0.214678125
data\raw\riceleafbd\Brown Spot\312468370_467936182144882_9198694886679060052_n.jpg,riceleafbd,0.4396865096258455,1,0.4396865096258455
data\raw\riceleafbd\Brown Spot\312468839_1155393468739536_7446444415184539186_n.jpg,riceleafbd,0.6911562918340026,1,0.6911562918340026
data\raw\riceleafbd\Brown Spot\312468839_883410106373406_7427785833496039760_n.jpg,riceleafbd,0.5113756613756614,1,0.5113756613756614
data\raw\riceleafbd\Brown Spot\312473726_1347140749453800_8586112422622010727_n.jpg,riceleafbd,0.7431787439613526,1,0.7431787439613526
data\raw\riceleafbd\Brown Spot\312483884_1135763497066114_1872967696229782204_n.jpg,riceleafbd,0.28688979388593483,1,0.28688979388593483
data\raw\riceleafbd\Brown Spot\312491989_1463091247434685_6471606596499252519_n.jpg,riceleafbd,0.28237787565338657,1,0.28237787565338657
data\raw\riceleafbd\Brown Spot\312493995_518891206821158_2451505034306284224_n.jpg,riceleafbd,0.38178433641975307,1,0.38178433641975307
data\raw\riceleafbd\Brown Spot\312503446_540164490875263_2001101002353738981_n.jpg,riceleafbd,0.2963767857142857,1,0.2963767857142857
data\raw\riceleafbd\Brown Spot\312503446_666739771742720_6762388731615910390_n.jpg,riceleafbd,0.5619346249307212,1,0.5619346249307212
data\raw\riceleafbd\Brown Spot\312507714_625422329328078_3227556915707526033_n.jpg,riceleafbd,0.23786817882971728,1,0.23786817882971728
data\raw\riceleafbd\Brown Spot\312508600_850099849677212_4932547305293176252_n.jpg,riceleafbd,0.6087292103594596,1,0.6087292103594596
data\raw\riceleafbd\Brown Spot\312542524_535800327990654_1398698022178015049_n.jpg,riceleafbd,0.1994894970575414,1,0.1994894970575414
data\raw\riceleafbd\Brown Spot\312543158_1535564896911975_8790435692373126595_n.jpg,riceleafbd,0.23410942062394344,1,0.23410942062394344
data\raw\riceleafbd\Brown Spot\312568870_539931711306532_4791649090066758558_n.jpg,riceleafbd,0.4276076289965179,1,0.4276076289965179
data\raw\riceleafbd\Brown Spot\312599184_5789777247745082_6383773596011309887_n.jpg,riceleafbd,0.5594859115026013,1,0.5594859115026013
data\raw\riceleafbd\Brown Spot\312605447_859952318778629_4075546059769046499_n.jpg,riceleafbd,0.16012049095466435,1,0.16012049095466435
data\raw\riceleafbd\Brown Spot\312605472_3216861428528922_2417221825122347717_n.jpg,riceleafbd,0.4810456889570814,1,0.4810456889570814
data\raw\riceleafbd\Brown Spot\312624476_1542725682816824_8317943095646573923_n.jpg,riceleafbd,0.3174866840126417,1,0.3174866840126417
data\raw\riceleafbd\Brown Spot\312626918_1064003364271971_6918153625436859637_n (1).jpg,riceleafbd,0.34277111111111114,1,0.34277111111111114
data\raw\riceleafbd\Brown Spot\312626918_1064003364271971_6918153625436859637_n.jpg,riceleafbd,0.34277111111111114,1,0.34277111111111114
data\raw\riceleafbd\Brown Spot\312650022_1590933194698091_8842488122149296381_n.jpg,riceleafbd,0.5147159295217547,1,0.5147159295217547
data\raw\riceleafbd\Brown Spot\312656423_1886260965042253_4104566990259317701_n.jpg,riceleafbd,0.3169393066270099,1,0.3169393066270099
data\raw\riceleafbd\Brown Spot\312657031_3058400534452532_1328461594379077604_n.jpg,riceleafbd,0.3883870832283531,1,0.3883870832283531
data\raw\riceleafbd\Brown Spot\312657031_501514062025673_1489350545664885358_n.jpg,riceleafbd,0.5717850064124985,1,0.5717850064124985
data\raw\riceleafbd\Brown Spot\312673622_1400262767178257_3465454752664560964_n.jpg,riceleafbd,0.38913205120475874,1,0.38913205120475874
data\raw\riceleafbd\Brown Spot\312673622_804776877418000_5769243431422334528_n.jpg,riceleafbd,0.2940338289534348,1,0.2940338289534348
data\raw\riceleafbd\Brown Spot\312701781_3203358663309803_8048151636091502591_n.jpg,riceleafbd,0.2577027914614122,1,0.2577027914614122
data\raw\riceleafbd\Brown Spot\312704681_1564966897290914_2672687311402357149_n.jpg,riceleafbd,0.3917006519628242,1,0.3917006519628242
data\raw\riceleafbd\Brown Spot\312705278_904176174300596_1023886317679089896_n.jpg,riceleafbd,0.5881332802986262,1,0.5881332802986262
data\raw\riceleafbd\Brown Spot\312713315_800827291014467_3360469540928375428_n.jpg,riceleafbd,0.4997768229700666,1,0.4997768229700666
data\raw\riceleafbd\Brown Spot\312713631_2630739317057681_4271562754030695868_n.jpg,riceleafbd,0.16298844444444444,1,0.16298844444444444
data\raw\riceleafbd\Brown Spot\312743599_2996132730681639_1015794871523886221_n.jpg,riceleafbd,0.4517845312132675,1,0.4517845312132675
data\raw\riceleafbd\Brown Spot\312754257_1461968737658444_7812299738048516497_n.jpg,riceleafbd,0.5704247924961199,1,0.5704247924961199
data\raw\riceleafbd\Brown Spot\312785445_494747079380367_5564936186963074528_n.jpg,riceleafbd,0.41867816091954024,1,0.41867816091954024
data\raw\riceleafbd\Brown Spot\312814751_497951362394840_2572588937313993891_n.jpg,riceleafbd,0.53188320595728,1,0.53188320595728
data\raw\riceleafbd\Brown Spot\312837208_452364840339763_5950782252438415365_n.jpg,riceleafbd,0.09201570300708231,1,0.09201570300708231
data\raw\riceleafbd\Brown Spot\312851479_1584426495351573_7607532617817906551_n.jpg,riceleafbd,0.20162767857142858,1,0.20162767857142858
data\raw\riceleafbd\Brown Spot\312894972_1104945293497646_1918185069297066553_n.jpg,riceleafbd,0.29389165284687674,1,0.29389165284687674
data\raw\riceleafbd\Brown Spot\312915611_5393961817379901_3138009470531982446_n.jpg,riceleafbd,0.4136188271604938,1,0.4136188271604938
data\raw\riceleafbd\Brown Spot\312918593_3019054218387911_6260339169932920433_n.jpg,riceleafbd,0.505173755186722,1,0.505173755186722
data\raw\riceleafbd\Brown Spot\312926107_1174445859865737_8382402113262465598_n.jpg,riceleafbd,0.462263092137306,1,0.462263092137306
data\raw\riceleafbd\Brown Spot\312926591_709349247371085_1561864667575996091_n.jpg,riceleafbd,0.26795912776682007,1,0.26795912776682007
data\raw\riceleafbd\Brown Spot\312960922_525831542403279_2981497864395214871_n.jpg,riceleafbd,0.23876555481923276,1,0.23876555481923276
data\raw\riceleafbd\Brown Spot\312966504_673218164375266_4041043239838845621_n.jpg,riceleafbd,0.3438444717780511,1,0.3438444717780511
data\raw\riceleafbd\Brown Spot\312983874_859760771819001_131939447506262278_n.jpg,riceleafbd,0.22440352697095436,1,0.22440352697095436
data\raw\riceleafbd\Brown Spot\312990612_815521916323792_8011887704274325683_n.jpg,riceleafbd,0.38308449074074075,1,0.38308449074074075
data\raw\riceleafbd\Brown Spot\313008866_496520642436904_2924966479548296923_n.jpg,riceleafbd,0.36369955555555555,1,0.36369955555555555
data\raw\riceleafbd\Brown Spot\313013515_449283840610204_7718562001052880566_n.jpg,riceleafbd,0.24741818538114835,1,0.24741818538114835
data\raw\riceleafbd\Brown Spot\313021143_670068854703164_5946638557118877665_n.jpg,riceleafbd,0.3586201273140338,1,0.3586201273140338
data\raw\riceleafbd\Brown Spot\313026176_2993191530826747_2009825573964015015_n.jpg,riceleafbd,0.2709401116353656,1,0.2709401116353656
data\raw\riceleafbd\Brown Spot\313037588_1389630804901347_61214276780093632_n.jpg,riceleafbd,0.31043072424651375,1,0.31043072424651375
data\raw\riceleafbd\Brown Spot\313044741_940161667365135_8176943767780723505_n.jpg,riceleafbd,0.26006055129723105,1,0.26006055129723105
data\raw\riceleafbd\Brown Spot\313079003_681191920262202_6988357429358526175_n.jpg,riceleafbd,0.418600135381514,1,0.418600135381514
data\raw\riceleafbd\Brown Spot\313088562_5276220615823216_3949357152659744167_n.jpg,riceleafbd,0.23063130709263954,1,0.23063130709263954
data\raw\riceleafbd\Brown Spot\313100040_2997063293772408_2121424917163754721_n.jpg,riceleafbd,0.25465674879900824,1,0.25465674879900824
data\raw\riceleafbd\Brown Spot\313122966_3357308827891884_5607156245178439381_n.jpg,riceleafbd,0.29675866666666667,1,0.29675866666666667
data\raw\riceleafbd\Brown Spot\313137344_453066063659459_4539515531255138182_n.jpg,riceleafbd,0.4609589615130323,1,0.4609589615130323
data\raw\riceleafbd\Brown Spot\313190730_867262601121613_4659600057425030114_n.jpg,riceleafbd,0.0632117821262558,1,0.0632117821262558
data\raw\riceleafbd\Brown Spot\313196278_785443535888737_6085952194869446721_n.jpg,riceleafbd,0.3233407904548844,1,0.3233407904548844
data\raw\riceleafbd\Brown Spot\313200257_1800922796935491_8912526736572429090_n.jpg,riceleafbd,0.42449667616334286,1,0.42449667616334286
data\raw\riceleafbd\Brown Spot\313201251_1279540446137615_4527461508937194296_n.jpg,riceleafbd,0.315261448640759,1,0.315261448640759
data\raw\riceleafbd\Brown Spot\313201251_1360785834659276_1671577078989613552_n.jpg,riceleafbd,0.37628262861528583,1,0.37628262861528583
data\raw\riceleafbd\Brown Spot\313203978_1481994085643046_5405086585397455603_n.jpg,riceleafbd,0.09925992102883109,1,0.09925992102883109
data\raw\riceleafbd\Brown Spot\313218339_2107899189412026_6678791404989715775_n.jpg,riceleafbd,0.41458919362400376,1,0.41458919362400376
data\raw\riceleafbd\Brown Spot\313288716_691003395531457_4469374338787993945_n.jpg,riceleafbd,0.4013617697195103,1,0.4013617697195103
data\raw\riceleafbd\Brown Spot\313292780_616438710166241_8433472569148000157_n.jpg,riceleafbd,0.16083208467803903,1,0.16083208467803903
data\raw\riceleafbd\Brown Spot\313343929_527753235548244_7427689794941281736_n.jpg,riceleafbd,0.6636505390715495,1,0.6636505390715495
data\raw\riceleafbd\Brown Spot\313367123_671899961314140_4138694422553878803_n.jpg,riceleafbd,0.437932856717669,1,0.437932856717669
data\raw\riceleafbd\Brown Spot\313443110_623853019516830_3637481474544736728_n.jpg,riceleafbd,0.2331945404948517,1,0.2331945404948517
data\raw\riceleafbd\Brown Spot\313465036_823869582222083_6764479244017405113_n.jpg,riceleafbd,0.17389377777777779,1,0.17389377777777779
data\raw\riceleafbd\Brown Spot\313471489_507105181355779_6643479046716805490_n.jpg,riceleafbd,0.25863366358578804,1,0.25863366358578804
data\raw\riceleafbd\Brown Spot\313476491_3175701916074728_527524997302136500_n.jpg,riceleafbd,0.17168926178831237,1,0.17168926178831237
data\raw\riceleafbd\Brown Spot\313497222_1182350742356260_5290045930983092519_n.jpg,riceleafbd,0.2649477066532258,1,0.2649477066532258
data\raw\riceleafbd\Brown Spot\313498066_535157491452250_1329302867298406929_n.jpg,riceleafbd,0.27210888274166284,1,0.27210888274166284
data\raw\riceleafbd\Brown Spot\313507057_1514928955694609_1492636158783579161_n.jpg,riceleafbd,0.15009774139058413,1,0.15009774139058413
data\raw\riceleafbd\Brown Spot\313507059_687911266004453_2238914050500173857_n.jpg,riceleafbd,0.21117466666666668,1,0.21117466666666668
data\raw\riceleafbd\Brown Spot\313512745_1168304934102850_7313338003394803090_n.jpg,riceleafbd,0.3630576517188539,1,0.3630576517188539
data\raw\riceleafbd\Brown Spot\313521607_2935141333457692_6365098809202735581_n.jpg,riceleafbd,0.2485152075626798,1,0.2485152075626798
data\raw\riceleafbd\Brown Spot\313527189_843167327134071_8289772897838938874_n.jpg,riceleafbd,0.7333189377188133,1,0.7333189377188133
data\raw\riceleafbd\Brown Spot\313549376_556381899657306_7967741370575984897_n.jpg,riceleafbd,0.2078330357142857,1,0.2078330357142857
data\raw\riceleafbd\Brown Spot\313780514_868414660828438_7501140312432378251_n.jpg,riceleafbd,0.11749644444444445,1,0.11749644444444445
data\raw\riceleafbd\Brown Spot\313781090_507682281373522_2089694049691707996_n.jpg,riceleafbd,0.49298888888888887,1,0.49298888888888887
data\raw\riceleafbd\Brown Spot\313787284_5605262332924023_8290024618087006306_n.jpg,riceleafbd,0.25411226851851854,1,0.25411226851851854
data\raw\riceleafbd\Brown Spot\313788732_658467679019784_6012187736439260086_n (1).jpg,riceleafbd,0.3544150347894699,1,0.3544150347894699
data\raw\riceleafbd\Brown Spot\313788732_658467679019784_6012187736439260086_n.jpg,riceleafbd,0.3544150347894699,1,0.3544150347894699
data\raw\riceleafbd\Brown Spot\313792446_1180428119542131_6726753210234874025_n.jpg,riceleafbd,0.21666824539799817,1,0.21666824539799817
data\raw\riceleafbd\Brown Spot\313839151_1512509475894873_2957257885488620837_n.jpg,riceleafbd,0.39659165494608534,1,0.39659165494608534
data\raw\riceleafbd\Brown Spot\313841367_886737832496256_3356739023714713080_n.jpg,riceleafbd,0.43667386998019087,1,0.43667386998019087
data\raw\riceleafbd\Brown Spot\313843566_448312090764650_153050250218982431_n.jpg,riceleafbd,0.28993705357142857,1,0.28993705357142857
data\raw\riceleafbd\Brown Spot\313848161_1283580309108341_2525421339042143756_n.jpg,riceleafbd,0.28974306409730766,1,0.28974306409730766
data\raw\riceleafbd\Brown Spot\313873555_679701266830562_7608209160872213402_n.jpg,riceleafbd,0.3516340148451886,1,0.3516340148451886
data\raw\riceleafbd\Brown Spot\313886118_459647506271197_7186982696650057808_n.jpg,riceleafbd,0.1884317202058128,1,0.1884317202058128
data\raw\riceleafbd\Brown Spot\313904672_526861012614721_3175874261717514500_n.jpg,riceleafbd,0.21001719490658982,1,0.21001719490658982
data\raw\riceleafbd\Brown Spot\313905884_1541156186329606_6073291171599025418_n.jpg,riceleafbd,0.20585164206430942,1,0.20585164206430942
data\raw\riceleafbd\Brown Spot\313916932_2020659934783822_4577738886421413429_n.jpg,riceleafbd,0.3214017934516409,1,0.3214017934516409
data\raw\riceleafbd\Brown Spot\313920622_540390544155560_4529905783466902933_n.jpg,riceleafbd,0.19378933333333334,1,0.19378933333333334
data\raw\riceleafbd\Brown Spot\313921450_5196670513767037_4792001202803130901_n.jpg,riceleafbd,0.5669054013727246,1,0.5669054013727246
data\raw\riceleafbd\Brown Spot\313933080_876168170054115_3203624880911853400_n.jpg,riceleafbd,0.36082187664337767,1,0.36082187664337767
data\raw\riceleafbd\Brown Spot\313981249_1160269761589507_4774587326214898658_n.jpg,riceleafbd,0.35331465919701216,1,0.35331465919701216
data\raw\riceleafbd\Brown Spot\313982795_1148588266065201_978676265172239895_n.jpg,riceleafbd,0.3648947112001299,1,0.3648947112001299
data\raw\riceleafbd\Brown Spot\314002624_3136045473374649_708243515860012079_n.jpg,riceleafbd,0.3502842618528893,1,0.3502842618528893
data\raw\riceleafbd\Brown Spot\314066540_808080653609255_4419829392342996875_n.jpg,riceleafbd,0.3971320237856618,1,0.3971320237856618
data\raw\riceleafbd\Brown Spot\314078646_569039298559942_1240593749695925494_n.jpg,riceleafbd,0.2443871111111111,1,0.2443871111111111
data\raw\riceleafbd\Brown Spot\314080532_557378226226410_3977761834456156449_n.jpg,riceleafbd,0.2050657796153008,1,0.2050657796153008
data\raw\riceleafbd\Brown Spot\314113258_493930932804086_7003408735421398601_n.jpg,riceleafbd,0.3384932191921866,1,0.3384932191921866
data\raw\riceleafbd\Brown Spot\314382668_1142392413131890_4642286598799239154_n.jpg,riceleafbd,0.1764391111111111,1,0.1764391111111111
data\raw\riceleafbd\Brown Spot\314392161_523010439434403_4571452848046606078_n.jpg,riceleafbd,0.7252978664449986,1,0.7252978664449986
data\raw\riceleafbd\Brown Spot\314403959_412809837726615_3425650493758437022_n.jpg,riceleafbd,0.35345994324383323,1,0.35345994324383323
data\raw\riceleafbd\Brown Spot\314411012_787021242366649_5043583151562013626_n.jpg,riceleafbd,0.23702060048213894,1,0.23702060048213894
data\raw\riceleafbd\Brown Spot\314441577_2092691457598438_8028060264829702049_n.jpg,riceleafbd,0.38930193030000476,1,0.38930193030000476
data\raw\riceleafbd\Brown Spot\314441983_854258495994149_9085209384012503446_n.jpg,riceleafbd,0.3012910719843493,1,0.3012910719843493
data\raw\riceleafbd\Brown Spot\314449111_3385199401747010_1733313334172839935_n.jpg,riceleafbd,0.18596065823888405,1,0.18596065823888405
data\raw\riceleafbd\Brown Spot\314460390_1283878442463186_6741471866538760147_n.jpg,riceleafbd,0.537358457183298,1,0.537358457183298
data\raw\riceleafbd\Brown Spot\314468783_787196999050898_4238190933447609878_n.jpg,riceleafbd,0.35173241288625906,1,0.35173241288625906
data\raw\riceleafbd\Brown Spot\314475046_449615730696969_2020808720417944523_n.jpg,riceleafbd,0.38665811818042106,1,0.38665811818042106
data\raw\riceleafbd\Brown Spot\314493944_434540202166130_6724789783015710950_n.jpg,riceleafbd,0.21258028757083697,1,0.21258028757083697
data\raw\riceleafbd\Brown Spot\314493944_896629368719715_6174451010360346064_n.jpg,riceleafbd,0.33651177323997383,1,0.33651177323997383
data\raw\riceleafbd\Brown Spot\314496508_832188851450129_3949600698718863168_n (1).jpg,riceleafbd,0.1919174262889502,1,0.1919174262889502
data\raw\riceleafbd\Brown Spot\314496508_832188851450129_3949600698718863168_n.jpg,riceleafbd,0.1919174262889502,1,0.1919174262889502
data\raw\riceleafbd\Brown Spot\314503450_3450819201904812_8236415469040261609_n.jpg,riceleafbd,0.1524090510628972,1,0.1524090510628972
data\raw\riceleafbd\Brown Spot\314517615_3247310182157760_4133044286808674124_n.jpg,riceleafbd,0.6539303848779655,1,0.6539303848779655
data\raw\riceleafbd\Brown Spot\314529399_537487667824391_2423738442387014019_n.jpg,riceleafbd,0.06225266660309503,1,0.06225266660309503
data\raw\riceleafbd\Brown Spot\314580999_5503515786370001_3031398001200277706_n.jpg,riceleafbd,0.40654927940492797,1,0.40654927940492797
data\raw\riceleafbd\Brown Spot\314589722_2117316805128700_9017813880459002249_n.jpg,riceleafbd,0.26089957693164106,1,0.26089957693164106
data\raw\riceleafbd\Brown Spot\314598876_699510691701820_1277708613828209943_n.jpg,riceleafbd,0.22959158718513084,1,0.22959158718513084
data\raw\riceleafbd\Brown Spot\314640601_709961973358128_4798426186434847938_n.jpg,riceleafbd,0.4699497110046391,1,0.4699497110046391
data\raw\riceleafbd\Brown Spot\314657099_484002436885994_2177909731256155998_n.jpg,riceleafbd,0.23114221202048824,1,0.23114221202048824
data\raw\riceleafbd\Brown Spot\314679770_472008061475256_3088224257870849867_n.jpg,riceleafbd,0.12677933379437528,1,0.12677933379437528
data\raw\riceleafbd\Brown Spot\314691830_3284950125103632_3153144999633685146_n.jpg,riceleafbd,0.2905668895036115,1,0.2905668895036115
data\raw\riceleafbd\Brown Spot\314717655_875312090546753_4643848658424466249_n.jpg,riceleafbd,0.30906240886555847,1,0.30906240886555847
data\raw\riceleafbd\Brown Spot\314762837_830823594906665_3631159329207564654_n.jpg,riceleafbd,0.33508092125739186,1,0.33508092125739186
data\raw\riceleafbd\Brown Spot\314836160_686022666252685_2388751079063871472_n.jpg,riceleafbd,0.2218993502070619,1,0.2218993502070619
data\raw\riceleafbd\Brown Spot\314897354_1068355603852774_6702650815049470796_n.jpg,riceleafbd,0.5114765148290052,1,0.5114765148290052
data\raw\riceleafbd\Brown Spot\314909411_840232823692333_8663297012923790195_n.jpg,riceleafbd,0.2391128888888889,1,0.2391128888888889
data\raw\riceleafbd\Brown Spot\314914670_3288213108083345_3503386539476326102_n.jpg,riceleafbd,0.45611494252873563,1,0.45611494252873563
data\raw\riceleafbd\Brown Spot\314923157_539197087571514_8591771152756420979_n.jpg,riceleafbd,0.22616863905325443,1,0.22616863905325443
data\raw\riceleafbd\Brown Spot\314928674_1132940953994475_5783303463284993329_n.jpg,riceleafbd,0.2253299276287782,1,0.2253299276287782
data\raw\riceleafbd\Brown Spot\315016712_445045054471624_6038365941329369149_n.jpg,riceleafbd,0.3072742713127328,1,0.3072742713127328
data\raw\riceleafbd\Brown Spot\315077830_792639481827514_8300753796232755874_n.jpg,riceleafbd,0.1133031111111111,1,0.1133031111111111
data\raw\riceleafbd\Brown Spot\315090181_511040484415475_501719187235376817_n.jpg,riceleafbd,0.242957170880558,1,0.242957170880558
data\raw\riceleafbd\Brown Spot\315092006_5840330365988599_5190716989043173993_n.jpg,riceleafbd,0.13800011579119442,1,0.13800011579119442
data\raw\riceleafbd\Brown Spot\315097556_651623386416300_315809802883710010_n.jpg,riceleafbd,0.3745069033530572,1,0.3745069033530572
data\raw\riceleafbd\Brown Spot\315101357_875258810168304_6328451652199300794_n.jpg,riceleafbd,0.2828342099495946,1,0.2828342099495946
data\raw\riceleafbd\Brown Spot\315111727_1257256914842639_765387376634031605_n.jpg,riceleafbd,0.5349561691869384,1,0.5349561691869384
data\raw\riceleafbd\Brown Spot\315111874_660996902279870_7720110767850067310_n.jpg,riceleafbd,0.22819319578915015,1,0.22819319578915015
data\raw\riceleafbd\Brown Spot\315181632_619130999956574_6092454196105885976_n.jpg,riceleafbd,0.15274518785418484,1,0.15274518785418484
data\raw\riceleafbd\Brown Spot\315231791_678232013697601_8184602897231972298_n.jpg,riceleafbd,0.17480266666666666,1,0.17480266666666666
data\raw\riceleafbd\Brown Spot\315258105_1121822611851832_6151382853616864934_n.jpg,riceleafbd,0.2727780861758936,1,0.2727780861758936
data\raw\riceleafbd\Brown Spot\315285784_834642564406283_3135547978717655405_n.jpg,riceleafbd,0.5485683035714286,1,0.5485683035714286
data\raw\riceleafbd\Brown Spot\315310250_1257634864795249_3192148898317066974_n.jpg,riceleafbd,0.24819118829010461,1,0.24819118829010461
data\raw\riceleafbd\Brown Spot\315441571_1085626215414943_185580167438404121_n.jpg,riceleafbd,0.26906042256974716,1,0.26906042256974716
data\raw\riceleafbd\Brown Spot\315497380_1295206221267803_1595982017898207424_n.jpg,riceleafbd,0.14321838219267655,1,0.14321838219267655
data\raw\riceleafbd\Brown Spot\315518994_655956559597171_6356719280846853770_n.jpg,riceleafbd,0.28338064311791633,1,0.28338064311791633
data\raw\riceleafbd\Brown Spot\315526987_700198001332805_5532396989396921167_n.jpg,riceleafbd,0.12172591883718396,1,0.12172591883718396
data\raw\riceleafbd\Brown Spot\315528173_800099651085389_2576233260830535491_n.jpg,riceleafbd,0.09701026785714285,1,0.09701026785714285
data\raw\riceleafbd\Brown Spot\315532239_557495366186340_7408530394173486829_n.jpg,riceleafbd,0.14012011633609417,1,0.14012011633609417
data\raw\riceleafbd\Brown Spot\315532476_678564123619299_2314158013159928732_n.jpg,riceleafbd,0.20025703942349607,1,0.20025703942349607
data\raw\riceleafbd\Brown Spot\316041923_803682534254590_8305339248818396829_n.jpg,riceleafbd,0.12555171098517873,1,0.12555171098517873
data\raw\riceleafbd\Healthy Leaf\IMG20231027082814_01.jpg,riceleafbd,0.5841510416666666,1,0.5841510416666666
data\raw\riceleafbd\Healthy Leaf\IMG20231027082943.jpg,riceleafbd,0.3490265625,1,0.3490265625
data\raw\riceleafbd\Healthy Leaf\IMG20231027082956_01.jpg,riceleafbd,0.27357447916666666,1,0.27357447916666666
data\raw\riceleafbd\Healthy Leaf\IMG20231027083007_01.jpg,riceleafbd,0.8397619791666666,1,0.8397619791666666
data\raw\riceleafbd\Healthy Leaf\IMG20231027083045_01.jpg,riceleafbd,0.2055046875,1,0.2055046875
data\raw\riceleafbd\Healthy Leaf\IMG20231027083100.jpg,riceleafbd,0.21058020833333332,1,0.21058020833333332
data\raw\riceleafbd\Healthy Leaf\IMG20231027083121.jpg,riceleafbd,0.28039583333333334,1,0.28039583333333334
data\raw\riceleafbd\Healthy Leaf\IMG20231027083123_01.jpg,riceleafbd,0.25326041666666665,1,0.25326041666666665
data\raw\riceleafbd\Healthy Leaf\IMG20231027083140_01.jpg,riceleafbd,0.2129953125,1,0.2129953125
data\raw\riceleafbd\Healthy Leaf\IMG20231027083218_01.jpg,riceleafbd,0.5886052083333333,1,0.5886052083333333
data\raw\riceleafbd\Healthy Leaf\IMG20231027083228_01.jpg,riceleafbd,0.558178125,1,0.558178125
data\raw\riceleafbd\Healthy Leaf\IMG20231027083315_01.jpg,riceleafbd,0.10160572916666667,1,0.10160572916666667
data\raw\riceleafbd\Healthy Leaf\IMG20231027083324_01.jpg,riceleafbd,0.7423984375,1,0.7423984375
data\raw\riceleafbd\Healthy Leaf\IMG20231027083351_01.jpg,riceleafbd,0.18603072916666666,1,0.18603072916666666
data\raw\riceleafbd\Healthy Leaf\IMG20231027083408_01.jpg,riceleafbd,0.24951614583333334,1,0.24951614583333334
data\raw\riceleafbd\Healthy Leaf\IMG20231027083426_01.jpg,riceleafbd,0.1424796875,1,0.1424796875
data\raw\riceleafbd\Healthy Leaf\IMG20231027083440_01.jpg,riceleafbd,0.4920744791666667,1,0.4920744791666667
data\raw\riceleafbd\Healthy Leaf\IMG20231027083446_01.jpg,riceleafbd,0.48866197916666665,1,0.48866197916666665
data\raw\riceleafbd\Healthy Leaf\IMG20231027083456_01.jpg,riceleafbd,0.17499479166666668,1,0.17499479166666668
data\raw\riceleafbd\Healthy Leaf\IMG20231027083504_01.jpg,riceleafbd,0.3177625,1,0.3177625
data\raw\riceleafbd\Healthy Leaf\IMG20231027083512.jpg,riceleafbd,0.3674119791666667,1,0.3674119791666667
data\raw\riceleafbd\Healthy Leaf\IMG20231027083526_01.jpg,riceleafbd,0.6529375,1,0.6529375
data\raw\riceleafbd\Healthy Leaf\IMG20231027083535.jpg,riceleafbd,0.6061546875,1,0.6061546875
data\raw\riceleafbd\Healthy Leaf\IMG20231027083550_01.jpg,riceleafbd,0.21797552083333332,1,0.21797552083333332
data\raw\riceleafbd\Healthy Leaf\IMG20231027083600_01.jpg,riceleafbd,0.20352708333333333,1,0.20352708333333333
data\raw\riceleafbd\Healthy Leaf\IMG20231027083607_01.jpg,riceleafbd,0.20909427083333335,1,0.20909427083333335
data\raw\riceleafbd\Healthy Leaf\IMG20231027083617_01.jpg,riceleafbd,0.2008390625,1,0.2008390625
data\raw\riceleafbd\Healthy Leaf\IMG20231027083630_01.jpg,riceleafbd,0.36527604166666666,1,0.36527604166666666
data\raw\riceleafbd\Healthy Leaf\IMG20231027083641_01.jpg,riceleafbd,0.32088802083333334,1,0.32088802083333334
data\raw\riceleafbd\Healthy Leaf\IMG20231027083655_01.jpg,riceleafbd,0.3823302083333333,1,0.3823302083333333
data\raw\riceleafbd\Healthy Leaf\IMG20231027083701_01.jpg,riceleafbd,0.22582083333333333,1,0.22582083333333333
data\raw\riceleafbd\Healthy Leaf\IMG20231027083711_01.jpg,riceleafbd,0.34421979166666666,1,0.34421979166666666
data\raw\riceleafbd\Healthy Leaf\IMG20231027083727_01.jpg,riceleafbd,0.255378125,1,0.255378125
data\raw\riceleafbd\Healthy Leaf\IMG20231027083741_01.jpg,riceleafbd,0.34520260416666665,1,0.34520260416666665
data\raw\riceleafbd\Healthy Leaf\IMG20231027083809_01.jpg,riceleafbd,0.330353125,1,0.330353125
data\raw\riceleafbd\Healthy Leaf\IMG20231027083820_01.jpg,riceleafbd,0.3305703125,1,0.3305703125
data\raw\riceleafbd\Healthy Leaf\IMG20231027083843_01.jpg,riceleafbd,0.21866041666666666,1,0.21866041666666666
data\raw\riceleafbd\Healthy Leaf\IMG20231027083903_01.jpg,riceleafbd,0.6982119791666667,1,0.6982119791666667
data\raw\riceleafbd\Healthy Leaf\IMG20231027083906_01.jpg,riceleafbd,0.5320958333333333,1,0.5320958333333333
data\raw\riceleafbd\Healthy Leaf\IMG20231027083921.jpg,riceleafbd,0.6074427083333334,1,0.6074427083333334
data\raw\riceleafbd\Healthy Leaf\IMG20231027083930.jpg,riceleafbd,0.3901119791666667,1,0.3901119791666667
data\raw\riceleafbd\Healthy Leaf\IMG20231027083946.jpg,riceleafbd,0.5189213541666666,1,0.5189213541666666
data\raw\riceleafbd\Healthy Leaf\IMG20231027083959_01.jpg,riceleafbd,0.13267291666666667,1,0.13267291666666667
data\raw\riceleafbd\Healthy Leaf\IMG20231027084017_01.jpg,riceleafbd,0.4210421875,1,0.4210421875
data\raw\riceleafbd\Healthy Leaf\IMG20231027084032_01.jpg,riceleafbd,0.3656229166666667,1,0.3656229166666667
data\raw\riceleafbd\Healthy Leaf\IMG20231027084040_01.jpg,riceleafbd,0.6107739583333334,1,0.6107739583333334
data\raw\riceleafbd\Healthy Leaf\IMG20231027084048_01.jpg,riceleafbd,0.46558541666666664,1,0.46558541666666664
data\raw\riceleafbd\Healthy Leaf\IMG20231027084059_01.jpg,riceleafbd,0.39995885416666666,1,0.39995885416666666
data\raw\riceleafbd\Healthy Leaf\IMG20231027084115_01.jpg,riceleafbd,0.3913520833333333,1,0.3913520833333333
data\raw\riceleafbd\Healthy Leaf\IMG20231027084124_01.jpg,riceleafbd,0.5102802083333333,1,0.5102802083333333
data\raw\riceleafbd\Healthy Leaf\IMG20231027084139_01.jpg,riceleafbd,0.4767635416666667,1,0.4767635416666667
data\raw\riceleafbd\Healthy Leaf\IMG20231027084212_01.jpg,riceleafbd,0.48523541666666664,1,0.48523541666666664
data\raw\riceleafbd\Healthy Leaf\IMG20231027084226_01.jpg,riceleafbd,0.527309375,1,0.527309375
data\raw\riceleafbd\Healthy Leaf\IMG20231027084302_01.jpg,riceleafbd,0.6377994791666667,1,0.6377994791666667
data\raw\riceleafbd\Healthy Leaf\IMG20231027084313_01.jpg,riceleafbd,0.5709114583333333,1,0.5709114583333333
data\raw\riceleafbd\Healthy Leaf\IMG20231027084332_01.jpg,riceleafbd,0.3811796875,1,0.3811796875
data\raw\riceleafbd\Healthy Leaf\IMG20231027084349_01.jpg,riceleafbd,0.6194864583333334,1,0.6194864583333334
data\raw\riceleafbd\Healthy Leaf\IMG20231027084350_01.jpg,riceleafbd,0.626834375,1,0.626834375
data\raw\riceleafbd\Healthy Leaf\IMG20231027084401_01.jpg,riceleafbd,0.7951286458333333,1,0.7951286458333333
data\raw\riceleafbd\Healthy Leaf\IMG20231027084408_01.jpg,riceleafbd,0.5664229166666667,1,0.5664229166666667
data\raw\riceleafbd\Healthy Leaf\IMG20231027084417.jpg,riceleafbd,0.5288171875,1,0.5288171875
data\raw\riceleafbd\Healthy Leaf\IMG20231027084433.jpg,riceleafbd,0.5443880208333334,1,0.5443880208333334
data\raw\riceleafbd\Healthy Leaf\IMG20231027084450_01.jpg,riceleafbd,0.656725,1,0.656725
data\raw\riceleafbd\Healthy Leaf\IMG20231027084521_01.jpg,riceleafbd,0.6984635416666667,1,0.6984635416666667
data\raw\riceleafbd\Healthy Leaf\IMG20231027084539_01.jpg,riceleafbd,0.28098229166666666,1,0.28098229166666666
data\raw\riceleafbd\Healthy Leaf\IMG20231027084555_01.jpg,riceleafbd,0.4568484375,1,0.4568484375
data\raw\riceleafbd\Healthy Leaf\IMG20231027084603.jpg,riceleafbd,0.318484375,1,0.318484375
data\raw\riceleafbd\Healthy Leaf\IMG20231027084611.jpg,riceleafbd,0.246021875,1,0.246021875
data\raw\riceleafbd\Healthy Leaf\IMG20231027084620_01.jpg,riceleafbd,0.4575,1,0.4575
data\raw\riceleafbd\Healthy Leaf\IMG20231027084637_01.jpg,riceleafbd,0.6758208333333333,1,0.6758208333333333
data\raw\riceleafbd\Healthy Leaf\IMG20231027084655_01.jpg,riceleafbd,0.5851630208333334,1,0.5851630208333334
data\raw\riceleafbd\Healthy Leaf\IMG20231027084708_01.jpg,riceleafbd,0.2431390625,1,0.2431390625
data\raw\riceleafbd\Healthy Leaf\IMG20231027084720_01.jpg,riceleafbd,0.5413760416666666,1,0.5413760416666666
data\raw\riceleafbd\Healthy Leaf\IMG20231027084732_01.jpg,riceleafbd,0.32488177083333336,1,0.32488177083333336
data\raw\riceleafbd\Healthy Leaf\IMG20231027084743_01.jpg,riceleafbd,0.5127458333333333,1,0.5127458333333333
data\raw\riceleafbd\Healthy Leaf\IMG20231027084803_01.jpg,riceleafbd,0.521046875,1,0.521046875
data\raw\riceleafbd\Healthy Leaf\IMG20231027084815_01.jpg,riceleafbd,0.4047588541666667,1,0.4047588541666667
data\raw\riceleafbd\Healthy Leaf\IMG20231027084830.jpg,riceleafbd,0.4736619791666667,1,0.4736619791666667
data\raw\riceleafbd\Healthy Leaf\IMG20231027084837_01.jpg,riceleafbd,0.4539223958333333,1,0.4539223958333333
data\raw\riceleafbd\Healthy Leaf\IMG20231027084849_01.jpg,riceleafbd,0.31907291666666665,1,0.31907291666666665
data\raw\riceleafbd\Healthy Leaf\IMG20231027084901_01.jpg,riceleafbd,0.2993796875,1,0.2993796875
data\raw\riceleafbd\Healthy Leaf\IMG20231027084916_01.jpg,riceleafbd,0.5437255208333334,1,0.5437255208333334
data\raw\riceleafbd\Healthy Leaf\IMG20231027084926.jpg,riceleafbd,0.097090625,1,0.097090625
data\raw\riceleafbd\Healthy Leaf\IMG20231027085837_01.jpg,riceleafbd,0.4379645833333333,1,0.4379645833333333
data\raw\riceleafbd\Healthy Leaf\IMG20231027085849_01.jpg,riceleafbd,0.38095572916666665,1,0.38095572916666665
data\raw\riceleafbd\Healthy Leaf\IMG20231027085857_01.jpg,riceleafbd,0.42305,1,0.42305
data\raw\riceleafbd\Healthy Leaf\IMG20231027085904_01.jpg,riceleafbd,0.29237552083333335,1,0.29237552083333335
data\raw\riceleafbd\Healthy Leaf\IMG20231027085910_01.jpg,riceleafbd,0.2753328125,1,0.2753328125
data\raw\riceleafbd\Healthy Leaf\IMG20231027085919_01.jpg,riceleafbd,0.3145854166666667,1,0.3145854166666667
data\raw\riceleafbd\Healthy Leaf\IMG20231027090205.jpg,riceleafbd,0.35937604166666665,1,0.35937604166666665
data\raw\riceleafbd\Healthy Leaf\IMG20231027090212_01.jpg,riceleafbd,0.5171895833333333,1,0.5171895833333333
data\raw\riceleafbd\Healthy Leaf\IMG20231027090219_01.jpg,riceleafbd,0.24835989583333334,1,0.24835989583333334
data\raw\riceleafbd\Healthy Leaf\IMG20231027090223_01.jpg,riceleafbd,0.4245333333333333,1,0.4245333333333333
data\raw\riceleafbd\Healthy Leaf\IMG20231027090224_01.jpg,riceleafbd,0.2225421875,1,0.2225421875
data\raw\riceleafbd\Healthy Leaf\IMG20231027090227_01.jpg,riceleafbd,0.4148953125,1,0.4148953125
data\raw\riceleafbd\Healthy Leaf\IMG20231027090232_01.jpg,riceleafbd,0.211396875,1,0.211396875
data\raw\riceleafbd\Healthy Leaf\IMG20231027090239_01.jpg,riceleafbd,0.32712552083333335,1,0.32712552083333335
data\raw\riceleafbd\Healthy Leaf\IMG20231027090243_01.jpg,riceleafbd,0.37621822916666664,1,0.37621822916666664
data\raw\riceleafbd\Healthy Leaf\IMG20231027090248_01.jpg,riceleafbd,0.4575953125,1,0.4575953125
data\raw\riceleafbd\Healthy Leaf\IMG20231027090250_01.jpg,riceleafbd,0.6233708333333333,1,0.6233708333333333
data\raw\riceleafbd\Healthy Leaf\IMG20231027090252_01.jpg,riceleafbd,0.4589932291666667,1,0.4589932291666667
data\raw\riceleafbd\Healthy Leaf\IMG20231027090255_01.jpg,riceleafbd,0.5021515625,1,0.5021515625
data\raw\riceleafbd\Healthy Leaf\IMG20231027090257_01.jpg,riceleafbd,0.493609375,1,0.493609375
data\raw\riceleafbd\Healthy Leaf\IMG20231027090300_01.jpg,riceleafbd,0.5015682291666667,1,0.5015682291666667
data\raw\riceleafbd\Healthy Leaf\IMG20231027090303_01.jpg,riceleafbd,0.43335833333333335,1,0.43335833333333335
data\raw\riceleafbd\Healthy Leaf\IMG20231027090311_01.jpg,riceleafbd,0.469678125,1,0.469678125
data\raw\riceleafbd\Healthy Leaf\IMG20231027090315.jpg,riceleafbd,0.60301875,1,0.60301875
data\raw\riceleafbd\Healthy Leaf\IMG20231027090318_01.jpg,riceleafbd,0.29647239583333335,1,0.29647239583333335
data\raw\riceleafbd\Healthy Leaf\IMG20231027090321.jpg,riceleafbd,0.3294182291666667,1,0.3294182291666667
data\raw\riceleafbd\Healthy Leaf\IMG20231027090323_01.jpg,riceleafbd,0.2609927083333333,1,0.2609927083333333
data\raw\riceleafbd\Healthy Leaf\IMG20231027090331.jpg,riceleafbd,0.37388385416666664,1,0.37388385416666664
data\raw\riceleafbd\Healthy Leaf\IMG20231027090340_01.jpg,riceleafbd,0.4634255208333333,1,0.4634255208333333
data\raw\riceleafbd\Healthy Leaf\IMG20231027090354_01.jpg,riceleafbd,0.5136421875,1,0.5136421875
data\raw\riceleafbd\Healthy Leaf\IMG20231027090355_01.jpg,riceleafbd,0.48651822916666665,1,0.48651822916666665
data\raw\riceleafbd\Healthy Leaf\IMG20231027090402_01.jpg,riceleafbd,0.4392786458333333,1,0.4392786458333333
data\raw\riceleafbd\Healthy Leaf\IMG20231027090411_01.jpg,riceleafbd,0.5375270833333333,1,0.5375270833333333
data\raw\riceleafbd\Healthy Leaf\IMG20231027090415_01.jpg,riceleafbd,0.3831625,1,0.3831625
data\raw\riceleafbd\Healthy Leaf\IMG20231027090419_01.jpg,riceleafbd,0.495378125,1,0.495378125
data\raw\riceleafbd\Healthy Leaf\IMG20231027090422.jpg,riceleafbd,0.4201515625,1,0.4201515625
data\raw\riceleafbd\Healthy Leaf\IMG20231027090436.jpg,riceleafbd,0.45834322916666664,1,0.45834322916666664
data\raw\riceleafbd\Healthy Leaf\IMG20231027090438.jpg,riceleafbd,0.6095776041666666,1,0.6095776041666666
data\raw\riceleafbd\Healthy Leaf\IMG20231027090447_01.jpg,riceleafbd,0.4475151041666667,1,0.4475151041666667
data\raw\riceleafbd\Healthy Leaf\IMG20231027090452_01.jpg,riceleafbd,0.5861140625,1,0.5861140625
data\raw\riceleafbd\Healthy Leaf\IMG20231027090456_01.jpg,riceleafbd,0.5602567708333334,1,0.5602567708333334
data\raw\riceleafbd\Healthy Leaf\IMG20231027090500_01.jpg,riceleafbd,0.324684375,1,0.324684375
data\raw\riceleafbd\Healthy Leaf\IMG20231027090504_01.jpg,riceleafbd,0.35235625,1,0.35235625
data\raw\riceleafbd\Healthy Leaf\IMG20231027090510.jpg,riceleafbd,0.19402395833333333,1,0.19402395833333333
data\raw\riceleafbd\Healthy Leaf\IMG20231027090523_01.jpg,riceleafbd,0.47954427083333334,1,0.47954427083333334
data\raw\riceleafbd\Healthy Leaf\IMG20231027090736_01.jpg,riceleafbd,0.4772421875,1,0.4772421875
data\raw\riceleafbd\Healthy Leaf\IMG20231027090749.jpg,riceleafbd,0.39277395833333334,1,0.39277395833333334
data\raw\riceleafbd\Healthy Leaf\IMG20231027090755_01.jpg,riceleafbd,0.54045625,1,0.54045625
data\raw\riceleafbd\Healthy Leaf\IMG20231027090803_01.jpg,riceleafbd,0.4799557291666667,1,0.4799557291666667
data\raw\riceleafbd\Healthy Leaf\IMG20231027090808_01.jpg,riceleafbd,0.3395046875,1,0.3395046875
data\raw\riceleafbd\Healthy Leaf\IMG20231027090829_01.jpg,riceleafbd,0.5094682291666667,1,0.5094682291666667
data\raw\riceleafbd\Healthy Leaf\IMG20231027090836_01.jpg,riceleafbd,0.45703385416666664,1,0.45703385416666664
data\raw\riceleafbd\Healthy Leaf\IMG20231027090848.jpg,riceleafbd,0.46102447916666667,1,0.46102447916666667
data\raw\riceleafbd\Healthy Leaf\IMG20231027090859_01.jpg,riceleafbd,0.6205541666666666,1,0.6205541666666666
data\raw\riceleafbd\Healthy Leaf\IMG20231027090915.jpg,riceleafbd,0.45983958333333336,1,0.45983958333333336
data\raw\riceleafbd\Healthy Leaf\IMG20231027090925.jpg,riceleafbd,0.4326875,1,0.4326875
data\raw\riceleafbd\Healthy Leaf\IMG20231027090933_01.jpg,riceleafbd,0.3443994791666667,1,0.3443994791666667
data\raw\riceleafbd\Healthy Leaf\IMG20231027090939_01.jpg,riceleafbd,0.22935104166666667,1,0.22935104166666667
data\raw\riceleafbd\Healthy Leaf\IMG20231027091001_01.jpg,riceleafbd,0.2530604166666667,1,0.2530604166666667
data\raw\riceleafbd\Healthy Leaf\IMG20231027091016.jpg,riceleafbd,0.34396614583333335,1,0.34396614583333335
data\raw\riceleafbd\Healthy Leaf\IMG20231027091031_01.jpg,riceleafbd,0.222540625,1,0.222540625
data\raw\riceleafbd\Healthy Leaf\IMG20231027091112_01.jpg,riceleafbd,0.30736302083333333,1,0.30736302083333333
data\raw\riceleafbd\Healthy Leaf\IMG20231027091120_01.jpg,riceleafbd,0.282903125,1,0.282903125
data\raw\riceleafbd\Healthy Leaf\IMG20231027091126_01.jpg,riceleafbd,0.149065625,1,0.149065625
data\raw\riceleafbd\Healthy Leaf\IMG20231027091135_01.jpg,riceleafbd,0.3386192708333333,1,0.3386192708333333
data\raw\riceleafbd\Healthy Leaf\IMG20231027091146.jpg,riceleafbd,0.234346875,1,0.234346875
data\raw\riceleafbd\Healthy Leaf\IMG20231027091151_01.jpg,riceleafbd,0.19822135416666667,1,0.19822135416666667
data\raw\riceleafbd\Healthy Leaf\IMG20231027091201_01.jpg,riceleafbd,0.2619005208333333,1,0.2619005208333333
data\raw\riceleafbd\Healthy Leaf\IMG20231027091207_01.jpg,riceleafbd,0.34136770833333335,1,0.34136770833333335
data\raw\riceleafbd\Healthy Leaf\IMG20231027091217.jpg,riceleafbd,0.3560270833333333,1,0.3560270833333333
data\raw\riceleafbd\Healthy Leaf\IMG20231027091224_01.jpg,riceleafbd,0.24963020833333333,1,0.24963020833333333
data\raw\riceleafbd\Healthy Leaf\IMG20231027091230_01.jpg,riceleafbd,0.24325677083333333,1,0.24325677083333333
data\raw\riceleafbd\Healthy Leaf\IMG20231027091239_01.jpg,riceleafbd,0.26264739583333335,1,0.26264739583333335
data\raw\riceleafbd\Healthy Leaf\IMG20231027091247_01.jpg,riceleafbd,0.3254390625,1,0.3254390625
data\raw\riceleafbd\Healthy Leaf\IMG20231027091318.jpg,riceleafbd,0.33491458333333335,1,0.33491458333333335
data\raw\riceleafbd\Healthy Leaf\IMG20231027091335_01.jpg,riceleafbd,0.36532916666666665,1,0.36532916666666665
data\raw\riceleafbd\Healthy Leaf\IMG20231027091344_01.jpg,riceleafbd,0.36280260416666665,1,0.36280260416666665
data\raw\riceleafbd\Healthy Leaf\IMG20231027091353.jpg,riceleafbd,0.234671875,1,0.234671875
data\raw\riceleafbd\Healthy Leaf\IMG20231027091400_01.jpg,riceleafbd,0.28563489583333335,1,0.28563489583333335
data\raw\riceleafbd\Healthy Leaf\IMG20231027091419_01.jpg,riceleafbd,0.3302875,1,0.3302875
data\raw\riceleafbd\Healthy Leaf\IMG20231027091426_01.jpg,riceleafbd,0.25588072916666665,1,0.25588072916666665
data\raw\riceleafbd\Healthy Leaf\IMG20231027091433.jpg,riceleafbd,0.22127552083333332,1,0.22127552083333332
data\raw\riceleafbd\Healthy Leaf\IMG20231027091440.jpg,riceleafbd,0.297590625,1,0.297590625
data\raw\riceleafbd\Healthy Leaf\IMG20231027091450_01.jpg,riceleafbd,0.16965572916666666,1,0.16965572916666666
data\raw\riceleafbd\Healthy Leaf\IMG20231027091458_01.jpg,riceleafbd,0.3836645833333333,1,0.3836645833333333
data\raw\riceleafbd\Healthy Leaf\IMG20231027091524_01.jpg,riceleafbd,0.3922494791666667,1,0.3922494791666667
data\raw\riceleafbd\Healthy Leaf\IMG20231027091532_01.jpg,riceleafbd,0.35821875,1,0.35821875
data\raw\riceleafbd\Healthy Leaf\IMG20231027091550_01.jpg,riceleafbd,0.27642395833333333,1,0.27642395833333333
data\raw\riceleafbd\Healthy Leaf\IMG20231027091558_01.jpg,riceleafbd,0.20299114583333333,1,0.20299114583333333
data\raw\riceleafbd\Healthy Leaf\IMG20231027091621_01.jpg,riceleafbd,0.244359375,1,0.244359375
data\raw\riceleafbd\Healthy Leaf\IMG20231027091628_01.jpg,riceleafbd,0.2603026041666667,1,0.2603026041666667
data\raw\riceleafbd\Healthy Leaf\IMG20231027091640_01.jpg,riceleafbd,0.2363140625,1,0.2363140625
data\raw\riceleafbd\Healthy Leaf\IMG20231027091653.jpg,riceleafbd,0.25818854166666666,1,0.25818854166666666
data\raw\riceleafbd\Healthy Leaf\IMG20231027091700_01.jpg,riceleafbd,0.2541880208333333,1,0.2541880208333333
data\raw\riceleafbd\Healthy Leaf\IMG20231027091708_01.jpg,riceleafbd,0.3361572916666667,1,0.3361572916666667
data\raw\riceleafbd\Healthy Leaf\IMG20231027091754.jpg,riceleafbd,0.268459375,1,0.268459375
data\raw\riceleafbd\Healthy Leaf\IMG20231027091759_01.jpg,riceleafbd,0.20063385416666665,1,0.20063385416666665
data\raw\riceleafbd\Healthy Leaf\IMG20231027091806_01.jpg,riceleafbd,0.2053953125,1,0.2053953125
data\raw\riceleafbd\Healthy Leaf\IMG20231027091818_01.jpg,riceleafbd,0.2318359375,1,0.2318359375
data\raw\riceleafbd\Healthy Leaf\IMG20231027091846_01.jpg,riceleafbd,0.34749322916666664,1,0.34749322916666664
data\raw\riceleafbd\Healthy Leaf\IMG20231027091902_01.jpg,riceleafbd,0.24781979166666668,1,0.24781979166666668
data\raw\riceleafbd\Healthy Leaf\IMG20231027091933.jpg,riceleafbd,0.3444015625,1,0.3444015625
data\raw\riceleafbd\Healthy Leaf\IMG20231027091940.jpg,riceleafbd,0.2680958333333333,1,0.2680958333333333
data\raw\riceleafbd\Healthy Leaf\IMG20231027091949_01.jpg,riceleafbd,0.23807239583333334,1,0.23807239583333334
data\raw\riceleafbd\Healthy Leaf\IMG20231027091956_01.jpg,riceleafbd,0.3764161458333333,1,0.3764161458333333
data\raw\riceleafbd\Healthy Leaf\IMG20231027092031_01.jpg,riceleafbd,0.18660677083333332,1,0.18660677083333332
data\raw\riceleafbd\Healthy Leaf\IMG20231027092100_01.jpg,riceleafbd,0.25243489583333334,1,0.25243489583333334
data\raw\riceleafbd\Healthy Leaf\IMG20231027092121_01.jpg,riceleafbd,0.3465770833333333,1,0.3465770833333333
data\raw\riceleafbd\Healthy Leaf\IMG20231027092134_01.jpg,riceleafbd,0.3956161458333333,1,0.3956161458333333
data\raw\riceleafbd\Healthy Leaf\IMG20231027092141.jpg,riceleafbd,0.3689385416666667,1,0.3689385416666667
data\raw\riceleafbd\Healthy Leaf\IMG20231027092155_01.jpg,riceleafbd,0.3760734375,1,0.3760734375
data\raw\riceleafbd\Healthy Leaf\IMG20231027092203_01.jpg,riceleafbd,0.25023645833333336,1,0.25023645833333336
data\raw\riceleafbd\Healthy Leaf\IMG20231027092220_01.jpg,riceleafbd,0.23455364583333332,1,0.23455364583333332
data\raw\riceleafbd\Healthy Leaf\IMG20231027092230.jpg,riceleafbd,0.17061875,1,0.17061875
data\raw\riceleafbd\Healthy Leaf\IMG20231027092236_01.jpg,riceleafbd,0.30640104166666665,1,0.30640104166666665
data\raw\riceleafbd\Healthy Leaf\IMG20231027092242.jpg,riceleafbd,0.25111510416666666,1,0.25111510416666666
data\raw\riceleafbd\Healthy Leaf\IMG20231027092250_01.jpg,riceleafbd,0.25481927083333333,1,0.25481927083333333
data\raw\riceleafbd\Healthy Leaf\IMG20231027092329_01.jpg,riceleafbd,0.24902708333333334,1,0.24902708333333334
data\raw\riceleafbd\Healthy Leaf\IMG20231027092339_01.jpg,riceleafbd,0.33764479166666667,1,0.33764479166666667
data\raw\riceleafbd\Healthy Leaf\IMG20231027092406_01.jpg,riceleafbd,0.38514947916666664,1,0.38514947916666664
data\raw\riceleafbd\Healthy Leaf\IMG20231027092414_01.jpg,riceleafbd,0.18904583333333333,1,0.18904583333333333
data\raw\riceleafbd\Healthy Leaf\IMG20231027092418.jpg,riceleafbd,0.26838229166666666,1,0.26838229166666666
data\raw\riceleafbd\Healthy Leaf\IMG20231027092427_01.jpg,riceleafbd,0.26086197916666665,1,0.26086197916666665
data\raw\riceleafbd\Healthy Leaf\IMG20231027092433_01.jpg,riceleafbd,0.187128125,1,0.187128125
data\raw\riceleafbd\Healthy Leaf\IMG20231027092438_01.jpg,riceleafbd,0.22727083333333334,1,0.22727083333333334
data\raw\riceleafbd\Healthy Leaf\IMG20231027092449_01.jpg,riceleafbd,0.25389114583333333,1,0.25389114583333333
data\raw\riceleafbd\Healthy Leaf\IMG20231027092612_01.jpg,riceleafbd,0.61319375,1,0.61319375
data\raw\riceleafbd\Healthy Leaf\IMG20231027092616_01.jpg,riceleafbd,0.5081895833333333,1,0.5081895833333333
data\raw\riceleafbd\Healthy Leaf\IMG20231027092621_01.jpg,riceleafbd,0.3476755208333333,1,0.3476755208333333
data\raw\riceleafbd\Healthy Leaf\IMG20231027092623_01.jpg,riceleafbd,0.38809375,1,0.38809375
data\raw\riceleafbd\Healthy Leaf\IMG20231027092630_01.jpg,riceleafbd,0.12579791666666668,1,0.12579791666666668
data\raw\riceleafbd\Healthy Leaf\IMG20231027092637_01.jpg,riceleafbd,0.3342276041666667,1,0.3342276041666667
data\raw\riceleafbd\Healthy Leaf\IMG20231027092643_01.jpg,riceleafbd,0.22431354166666667,1,0.22431354166666667
data\raw\riceleafbd\Healthy Leaf\IMG20231027092648_01.jpg,riceleafbd,0.15166927083333334,1,0.15166927083333334
data\raw\riceleafbd\Healthy Leaf\IMG20231027092658_01.jpg,riceleafbd,0.19399791666666666,1,0.19399791666666666
data\raw\riceleafbd\Healthy Leaf\IMG20231027092711_01.jpg,riceleafbd,0.29513645833333335,1,0.29513645833333335
data\raw\riceleafbd\Healthy Leaf\IMG20231027092721_01.jpg,riceleafbd,0.044238020833333336,1,0.044238020833333336
data\raw\riceleafbd\Healthy Leaf\IMG20231027092737_01.jpg,riceleafbd,0.1868640625,1,0.1868640625
data\raw\riceleafbd\Healthy Leaf\IMG20231027092859_01.jpg,riceleafbd,0.35208072916666666,1,0.35208072916666666
data\raw\riceleafbd\Healthy Leaf\IMG20231027092907_01.jpg,riceleafbd,0.4721604166666667,1,0.4721604166666667
data\raw\riceleafbd\Healthy Leaf\IMG20231027092913_01.jpg,riceleafbd,0.3220135416666667,1,0.3220135416666667
data\raw\riceleafbd\Healthy Leaf\IMG20231027092919_01.jpg,riceleafbd,0.4796,1,0.4796
data\raw\riceleafbd\Healthy Leaf\IMG20231027092927_01.jpg,riceleafbd,0.3506005208333333,1,0.3506005208333333
data\raw\riceleafbd\Healthy Leaf\IMG20231027092937_01.jpg,riceleafbd,0.16305416666666667,1,0.16305416666666667
data\raw\riceleafbd\Healthy Leaf\IMG20231027092940_01.jpg,riceleafbd,0.3038895833333333,1,0.3038895833333333
data\raw\riceleafbd\Healthy Leaf\IMG20231027092945_01.jpg,riceleafbd,0.28873333333333334,1,0.28873333333333334
data\raw\riceleafbd\Healthy Leaf\IMG20231027092957_01.jpg,riceleafbd,0.5033052083333334,1,0.5033052083333334
data\raw\riceleafbd\Healthy Leaf\IMG20231027093006_01.jpg,riceleafbd,0.39181197916666666,1,0.39181197916666666
data\raw\riceleafbd\Healthy Leaf\IMG20231027093010.jpg,riceleafbd,0.29908802083333336,1,0.29908802083333336
data\raw\riceleafbd\Healthy Leaf\IMG20231027093025_01.jpg,riceleafbd,0.49207135416666664,1,0.49207135416666664
data\raw\riceleafbd\Healthy Leaf\IMG20231027093043_01.jpg,riceleafbd,0.2682807291666667,1,0.2682807291666667
data\raw\riceleafbd\Healthy Leaf\IMG20231027093053_01.jpg,riceleafbd,0.4011625,1,0.4011625
data\raw\riceleafbd\Healthy Leaf\IMG20231027093101_01.jpg,riceleafbd,0.4916052083333333,1,0.4916052083333333
data\raw\riceleafbd\Healthy Leaf\IMG20231027093110_01.jpg,riceleafbd,0.2896859375,1,0.2896859375
data\raw\riceleafbd\Healthy Leaf\IMG20231027093116_01.jpg,riceleafbd,0.2050546875,1,0.2050546875
data\raw\riceleafbd\Healthy Leaf\IMG20231027093122_01.jpg,riceleafbd,0.25389375,1,0.25389375
data\raw\riceleafbd\Healthy Leaf\IMG20231027093129_01.jpg,riceleafbd,0.2614546875,1,0.2614546875
data\raw\riceleafbd\Healthy Leaf\IMG20231027093139_01.jpg,riceleafbd,0.2819036458333333,1,0.2819036458333333
data\raw\riceleafbd\Healthy Leaf\IMG20231027093145_01.jpg,riceleafbd,0.28250885416666666,1,0.28250885416666666
data\raw\riceleafbd\Healthy Leaf\IMG20231027093149_01.jpg,riceleafbd,0.26384114583333335,1,0.26384114583333335
data\raw\riceleafbd\Healthy Leaf\IMG20231027093150_01.jpg,riceleafbd,0.27022864583333334,1,0.27022864583333334
data\raw\riceleafbd\Healthy Leaf\IMG20231027093151_01.jpg,riceleafbd,0.3231395833333333,1,0.3231395833333333
data\raw\riceleafbd\Healthy Leaf\IMG20231027093153_01.jpg,riceleafbd,0.34186822916666665,1,0.34186822916666665
data\raw\riceleafbd\Healthy Leaf\IMG20231027093200_01.jpg,riceleafbd,0.46538854166666666,1,0.46538854166666666
data\raw\riceleafbd\Healthy Leaf\IMG20231027093204_01.jpg,riceleafbd,0.3867302083333333,1,0.3867302083333333
data\raw\riceleafbd\Healthy Leaf\IMG20231027093521.jpg,riceleafbd,0.3972645833333333,1,0.3972645833333333
data\raw\riceleafbd\Healthy Leaf\IMG20231027093532_01.jpg,riceleafbd,0.2758963541666667,1,0.2758963541666667
data\raw\riceleafbd\Healthy Leaf\IMG20231027093535_01.jpg,riceleafbd,0.21218020833333334,1,0.21218020833333334
data\raw\riceleafbd\Healthy Leaf\IMG20231027093619_01.jpg,riceleafbd,0.1227546875,1,0.1227546875
data\raw\riceleafbd\Tungro Virus\0a854ee6-4eb7-4a97-8c9e-064b78f96d92.jpg,riceleafbd,0.23953043619791667,1,0.23953043619791667
data\raw\riceleafbd\Tungro Virus\14fd1f33-d623-4c6e-9ab3-26a95ad4afae.jpg,riceleafbd,0.3101326497395833,1,0.3101326497395833
data\raw\riceleafbd\Tungro Virus\20231027_082937.jpg,riceleafbd,0.29340052083333334,1,0.29340052083333334
data\raw\riceleafbd\Tungro Virus\20231027_082950.jpg,riceleafbd,0.321125,1,0.321125
data\raw\riceleafbd\Tungro Virus\20231027_083016.jpg,riceleafbd,0.3698625,1,0.3698625
data\raw\riceleafbd\Tungro Virus\20231027_083032.jpg,riceleafbd,0.33247604166666667,1,0.33247604166666667
data\raw\riceleafbd\Tungro Virus\20231027_083303.jpg,riceleafbd,0.34494479166666664,1,0.34494479166666664
data\raw\riceleafbd\Tungro Virus\20231027_083634.jpg,riceleafbd,0.3544145833333333,1,0.3544145833333333
data\raw\riceleafbd\Tungro Virus\20231027_083715.jpg,riceleafbd,0.36523697916666664,1,0.36523697916666664
data\raw\riceleafbd\Tungro Virus\20231027_083734.jpg,riceleafbd,0.352025,1,0.352025
data\raw\riceleafbd\Tungro Virus\20231027_083908.jpg,riceleafbd,0.37216041666666666,1,0.37216041666666666
data\raw\riceleafbd\Tungro Virus\20231027_083941.jpg,riceleafbd,0.273346875,1,0.273346875
data\raw\riceleafbd\Tungro Virus\20231027_084058.jpg,riceleafbd,0.19633020833333334,1,0.19633020833333334
data\raw\riceleafbd\Tungro Virus\20231027_084127.jpg,riceleafbd,0.5186859375,1,0.5186859375
data\raw\riceleafbd\Tungro Virus\20231027_084215.jpg,riceleafbd,0.23466302083333335,1,0.23466302083333335
data\raw\riceleafbd\Tungro Virus\20231027_084232.jpg,riceleafbd,0.3444817708333333,1,0.3444817708333333
data\raw\riceleafbd\Tungro Virus\20231027_084245.jpg,riceleafbd,0.30285104166666665,1,0.30285104166666665
data\raw\riceleafbd\Tungro Virus\20231027_084306.jpg,riceleafbd,0.2731609375,1,0.2731609375
data\raw\riceleafbd\Tungro Virus\20231027_084322.jpg,riceleafbd,0.5834489583333333,1,0.5834489583333333
data\raw\riceleafbd\Tungro Virus\20231027_084339.jpg,riceleafbd,0.35880833333333334,1,0.35880833333333334
data\raw\riceleafbd\Tungro Virus\20231027_084424.jpg,riceleafbd,0.34126927083333336,1,0.34126927083333336
data\raw\riceleafbd\Tungro Virus\20231027_084437.jpg,riceleafbd,0.1727234375,1,0.1727234375
data\raw\riceleafbd\Tungro Virus\20231027_084445.jpg,riceleafbd,0.35260416666666666,1,0.35260416666666666
data\raw\riceleafbd\Tungro Virus\20231027_084453.jpg,riceleafbd,0.3302125,1,0.3302125
data\raw\riceleafbd\Tungro Virus\20231027_084520.jpg,riceleafbd,0.28235520833333333,1,0.28235520833333333
data\raw\riceleafbd\Tungro Virus\20231027_084556.jpg,riceleafbd,0.14623125,1,0.14623125
data\raw\riceleafbd\Tungro Virus\20231027_084615.jpg,riceleafbd,0.06923072916666667,1,0.06923072916666667
data\raw\riceleafbd\Tungro Virus\20231027_084702.jpg,riceleafbd,0.26326927083333335,1,0.26326927083333335
data\raw\riceleafbd\Tungro Virus\20231027_084711.jpg,riceleafbd,0.04518697916666667,1,0.04518697916666667
data\raw\riceleafbd\Tungro Virus\20231027_084731.jpg,riceleafbd,0.16418385416666667,1,0.16418385416666667
data\raw\riceleafbd\Tungro Virus\20231027_084737.jpg,riceleafbd,0.18841875,1,0.18841875
data\raw\riceleafbd\Tungro Virus\20231027_084800.jpg,riceleafbd,0.13219270833333333,1,0.13219270833333333
data\raw\riceleafbd\Tungro Virus\20231027_084835.jpg,riceleafbd,0.7350375,1,0.7350375
data\raw\riceleafbd\Tungro Virus\20231027_084842.jpg,riceleafbd,0.2316875,1,0.2316875
data\raw\riceleafbd\Tungro Virus\20231027_084901.jpg,riceleafbd,0.1639515625,1,0.1639515625
data\raw\riceleafbd\Tungro Virus\20231027_084914.jpg,riceleafbd,0.21629270833333333,1,0.21629270833333333
data\raw\riceleafbd\Tungro Virus\20231027_084918.jpg,riceleafbd,0.12395052083333333,1,0.12395052083333333
data\raw\riceleafbd\Tungro Virus\20231027_084935.jpg,riceleafbd,0.3648828125,1,0.3648828125
data\raw\riceleafbd\Tungro Virus\20231027_084949.jpg,riceleafbd,0.35173229166666664,1,0.35173229166666664
data\raw\riceleafbd\Tungro Virus\20231027_085008.jpg,riceleafbd,0.2957666666666667,1,0.2957666666666667
data\raw\riceleafbd\Tungro Virus\20231027_085023.jpg,riceleafbd,0.4053338541666667,1,0.4053338541666667
data\raw\riceleafbd\Tungro Virus\20231027_085049.jpg,riceleafbd,0.5163130208333333,1,0.5163130208333333
data\raw\riceleafbd\Tungro Virus\20231027_085057.jpg,riceleafbd,0.4364885416666667,1,0.4364885416666667
data\raw\riceleafbd\Tungro Virus\20231027_085108.jpg,riceleafbd,0.2948395833333333,1,0.2948395833333333
data\raw\riceleafbd\Tungro Virus\20231027_085114.jpg,riceleafbd,0.3907010416666667,1,0.3907010416666667
data\raw\riceleafbd\Tungro Virus\20231027_085126.jpg,riceleafbd,0.4650828125,1,0.4650828125
data\raw\riceleafbd\Tungro Virus\20231027_085137.jpg,riceleafbd,0.2796223958333333,1,0.2796223958333333
data\raw\riceleafbd\Tungro Virus\20231027_085148.jpg,riceleafbd,0.5531786458333333,1,0.5531786458333333
data\raw\riceleafbd\Tungro Virus\20231027_090324.jpg,riceleafbd,0.518884375,1,0.518884375
data\raw\riceleafbd\Tungro Virus\20231027_090338.jpg,riceleafbd,0.38532916666666667,1,0.38532916666666667
data\raw\riceleafbd\Tungro Virus\20231027_090417.jpg,riceleafbd,0.6938067708333333,1,0.6938067708333333
data\raw\riceleafbd\Tungro Virus\20231027_090422.jpg,riceleafbd,0.6495130208333333,1,0.6495130208333333
data\raw\riceleafbd\Tungro Virus\20231027_090449.jpg,riceleafbd,0.3004661458333333,1,0.3004661458333333
data\raw\riceleafbd\Tungro Virus\20231027_090454.jpg,riceleafbd,0.534846875,1,0.534846875
data\raw\riceleafbd\Tungro Virus\20231027_090510.jpg,riceleafbd,0.5674708333333334,1,0.5674708333333334
data\raw\riceleafbd\Tungro Virus\20231027_090526.jpg,riceleafbd,0.5090703125,1,0.5090703125
data\raw\riceleafbd\Tungro Virus\20231027_090533.jpg,riceleafbd,0.6021067708333333,1,0.6021067708333333
data\raw\riceleafbd\Tungro Virus\20231027_090557.jpg,riceleafbd,0.17986666666666667,1,0.17986666666666667
data\raw\riceleafbd\Tungro Virus\20231027_090600.jpg,riceleafbd,0.3413072916666667,1,0.3413072916666667
data\raw\riceleafbd\Tungro Virus\20231027_090612.jpg,riceleafbd,0.45250364583333336,1,0.45250364583333336
data\raw\riceleafbd\Tungro Virus\20231027_090623.jpg,riceleafbd,0.4291036458333333,1,0.4291036458333333
data\raw\riceleafbd\Tungro Virus\20231027_090629.jpg,riceleafbd,0.36855520833333333,1,0.36855520833333333
data\raw\riceleafbd\Tungro Virus\20231027_090655.jpg,riceleafbd,0.248609375,1,0.248609375
data\raw\riceleafbd\Tungro Virus\20231027_090701.jpg,riceleafbd,0.13893177083333333,1,0.13893177083333333
data\raw\riceleafbd\Tungro Virus\20231027_090705.jpg,riceleafbd,0.20436979166666666,1,0.20436979166666666
data\raw\riceleafbd\Tungro Virus\20231027_090714.jpg,riceleafbd,0.18155677083333333,1,0.18155677083333333
data\raw\riceleafbd\Tungro Virus\20231027_090724.jpg,riceleafbd,0.27303489583333335,1,0.27303489583333335
data\raw\riceleafbd\Tungro Virus\20231027_090729.jpg,riceleafbd,0.21830260416666666,1,0.21830260416666666
data\raw\riceleafbd\Tungro Virus\20231027_090746.jpg,riceleafbd,0.13970989583333332,1,0.13970989583333332
data\raw\riceleafbd\Tungro Virus\20231027_090755.jpg,riceleafbd,0.2679213541666667,1,0.2679213541666667
data\raw\riceleafbd\Tungro Virus\20231027_090807.jpg,riceleafbd,0.13616041666666667,1,0.13616041666666667
data\raw\riceleafbd\Tungro Virus\20231027_090814.jpg,riceleafbd,0.11475260416666666,1,0.11475260416666666
data\raw\riceleafbd\Tungro Virus\20231027_090817.jpg,riceleafbd,0.17398958333333334,1,0.17398958333333334
data\raw\riceleafbd\Tungro Virus\20231027_090821.jpg,riceleafbd,0.18500833333333333,1,0.18500833333333333
data\raw\riceleafbd\Tungro Virus\20231027_090833.jpg,riceleafbd,0.213684375,1,0.213684375
data\raw\riceleafbd\Tungro Virus\20231027_090901.jpg,riceleafbd,0.14515833333333333,1,0.14515833333333333
data\raw\riceleafbd\Tungro Virus\20231027_090906.jpg,riceleafbd,0.19285625,1,0.19285625
data\raw\riceleafbd\Tungro Virus\20231027_090914.jpg,riceleafbd,0.13886614583333334,1,0.13886614583333334
data\raw\riceleafbd\Tungro Virus\20231027_090919.jpg,riceleafbd,0.167890625,1,0.167890625
data\raw\riceleafbd\Tungro Virus\20231027_090934.jpg,riceleafbd,0.2606203125,1,0.2606203125
data\raw\riceleafbd\Tungro Virus\20231027_090945.jpg,riceleafbd,0.13165208333333334,1,0.13165208333333334
data\raw\riceleafbd\Tungro Virus\20231027_091002.jpg,riceleafbd,0.18366822916666667,1,0.18366822916666667
data\raw\riceleafbd\Tungro Virus\20231027_091014.jpg,riceleafbd,0.1838953125,1,0.1838953125
data\raw\riceleafbd\Tungro Virus\20231027_091020.jpg,riceleafbd,0.18474322916666666,1,0.18474322916666666
data\raw\riceleafbd\Tungro Virus\20231027_091027.jpg,riceleafbd,0.13879739583333334,1,0.13879739583333334
data\raw\riceleafbd\Tungro Virus\20231027_091032.jpg,riceleafbd,0.131146875,1,0.131146875
data\raw\riceleafbd\Tungro Virus\20231027_091045.jpg,riceleafbd,0.13094947916666666,1,0.13094947916666666
data\raw\riceleafbd\Tungro Virus\20231027_091053.jpg,riceleafbd,0.10526354166666667,1,0.10526354166666667
data\raw\riceleafbd\Tungro Virus\20231027_091106.jpg,riceleafbd,0.13941875,1,0.13941875
data\raw\riceleafbd\Tungro Virus\20231027_091112.jpg,riceleafbd,0.13431145833333333,1,0.13431145833333333
data\raw\riceleafbd\Tungro Virus\20231027_091119.jpg,riceleafbd,0.15495104166666668,1,0.15495104166666668
data\raw\riceleafbd\Tungro Virus\20231027_091125.jpg,riceleafbd,0.15052708333333334,1,0.15052708333333334
data\raw\riceleafbd\Tungro Virus\20231027_091130.jpg,riceleafbd,0.14354166666666668,1,0.14354166666666668
data\raw\riceleafbd\Tungro Virus\20231027_091138.jpg,riceleafbd,0.0776859375,1,0.0776859375
data\raw\riceleafbd\Tungro Virus\20231027_091152.jpg,riceleafbd,0.19557552083333332,1,0.19557552083333332
data\raw\riceleafbd\Tungro Virus\20231027_091156.jpg,riceleafbd,0.26371770833333336,1,0.26371770833333336
data\raw\riceleafbd\Tungro Virus\20231027_091201.jpg,riceleafbd,0.290996875,1,0.290996875
data\raw\riceleafbd\Tungro Virus\20231027_091205.jpg,riceleafbd,0.178440625,1,0.178440625
data\raw\riceleafbd\Tungro Virus\20231027_091215.jpg,riceleafbd,0.1881203125,1,0.1881203125
data\raw\riceleafbd\Tungro Virus\20231027_091218.jpg,riceleafbd,0.16097552083333333,1,0.16097552083333333
data\raw\riceleafbd\Tungro Virus\20231027_091225.jpg,riceleafbd,0.1818796875,1,0.1818796875
data\raw\riceleafbd\Tungro Virus\20231027_091233.jpg,riceleafbd,0.1665625,1,0.1665625
data\raw\riceleafbd\Tungro Virus\20231027_091238.jpg,riceleafbd,0.20785052083333333,1,0.20785052083333333
data\raw\riceleafbd\Tungro Virus\20231027_091244.jpg,riceleafbd,0.21575989583333333,1,0.21575989583333333
data\raw\riceleafbd\Tungro Virus\20231027_091252.jpg,riceleafbd,0.2486859375,1,0.2486859375
data\raw\riceleafbd\Tungro Virus\20231027_091256.jpg,riceleafbd,0.2221640625,1,0.2221640625
data\raw\riceleafbd\Tungro Virus\20231027_091259.jpg,riceleafbd,0.14086822916666666,1,0.14086822916666666
data\raw\riceleafbd\Tungro Virus\20231027_091307.jpg,riceleafbd,0.11525989583333333,1,0.11525989583333333
data\raw\riceleafbd\Tungro Virus\20231027_091340.jpg,riceleafbd,0.15726145833333333,1,0.15726145833333333
data\raw\riceleafbd\Tungro Virus\20231027_091345.jpg,riceleafbd,0.29010260416666667,1,0.29010260416666667
data\raw\riceleafbd\Tungro Virus\20231027_091347.jpg,riceleafbd,0.18381041666666667,1,0.18381041666666667
data\raw\riceleafbd\Tungro Virus\20231027_091354.jpg,riceleafbd,0.149965625,1,0.149965625
data\raw\riceleafbd\Tungro Virus\20231027_091401.jpg,riceleafbd,0.3028828125,1,0.3028828125
data\raw\riceleafbd\Tungro Virus\20231027_091405.jpg,riceleafbd,0.1566140625,1,0.1566140625
data\raw\riceleafbd\Tungro Virus\20231027_091411.jpg,riceleafbd,0.20323489583333335,1,0.20323489583333335
data\raw\riceleafbd\Tungro Virus\20231027_091416.jpg,riceleafbd,0.1296375,1,0.1296375
data\raw\riceleafbd\Tungro Virus\20231027_091434.jpg,riceleafbd,0.16075520833333334,1,0.16075520833333334
data\raw\riceleafbd\Tungro Virus\20231027_091445.jpg,riceleafbd,0.2240828125,1,0.2240828125
data\raw\riceleafbd\Tungro Virus\20231027_091450.jpg,riceleafbd,0.19843229166666668,1,0.19843229166666668
data\raw\riceleafbd\Tungro Virus\20231027_091453.jpg,riceleafbd,0.2742880208333333,1,0.2742880208333333
data\raw\riceleafbd\Tungro Virus\20231027_091458.jpg,riceleafbd,0.17279739583333334,1,0.17279739583333334
data\raw\riceleafbd\Tungro Virus\20231027_091505.jpg,riceleafbd,0.19881197916666668,1,0.19881197916666668
data\raw\riceleafbd\Tungro Virus\20231027_091511.jpg,riceleafbd,0.2874291666666667,1,0.2874291666666667
data\raw\riceleafbd\Tungro Virus\20231027_091527.jpg,riceleafbd,0.30405885416666667,1,0.30405885416666667
data\raw\riceleafbd\Tungro Virus\20231027_091535.jpg,riceleafbd,0.14239010416666667,1,0.14239010416666667
data\raw\riceleafbd\Tungro Virus\20231027_091542.jpg,riceleafbd,0.21080989583333334,1,0.21080989583333334
data\raw\riceleafbd\Tungro Virus\20231027_091544.jpg,riceleafbd,0.21978333333333333,1,0.21978333333333333
data\raw\riceleafbd\Tungro Virus\20231027_091552.jpg,riceleafbd,0.206553125,1,0.206553125
data\raw\riceleafbd\Tungro Virus\20231027_091556.jpg,riceleafbd,0.2056421875,1,0.2056421875
data\raw\riceleafbd\Tungro Virus\20231027_091608.jpg,riceleafbd,0.15718229166666667,1,0.15718229166666667
data\raw\riceleafbd\Tungro Virus\20231027_091612.jpg,riceleafbd,0.23164114583333334,1,0.23164114583333334
data\raw\riceleafbd\Tungro Virus\20231027_091616.jpg,riceleafbd,0.2390203125,1,0.2390203125
data\raw\riceleafbd\Tungro Virus\20231027_091622.jpg,riceleafbd,0.2389625,1,0.2389625
data\raw\riceleafbd\Tungro Virus\20231027_091629.jpg,riceleafbd,0.2690895833333333,1,0.2690895833333333
data\raw\riceleafbd\Tungro Virus\20231027_091637.jpg,riceleafbd,0.18146458333333335,1,0.18146458333333335
data\raw\riceleafbd\Tungro Virus\20231027_091645.jpg,riceleafbd,0.18583697916666667,1,0.18583697916666667
data\raw\riceleafbd\Tungro Virus\20231027_091652.jpg,riceleafbd,0.18690520833333332,1,0.18690520833333332
data\raw\riceleafbd\Tungro Virus\20231027_091703.jpg,riceleafbd,0.2344421875,1,0.2344421875
data\raw\riceleafbd\Tungro Virus\20231027_091708.jpg,riceleafbd,0.2971229166666667,1,0.2971229166666667
data\raw\riceleafbd\Tungro Virus\20231027_091729.jpg,riceleafbd,0.1680078125,1,0.1680078125
data\raw\riceleafbd\Tungro Virus\20231027_091746.jpg,riceleafbd,0.21403958333333334,1,0.21403958333333334
data\raw\riceleafbd\Tungro Virus\20231027_091800.jpg,riceleafbd,0.15659479166666668,1,0.15659479166666668
data\raw\riceleafbd\Tungro Virus\20231027_091821.jpg,riceleafbd,0.18482291666666667,1,0.18482291666666667
data\raw\riceleafbd\Tungro Virus\20231027_091902.jpg,riceleafbd,0.27928020833333334,1,0.27928020833333334
data\raw\riceleafbd\Tungro Virus\20231027_091906.jpg,riceleafbd,0.3446578125,1,0.3446578125
data\raw\riceleafbd\Tungro Virus\20231027_091910.jpg,riceleafbd,0.181603125,1,0.181603125
data\raw\riceleafbd\Tungro Virus\20231027_091921.jpg,riceleafbd,0.12932760416666667,1,0.12932760416666667
data\raw\riceleafbd\Tungro Virus\20231027_091927.jpg,riceleafbd,0.19916302083333334,1,0.19916302083333334
data\raw\riceleafbd\Tungro Virus\20231027_091941.jpg,riceleafbd,0.2630645833333333,1,0.2630645833333333
data\raw\riceleafbd\Tungro Virus\20231027_091945.jpg,riceleafbd,0.2227484375,1,0.2227484375
data\raw\riceleafbd\Tungro Virus\20231027_091951.jpg,riceleafbd,0.22436979166666668,1,0.22436979166666668
data\raw\riceleafbd\Tungro Virus\20231027_091956.jpg,riceleafbd,0.3196567708333333,1,0.3196567708333333
data\raw\riceleafbd\Tungro Virus\20231027_091959.jpg,riceleafbd,0.3119390625,1,0.3119390625
data\raw\riceleafbd\Tungro Virus\20231027_092005.jpg,riceleafbd,0.25118229166666667,1,0.25118229166666667
data\raw\riceleafbd\Tungro Virus\20231027_092008.jpg,riceleafbd,0.19955364583333332,1,0.19955364583333332
data\raw\riceleafbd\Tungro Virus\20231027_092012.jpg,riceleafbd,0.1880234375,1,0.1880234375
data\raw\riceleafbd\Tungro Virus\20231027_092018.jpg,riceleafbd,0.19572239583333334,1,0.19572239583333334
data\raw\riceleafbd\Tungro Virus\20231027_092022.jpg,riceleafbd,0.2776958333333333,1,0.2776958333333333
data\raw\riceleafbd\Tungro Virus\20231027_092026.jpg,riceleafbd,0.21124166666666666,1,0.21124166666666666
data\raw\riceleafbd\Tungro Virus\20231027_092031.jpg,riceleafbd,0.16785833333333333,1,0.16785833333333333
data\raw\riceleafbd\Tungro Virus\20231027_092034.jpg,riceleafbd,0.16800520833333332,1,0.16800520833333332
data\raw\riceleafbd\Tungro Virus\20231027_092038.jpg,riceleafbd,0.1730359375,1,0.1730359375
data\raw\riceleafbd\Tungro Virus\20231027_092051.jpg,riceleafbd,0.1411109375,1,0.1411109375
data\raw\riceleafbd\Tungro Virus\20231027_092106.jpg,riceleafbd,0.16231197916666668,1,0.16231197916666668
data\raw\riceleafbd\Tungro Virus\20231027_092109.jpg,riceleafbd,0.231696875,1,0.231696875
data\raw\riceleafbd\Tungro Virus\20231027_092113.jpg,riceleafbd,0.17678385416666667,1,0.17678385416666667
data\raw\riceleafbd\Tungro Virus\20231027_092116.jpg,riceleafbd,0.22772239583333334,1,0.22772239583333334
data\raw\riceleafbd\Tungro Virus\20231027_092129.jpg,riceleafbd,0.26019635416666664,1,0.26019635416666664
data\raw\riceleafbd\Tungro Virus\20231027_092144.jpg,riceleafbd,0.2246546875,1,0.2246546875
data\raw\riceleafbd\Tungro Virus\20231027_092148.jpg,riceleafbd,0.18454479166666668,1,0.18454479166666668
data\raw\riceleafbd\Tungro Virus\20231027_092152.jpg,riceleafbd,0.14311979166666666,1,0.14311979166666666
data\raw\riceleafbd\Tungro Virus\20231027_092201.jpg,riceleafbd,0.22950729166666667,1,0.22950729166666667
data\raw\riceleafbd\Tungro Virus\20231027_092203.jpg,riceleafbd,0.23242239583333332,1,0.23242239583333332
data\raw\riceleafbd\Tungro Virus\20231027_092211.jpg,riceleafbd,0.13608854166666667,1,0.13608854166666667
data\raw\riceleafbd\Tungro Virus\20231027_092217.jpg,riceleafbd,0.1941859375,1,0.1941859375
data\raw\riceleafbd\Tungro Virus\20231027_092220.jpg,riceleafbd,0.24511197916666666,1,0.24511197916666666
data\raw\riceleafbd\Tungro Virus\20231027_092224.jpg,riceleafbd,0.18620260416666667,1,0.18620260416666667
data\raw\riceleafbd\Tungro Virus\20231027_092227.jpg,riceleafbd,0.16326354166666668,1,0.16326354166666668
data\raw\riceleafbd\Tungro Virus\20231027_092229.jpg,riceleafbd,0.11772760416666667,1,0.11772760416666667
data\raw\riceleafbd\Tungro Virus\20231027_092232.jpg,riceleafbd,0.0908859375,1,0.0908859375
data\raw\riceleafbd\Tungro Virus\20231027_092237.jpg,riceleafbd,0.13169166666666668,1,0.13169166666666668
data\raw\riceleafbd\Tungro Virus\20231027_092243.jpg,riceleafbd,0.12125833333333333,1,0.12125833333333333
data\raw\riceleafbd\Tungro Virus\20231027_092246.jpg,riceleafbd,0.2156390625,1,0.2156390625
data\raw\riceleafbd\Tungro Virus\20231027_092249.jpg,riceleafbd,0.15619479166666667,1,0.15619479166666667
data\raw\riceleafbd\Tungro Virus\20231027_092253.jpg,riceleafbd,0.13820885416666667,1,0.13820885416666667
data\raw\riceleafbd\Tungro Virus\20231027_092301.jpg,riceleafbd,0.17789479166666666,1,0.17789479166666666
data\raw\riceleafbd\Tungro Virus\20231027_092309.jpg,riceleafbd,0.182025,1,0.182025
data\raw\riceleafbd\Tungro Virus\20231027_092316.jpg,riceleafbd,0.1444859375,1,0.1444859375
data\raw\riceleafbd\Tungro Virus\20231027_092318.jpg,riceleafbd,0.2561703125,1,0.2561703125
data\raw\riceleafbd\Tungro Virus\20231027_092323.jpg,riceleafbd,0.29773385416666664,1,0.29773385416666664
data\raw\riceleafbd\Tungro Virus\20231027_092326.jpg,riceleafbd,0.19719947916666666,1,0.19719947916666666
data\raw\riceleafbd\Tungro Virus\20231027_092334.jpg,riceleafbd,0.16768697916666667,1,0.16768697916666667
data\raw\riceleafbd\Tungro Virus\20231027_092337.jpg,riceleafbd,0.18021354166666667,1,0.18021354166666667
data\raw\riceleafbd\Tungro Virus\20231027_092344.jpg,riceleafbd,0.2916770833333333,1,0.2916770833333333
data\raw\riceleafbd\Tungro Virus\20231027_092352.jpg,riceleafbd,0.1639359375,1,0.1639359375
data\raw\riceleafbd\Tungro Virus\20231027_092358.jpg,riceleafbd,0.20414114583333334,1,0.20414114583333334
data\raw\riceleafbd\Tungro Virus\20231027_092403.jpg,riceleafbd,0.18272291666666668,1,0.18272291666666668
data\raw\riceleafbd\Tungro Virus\20231027_092410.jpg,riceleafbd,0.2529208333333333,1,0.2529208333333333
data\raw\riceleafbd\Tungro Virus\20231027_092416.jpg,riceleafbd,0.20470208333333334,1,0.20470208333333334
data\raw\riceleafbd\Tungro Virus\20231027_092420.jpg,riceleafbd,0.233446875,1,0.233446875
data\raw\riceleafbd\Tungro Virus\20231027_092428.jpg,riceleafbd,0.153571875,1,0.153571875
data\raw\riceleafbd\Tungro Virus\20231027_092432.jpg,riceleafbd,0.20598489583333332,1,0.20598489583333332
data\raw\riceleafbd\Tungro Virus\20231027_092436.jpg,riceleafbd,0.27906041666666664,1,0.27906041666666664
data\raw\riceleafbd\Tungro Virus\20231027_092447.jpg,riceleafbd,0.44347864583333335,1,0.44347864583333335
data\raw\riceleafbd\Tungro Virus\20231027_092450.jpg,riceleafbd,0.3658875,1,0.3658875
data\raw\riceleafbd\Tungro Virus\20231027_092500.jpg,riceleafbd,0.38308333333333333,1,0.38308333333333333
data\raw\riceleafbd\Tungro Virus\20231027_092504.jpg,riceleafbd,0.48054375,1,0.48054375
data\raw\riceleafbd\Tungro Virus\20231027_092514.jpg,riceleafbd,0.24302135416666668,1,0.24302135416666668
data\raw\riceleafbd\Tungro Virus\20231027_092530.jpg,riceleafbd,0.19752760416666668,1,0.19752760416666668
data\raw\riceleafbd\Tungro Virus\20231027_092533.jpg,riceleafbd,0.14544375,1,0.14544375
data\raw\riceleafbd\Tungro Virus\20231027_092542.jpg,riceleafbd,0.16646979166666667,1,0.16646979166666667
data\raw\riceleafbd\Tungro Virus\20231027_092549.jpg,riceleafbd,0.1516921875,1,0.1516921875
data\raw\riceleafbd\Tungro Virus\20231027_092553.jpg,riceleafbd,0.21898489583333333,1,0.21898489583333333
data\raw\riceleafbd\Tungro Virus\20231027_092707.jpg,riceleafbd,0.28453072916666666,1,0.28453072916666666
data\raw\riceleafbd\Tungro Virus\20231027_092711.jpg,riceleafbd,0.23112083333333333,1,0.23112083333333333
data\raw\riceleafbd\Tungro Virus\20231027_092718.jpg,riceleafbd,0.14365989583333333,1,0.14365989583333333
data\raw\riceleafbd\Tungro Virus\20231027_092721.jpg,riceleafbd,0.27294375,1,0.27294375
data\raw\riceleafbd\Tungro Virus\20231027_092729.jpg,riceleafbd,0.18056927083333332,1,0.18056927083333332
data\raw\riceleafbd\Tungro Virus\20231027_092737.jpg,riceleafbd,0.29352083333333334,1,0.29352083333333334
data\raw\riceleafbd\Tungro Virus\20231027_092741.jpg,riceleafbd,0.16208541666666668,1,0.16208541666666668
data\raw\riceleafbd\Tungro Virus\20231027_092749.jpg,riceleafbd,0.170675,1,0.170675
data\raw\riceleafbd\Tungro Virus\20231027_092753.jpg,riceleafbd,0.3425421875,1,0.3425421875
data\raw\riceleafbd\Tungro Virus\20231027_092756.jpg,riceleafbd,0.22405677083333334,1,0.22405677083333334
data\raw\riceleafbd\Tungro Virus\20231027_092759.jpg,riceleafbd,0.23925208333333334,1,0.23925208333333334
data\raw\riceleafbd\Tungro Virus\20231027_092803.jpg,riceleafbd,0.1714671875,1,0.1714671875
data\raw\riceleafbd\Tungro Virus\20231027_092805.jpg,riceleafbd,0.2065390625,1,0.2065390625
data\raw\riceleafbd\Tungro Virus\20231027_092818.jpg,riceleafbd,0.24728333333333333,1,0.24728333333333333
data\raw\riceleafbd\Tungro Virus\20231027_092823.jpg,riceleafbd,0.1962734375,1,0.1962734375
data\raw\riceleafbd\Tungro Virus\20231027_092830.jpg,riceleafbd,0.20857447916666666,1,0.20857447916666666
data\raw\riceleafbd\Tungro Virus\20231027_092837.jpg,riceleafbd,0.2585322916666667,1,0.2585322916666667
data\raw\riceleafbd\Tungro Virus\20231027_092840.jpg,riceleafbd,0.1537453125,1,0.1537453125
data\raw\riceleafbd\Tungro Virus\20231027_092844.jpg,riceleafbd,0.15170885416666666,1,0.15170885416666666
data\raw\riceleafbd\Tungro Virus\20231027_092853.jpg,riceleafbd,0.22364427083333333,1,0.22364427083333333
data\raw\riceleafbd\Tungro Virus\20231027_092855.jpg,riceleafbd,0.2081265625,1,0.2081265625
data\raw\riceleafbd\Tungro Virus\20231027_092903.jpg,riceleafbd,0.2838765625,1,0.2838765625
data\raw\riceleafbd\Tungro Virus\20231027_092908.jpg,riceleafbd,0.258903125,1,0.258903125
data\raw\riceleafbd\Tungro Virus\20231027_092913.jpg,riceleafbd,0.26367447916666664,1,0.26367447916666664
data\raw\riceleafbd\Tungro Virus\20231027_092916.jpg,riceleafbd,0.257596875,1,0.257596875
data\raw\riceleafbd\Tungro Virus\20231027_092921.jpg,riceleafbd,0.21946197916666665,1,0.21946197916666665
data\raw\riceleafbd\Tungro Virus\20231027_092926.jpg,riceleafbd,0.14973645833333332,1,0.14973645833333332
data\raw\riceleafbd\Tungro Virus\20231027_092933.jpg,riceleafbd,0.18219322916666666,1,0.18219322916666666
data\raw\riceleafbd\Tungro Virus\20231027_092938.jpg,riceleafbd,0.15832760416666666,1,0.15832760416666666
data\raw\riceleafbd\Tungro Virus\285130074_1958566287669306_5779024507956012822_n.jpg,riceleafbd,0.7030902777777778,1,0.7030902777777778
data\raw\riceleafbd\Tungro Virus\305281543_476048271149769_1345474471593407586_n.jpg,riceleafbd,0.5614985190331664,1,0.5614985190331664
data\raw\riceleafbd\Tungro Virus\307087578_1497954137346716_8074518751848465199_n.jpg,riceleafbd,0.4335673868312757,1,0.4335673868312757
data\raw\riceleafbd\Tungro Virus\307724583_619334003160590_6908966497817736856_n.jpg,riceleafbd,0.6595954525171392,1,0.6595954525171392
data\raw\riceleafbd\Tungro Virus\309480331_1464580340692640_5619545751329618325_n.jpg,riceleafbd,0.27062924063574684,1,0.27062924063574684
data\raw\riceleafbd\Tungro Virus\309821639_502462041941786_3523493796833777290_n.jpg,riceleafbd,0.21641782791417827,1,0.21641782791417827
data\raw\riceleafbd\Tungro Virus\309834544_1734586700260709_991547985444882083_n.jpg,riceleafbd,0.11714451744275396,1,0.11714451744275396
data\raw\riceleafbd\Tungro Virus\309926485_661575525361211_8667938868942051720_n.jpg,riceleafbd,0.8008354445650863,1,0.8008354445650863
data\raw\riceleafbd\Tungro Virus\309930035_609965000916713_6053113369076935018_n.jpg,riceleafbd,0.4795973767671881,1,0.4795973767671881
data\raw\riceleafbd\Tungro Virus\309930035_616661363588862_7059469319010392906_n.jpg,riceleafbd,0.5415258487654321,1,0.5415258487654321
data\raw\riceleafbd\Tungro Virus\309930325_820783729253983_3223355523480106890_n.jpg,riceleafbd,0.18726784755770262,1,0.18726784755770262
data\raw\riceleafbd\Tungro Virus\309935720_654882102743273_6639414839224862608_n (1).jpg,riceleafbd,0.4176274796964452,1,0.4176274796964452
data\raw\riceleafbd\Tungro Virus\309935720_654882102743273_6639414839224862608_n.jpg,riceleafbd,0.4176274796964452,1,0.4176274796964452
data\raw\riceleafbd\Tungro Virus\309950782_484950463598154_7805033458252585635_n.jpg,riceleafbd,0.11394825138727578,1,0.11394825138727578
data\raw\riceleafbd\Tungro Virus\309950784_1400191223847825_1082688536218990528_n.jpg,riceleafbd,0.42014242905954796,1,0.42014242905954796
data\raw\riceleafbd\Tungro Virus\309953022_1153827685530326_5148005179114895078_n.jpg,riceleafbd,0.2900907124834795,1,0.2900907124834795
data\raw\riceleafbd\Tungro Virus\309953022_836481064334892_6320986830440369757_n.jpg,riceleafbd,0.48226396619253764,1,0.48226396619253764
data\raw\riceleafbd\Tungro Virus\309953848_5646894845347853_448600926339126591_n.jpg,riceleafbd,0.518157391285656,1,0.518157391285656
data\raw\riceleafbd\Tungro Virus\309953848_848882896547823_20400691071425205_n.jpg,riceleafbd,0.4082517782683346,1,0.4082517782683346
data\raw\riceleafbd\Tungro Virus\309954763_812750029983606_6035929305074607338_n.jpg,riceleafbd,0.455190329218107,1,0.455190329218107
data\raw\riceleafbd\Tungro Virus\309987036_1260428421402878_7563233421972400824_n.jpg,riceleafbd,0.30623114022644626,1,0.30623114022644626
data\raw\riceleafbd\Tungro Virus\310000293_1098310987537090_6322717086135563663_n.jpg,riceleafbd,0.2679678939294324,1,0.2679678939294324
data\raw\riceleafbd\Tungro Virus\310000293_3467146783513572_5799773669428981004_n.jpg,riceleafbd,0.4145593302534521,1,0.4145593302534521
data\raw\riceleafbd\Tungro Virus\310006532_887017432263227_516046070358667000_n.jpg,riceleafbd,0.7265216154721275,1,0.7265216154721275
data\raw\riceleafbd\Tungro Virus\310008197_560884219090009_8295696486399650342_n.jpg,riceleafbd,0.06712098214285714,1,0.06712098214285714
data\raw\riceleafbd\Tungro Virus\310012597_815087263051277_2857872179504552006_n (1).jpg,riceleafbd,0.33730053436521096,1,0.33730053436521096
data\raw\riceleafbd\Tungro Virus\310012597_815087263051277_2857872179504552006_n.jpg,riceleafbd,0.33730053436521096,1,0.33730053436521096
data\raw\riceleafbd\Tungro Virus\310058458_5435377266574873_8991017856371085014_n.jpg,riceleafbd,0.2623186119873817,1,0.2623186119873817
data\raw\riceleafbd\Tungro Virus\310059906_648718010165408_9111129139756640564_n.jpg,riceleafbd,0.15150274596477128,1,0.15150274596477128
data\raw\riceleafbd\Tungro Virus\310061159_1771194393257497_6100627014383132732_n.jpg,riceleafbd,0.5862538580246913,1,0.5862538580246913
data\raw\riceleafbd\Tungro Virus\310073746_641071220902093_1844154564457607035_n.jpg,riceleafbd,0.4046143566246659,1,0.4046143566246659
data\raw\riceleafbd\Tungro Virus\310080827_457367869857837_7203426182418778053_n (1).jpg,riceleafbd,0.23168612680477088,1,0.23168612680477088
data\raw\riceleafbd\Tungro Virus\310080827_457367869857837_7203426182418778053_n.jpg,riceleafbd,0.23168612680477088,1,0.23168612680477088
data\raw\riceleafbd\Tungro Virus\310090427_798882844546270_2705517204061326425_n (1).jpg,riceleafbd,0.4966607296245768,1,0.4966607296245768
data\raw\riceleafbd\Tungro Virus\310090427_798882844546270_2705517204061326425_n.jpg,riceleafbd,0.4966607296245768,1,0.4966607296245768
data\raw\riceleafbd\Tungro Virus\310090711_874207533939594_3235125099262747986_n.jpg,riceleafbd,0.1970084590763603,1,0.1970084590763603
data\raw\riceleafbd\Tungro Virus\310091332_520694346331411_2052371814305115005_n.jpg,riceleafbd,0.2941798159105851,1,0.2941798159105851
data\raw\riceleafbd\Tungro Virus\310101275_849836282727887_931394239994161265_n.jpg,riceleafbd,0.6864160232740293,1,0.6864160232740293
data\raw\riceleafbd\Tungro Virus\310104735_1563603237424825_2848177413329468665_n.jpg,riceleafbd,0.3477816358024691,1,0.3477816358024691
data\raw\riceleafbd\Tungro Virus\310114150_2878360552307799_9030656098792189011_n.jpg,riceleafbd,0.26299824717157233,1,0.26299824717157233
data\raw\riceleafbd\Tungro Virus\310115832_638971484630477_7092380302409656064_n.jpg,riceleafbd,0.4427339469647162,1,0.4427339469647162
data\raw\riceleafbd\Tungro Virus\310115832_795098784901126_5828849780582886280_n.jpg,riceleafbd,0.16586430810568742,1,0.16586430810568742
data\raw\riceleafbd\Tungro Virus\310124726_2227322190762154_164120697270318229_n.jpg,riceleafbd,0.5924267443742918,1,0.5924267443742918
data\raw\riceleafbd\Tungro Virus\310155672_615122330405118_141836114081908699_n.jpg,riceleafbd,0.2509019158786446,1,0.2509019158786446
data\raw\riceleafbd\Tungro Virus\310166255_3160429967601256_6298213693638421337_n.jpg,riceleafbd,0.7633813807171471,1,0.7633813807171471
data\raw\riceleafbd\Tungro Virus\310166255_809485707004206_2941236105033104728_n.jpg,riceleafbd,0.10060843900713182,1,0.10060843900713182
data\raw\riceleafbd\Tungro Virus\310180475_5721477531224330_1862080541967900866_n.jpg,riceleafbd,0.4028542952674897,1,0.4028542952674897
data\raw\riceleafbd\Tungro Virus\310206884_584493210148153_4275495300891282291_n.jpg,riceleafbd,0.2557284714698717,1,0.2557284714698717
data\raw\riceleafbd\Tungro Virus\310206884_643854170860834_5690548384887000617_n.jpg,riceleafbd,0.31084697282695056,1,0.31084697282695056
data\raw\riceleafbd\Tungro Virus\310227896_861699958363810_4646590070449898376_n.jpg,riceleafbd,0.15625491776307945,1,0.15625491776307945
data\raw\riceleafbd\Tungro Virus\310235593_1080264705967044_7076671397801331634_n.jpg,riceleafbd,0.06755691983432591,1,0.06755691983432591
data\raw\riceleafbd\Tungro Virus\310235967_692038872077734_8233959099719107321_n.jpg,riceleafbd,0.5093827160493827,1,0.5093827160493827
data\raw\riceleafbd\Tungro Virus\310240156_941625033387517_6502489587316622626_n.jpg,riceleafbd,0.128115625,1,0.128115625
data\raw\riceleafbd\Tungro Virus\310253654_839268957321041_7259669799050819404_n.jpg,riceleafbd,0.0920925120272541,1,0.0920925120272541
data\raw\riceleafbd\Tungro Virus\310268038_804696484123301_1985871416987943438_n.jpg,riceleafbd,0.5710210479175997,1,0.5710210479175997
data\raw\riceleafbd\Tungro Virus\310268752_449730560606251_4593279629437682934_n.jpg,riceleafbd,0.6672901599824677,1,0.6672901599824677
data\raw\riceleafbd\Tungro Virus\310274378_498973912279317_8565466750188486747_n.jpg,riceleafbd,0.13567227567791537,1,0.13567227567791537
data\raw\riceleafbd\Tungro Virus\310287443_9038792376134549_6977333361332373890_n (1).jpg,riceleafbd,0.15560820613529422,1,0.15560820613529422
data\raw\riceleafbd\Tungro Virus\310287443_9038792376134549_6977333361332373890_n.jpg,riceleafbd,0.15560820613529422,1,0.15560820613529422
data\raw\riceleafbd\Tungro Virus\310303607_1165121824416340_747132358305290768_n.jpg,riceleafbd,0.360467228447524,1,0.360467228447524
data\raw\riceleafbd\Tungro Virus\310304355_642685684071363_2949118793663218513_n.jpg,riceleafbd,0.20059982427683157,1,0.20059982427683157
data\raw\riceleafbd\Tungro Virus\310310727_1837906706550600_2119869081175796951_n.jpg,riceleafbd,0.5383616950283617,1,0.5383616950283617
data\raw\riceleafbd\Tungro Virus\310330766_3293283674245085_5197938768122015021_n.jpg,riceleafbd,0.25804026157972454,1,0.25804026157972454
data\raw\riceleafbd\Tungro Virus\310346992_1108086863410406_8151012851109379531_n.jpg,riceleafbd,0.35884532471032066,1,0.35884532471032066
data\raw\riceleafbd\Tungro Virus\310359156_859753515195754_4139812278162868234_n.jpg,riceleafbd,0.32843150613143274,1,0.32843150613143274
data\raw\riceleafbd\Tungro Virus\310386967_640800180850901_489249241632020439_n.jpg,riceleafbd,0.3569186924872957,1,0.3569186924872957
data\raw\riceleafbd\Tungro Virus\310405604_1547648199028432_13448007881822863_n.jpg,riceleafbd,0.23928711795440885,1,0.23928711795440885
data\raw\riceleafbd\Tungro Virus\310414448_487949023286030_5183288363010753439_n.jpg,riceleafbd,0.5178429595096262,1,0.5178429595096262
data\raw\riceleafbd\Tungro Virus\310414486_711033726562335_2654656506430722548_n.jpg,riceleafbd,0.26037130355439425,1,0.26037130355439425
data\raw\riceleafbd\Tungro Virus\310430707_562678052339311_9134216316141936573_n (1).jpg,riceleafbd,0.2658708994708995,1,0.2658708994708995
data\raw\riceleafbd\Tungro Virus\310443905_790751088677435_8922078220628597498_n.jpg,riceleafbd,0.16735581198171928,1,0.16735581198171928
data\raw\riceleafbd\Tungro Virus\310448892_674315764255050_3698112518923791099_n.jpg,riceleafbd,0.19470987281789937,1,0.19470987281789937
data\raw\riceleafbd\Tungro Virus\310464016_795714631508840_4328718470423110809_n.jpg,riceleafbd,0.16451042095563007,1,0.16451042095563007
data\raw\riceleafbd\Tungro Virus\310470779_794875571608690_8000422143451305191_n.jpg,riceleafbd,0.17807692307692308,1,0.17807692307692308
data\raw\riceleafbd\Tungro Virus\310470784_851149216096291_218887264537295503_n.jpg,riceleafbd,0.1977751728710808,1,0.1977751728710808
data\raw\riceleafbd\Tungro Virus\310488167_826891445284261_8834833935576097200_n.jpg,riceleafbd,0.1499258072174739,1,0.1499258072174739
data\raw\riceleafbd\Tungro Virus\310503754_3377964169111722_5053301515091256141_n (1).jpg,riceleafbd,0.43029378143575675,1,0.43029378143575675
data\raw\riceleafbd\Tungro Virus\310503754_3377964169111722_5053301515091256141_n.jpg,riceleafbd,0.43029378143575675,1,0.43029378143575675
data\raw\riceleafbd\Tungro Virus\310517900_535047628013452_188626495743857687_n.jpg,riceleafbd,0.3289037603569152,1,0.3289037603569152
data\raw\riceleafbd\Tungro Virus\310532980_683162163178692_7597889448881133211_n.jpg,riceleafbd,0.10070474098480688,1,0.10070474098480688
data\raw\riceleafbd\Tungro Virus\310542088_652404423164808_7307972691943922793_n.jpg,riceleafbd,0.16430071059431525,1,0.16430071059431525
data\raw\riceleafbd\Tungro Virus\310554810_512720707445384_8489204493411512142_n.jpg,riceleafbd,0.19896394962733538,1,0.19896394962733538
data\raw\riceleafbd\Tungro Virus\310613168_645574633772642_193586395774156356_n.jpg,riceleafbd,0.16125748189968372,1,0.16125748189968372
data\raw\riceleafbd\Tungro Virus\310644021_3325504807726129_1969690517648212982_n.jpg,riceleafbd,0.36888395792241946,1,0.36888395792241946
data\raw\riceleafbd\Tungro Virus\310687929_978876909743878_7668343769964729222_n (1).jpg,riceleafbd,0.28086384256597025,1,0.28086384256597025
data\raw\riceleafbd\Tungro Virus\310687929_978876909743878_7668343769964729222_n.jpg,riceleafbd,0.28086384256597025,1,0.28086384256597025
data\raw\riceleafbd\Tungro Virus\310705175_688693755811520_2723304770977161261_n.jpg,riceleafbd,0.1752785394089742,1,0.1752785394089742
data\raw\riceleafbd\Tungro Virus\310727994_681313779998217_2631106456169043158_n.jpg,riceleafbd,0.3289474022633745,1,0.3289474022633745
data\raw\riceleafbd\Tungro Virus\310754268_519232116767959_5981375087941134508_n.jpg,riceleafbd,0.2845196051797519,1,0.2845196051797519
data\raw\riceleafbd\Tungro Virus\310766233_1144477363111023_990541891346526775_n.jpg,riceleafbd,0.4701180971390552,1,0.4701180971390552
data\raw\riceleafbd\Tungro Virus\310793904_3186523691659403_5383376354122925282_n.jpg,riceleafbd,0.41653499830105334,1,0.41653499830105334
data\raw\riceleafbd\Tungro Virus\310794444_5566048033503368_8677618128368401793_n.jpg,riceleafbd,0.35415809327846365,1,0.35415809327846365
data\raw\riceleafbd\Tungro Virus\310816596_4932092406894303_4101681100577008840_n.jpg,riceleafbd,0.07335798816568047,1,0.07335798816568047
data\raw\riceleafbd\Tungro Virus\310818053_5630234907045670_453401267910908838_n (1).jpg,riceleafbd,0.3177853447041741,1,0.3177853447041741
data\raw\riceleafbd\Tungro Virus\310818053_5630234907045670_453401267910908838_n.jpg,riceleafbd,0.3177853447041741,1,0.3177853447041741
data\raw\riceleafbd\Tungro Virus\310826482_903845010497475_946149415401065093_n.jpg,riceleafbd,0.28829411008230454,1,0.28829411008230454
data\raw\riceleafbd\Tungro Virus\310831574_458152639761879_3761783135168318975_n (1).jpg,riceleafbd,0.10251509780077087,1,0.10251509780077087
data\raw\riceleafbd\Tungro Virus\310831574_458152639761879_3761783135168318975_n.jpg,riceleafbd,0.10251509780077087,1,0.10251509780077087
data\raw\riceleafbd\Tungro Virus\310832534_2182558585286556_3064366352706517468_n.jpg,riceleafbd,0.8012561010623026,1,0.8012561010623026
data\raw\riceleafbd\Tungro Virus\310842908_896274255112692_2735851284286739229_n.jpg,riceleafbd,0.36190104166666665,1,0.36190104166666665
data\raw\riceleafbd\Tungro Virus\310851825_516937643401410_5833091596939407809_n.jpg,riceleafbd,0.2951705302424727,1,0.2951705302424727
data\raw\riceleafbd\Tungro Virus\310853987_808922100224499_1782628690862739867_n.jpg,riceleafbd,0.4034067118226601,1,0.4034067118226601
data\raw\riceleafbd\Tungro Virus\310858682_1157260805227050_504034491669553958_n.jpg,riceleafbd,0.3010985950977597,1,0.3010985950977597
data\raw\riceleafbd\Tungro Virus\310864115_680848040068733_297764260615056490_n.jpg,riceleafbd,0.15090070237490866,1,0.15090070237490866
data\raw\riceleafbd\Tungro Virus\310887121_433725515418425_8329625995980831063_n.jpg,riceleafbd,0.45868432248457774,1,0.45868432248457774
data\raw\riceleafbd\Tungro Virus\310905712_676731077353571_1226416667545354658_n (1).jpg,riceleafbd,0.4768557630626596,1,0.4768557630626596
data\raw\riceleafbd\Tungro Virus\310905712_676731077353571_1226416667545354658_n.jpg,riceleafbd,0.4768557630626596,1,0.4768557630626596
data\raw\riceleafbd\Tungro Virus\310935045_668649344644230_7340995907597209416_n.jpg,riceleafbd,0.3007036151538005,1,0.3007036151538005
data\raw\riceleafbd\Tungro Virus\310949137_475181868050032_5643835808243661523_n.jpg,riceleafbd,0.11018190182285177,1,0.11018190182285177
data\raw\riceleafbd\Tungro Virus\310957993_531393051801796_7180472141142317761_n.jpg,riceleafbd,0.2024729938271605,1,0.2024729938271605
data\raw\riceleafbd\Tungro Virus\310965605_2097293530661359_342849557705737694_n.jpg,riceleafbd,0.2942798353909465,1,0.2942798353909465
data\raw\riceleafbd\Tungro Virus\310977133_557053889758233_7902809781452832866_n.jpg,riceleafbd,0.36599744666831396,1,0.36599744666831396
data\raw\riceleafbd\Tungro Virus\310992297_5757601620928763_6689482061341883117_n.jpg,riceleafbd,0.18955659454834373,1,0.18955659454834373
data\raw\riceleafbd\Tungro Virus\310997509_948650016018116_1256797957062704030_n.jpg,riceleafbd,0.08669296515450362,1,0.08669296515450362
data\raw\riceleafbd\Tungro Virus\311011284_618860806687490_6184160514985253202_n (1).jpg,riceleafbd,0.15242923650956477,1,0.15242923650956477
data\raw\riceleafbd\Tungro Virus\311011284_618860806687490_6184160514985253202_n.jpg,riceleafbd,0.15242923650956477,1,0.15242923650956477
data\raw\riceleafbd\Tungro Virus\311025707_1127815761219760_6638192155412520177_n.jpg,riceleafbd,0.17530307772561293,1,0.17530307772561293
data\raw\riceleafbd\Tungro Virus\311039238_698668801694257_5281982016457142340_n.jpg,riceleafbd,0.37695595003287313,1,0.37695595003287313
data\raw\riceleafbd\Tungro Virus\311074308_514751183892118_2717955295308456702_n.jpg,riceleafbd,0.24479881548847066,1,0.24479881548847066
data\raw\riceleafbd\Tungro Virus\311124010_952353622391471_5418530257230415945_n.jpg,riceleafbd,0.253838091563786,1,0.253838091563786
data\raw\riceleafbd\Tungro Virus\311124014_487515326672920_2288132983398637297_n.jpg,riceleafbd,0.28014324939760876,1,0.28014324939760876
data\raw\riceleafbd\Tungro Virus\311151036_5554131108036912_1277920390382865385_n.jpg,riceleafbd,0.20159691131913354,1,0.20159691131913354
data\raw\riceleafbd\Tungro Virus\311156425_5670613863029210_5647177995040242266_n.jpg,riceleafbd,0.282820197044335,1,0.282820197044335
data\raw\riceleafbd\Tungro Virus\311228557_1256624291562373_5006144916115853738_n.jpg,riceleafbd,0.23553418803418805,1,0.23553418803418805
data\raw\riceleafbd\Tungro Virus\311252736_872221660685039_72166961851318318_n.jpg,riceleafbd,0.10321630658436214,1,0.10321630658436214
data\raw\riceleafbd\Tungro Virus\311289922_1245167219362347_6537231354775006236_n.jpg,riceleafbd,0.3067694036678999,1,0.3067694036678999
data\raw\riceleafbd\Tungro Virus\311290581_1174947579773623_4915588994811508522_n.jpg,riceleafbd,0.15448611801070816,1,0.15448611801070816
data\raw\riceleafbd\Tungro Virus\311294950_5540820316037623_2782916142505585909_n.jpg,riceleafbd,0.43559849855470295,1,0.43559849855470295
data\raw\riceleafbd\Tungro Virus\311301160_1990546277804789_8529153620771004201_n.jpg,riceleafbd,0.1121562051086025,1,0.1121562051086025
data\raw\riceleafbd\Tungro Virus\311307115_821670192489845_8017563545608434427_n.jpg,riceleafbd,0.3025342272559613,1,0.3025342272559613
data\raw\riceleafbd\Tungro Virus\311311853_5451057041609361_5671669149495919327_n.jpg,riceleafbd,0.5607957748204789,1,0.5607957748204789
data\raw\riceleafbd\Tungro Virus\311327088_5651260414921821_5734679146610198150_n (1).jpg,riceleafbd,0.2655524278676988,1,0.2655524278676988
data\raw\riceleafbd\Tungro Virus\311328303_671228877910493_4748948475799566782_n.jpg,riceleafbd,0.20232410743218773,1,0.20232410743218773
data\raw\riceleafbd\Tungro Virus\311378852_1005025434221404_1147904174313826797_n.jpg,riceleafbd,0.3389017489711934,1,0.3389017489711934
data\raw\riceleafbd\Tungro Virus\311396297_501459351916871_5192016517817698735_n.jpg,riceleafbd,0.2621920010288066,1,0.2621920010288066
data\raw\riceleafbd\Tungro Virus\311408901_801224157650005_3413420887903183641_n.jpg,riceleafbd,0.10072553416325163,1,0.10072553416325163
data\raw\riceleafbd\Tungro Virus\311421857_1104574683529185_2639210763774619633_n (1).jpg,riceleafbd,0.11909859095310409,1,0.11909859095310409
data\raw\riceleafbd\Tungro Virus\311450265_869361227772637_8060160036185063201_n.jpg,riceleafbd,0.2693644406795614,1,0.2693644406795614
data\raw\riceleafbd\Tungro Virus\311450267_523683082982950_6831924632383006359_n.jpg,riceleafbd,0.6020153223051774,1,0.6020153223051774
data\raw\riceleafbd\Tungro Virus\311471795_811109150121472_4164395137124423428_n.jpg,riceleafbd,0.5453520804755373,1,0.5453520804755373
data\raw\riceleafbd\Tungro Virus\311477801_829411965149992_4505844150502370083_n.jpg,riceleafbd,0.29695606073673475,1,0.29695606073673475
data\raw\riceleafbd\Tungro Virus\311877206_813451169874270_1813155305506983296_n.jpg,riceleafbd,0.4377393385552654,1,0.4377393385552654
data\raw\riceleafbd\Tungro Virus\311887696_695884595261718_5685289833719088513_n.jpg,riceleafbd,0.5443939933523266,1,0.5443939933523266
data\raw\riceleafbd\Tungro Virus\311905670_493385039521759_6639495290559951934_n.jpg,riceleafbd,0.38337450592885375,1,0.38337450592885375
data\raw\riceleafbd\Tungro Virus\311945743_1130454914309359_1109530908743137201_n.jpg,riceleafbd,0.4851973976374456,1,0.4851973976374456
data\raw\riceleafbd\Tungro Virus\311958416_702332527899167_8337027578548737849_n.jpg,riceleafbd,0.22829919566030676,1,0.22829919566030676
data\raw\riceleafbd\Tungro Virus\311964463_665795595199651_8728135720238096675_n.jpg,riceleafbd,0.17704209024433742,1,0.17704209024433742
data\raw\riceleafbd\Tungro Virus\311982774_497216262461714_3029253594789800980_n.jpg,riceleafbd,0.07641332304526749,1,0.07641332304526749
data\raw\riceleafbd\Tungro Virus\312011898_660767788847500_3941963218308031261_n.jpg,riceleafbd,0.15613264796173343,1,0.15613264796173343
data\raw\riceleafbd\Tungro Virus\312026965_822061342180180_7673092683367473646_n.jpg,riceleafbd,0.1945596207639181,1,0.1945596207639181
data\raw\riceleafbd\Tungro Virus\312027383_1345748869523035_572647338936946650_n.jpg,riceleafbd,0.6436471193415638,1,0.6436471193415638
data\raw\riceleafbd\Tungro Virus\312097851_799244964519043_4647236552895719733_n.jpg,riceleafbd,0.22112959692660408,1,0.22112959692660408
data\raw\riceleafbd\Tungro Virus\312133344_3428750697409610_9134336873871728995_n.jpg,riceleafbd,0.4071859769243836,1,0.4071859769243836
data\raw\riceleafbd\Tungro Virus\312193568_803821240698170_510594501575197999_n.jpg,riceleafbd,0.3733648405349794,1,0.3733648405349794
data\raw\riceleafbd\Tungro Virus\312201200_682722439795341_8854308435112613352_n.jpg,riceleafbd,0.12882625272331155,1,0.12882625272331155
data\raw\riceleafbd\Tungro Virus\312207002_1204119966810165_6916516093249879724_n.jpg,riceleafbd,0.2296163464069492,1,0.2296163464069492
data\raw\riceleafbd\Tungro Virus\312218559_496435832529811_7452354127649073607_n.jpg,riceleafbd,0.3623573738483129,1,0.3623573738483129
data\raw\riceleafbd\Tungro Virus\312229733_1558214171265614_8336671811768937959_n.jpg,riceleafbd,0.5831739810360869,1,0.5831739810360869
data\raw\riceleafbd\Tungro Virus\312312812_506500381535641_2480379998116933346_n.jpg,riceleafbd,0.2139772288225635,1,0.2139772288225635
data\raw\riceleafbd\Tungro Virus\312319966_682698013505066_4348395650474933352_n.jpg,riceleafbd,0.09653626295105394,1,0.09653626295105394
data\raw\riceleafbd\Tungro Virus\312319966_688919419618010_4242118936767372404_n.jpg,riceleafbd,0.5846990057904512,1,0.5846990057904512
data\raw\riceleafbd\Tungro Virus\312379173_660196672356452_7373936849988029036_n.jpg,riceleafbd,0.07704324946554843,1,0.07704324946554843
data\raw\riceleafbd\Tungro Virus\312380040_491412266276635_8013958576201577137_n.jpg,riceleafbd,0.5108999796499797,1,0.5108999796499797
data\raw\riceleafbd\Tungro Virus\312424914_659303268900332_8036795355042233890_n.jpg,riceleafbd,0.31640477755862373,1,0.31640477755862373
data\raw\riceleafbd\Tungro Virus\312430528_1137183750248070_570644524148386317_n.jpg,riceleafbd,0.5679149901991127,1,0.5679149901991127
data\raw\riceleafbd\Tungro Virus\312441817_517686766648970_828596623368045386_n.jpg,riceleafbd,0.36111229667567696,1,0.36111229667567696
data\raw\riceleafbd\Tungro Virus\312470292_855767878929265_2110265727004027892_n.jpg,riceleafbd,0.2295730082600586,1,0.2295730082600586
data\raw\riceleafbd\Tungro Virus\312481659_1269343737181405_1223348796224830154_n.jpg,riceleafbd,0.5851597204538381,1,0.5851597204538381
data\raw\riceleafbd\Tungro Virus\312493993_536559831209033_2944407188601078758_n.jpg,riceleafbd,0.3006185699588477,1,0.3006185699588477
data\raw\riceleafbd\Tungro Virus\312506789_516224180377390_4965560825398796231_n (1).jpg,riceleafbd,0.4556424325560128,1,0.4556424325560128
data\raw\riceleafbd\Tungro Virus\312506789_516224180377390_4965560825398796231_n.jpg,riceleafbd,0.4556424325560128,1,0.4556424325560128
data\raw\riceleafbd\Tungro Virus\312531062_1583975688689866_22141460678968472_n.jpg,riceleafbd,0.12444863731656185,1,0.12444863731656185
data\raw\riceleafbd\Tungro Virus\312537215_1197917324271245_6821966797154988651_n.jpg,riceleafbd,0.3952016217400833,1,0.3952016217400833
data\raw\riceleafbd\Tungro Virus\312545686_672993700881462_7107649582821136971_n (1).jpg,riceleafbd,0.9549447745963143,1,0.9549447745963143
data\raw\riceleafbd\Tungro Virus\312551832_1418171448707219_4402475644198271515_n.jpg,riceleafbd,0.32937356604392004,1,0.32937356604392004
data\raw\riceleafbd\Tungro Virus\312564696_5503339866409591_3912351667139695221_n.jpg,riceleafbd,0.3657437915675148,1,0.3657437915675148
data\raw\riceleafbd\Tungro Virus\312570002_656634889304715_6252336098531220253_n.jpg,riceleafbd,0.36558334657556013,1,0.36558334657556013
data\raw\riceleafbd\Tungro Virus\312584511_797351931346927_3523327868034010467_n.jpg,riceleafbd,0.5137145064709291,1,0.5137145064709291
data\raw\riceleafbd\Tungro Virus\312624486_675060277291867_7528285692741017397_n.jpg,riceleafbd,0.20023965141612202,1,0.20023965141612202
data\raw\riceleafbd\Tungro Virus\312629690_1950704055134883_7933430699209201621_n (1).jpg,riceleafbd,0.14339613779012078,1,0.14339613779012078
data\raw\riceleafbd\Tungro Virus\312629699_1411737855902554_5296360051612735934_n.jpg,riceleafbd,0.10772478603152819,1,0.10772478603152819
data\raw\riceleafbd\Tungro Virus\312665146_1059703718003281_3135594726137138436_n.jpg,riceleafbd,0.5411185295087372,1,0.5411185295087372
data\raw\riceleafbd\Tungro Virus\312667199_1182424129359032_5166349958032193148_n.jpg,riceleafbd,0.3049697656840514,1,0.3049697656840514
data\raw\riceleafbd\Tungro Virus\312700371_432518065710171_8063987810203739467_n.jpg,riceleafbd,0.38598775378665806,1,0.38598775378665806
data\raw\riceleafbd\Tungro Virus\312709288_1547785992338261_1313766342061877705_n.jpg,riceleafbd,0.5373703309273065,1,0.5373703309273065
data\raw\riceleafbd\Tungro Virus\312733642_5992270867460528_3274104348813363464_n.jpg,riceleafbd,0.3487141135218058,1,0.3487141135218058
data\raw\riceleafbd\Tungro Virus\312786876_841817763798870_7613152504738535985_n.jpg,riceleafbd,0.32005787037037037,1,0.32005787037037037
data\raw\riceleafbd\Tungro Virus\312811595_523964712917208_6773961654921321697_n.jpg,riceleafbd,0.44281835377387274,1,0.44281835377387274
data\raw\riceleafbd\Tungro Virus\312830527_992982388324320_7406514724990505039_n.jpg,riceleafbd,0.5822446428571428,1,0.5822446428571428
data\raw\riceleafbd\Tungro Virus\312847473_1461819517659471_8659958642311574889_n.jpg,riceleafbd,0.4437437128486511,1,0.4437437128486511
data\raw\riceleafbd\Tungro Virus\312889488_574444127855327_2024543328451872117_n.jpg,riceleafbd,0.09731545781893004,1,0.09731545781893004
data\raw\riceleafbd\Tungro Virus\312890873_497867222269951_4022885594997532713_n.jpg,riceleafbd,0.3253646705750977,1,0.3253646705750977
data\raw\riceleafbd\Tungro Virus\312892745_1220328658516055_685874829593176905_n.jpg,riceleafbd,0.15501373626373627,1,0.15501373626373627
data\raw\riceleafbd\Tungro Virus\312915150_498487428903457_5308885668375378577_n.jpg,riceleafbd,0.2747249425704268,1,0.2747249425704268
data\raw\riceleafbd\Tungro Virus\312926105_517806066934989_5404921941017014336_n.jpg,riceleafbd,0.4734195402298851,1,0.4734195402298851
data\raw\riceleafbd\Tungro Virus\312927053_825508138651506_8827131309970384464_n.jpg,riceleafbd,0.19559737640133376,1,0.19559737640133376
data\raw\riceleafbd\Tungro Virus\313008522_529867318988872_3780625405221698725_n.jpg,riceleafbd,0.36974506974506977,1,0.36974506974506977
data\raw\riceleafbd\Tungro Virus\313021143_1282445042549529_6438995739058750194_n.jpg,riceleafbd,0.416239913097455,1,0.416239913097455
data\raw\riceleafbd\Tungro Virus\313027206_1765914717118418_1931279656672544143_n.jpg,riceleafbd,0.08623351013191895,1,0.08623351013191895
data\raw\riceleafbd\Tungro Virus\313085369_820257655899205_7250061022939215882_n.jpg,riceleafbd,0.48763794642857144,1,0.48763794642857144
data\raw\riceleafbd\Tungro Virus\313105712_656378519380332_5313047930818402880_n.jpg,riceleafbd,0.5397219606612262,1,0.5397219606612262
data\raw\riceleafbd\Tungro Virus\313113847_1497363217428791_1754163908149482870_n.jpg,riceleafbd,0.46861987727372345,1,0.46861987727372345
data\raw\riceleafbd\Tungro Virus\313199222_3243493292576710_7474365912712924818_n.jpg,riceleafbd,0.4637805434379722,1,0.4637805434379722
data\raw\riceleafbd\Tungro Virus\313202978_1333936047416451_9197963406124724448_n.jpg,riceleafbd,0.2842262494223279,1,0.2842262494223279
data\raw\riceleafbd\Tungro Virus\313276290_810675610261440_6365694331633909071_n.jpg,riceleafbd,0.47736805555555556,1,0.47736805555555556
data\raw\riceleafbd\Tungro Virus\313280596_458699843022179_8235591247668221753_n.jpg,riceleafbd,0.24957428693060876,1,0.24957428693060876
data\raw\riceleafbd\Tungro Virus\313290051_850042486148444_822354297154567821_n.jpg,riceleafbd,0.5181809413580247,1,0.5181809413580247
data\raw\riceleafbd\Tungro Virus\313291681_1117183462320763_4544527238876029244_n.jpg,riceleafbd,0.13673231446337722,1,0.13673231446337722
data\raw\riceleafbd\Tungro Virus\313297072_2018173358376655_7387558375491251387_n.jpg,riceleafbd,0.3405279890886737,1,0.3405279890886737
data\raw\riceleafbd\Tungro Virus\313351797_1221711848408711_2416508152275846788_n.jpg,riceleafbd,0.5117318650010958,1,0.5117318650010958
data\raw\riceleafbd\Tungro Virus\313398992_1315020555911491_3726555706906212414_n.jpg,riceleafbd,0.20000130320327364,1,0.20000130320327364
data\raw\riceleafbd\Tungro Virus\313446882_450904437061335_297193400785572983_n.jpg,riceleafbd,0.40311712235796004,1,0.40311712235796004
data\raw\riceleafbd\Tungro Virus\313473800_662257422148252_5996496500964280352_n.jpg,riceleafbd,0.5043826901411562,1,0.5043826901411562
data\raw\riceleafbd\Tungro Virus\313474843_1238166350248747_3707222436565427985_n.jpg,riceleafbd,0.34134773662551443,1,0.34134773662551443
data\raw\riceleafbd\Tungro Virus\313476972_518088056839420_8197203860285959253_n.jpg,riceleafbd,0.5410063878140163,1,0.5410063878140163
data\raw\riceleafbd\Tungro Virus\313479416_896481901758297_3784707154000360244_n.jpg,riceleafbd,0.2014299467663382,1,0.2014299467663382
data\raw\riceleafbd\Tungro Virus\313484323_518419956806699_174373109191847387_n.jpg,riceleafbd,0.5697513392857143,1,0.5697513392857143
data\raw\riceleafbd\Tungro Virus\313495486_470382545192555_2756626687553123422_n.jpg,riceleafbd,0.4767826859404022,1,0.4767826859404022
data\raw\riceleafbd\Tungro Virus\313518552_496330772456746_8117639314293867317_n.jpg,riceleafbd,0.0792579732510288,1,0.0792579732510288
data\raw\riceleafbd\Tungro Virus\313521611_427973569486439_58910322981629660_n.jpg,riceleafbd,0.1517680484016025,1,0.1517680484016025
data\raw\riceleafbd\Tungro Virus\313791326_506608397856473_3402084890261817697_n.jpg,riceleafbd,0.4861284722222222,1,0.4861284722222222
data\raw\riceleafbd\Tungro Virus\313857273_845611629966309_5300173381159104037_n.jpg,riceleafbd,0.09218220203441878,1,0.09218220203441878
data\raw\riceleafbd\Tungro Virus\313867371_788722312232114_7238672527911587421_n.jpg,riceleafbd,0.24207750956217447,1,0.24207750956217447
data\raw\riceleafbd\Tungro Virus\313873854_820326195876699_5906180163809761447_n.jpg,riceleafbd,0.36858281893004113,1,0.36858281893004113
data\raw\riceleafbd\Tungro Virus\313919787_653042286377809_8052498550560339053_n.jpg,riceleafbd,0.27536513276462815,1,0.27536513276462815
data\raw\riceleafbd\Tungro Virus\313934186_388312766763583_1976798813798940065_n.jpg,riceleafbd,0.16184650354325444,1,0.16184650354325444
data\raw\riceleafbd\Tungro Virus\313934765_514512747253323_7096188968606116547_n.jpg,riceleafbd,0.29831473214285714,1,0.29831473214285714
data\raw\riceleafbd\Tungro Virus\314026876_672345550929921_7581328621022457094_n.jpg,riceleafbd,0.3267833662064431,1,0.3267833662064431
data\raw\riceleafbd\Tungro Virus\314028358_5567512366635128_628155748766921754_n.jpg,riceleafbd,0.1677724587777498,1,0.1677724587777498
data\raw\riceleafbd\Tungro Virus\314028893_1622067174877071_7808986505635627781_n.jpg,riceleafbd,0.4062138392857143,1,0.4062138392857143
data\raw\riceleafbd\Tungro Virus\314135897_5489632167795385_8471131514195232333_n (1).jpg,riceleafbd,0.13452979436491708,1,0.13452979436491708
data\raw\riceleafbd\Tungro Virus\314135897_5489632167795385_8471131514195232333_n.jpg,riceleafbd,0.13452979436491708,1,0.13452979436491708
data\raw\riceleafbd\Tungro Virus\314201050_440125971423808_2497348725556524603_n.jpg,riceleafbd,0.49708976337448557,1,0.49708976337448557
data\raw\riceleafbd\Tungro Virus\314382778_884843319601001_2862530816243692118_n.jpg,riceleafbd,0.27823169642857143,1,0.27823169642857143
data\raw\riceleafbd\Tungro Virus\314392161_1892003577811837_4999010892914295676_n.jpg,riceleafbd,0.2606005658436214,1,0.2606005658436214
data\raw\riceleafbd\Tungro Virus\314394073_671538744357470_7705598235426245776_n.jpg,riceleafbd,0.2931751543209877,1,0.2931751543209877
data\raw\riceleafbd\Tungro Virus\314394408_666716938414137_4252503226096246667_n.jpg,riceleafbd,0.19157546197160757,1,0.19157546197160757
data\raw\riceleafbd\Tungro Virus\314395070_1448074705684187_8049018624220246452_n.jpg,riceleafbd,0.5590611607142857,1,0.5590611607142857
data\raw\riceleafbd\Tungro Virus\314395606_609116287620389_1268526298742992498_n.jpg,riceleafbd,0.7343366955232573,1,0.7343366955232573
data\raw\riceleafbd\Tungro Virus\314404506_865258634888614_6971945189331854511_n.jpg,riceleafbd,0.48542052469135805,1,0.48542052469135805
data\raw\riceleafbd\Tungro Virus\314409345_841701453811073_7061125291719242458_n.jpg,riceleafbd,0.36060401523018343,1,0.36060401523018343
data\raw\riceleafbd\Tungro Virus\314411318_662438788806690_4503523376677602665_n.jpg,riceleafbd,0.21986739826246,1,0.21986739826246
data\raw\riceleafbd\Tungro Virus\314412150_658301555665728_5783422646742614176_n.jpg,riceleafbd,0.18137289898825065,1,0.18137289898825065
data\raw\riceleafbd\Tungro Virus\314416116_493741476053347_7753319753361491463_n.jpg,riceleafbd,0.37539375,1,0.37539375
data\raw\riceleafbd\Tungro Virus\314437223_675004010809155_2113406423094481702_n.jpg,riceleafbd,0.3417653215771867,1,0.3417653215771867
data\raw\riceleafbd\Tungro Virus\314466146_1066596810682934_1186717844039819600_n (1).jpg,riceleafbd,0.16828039516668636,1,0.16828039516668636
data\raw\riceleafbd\Tungro Virus\314466146_1066596810682934_1186717844039819600_n.jpg,riceleafbd,0.16828039516668636,1,0.16828039516668636
data\raw\riceleafbd\Tungro Virus\314477102_664878278644574_8181446894341452010_n.jpg,riceleafbd,0.41410871460917104,1,0.41410871460917104
data\raw\riceleafbd\Tungro Virus\314477857_1176513739629605_4596039316625462930_n.jpg,riceleafbd,0.07339763374485597,1,0.07339763374485597
data\raw\riceleafbd\Tungro Virus\314478760_1541757819664010_929515794713908471_n.jpg,riceleafbd,0.33060650887573967,1,0.33060650887573967
data\raw\riceleafbd\Tungro Virus\314482390_520646716746233_5655409664379156959_n (1).jpg,riceleafbd,0.19822899427419202,1,0.19822899427419202
data\raw\riceleafbd\Tungro Virus\314482390_520646716746233_5655409664379156959_n.jpg,riceleafbd,0.19822899427419202,1,0.19822899427419202
data\raw\riceleafbd\Tungro Virus\314588491_547783773851268_472072504543659331_n.jpg,riceleafbd,0.1687142857142857,1,0.1687142857142857
data\raw\riceleafbd\Tungro Virus\314589722_571824921370602_7539411785133746912_n.jpg,riceleafbd,0.22890258601797064,1,0.22890258601797064
data\raw\riceleafbd\Tungro Virus\314614191_1099824580720251_1039674675470385223_n.jpg,riceleafbd,0.5258283615112305,1,0.5258283615112305
data\raw\riceleafbd\Tungro Virus\314626494_2199997793512760_5689096446062356111_n.jpg,riceleafbd,0.0902554194132487,1,0.0902554194132487
data\raw\riceleafbd\Tungro Virus\314663031_5623907384368921_6401477014431942583_n.jpg,riceleafbd,0.4910069444444444,1,0.4910069444444444
data\raw\riceleafbd\Tungro Virus\314710147_853163099035730_4425646008139630060_n.jpg,riceleafbd,0.13228652263374485,1,0.13228652263374485
data\raw\riceleafbd\Tungro Virus\314769275_837343170814007_9214366391944388348_n.jpg,riceleafbd,0.19033968880122726,1,0.19033968880122726
data\raw\riceleafbd\Tungro Virus\314928918_3409685039301547_8314632096972478031_n.jpg,riceleafbd,0.11632315317789714,1,0.11632315317789714
data\raw\riceleafbd\Tungro Virus\314929536_514257187251721_8473283268031593647_n.jpg,riceleafbd,0.30956936226167,1,0.30956936226167
data\raw\riceleafbd\Tungro Virus\314930260_1818579975157463_1601302891408416777_n.jpg,riceleafbd,0.2950673898750822,1,0.2950673898750822
data\raw\riceleafbd\Tungro Virus\314931739_3194467547471355_6785017293421829101_n.jpg,riceleafbd,0.14682158228622716,1,0.14682158228622716
data\raw\riceleafbd\Tungro Virus\314982106_892201005107374_3268459391229799877_n.jpg,riceleafbd,0.09941800435384114,1,0.09941800435384114
data\raw\riceleafbd\Tungro Virus\314995769_2022730978117313_5970444149640206168_n.jpg,riceleafbd,0.21927620910166448,1,0.21927620910166448
data\raw\riceleafbd\Tungro Virus\315005960_535107358462566_1004311371707062439_n.jpg,riceleafbd,0.08948937734149001,1,0.08948937734149001
data\raw\riceleafbd\Tungro Virus\315007074_651721123355694_3989185851432014261_n.jpg,riceleafbd,0.5206527709960938,1,0.5206527709960938
data\raw\riceleafbd\Tungro Virus\315007538_1174828136803187_7011927899512427534_n.jpg,riceleafbd,0.14385382334391275,1,0.14385382334391275
data\raw\riceleafbd\Tungro Virus\315007538_540685001401362_2199739754622281192_n.jpg,riceleafbd,0.206011341383812,1,0.206011341383812
data\raw\riceleafbd\Tungro Virus\315025168_885942549514958_410968716638224833_n.jpg,riceleafbd,0.2617270367575065,1,0.2617270367575065
data\raw\riceleafbd\Tungro Virus\315066326_834327244474901_2483939669096820473_n.jpg,riceleafbd,0.2339864124479509,1,0.2339864124479509
data\raw\riceleafbd\Tungro Virus\315085202_1625996471194958_6659674365267875090_n.jpg,riceleafbd,0.3835972121505116,1,0.3835972121505116
data\raw\riceleafbd\Tungro Virus\315091661_434064708914940_6396229293228550745_n.jpg,riceleafbd,0.15060431733508656,1,0.15060431733508656
data\raw\riceleafbd\Tungro Virus\315102597_1266038787574065_7208802774790833818_n.jpg,riceleafbd,0.18017004426403394,1,0.18017004426403394
data\raw\riceleafbd\Tungro Virus\315109192_376288577988389_3200960401410133787_n (1).jpg,riceleafbd,0.15999370206429503,1,0.15999370206429503
data\raw\riceleafbd\Tungro Virus\315109192_376288577988389_3200960401410133787_n.jpg,riceleafbd,0.15999370206429503,1,0.15999370206429503
data\raw\riceleafbd\Tungro Virus\315109272_2915040742138888_1729940556233483712_n.jpg,riceleafbd,0.20124034106048494,1,0.20124034106048494
data\raw\riceleafbd\Tungro Virus\315112388_703565500789296_7591840507813831220_n.jpg,riceleafbd,0.3164069690992768,1,0.3164069690992768
data\raw\riceleafbd\Tungro Virus\315146239_1249007172612735_8062719497942942747_n.jpg,riceleafbd,0.27267696690773613,1,0.27267696690773613
data\raw\riceleafbd\Tungro Virus\315203775_1069188537093572_5855798005229584370_n.jpg,riceleafbd,0.1529353459676107,1,0.1529353459676107
data\raw\riceleafbd\Tungro Virus\315204449_1196227437960472_520187089584785187_n.jpg,riceleafbd,0.06013868591945958,1,0.06013868591945958
data\raw\riceleafbd\Tungro Virus\315331502_3315153622084393_4739035234098185129_n.jpg,riceleafbd,0.2527607142857143,1,0.2527607142857143
data\raw\riceleafbd\Tungro Virus\316156693_462972815742038_5002376687948776758_n.jpg,riceleafbd,0.1785517857142857,1,0.1785517857142857
data\raw\riceleafbd\Tungro Virus\53cc0012-5762-4e8d-a4fe-38d0919fde0f.jpg,riceleafbd,0.4076806640625,1,0.4076806640625
data\raw\riceleafbd\Tungro Virus\682569f9-1ecb-4260-922f-5801c4682aff.jpg,riceleafbd,0.4372265625,1,0.4372265625
data\raw\riceleafbd\Tungro Virus\71080e5d-e7ce-4440-b648-ab9d84215ab4.jpg,riceleafbd,0.35759375,1,0.35759375
data\raw\riceleafbd\Tungro Virus\7a04390e-76de-41e5-a98d-bb53c22061f0.jpg,riceleafbd,0.64695068359375,1,0.64695068359375
data\raw\riceleafbd\Tungro Virus\9f13923f-66b4-43e9-84e3-a94e6aa15712.jpg,riceleafbd,0.3553564453125,1,0.3553564453125
data\raw\dhan_shomadhan\White Background\Brown Spot\bs_wb_0.jpg,dhan_shomadhan,0.10039505832282472,1,0.10039505832282472
data\raw\dhan_shomadhan\White Background\Brown Spot\bs_wb_1.jpg,dhan_shomadhan,0.07345511014344262,1,0.07345511014344262
data\raw\dhan_shomadhan\White Background\Brown Spot\bs_wb_10.jpg,dhan_shomadhan,0.06859803554539723,1,0.06859803554539723
data\raw\dhan_shomadhan\White Background\Brown Spot\bs_wb_11.jpg,dhan_shomadhan,0.02823829602774275,1,0.02823829602774275
data\raw\dhan_shomadhan\White Background\Brown Spot\bs_wb_12.jpg,dhan_shomadhan,0.0788626556588903,1,0.0788626556588903
data\raw\dhan_shomadhan\White Background\Brown Spot\bs_wb_13.jpg,dhan_shomadhan,0.044461302017654476,1,0.044461302017654476
data\raw\dhan_shomadhan\White Background\Brown Spot\bs_wb_14.jpg,dhan_shomadhan,0.05906983961223203,1,0.05906983961223203
data\raw\dhan_shomadhan\White Background\Brown Spot\bs_wb_15.jpg,dhan_shomadhan,0.0643467252522068,1,0.0643467252522068
data\raw\dhan_shomadhan\White Background\Brown Spot\bs_wb_16.jpg,dhan_shomadhan,0.013881842094892812,1,0.013881842094892812
data\raw\dhan_shomadhan\White Background\Brown Spot\bs_wb_17.jpg,dhan_shomadhan,0.02482673096626734,1,0.02482673096626734
data\raw\dhan_shomadhan\White Background\Brown Spot\bs_wb_18.jpg,dhan_shomadhan,0.019908082440100883,1,0.019908082440100883
data\raw\dhan_shomadhan\White Background\Brown Spot\bs_wb_19.jpg,dhan_shomadhan,0.06277030954445145,1,0.06277030954445145
data\raw\dhan_shomadhan\White Background\Brown Spot\bs_wb_2.jpg,dhan_shomadhan,0.10444120428751576,1,0.10444120428751576
data\raw\dhan_shomadhan\White Background\Brown Spot\bs_wb_20.jpg,dhan_shomadhan,0.04099949263083228,1,0.04099949263083228
data\raw\dhan_shomadhan\White Background\Brown Spot\bs_wb_21.jpg,dhan_shomadhan,0.06914789072351829,1,0.06914789072351829
data\raw\dhan_shomadhan\White Background\Brown Spot\bs_wb_22.jpg,dhan_shomadhan,0.016955489438839847,1,0.016955489438839847
data\raw\dhan_shomadhan\White Background\Brown Spot\bs_wb_23.jpg,dhan_shomadhan,0.02289281703184111,1,0.02289281703184111
data\raw\dhan_shomadhan\White Background\Brown Spot\bs_wb_24.jpg,dhan_shomadhan,0.012585710907944515,1,0.012585710907944515
data\raw\dhan_shomadhan\White Background\Brown Spot\bs_wb_25.jpg,dhan_shomadhan,0.053878788028058004,1,0.053878788028058004
data\raw\dhan_shomadhan\White Background\Brown Spot\bs_wb_26.jpg,dhan_shomadhan,0.03465922525220681,1,0.03465922525220681
data\raw\dhan_shomadhan\White Background\Brown Spot\bs_wb_27.jpg,dhan_shomadhan,0.050161323691677175,1,0.050161323691677175
data\raw\dhan_shomadhan\White Background\Brown Spot\bs_wb_28.jpg,dhan_shomadhan,0.04627046717370744,1,0.04627046717370744
data\raw\dhan_shomadhan\White Background\Brown Spot\bs_wb_29.jpg,dhan_shomadhan,0.020890063445775535,1,0.020890063445775535
data\raw\dhan_shomadhan\White Background\Brown Spot\bs_wb_3.jpg,dhan_shomadhan,0.07485640959962168,1,0.07485640959962168
data\raw\dhan_shomadhan\White Background\Brown Spot\bs_wb_30.jpg,dhan_shomadhan,0.044921875,1,0.044921875
data\raw\dhan_shomadhan\White Background\Brown Spot\bs_wb_31.jpg,dhan_shomadhan,0.04177593986443884,1,0.04177593986443884
data\raw\dhan_shomadhan\White Background\Brown Spot\bs_wb_32.jpg,dhan_shomadhan,0.017375669924337957,1,0.017375669924337957
data\raw\dhan_shomadhan\White Background\Brown Spot\bs_wb_33.jpg,dhan_shomadhan,0.0360164377758512,1,0.0360164377758512
data\raw\dhan_shomadhan\White Background\Brown Spot\bs_wb_34.jpg,dhan_shomadhan,0.03369337661569988,1,0.03369337661569988
data\raw\dhan_shomadhan\White Background\Brown Spot\bs_wb_35.jpg,dhan_shomadhan,0.030469612034993696,1,0.030469612034993696
data\raw\dhan_shomadhan\White Background\Brown Spot\bs_wb_36.jpg,dhan_shomadhan,0.021813795515447668,1,0.021813795515447668
data\raw\dhan_shomadhan\White Background\Brown Spot\bs_wb_37.jpg,dhan_shomadhan,0.013031506147540983,1,0.013031506147540983
data\raw\dhan_shomadhan\White Background\Brown Spot\bs_wb_38.jpg,dhan_shomadhan,0.03238739360025221,1,0.03238739360025221
data\raw\dhan_shomadhan\White Background\Brown Spot\bs_wb_39.jpg,dhan_shomadhan,0.007599577356557377,1,0.007599577356557377
data\raw\dhan_shomadhan\White Background\Brown Spot\bs_wb_4.jpg,dhan_shomadhan,0.07823300066992434,1,0.07823300066992434
data\raw\dhan_shomadhan\White Background\Brown Spot\bs_wb_40.jpg,dhan_shomadhan,0.0142507930721942,1,0.0142507930721942
data\raw\dhan_shomadhan\White Background\Brown Spot\bs_wb_41.jpg,dhan_shomadhan,0.04373325189155107,1,0.04373325189155107
data\raw\dhan_shomadhan\White Background\Brown Spot\bs_wb_42.jpg,dhan_shomadhan,0.01974109394703657,1,0.01974109394703657
data\raw\dhan_shomadhan\White Background\Brown Spot\bs_wb_43.jpg,dhan_shomadhan,0.04568502226513241,1,0.04568502226513241
data\raw\dhan_shomadhan\White Background\Brown Spot\bs_wb_44.jpg,dhan_shomadhan,0.03015817110655738,1,0.03015817110655738
data\raw\dhan_shomadhan\White Background\Brown Spot\bs_wb_45.jpg,dhan_shomadhan,0.01107530245113493,1,0.01107530245113493
data\raw\dhan_shomadhan\White Background\Brown Spot\bs_wb_46.jpg,dhan_shomadhan,0.02247312913776797,1,0.02247312913776797
data\raw\dhan_shomadhan\White Background\Brown Spot\bs_wb_47.jpg,dhan_shomadhan,0.015411461617276167,1,0.015411461617276167
data\raw\dhan_shomadhan\White Background\Brown Spot\bs_wb_48.jpg,dhan_shomadhan,0.02935955725882724,1,0.02935955725882724
data\raw\dhan_shomadhan\White Background\Brown Spot\bs_wb_49.jpg,dhan_shomadhan,0.013239872320302649,1,0.013239872320302649
data\raw\dhan_shomadhan\White Background\Brown Spot\bs_wb_5.jpg,dhan_shomadhan,0.10273277407786885,1,0.10273277407786885
data\raw\dhan_shomadhan\White Background\Brown Spot\bs_wb_50.jpg,dhan_shomadhan,0.022346902585119798,1,0.022346902585119798
data\raw\dhan_shomadhan\White Background\Brown Spot\bs_wb_51.jpg,dhan_shomadhan,0.021940760955233292,1,0.021940760955233292
data\raw\dhan_shomadhan\White Background\Brown Spot\bs_wb_52.jpg,dhan_shomadhan,0.09397474483764187,1,0.09397474483764187
data\raw\dhan_shomadhan\White Background\Brown Spot\bs_wb_53.jpg,dhan_shomadhan,0.09740145708543506,1,0.09740145708543506
data\raw\dhan_shomadhan\White Background\Brown Spot\bs_wb_54.jpg,dhan_shomadhan,0.0732662013319672,1,0.0732662013319672
data\raw\dhan_shomadhan\White Background\Brown Spot\bs_wb_55.jpg,dhan_shomadhan,0.09802360005517025,1,0.09802360005517025
data\raw\dhan_shomadhan\White Background\Brown Spot\bs_wb_56.jpg,dhan_shomadhan,0.07659119345050441,1,0.07659119345050441
data\raw\dhan_shomadhan\White Background\Brown Spot\bs_wb_57.jpg,dhan_shomadhan,0.08339191066361917,1,0.08339191066361917
data\raw\dhan_shomadhan\White Background\Brown Spot\bs_wb_58.jpg,dhan_shomadhan,0.03654006246059269,1,0.03654006246059269
data\raw\dhan_shomadhan\White Background\Brown Spot\bs_wb_59.jpg,dhan_shomadhan,0.07177401875788146,1,0.07177401875788146
data\raw\dhan_shomadhan\White Background\Brown Spot\bs_wb_6.jpg,dhan_shomadhan,0.06054983054854981,1,0.06054983054854981
data\raw\dhan_shomadhan\White Background\Brown Spot\bs_wb_60.jpg,dhan_shomadhan,0.011559766117591425,1,0.011559766117591425
data\raw\dhan_shomadhan\White Background\Brown Spot\bs_wb_61.jpg,dhan_shomadhan,0.07761430584016393,1,0.07761430584016393
data\raw\dhan_shomadhan\White Background\Brown Spot\bs_wb_62.jpg,dhan_shomadhan,0.07279836262610341,1,0.07279836262610341
data\raw\dhan_shomadhan\White Background\Brown Spot\bs_wb_63.jpg,dhan_shomadhan,0.051776161530580074,1,0.051776161530580074
data\raw\dhan_shomadhan\White Background\Brown Spot\bs_wb_64.jpg,dhan_shomadhan,0.11157417441677175,1,0.11157417441677175
data\raw\dhan_shomadhan\White Background\Brown Spot\bs_wb_65.jpg,dhan_shomadhan,0.0900171421815889,1,0.0900171421815889
data\raw\dhan_shomadhan\White Background\Brown Spot\bs_wb_66.jpg,dhan_shomadhan,0.1314297958701135,1,0.1314297958701135
data\raw\dhan_shomadhan\White Background\Brown Spot\bs_wb_67.jpg,dhan_shomadhan,0.12936288225094578,1,0.12936288225094578
data\raw\dhan_shomadhan\White Background\Brown Spot\bs_wb_68.jpg,dhan_shomadhan,0.1322465124527112,1,0.1322465124527112
data\raw\dhan_shomadhan\White Background\Brown Spot\bs_wb_69.jpg,dhan_shomadhan,0.06605133787831022,1,0.06605133787831022
data\raw\dhan_shomadhan\White Background\Brown Spot\bs_wb_7.jpg,dhan_shomadhan,0.06930601257093316,1,0.06930601257093316
data\raw\dhan_shomadhan\White Background\Brown Spot\bs_wb_70.jpg,dhan_shomadhan,0.176535530619483,1,0.176535530619483
data\raw\dhan_shomadhan\White Background\Brown Spot\bs_wb_71.jpg,dhan_shomadhan,0.17123438485182849,1,0.17123438485182849
data\raw\dhan_shomadhan\White Background\Brown Spot\bs_wb_72.jpg,dhan_shomadhan,0.08464974286727617,1,0.08464974286727617
data\raw\dhan_shomadhan\White Background\Brown Spot\bs_wb_73.jpg,dhan_shomadhan,0.1351773082834174,1,0.1351773082834174
data\raw\dhan_shomadhan\White Background\Brown Spot\bs_wb_74.jpg,dhan_shomadhan,0.1845305357424338,1,0.1845305357424338
data\raw\dhan_shomadhan\White Background\Brown Spot\bs_wb_75.jpg,dhan_shomadhan,0.05128898861128625,1,0.05128898861128625
data\raw\dhan_shomadhan\White Background\Brown Spot\bs_wb_76.jpg,dhan_shomadhan,0.10174796067150063,1,0.10174796067150063
data\raw\dhan_shomadhan\White Background\Brown Spot\bs_wb_77.jpg,dhan_shomadhan,0.10162887669451451,1,0.10162887669451451
data\raw\dhan_shomadhan\White Background\Brown Spot\bs_wb_78.jpg,dhan_shomadhan,0.11609234611443885,1,0.11609234611443885
data\raw\dhan_shomadhan\White Background\Brown Spot\bs_wb_79.jpg,dhan_shomadhan,0.09479330863808323,1,0.09479330863808323
data\raw\dhan_shomadhan\White Background\Brown Spot\bs_wb_8.jpg,dhan_shomadhan,0.07122231636191677,1,0.07122231636191677
data\raw\dhan_shomadhan\White Background\Brown Spot\bs_wb_80.jpg,dhan_shomadhan,0.1330350281762295,1,0.1330350281762295
data\raw\dhan_shomadhan\White Background\Brown Spot\bs_wb_81.jpg,dhan_shomadhan,0.0826008088351198,1,0.0826008088351198
data\raw\dhan_shomadhan\White Background\Brown Spot\bs_wb_82.jpg,dhan_shomadhan,0.06669121413934426,1,0.06669121413934426
data\raw\dhan_shomadhan\White Background\Brown Spot\bs_wb_83.jpg,dhan_shomadhan,0.0726647472020807,1,0.0726647472020807
data\raw\dhan_shomadhan\White Background\Brown Spot\bs_wb_84.jpg,dhan_shomadhan,0.11036621709489282,1,0.11036621709489282
data\raw\dhan_shomadhan\White Background\Brown Spot\bs_wb_85.jpg,dhan_shomadhan,0.0815187086223203,1,0.0815187086223203
data\raw\dhan_shomadhan\White Background\Brown Spot\bs_wb_86.jpg,dhan_shomadhan,0.07660178416614123,1,0.07660178416614123
data\raw\dhan_shomadhan\White Background\Brown Spot\bs_wb_87.jpg,dhan_shomadhan,0.08959363670397226,1,0.08959363670397226
data\raw\dhan_shomadhan\White Background\Brown Spot\bs_wb_88.jpg,dhan_shomadhan,0.13260758196721312,1,0.13260758196721312
data\raw\dhan_shomadhan\White Background\Brown Spot\bs_wb_89.jpg,dhan_shomadhan,0.14716230394861285,1,0.14716230394861285
data\raw\dhan_shomadhan\White Background\Brown Spot\bs_wb_9.jpg,dhan_shomadhan,0.0778735320775536,1,0.0778735320775536
data\raw\dhan_shomadhan\White Background\Leaf Scaled\ls_wb_0.jpg,dhan_shomadhan,0.010446755792875158,1,0.010446755792875158
data\raw\dhan_shomadhan\White Background\Leaf Scaled\ls_wb_1.jpg,dhan_shomadhan,0.062105064825031524,1,0.062105064825031524
data\raw\dhan_shomadhan\White Background\Leaf Scaled\ls_wb_10.jpg,dhan_shomadhan,0.03956642102774275,1,0.03956642102774275
data\raw\dhan_shomadhan\White Background\Leaf Scaled\ls_wb_100.jpg,dhan_shomadhan,0.07872288284205549,1,0.07872288284205549
data\raw\dhan_shomadhan\White Background\Leaf Scaled\ls_wb_101.jpg,dhan_shomadhan,0.07498953243221942,1,0.07498953243221942
data\raw\dhan_shomadhan\White Background\Leaf Scaled\ls_wb_102.jpg,dhan_shomadhan,0.08516068332282471,1,0.08516068332282471
data\raw\dhan_shomadhan\White Background\Leaf Scaled\ls_wb_103.jpg,dhan_shomadhan,0.12983995704602774,1,0.12983995704602774
data\raw\dhan_shomadhan\White Background\Leaf Scaled\ls_wb_104.jpg,dhan_shomadhan,0.04720577514186633,1,0.04720577514186633
data\raw\dhan_shomadhan\White Background\Leaf Scaled\ls_wb_105.jpg,dhan_shomadhan,0.04590274767496847,1,0.04590274767496847
data\raw\dhan_shomadhan\White Background\Leaf Scaled\ls_wb_106.jpg,dhan_shomadhan,0.09343609611443884,1,0.09343609611443884
data\raw\dhan_shomadhan\White Background\Leaf Scaled\ls_wb_107.jpg,dhan_shomadhan,0.0632569898723203,1,0.0632569898723203
data\raw\dhan_shomadhan\White Background\Leaf Scaled\ls_wb_108.jpg,dhan_shomadhan,0.06835789722572509,1,0.06835789722572509
data\raw\dhan_shomadhan\White Background\Leaf Scaled\ls_wb_109.jpg,dhan_shomadhan,0.09399309386822194,1,0.09399309386822194
data\raw\dhan_shomadhan\White Background\Leaf Scaled\ls_wb_11.jpg,dhan_shomadhan,0.03978451588114754,1,0.03978451588114754
data\raw\dhan_shomadhan\White Background\Leaf Scaled\ls_wb_110.jpg,dhan_shomadhan,0.03188236424180328,1,0.03188236424180328
data\raw\dhan_shomadhan\White Background\Leaf Scaled\ls_wb_111.jpg,dhan_shomadhan,0.042173214848675915,1,0.042173214848675915
data\raw\dhan_shomadhan\White Background\Leaf Scaled\ls_wb_112.jpg,dhan_shomadhan,0.10450930505201765,1,0.10450930505201765
data\raw\dhan_shomadhan\White Background\Leaf Scaled\ls_wb_113.jpg,dhan_shomadhan,0.0403922505517024,1,0.0403922505517024
data\raw\dhan_shomadhan\White Background\Leaf Scaled\ls_wb_114.jpg,dhan_shomadhan,0.08325731005674654,1,0.08325731005674654
data\raw\dhan_shomadhan\White Background\Leaf Scaled\ls_wb_115.jpg,dhan_shomadhan,0.1015475991093947,1,0.1015475991093947
data\raw\dhan_shomadhan\White Background\Leaf Scaled\ls_wb_116.jpg,dhan_shomadhan,0.1020539830942623,1,0.1020539830942623
data\raw\dhan_shomadhan\White Background\Leaf Scaled\ls_wb_117.jpg,dhan_shomadhan,0.09054113630989911,1,0.09054113630989911
data\raw\dhan_shomadhan\White Background\Leaf Scaled\ls_wb_118.jpg,dhan_shomadhan,0.17533841030895334,1,0.17533841030895334
data\raw\dhan_shomadhan\White Background\Leaf Scaled\ls_wb_119.jpg,dhan_shomadhan,0.18830390920554854,1,0.18830390920554854
data\raw\dhan_shomadhan\White Background\Leaf Scaled\ls_wb_12.jpg,dhan_shomadhan,0.022706001733921816,1,0.022706001733921816
data\raw\dhan_shomadhan\White Background\Leaf Scaled\ls_wb_120.jpg,dhan_shomadhan,0.13587186219262296,1,0.13587186219262296
data\raw\dhan_shomadhan\White Background\Leaf Scaled\ls_wb_121.jpg,dhan_shomadhan,0.07730606675598992,1,0.07730606675598992
data\raw\dhan_shomadhan\White Background\Leaf Scaled\ls_wb_122.jpg,dhan_shomadhan,0.11714772324243379,1,0.11714772324243379
data\raw\dhan_shomadhan\White Background\Leaf Scaled\ls_wb_123.jpg,dhan_shomadhan,0.046651240345208074,1,0.046651240345208074
data\raw\dhan_shomadhan\White Background\Leaf Scaled\ls_wb_124.jpg,dhan_shomadhan,0.15924064568883986,1,0.15924064568883986
data\raw\dhan_shomadhan\White Background\Leaf Scaled\ls_wb_125.jpg,dhan_shomadhan,0.09650260088272383,1,0.09650260088272383
data\raw\dhan_shomadhan\White Background\Leaf Scaled\ls_wb_126.jpg,dhan_shomadhan,0.08999879315100882,1,0.08999879315100882
data\raw\dhan_shomadhan\White Background\Leaf Scaled\ls_wb_127.jpg,dhan_shomadhan,0.084414161018285,1,0.084414161018285
data\raw\dhan_shomadhan\White Background\Leaf Scaled\ls_wb_128.jpg,dhan_shomadhan,0.04438408831179067,1,0.04438408831179067
data\raw\dhan_shomadhan\White Background\Leaf Scaled\ls_wb_129.jpg,dhan_shomadhan,0.05263844281998739,1,0.05263844281998739
data\raw\dhan_shomadhan\White Background\Leaf Scaled\ls_wb_13.jpg,dhan_shomadhan,0.012806638162042874,1,0.012806638162042874
data\raw\dhan_shomadhan\White Background\Leaf Scaled\ls_wb_130.jpg,dhan_shomadhan,0.06164929460907945,1,0.06164929460907945
data\raw\dhan_shomadhan\White Background\Leaf Scaled\ls_wb_131.jpg,dhan_shomadhan,0.060503034363177804,1,0.060503034363177804
data\raw\dhan_shomadhan\White Background\Leaf Scaled\ls_wb_132.jpg,dhan_shomadhan,0.04109948869010088,1,0.04109948869010088
data\raw\dhan_shomadhan\White Background\Leaf Scaled\ls_wb_133.jpg,dhan_shomadhan,0.03702169372635561,1,0.03702169372635561
data\raw\dhan_shomadhan\White Background\Leaf Scaled\ls_wb_134.jpg,dhan_shomadhan,0.03652725508354351,1,0.03652725508354351
data\raw\dhan_shomadhan\White Background\Leaf Scaled\ls_wb_135.jpg,dhan_shomadhan,0.1287220208070618,1,0.1287220208070618
data\raw\dhan_shomadhan\White Background\Leaf Scaled\ls_wb_136.jpg,dhan_shomadhan,0.08721368123423708,1,0.08721368123423708
data\raw\dhan_shomadhan\White Background\Leaf Scaled\ls_wb_137.jpg,dhan_shomadhan,0.07489175303436318,1,0.07489175303436318
data\raw\dhan_shomadhan\White Background\Leaf Scaled\ls_wb_138.jpg,dhan_shomadhan,0.0479781584962169,1,0.0479781584962169
data\raw\dhan_shomadhan\White Background\Leaf Scaled\ls_wb_139.jpg,dhan_shomadhan,0.07379265841740228,1,0.07379265841740228
data\raw\dhan_shomadhan\White Background\Leaf Scaled\ls_wb_14.jpg,dhan_shomadhan,0.04294436672446406,1,0.04294436672446406
data\raw\dhan_shomadhan\White Background\Leaf Scaled\ls_wb_140.jpg,dhan_shomadhan,0.06465090045712485,1,0.06465090045712485
data\raw\dhan_shomadhan\White Background\Leaf Scaled\ls_wb_141.jpg,dhan_shomadhan,0.11046719833701135,1,0.11046719833701135
data\raw\dhan_shomadhan\White Background\Leaf Scaled\ls_wb_142.jpg,dhan_shomadhan,0.08732057357345524,1,0.08732057357345524
data\raw\dhan_shomadhan\White Background\Leaf Scaled\ls_wb_15.jpg,dhan_shomadhan,0.036324307416456494,1,0.036324307416456494
data\raw\dhan_shomadhan\White Background\Leaf Scaled\ls_wb_16.jpg,dhan_shomadhan,0.04838540845680958,1,0.04838540845680958
data\raw\dhan_shomadhan\White Background\Leaf Scaled\ls_wb_17.jpg,dhan_shomadhan,0.008911840912673392,1,0.008911840912673392
data\raw\dhan_shomadhan\White Background\Leaf Scaled\ls_wb_18.jpg,dhan_shomadhan,0.029582701174337957,1,0.029582701174337957
data\raw\dhan_shomadhan\White Background\Leaf Scaled\ls_wb_19.jpg,dhan_shomadhan,0.008413092094892813,1,0.008413092094892813
data\raw\dhan_shomadhan\White Background\Leaf Scaled\ls_wb_2.jpg,dhan_shomadhan,0.021977951607818413,1,0.021977951607818413
data\raw\dhan_shomadhan\White Background\Leaf Scaled\ls_wb_20.jpg,dhan_shomadhan,0.022989734394703656,1,0.022989734394703656
data\raw\dhan_shomadhan\White Background\Leaf Scaled\ls_wb_21.jpg,dhan_shomadhan,0.029512260600567466,1,0.029512260600567466
data\raw\dhan_shomadhan\White Background\Leaf Scaled\ls_wb_22.jpg,dhan_shomadhan,0.015242010167087011,1,0.015242010167087011
data\raw\dhan_shomadhan\White Background\Leaf Scaled\ls_wb_23.jpg,dhan_shomadhan,0.010364862468474149,1,0.010364862468474149
data\raw\dhan_shomadhan\White Background\Leaf Scaled\ls_wb_24.jpg,dhan_shomadhan,0.017113241842686002,1,0.017113241842686002
data\raw\dhan_shomadhan\White Background\Leaf Scaled\ls_wb_25.jpg,dhan_shomadhan,0.03324117768757882,1,0.03324117768757882
data\raw\dhan_shomadhan\White Background\Leaf Scaled\ls_wb_26.jpg,dhan_shomadhan,0.04068349523171501,1,0.04068349523171501
data\raw\dhan_shomadhan\White Background\Leaf Scaled\ls_wb_27.jpg,dhan_shomadhan,0.014724296579445144,1,0.014724296579445144
data\raw\dhan_shomadhan\White Background\Leaf Scaled\ls_wb_28.jpg,dhan_shomadhan,0.014385639974779318,1,0.014385639974779318
data\raw\dhan_shomadhan\White Background\Leaf Scaled\ls_wb_29.jpg,dhan_shomadhan,0.011949036491172762,1,0.011949036491172762
data\raw\dhan_shomadhan\White Background\Leaf Scaled\ls_wb_3.jpg,dhan_shomadhan,0.0957984414407314,1,0.0957984414407314
data\raw\dhan_shomadhan\White Background\Leaf Scaled\ls_wb_30.jpg,dhan_shomadhan,0.04063965459489281,1,0.04063965459489281
data\raw\dhan_shomadhan\White Background\Leaf Scaled\ls_wb_31.jpg,dhan_shomadhan,0.022100237429066836,1,0.022100237429066836
data\raw\dhan_shomadhan\White Background\Leaf Scaled\ls_wb_32.jpg,dhan_shomadhan,0.023485035072509458,1,0.023485035072509458
data\raw\dhan_shomadhan\White Background\Leaf Scaled\ls_wb_33.jpg,dhan_shomadhan,0.02912372911412358,1,0.02912372911412358
data\raw\dhan_shomadhan\White Background\Leaf Scaled\ls_wb_34.jpg,dhan_shomadhan,0.01781013556116015,1,0.01781013556116015
data\raw\dhan_shomadhan\White Background\Leaf Scaled\ls_wb_35.jpg,dhan_shomadhan,0.006723380359394703,1,0.006723380359394703
data\raw\dhan_shomadhan\White Background\Leaf Scaled\ls_wb_36.jpg,dhan_shomadhan,0.00818391393442623,1,0.00818391393442623
data\raw\dhan_shomadhan\White Background\Leaf Scaled\ls_wb_37.jpg,dhan_shomadhan,0.015216025969419924,1,0.015216025969419924
data\raw\dhan_shomadhan\White Background\Leaf Scaled\ls_wb_38.jpg,dhan_shomadhan,0.013249108409520807,1,0.013249108409520807
data\raw\dhan_shomadhan\White Background\Leaf Scaled\ls_wb_39.jpg,dhan_shomadhan,0.03638452671815889,1,0.03638452671815889
data\raw\dhan_shomadhan\White Background\Leaf Scaled\ls_wb_4.jpg,dhan_shomadhan,0.05878339769861286,1,0.05878339769861286
data\raw\dhan_shomadhan\White Background\Leaf Scaled\ls_wb_40.jpg,dhan_shomadhan,0.0037738660545397224,1,0.0037738660545397224
data\raw\dhan_shomadhan\White Background\Leaf Scaled\ls_wb_41.jpg,dhan_shomadhan,0.0034120576529003783,1,0.0034120576529003783
data\raw\dhan_shomadhan\White Background\Leaf Scaled\ls_wb_42.jpg,dhan_shomadhan,0.028058500157629257,1,0.028058500157629257
data\raw\dhan_shomadhan\White Background\Leaf Scaled\ls_wb_43.jpg,dhan_shomadhan,0.038457720877994955,1,0.038457720877994955
data\raw\dhan_shomadhan\White Background\Leaf Scaled\ls_wb_44.jpg,dhan_shomadhan,0.032549948770491804,1,0.032549948770491804
data\raw\dhan_shomadhan\White Background\Leaf Scaled\ls_wb_45.jpg,dhan_shomadhan,0.008171476000945775,1,0.008171476000945775
data\raw\dhan_shomadhan\White Background\Leaf Scaled\ls_wb_46.jpg,dhan_shomadhan,0.01531454425441362,1,0.01531454425441362
data\raw\dhan_shomadhan\White Background\Leaf Scaled\ls_wb_47.jpg,dhan_shomadhan,0.013656481517969735,1,0.013656481517969735
data\raw\dhan_shomadhan\White Background\Leaf Scaled\ls_wb_48.jpg,dhan_shomadhan,0.019139639817150063,1,0.019139639817150063
data\raw\dhan_shomadhan\White Background\Leaf Scaled\ls_wb_49.jpg,dhan_shomadhan,0.03620497714375788,1,0.03620497714375788
data\raw\dhan_shomadhan\White Background\Leaf Scaled\ls_wb_5.jpg,dhan_shomadhan,0.32269356380044134,1,0.32269356380044134
data\raw\dhan_shomadhan\White Background\Leaf Scaled\ls_wb_50.jpg,dhan_shomadhan,0.027925869916456493,1,0.027925869916456493
data\raw\dhan_shomadhan\White Background\Leaf Scaled\ls_wb_51.jpg,dhan_shomadhan,0.04421340538303909,1,0.04421340538303909
data\raw\dhan_shomadhan\White Background\Leaf Scaled\ls_wb_52.jpg,dhan_shomadhan,0.01646843966740227,1,0.01646843966740227
data\raw\dhan_shomadhan\White Background\Leaf Scaled\ls_wb_53.jpg,dhan_shomadhan,0.012990744207124842,1,0.012990744207124842
data\raw\dhan_shomadhan\White Background\Leaf Scaled\ls_wb_54.jpg,dhan_shomadhan,0.6926975784205549,1,0.6926975784205549
data\raw\dhan_shomadhan\White Background\Leaf Scaled\ls_wb_55.jpg,dhan_shomadhan,0.031498389226040355,1,0.031498389226040355
data\raw\dhan_shomadhan\White Background\Leaf Scaled\ls_wb_56.jpg,dhan_shomadhan,0.05234547406998739,1,0.05234547406998739
data\raw\dhan_shomadhan\White Background\Leaf Scaled\ls_wb_57.jpg,dhan_shomadhan,0.08904993891866331,1,0.08904993891866331
data\raw\dhan_shomadhan\White Background\Leaf Scaled\ls_wb_58.jpg,dhan_shomadhan,0.06495729232345523,1,0.06495729232345523
data\raw\dhan_shomadhan\White Background\Leaf Scaled\ls_wb_59.jpg,dhan_shomadhan,0.08496844951923077,1,0.08496844951923077
data\raw\dhan_shomadhan\White Background\Leaf Scaled\ls_wb_6.jpg,dhan_shomadhan,0.016359576962484235,1,0.016359576962484235
data\raw\dhan_shomadhan\White Background\Leaf Scaled\ls_wb_60.jpg,dhan_shomadhan,0.1223647590242749,1,0.1223647590242749
data\raw\dhan_shomadhan\White Background\Leaf Scaled\ls_wb_61.jpg,dhan_shomadhan,0.03236411865542245,1,0.03236411865542245
data\raw\dhan_shomadhan\White Background\Leaf Scaled\ls_wb_62.jpg,dhan_shomadhan,0.1415489783653846,1,0.1415489783653846
data\raw\dhan_shomadhan\White Background\Leaf Scaled\ls_wb_63.jpg,dhan_shomadhan,0.0709937539407314,1,0.0709937539407314
data\raw\dhan_shomadhan\White Background\Leaf Scaled\ls_wb_64.jpg,dhan_shomadhan,0.09548909402585119,1,0.09548909402585119
data\raw\dhan_shomadhan\White Background\Leaf Scaled\ls_wb_65.jpg,dhan_shomadhan,0.02521575504413619,1,0.02521575504413619
data\raw\dhan_shomadhan\White Background\Leaf Scaled\ls_wb_66.jpg,dhan_shomadhan,0.060489734394703655,1,0.060489734394703655
data\raw\dhan_shomadhan\White Background\Leaf Scaled\ls_wb_67.jpg,dhan_shomadhan,0.042690066401324084,1,0.042690066401324084
data\raw\dhan_shomadhan\White Background\Leaf Scaled\ls_wb_68.jpg,dhan_shomadhan,0.06757319908575031,1,0.06757319908575031
data\raw\dhan_shomadhan\White Background\Leaf Scaled\ls_wb_69.jpg,dhan_shomadhan,0.09179281112074401,1,0.09179281112074401
data\raw\dhan_shomadhan\White Background\Leaf Scaled\ls_wb_7.jpg,dhan_shomadhan,0.06057409067622951,1,0.06057409067622951
data\raw\dhan_shomadhan\White Background\Leaf Scaled\ls_wb_70.jpg,dhan_shomadhan,0.10480079602774275,1,0.10480079602774275
data\raw\dhan_shomadhan\White Background\Leaf Scaled\ls_wb_71.jpg,dhan_shomadhan,0.1210554510167087,1,0.1210554510167087
data\raw\dhan_shomadhan\White Background\Leaf Scaled\ls_wb_72.jpg,dhan_shomadhan,0.09035592193411097,1,0.09035592193411097
data\raw\dhan_shomadhan\White Background\Leaf Scaled\ls_wb_73.jpg,dhan_shomadhan,0.04837543348045397,1,0.04837543348045397
data\raw\dhan_shomadhan\White Background\Leaf Scaled\ls_wb_74.jpg,dhan_shomadhan,0.02825516728404792,1,0.02825516728404792
data\raw\dhan_shomadhan\White Background\Leaf Scaled\ls_wb_75.jpg,dhan_shomadhan,0.09357623837484237,1,0.09357623837484237
data\raw\dhan_shomadhan\White Background\Leaf Scaled\ls_wb_76.jpg,dhan_shomadhan,0.09586654220523329,1,0.09586654220523329
data\raw\dhan_shomadhan\White Background\Leaf Scaled\ls_wb_77.jpg,dhan_shomadhan,0.11083171599148801,1,0.11083171599148801
data\raw\dhan_shomadhan\White Background\Leaf Scaled\ls_wb_78.jpg,dhan_shomadhan,0.048753497399117274,1,0.048753497399117274
data\raw\dhan_shomadhan\White Background\Leaf Scaled\ls_wb_79.jpg,dhan_shomadhan,0.053037318726355615,1,0.053037318726355615
data\raw\dhan_shomadhan\White Background\Leaf Scaled\ls_wb_8.jpg,dhan_shomadhan,0.01789202888556116,1,0.01789202888556116
data\raw\dhan_shomadhan\White Background\Leaf Scaled\ls_wb_80.jpg,dhan_shomadhan,0.07995276048234552,1,0.07995276048234552
data\raw\dhan_shomadhan\White Background\Leaf Scaled\ls_wb_81.jpg,dhan_shomadhan,0.09423926643284994,1,0.09423926643284994
data\raw\dhan_shomadhan\White Background\Leaf Scaled\ls_wb_82.jpg,dhan_shomadhan,0.03899858626261034,1,0.03899858626261034
data\raw\dhan_shomadhan\White Background\Leaf Scaled\ls_wb_83.jpg,dhan_shomadhan,0.09356133748423708,1,0.09356133748423708
data\raw\dhan_shomadhan\White Background\Leaf Scaled\ls_wb_84.jpg,dhan_shomadhan,0.07158708031210592,1,0.07158708031210592
data\raw\dhan_shomadhan\White Background\Leaf Scaled\ls_wb_85.jpg,dhan_shomadhan,0.04078016629886507,1,0.04078016629886507
data\raw\dhan_shomadhan\White Background\Leaf Scaled\ls_wb_86.jpg,dhan_shomadhan,0.07560514856557377,1,0.07560514856557377
data\raw\dhan_shomadhan\White Background\Leaf Scaled\ls_wb_87.jpg,dhan_shomadhan,0.0742313110813367,1,0.0742313110813367
data\raw\dhan_shomadhan\White Background\Leaf Scaled\ls_wb_88.jpg,dhan_shomadhan,0.07043109138556115,1,0.07043109138556115
data\raw\dhan_shomadhan\White Background\Leaf Scaled\ls_wb_89.jpg,dhan_shomadhan,0.06988542323455234,1,0.06988542323455234
data\raw\dhan_shomadhan\White Background\Leaf Scaled\ls_wb_9.jpg,dhan_shomadhan,0.029521373541929383,1,0.029521373541929383
data\raw\dhan_shomadhan\White Background\Leaf Scaled\ls_wb_90.jpg,dhan_shomadhan,0.07485899570460278,1,0.07485899570460278
data\raw\dhan_shomadhan\White Background\Leaf Scaled\ls_wb_91.jpg,dhan_shomadhan,0.06480224917244641,1,0.06480224917244641
data\raw\dhan_shomadhan\White Background\Leaf Scaled\ls_wb_92.jpg,dhan_shomadhan,0.09567307692307692,1,0.09567307692307692
data\raw\dhan_shomadhan\White Background\Leaf Scaled\ls_wb_93.jpg,dhan_shomadhan,0.12586831553436317,1,0.12586831553436317
data\raw\dhan_shomadhan\White Background\Leaf Scaled\ls_wb_94.jpg,dhan_shomadhan,0.059299140920554855,1,0.059299140920554855
data\raw\dhan_shomadhan\White Background\Leaf Scaled\ls_wb_95.jpg,dhan_shomadhan,0.09492581573139974,1,0.09492581573139974
data\raw\dhan_shomadhan\White Background\Leaf Scaled\ls_wb_96.jpg,dhan_shomadhan,0.08183088843789407,1,0.08183088843789407
data\raw\dhan_shomadhan\White Background\Leaf Scaled\ls_wb_97.jpg,dhan_shomadhan,0.07309367118537201,1,0.07309367118537201
data\raw\dhan_shomadhan\White Background\Leaf Scaled\ls_wb_98.jpg,dhan_shomadhan,0.058934253822509455,1,0.058934253822509455
data\raw\dhan_shomadhan\White Background\Leaf Scaled\ls_wb_99.jpg,dhan_shomadhan,0.027705927845208072,1,0.027705927845208072
data\raw\dhan_shomadhan\White Background\Rice Blast\rb_wb_0.jpg,dhan_shomadhan,0.08264230966267339,1,0.08264230966267339
data\raw\dhan_shomadhan\White Background\Rice Blast\rb_wb_1.jpg,dhan_shomadhan,0.1573291446642497,1,0.1573291446642497
data\raw\dhan_shomadhan\White Background\Rice Blast\rb_wb_10.jpg,dhan_shomadhan,0.09248662614281211,1,0.09248662614281211
data\raw\dhan_shomadhan\White Background\Rice Blast\rb_wb_100.jpg,dhan_shomadhan,0.13806586439943253,1,0.13806586439943253
data\raw\dhan_shomadhan\White Background\Rice Blast\rb_wb_101.jpg,dhan_shomadhan,0.11815458011506935,1,0.11815458011506935
data\raw\dhan_shomadhan\White Background\Rice Blast\rb_wb_102.jpg,dhan_shomadhan,0.16469806608606558,1,0.16469806608606558
data\raw\dhan_shomadhan\White Background\Rice Blast\rb_wb_103.jpg,dhan_shomadhan,0.11616426446248423,1,0.11616426446248423
data\raw\dhan_shomadhan\White Background\Rice Blast\rb_wb_104.jpg,dhan_shomadhan,0.11008125295554855,1,0.11008125295554855
data\raw\dhan_shomadhan\White Background\Rice Blast\rb_wb_105.jpg,dhan_shomadhan,0.10192541673234552,1,0.10192541673234552
data\raw\dhan_shomadhan\White Background\Rice Blast\rb_wb_106.jpg,dhan_shomadhan,0.09236520235655737,1,0.09236520235655737
data\raw\dhan_shomadhan\White Background\Rice Blast\rb_wb_107.jpg,dhan_shomadhan,0.09437990128467844,1,0.09437990128467844
data\raw\dhan_shomadhan\White Background\Rice Blast\rb_wb_108.jpg,dhan_shomadhan,0.15262107897225724,1,0.15262107897225724
data\raw\dhan_shomadhan\White Background\Rice Blast\rb_wb_109.jpg,dhan_shomadhan,0.09670875039407315,1,0.09670875039407315
data\raw\dhan_shomadhan\White Background\Rice Blast\rb_wb_11.jpg,dhan_shomadhan,0.048476291574716265,1,0.048476291574716265
data\raw\dhan_shomadhan\White Background\Rice Blast\rb_wb_110.jpg,dhan_shomadhan,0.13466464375788145,1,0.13466464375788145
data\raw\dhan_shomadhan\White Background\Rice Blast\rb_wb_111.jpg,dhan_shomadhan,0.10154070282944515,1,0.10154070282944515
data\raw\dhan_shomadhan\White Background\Rice Blast\rb_wb_112.jpg,dhan_shomadhan,0.12766491960907944,1,0.12766491960907944
data\raw\dhan_shomadhan\White Background\Rice Blast\rb_wb_113.jpg,dhan_shomadhan,0.09997401580233291,1,0.09997401580233291
data\raw\dhan_shomadhan\White Background\Rice Blast\rb_wb_114.jpg,dhan_shomadhan,0.09793259378940732,1,0.09793259378940732
data\raw\dhan_shomadhan\White Background\Rice Blast\rb_wb_115.jpg,dhan_shomadhan,0.07044476079760403,1,0.07044476079760403
data\raw\dhan_shomadhan\White Background\Rice Blast\rb_wb_116.jpg,dhan_shomadhan,0.12662752206809583,1,0.12662752206809583
data\raw\dhan_shomadhan\White Background\Rice Blast\rb_wb_117.jpg,dhan_shomadhan,0.08399976848203027,1,0.08399976848203027
data\raw\dhan_shomadhan\White Background\Rice Blast\rb_wb_118.jpg,dhan_shomadhan,0.11629652526008827,1,0.11629652526008827
data\raw\dhan_shomadhan\White Background\Rice Blast\rb_wb_119.jpg,dhan_shomadhan,0.14203996886822196,1,0.14203996886822196
data\raw\dhan_shomadhan\White Background\Rice Blast\rb_wb_12.jpg,dhan_shomadhan,0.06507551426544766,1,0.06507551426544766
data\raw\dhan_shomadhan\White Background\Rice Blast\rb_wb_120.jpg,dhan_shomadhan,0.09753347158732661,1,0.09753347158732661
data\raw\dhan_shomadhan\White Background\Rice Blast\rb_wb_121.jpg,dhan_shomadhan,0.1374091168820933,1,0.1374091168820933
data\raw\dhan_shomadhan\White Background\Rice Blast\rb_wb_122.jpg,dhan_shomadhan,0.08512226119167718,1,0.08512226119167718
data\raw\dhan_shomadhan\White Background\Rice Blast\rb_wb_123.jpg,dhan_shomadhan,0.17900550717213115,1,0.17900550717213115
data\raw\dhan_shomadhan\White Background\Rice Blast\rb_wb_124.jpg,dhan_shomadhan,0.11617189962957125,1,0.11617189962957125
data\raw\dhan_shomadhan\White Background\Rice Blast\rb_wb_125.jpg,dhan_shomadhan,0.10315726473833543,1,0.10315726473833543
data\raw\dhan_shomadhan\White Background\Rice Blast\rb_wb_126.jpg,dhan_shomadhan,0.0957876044293821,1,0.0957876044293821
data\raw\dhan_shomadhan\White Background\Rice Blast\rb_wb_127.jpg,dhan_shomadhan,0.15122876930958387,1,0.15122876930958387
data\raw\dhan_shomadhan\White Background\Rice Blast\rb_wb_128.jpg,dhan_shomadhan,0.09906247537042875,1,0.09906247537042875
data\raw\dhan_shomadhan\White Background\Rice Blast\rb_wb_129.jpg,dhan_shomadhan,0.10972400102459016,1,0.10972400102459016
data\raw\dhan_shomadhan\White Background\Rice Blast\rb_wb_13.jpg,dhan_shomadhan,0.06290220089848676,1,0.06290220089848676
data\raw\dhan_shomadhan\White Background\Rice Blast\rb_wb_130.jpg,dhan_shomadhan,0.10868574144861286,1,0.10868574144861286
data\raw\dhan_shomadhan\White Background\Rice Blast\rb_wb_131.jpg,dhan_shomadhan,0.1441576194041614,1,0.1441576194041614
data\raw\dhan_shomadhan\White Background\Rice Blast\rb_wb_132.jpg,dhan_shomadhan,0.12489544747005044,1,0.12489544747005044
data\raw\dhan_shomadhan\White Background\Rice Blast\rb_wb_133.jpg,dhan_shomadhan,0.13661037988650693,1,0.13661037988650693
data\raw\dhan_shomadhan\White Background\Rice Blast\rb_wb_134.jpg,dhan_shomadhan,0.11704723459174023,1,0.11704723459174023
data\raw\dhan_shomadhan\White Background\Rice Blast\rb_wb_135.jpg,dhan_shomadhan,0.13895585395649432,1,0.13895585395649432
data\raw\dhan_shomadhan\White Background\Rice Blast\rb_wb_136.jpg,dhan_shomadhan,0.1212267496847415,1,0.1212267496847415
data\raw\dhan_shomadhan\White Background\Rice Blast\rb_wb_137.jpg,dhan_shomadhan,0.11062581277585119,1,0.11062581277585119
data\raw\dhan_shomadhan\White Background\Rice Blast\rb_wb_138.jpg,dhan_shomadhan,0.16500384221311476,1,0.16500384221311476
data\raw\dhan_shomadhan\White Background\Rice Blast\rb_wb_139.jpg,dhan_shomadhan,0.1982506847020807,1,0.1982506847020807
data\raw\dhan_shomadhan\White Background\Rice Blast\rb_wb_14.jpg,dhan_shomadhan,0.055265679185056746,1,0.055265679185056746
data\raw\dhan_shomadhan\White Background\Rice Blast\rb_wb_140.jpg,dhan_shomadhan,0.08985815829918033,1,0.08985815829918033
data\raw\dhan_shomadhan\White Background\Rice Blast\rb_wb_141.jpg,dhan_shomadhan,0.05437248778373266,1,0.05437248778373266
data\raw\dhan_shomadhan\White Background\Rice Blast\rb_wb_142.jpg,dhan_shomadhan,0.15495731695302647,1,0.15495731695302647
data\raw\dhan_shomadhan\White Background\Rice Blast\rb_wb_143.jpg,dhan_shomadhan,0.13417168288934425,1,0.13417168288934425
data\raw\dhan_shomadhan\White Background\Rice Blast\rb_wb_144.jpg,dhan_shomadhan,0.11761199066046658,1,0.11761199066046658
data\raw\dhan_shomadhan\White Background\Rice Blast\rb_wb_145.jpg,dhan_shomadhan,0.10017647087799496,1,0.10017647087799496
data\raw\dhan_shomadhan\White Background\Rice Blast\rb_wb_146.jpg,dhan_shomadhan,0.0897101345759773,1,0.0897101345759773
data\raw\dhan_shomadhan\White Background\Rice Blast\rb_wb_147.jpg,dhan_shomadhan,0.147000118221942,1,0.147000118221942
data\raw\dhan_shomadhan\White Background\Rice Blast\rb_wb_148.jpg,dhan_shomadhan,0.07061679835277428,1,0.07061679835277428
data\raw\dhan_shomadhan\White Background\Rice Blast\rb_wb_149.jpg,dhan_shomadhan,0.14881150003940732,1,0.14881150003940732
data\raw\dhan_shomadhan\White Background\Rice Blast\rb_wb_15.jpg,dhan_shomadhan,0.0903928662909836,1,0.0903928662909836
data\raw\dhan_shomadhan\White Background\Rice Blast\rb_wb_150.jpg,dhan_shomadhan,0.09962329070775536,1,0.09962329070775536
data\raw\dhan_shomadhan\White Background\Rice Blast\rb_wb_151.jpg,dhan_shomadhan,0.1525369689864439,1,0.1525369689864439
data\raw\dhan_shomadhan\White Background\Rice Blast\rb_wb_152.jpg,dhan_shomadhan,0.1505791643679067,1,0.1505791643679067
data\raw\dhan_shomadhan\White Background\Rice Blast\rb_wb_153.jpg,dhan_shomadhan,0.11792921953814628,1,0.11792921953814628
data\raw\dhan_shomadhan\White Background\Rice Blast\rb_wb_154.jpg,dhan_shomadhan,0.10328459962168979,1,0.10328459962168979
data\raw\dhan_shomadhan\White Background\Rice Blast\rb_wb_155.jpg,dhan_shomadhan,0.08325743320460277,1,0.08325743320460277
data\raw\dhan_shomadhan\White Background\Rice Blast\rb_wb_156.jpg,dhan_shomadhan,0.1480506925835435,1,0.1480506925835435
data\raw\dhan_shomadhan\White Background\Rice Blast\rb_wb_157.jpg,dhan_shomadhan,0.15835829129886506,1,0.15835829129886506
data\raw\dhan_shomadhan\White Background\Rice Blast\rb_wb_158.jpg,dhan_shomadhan,0.1627712947273014,1,0.1627712947273014
data\raw\dhan_shomadhan\White Background\Rice Blast\rb_wb_159.jpg,dhan_shomadhan,0.12866512649747794,1,0.12866512649747794
data\raw\dhan_shomadhan\White Background\Rice Blast\rb_wb_16.jpg,dhan_shomadhan,0.054036786727616644,1,0.054036786727616644
data\raw\dhan_shomadhan\White Background\Rice Blast\rb_wb_160.jpg,dhan_shomadhan,0.1616073011901009,1,0.1616073011901009
data\raw\dhan_shomadhan\White Background\Rice Blast\rb_wb_161.jpg,dhan_shomadhan,0.1348843395334174,1,0.1348843395334174
data\raw\dhan_shomadhan\White Background\Rice Blast\rb_wb_162.jpg,dhan_shomadhan,0.13296754315100884,1,0.13296754315100884
data\raw\dhan_shomadhan\White Background\Rice Blast\rb_wb_163.jpg,dhan_shomadhan,0.0859813406368222,1,0.0859813406368222
data\raw\dhan_shomadhan\White Background\Rice Blast\rb_wb_164.jpg,dhan_shomadhan,0.14920668151008828,1,0.14920668151008828
data\raw\dhan_shomadhan\White Background\Rice Blast\rb_wb_165.jpg,dhan_shomadhan,0.13303552076765449,1,0.13303552076765449
data\raw\dhan_shomadhan\White Background\Rice Blast\rb_wb_166.jpg,dhan_shomadhan,0.1646239310766078,1,0.1646239310766078
data\raw\dhan_shomadhan\White Background\Rice Blast\rb_wb_167.jpg,dhan_shomadhan,0.12514642280107188,1,0.12514642280107188
data\raw\dhan_shomadhan\White Background\Rice Blast\rb_wb_168.jpg,dhan_shomadhan,0.16660439490069356,1,0.16660439490069356
data\raw\dhan_shomadhan\White Background\Rice Blast\rb_wb_169.jpg,dhan_shomadhan,0.19598870487862546,1,0.19598870487862546
data\raw\dhan_shomadhan\White Background\Rice Blast\rb_wb_17.jpg,dhan_shomadhan,0.06429463370901639,1,0.06429463370901639
data\raw\dhan_shomadhan\White Background\Rice Blast\rb_wb_170.jpg,dhan_shomadhan,0.16252438327553595,1,0.16252438327553595
data\raw\dhan_shomadhan\White Background\Rice Blast\rb_wb_171.jpg,dhan_shomadhan,0.15539523072982345,1,0.15539523072982345
data\raw\dhan_shomadhan\White Background\Rice Blast\rb_wb_172.jpg,dhan_shomadhan,0.18677773782313997,1,0.18677773782313997
data\raw\dhan_shomadhan\White Background\Rice Blast\rb_wb_173.jpg,dhan_shomadhan,0.1756882733685372,1,0.1756882733685372
data\raw\dhan_shomadhan\White Background\Rice Blast\rb_wb_174.jpg,dhan_shomadhan,0.19230436731557377,1,0.19230436731557377
data\raw\dhan_shomadhan\White Background\Rice Blast\rb_wb_175.jpg,dhan_shomadhan,0.13083388339375787,1,0.13083388339375787
data\raw\dhan_shomadhan\White Background\Rice Blast\rb_wb_176.jpg,dhan_shomadhan,0.0969788136428121,1,0.0969788136428121
data\raw\dhan_shomadhan\White Background\Rice Blast\rb_wb_177.jpg,dhan_shomadhan,0.09589030974148802,1,0.09589030974148802
data\raw\dhan_shomadhan\White Background\Rice Blast\rb_wb_178.jpg,dhan_shomadhan,0.07257177057061791,1,0.07257177057061791
data\raw\dhan_shomadhan\White Background\Rice Blast\rb_wb_179.jpg,dhan_shomadhan,0.1184429923943884,1,0.1184429923943884
data\raw\dhan_shomadhan\White Background\Rice Blast\rb_wb_18.jpg,dhan_shomadhan,0.05509327218631778,1,0.05509327218631778
data\raw\dhan_shomadhan\White Background\Rice Blast\rb_wb_180.jpg,dhan_shomadhan,0.09350259595680958,1,0.09350259595680958
data\raw\dhan_shomadhan\White Background\Rice Blast\rb_wb_181.jpg,dhan_shomadhan,0.10969974089691047,1,0.10969974089691047
data\raw\dhan_shomadhan\White Background\Rice Blast\rb_wb_182.jpg,dhan_shomadhan,0.05732815948139975,1,0.05732815948139975
data\raw\dhan_shomadhan\White Background\Rice Blast\rb_wb_183.jpg,dhan_shomadhan,0.09305458405580076,1,0.09305458405580076
data\raw\dhan_shomadhan\White Background\Rice Blast\rb_wb_184.jpg,dhan_shomadhan,0.09031651462011349,1,0.09031651462011349
data\raw\dhan_shomadhan\White Background\Rice Blast\rb_wb_185.jpg,dhan_shomadhan,0.06780077632408575,1,0.06780077632408575
data\raw\dhan_shomadhan\White Background\Rice Blast\rb_wb_186.jpg,dhan_shomadhan,0.11326561022225726,1,0.11326561022225726
data\raw\dhan_shomadhan\White Background\Rice Blast\rb_wb_187.jpg,dhan_shomadhan,0.0913007122872005,1,0.0913007122872005
data\raw\dhan_shomadhan\White Background\Rice Blast\rb_wb_188.jpg,dhan_shomadhan,0.10643459863650694,1,0.10643459863650694
data\raw\dhan_shomadhan\White Background\Rice Blast\rb_wb_189.jpg,dhan_shomadhan,0.09527678712168978,1,0.09527678712168978
data\raw\dhan_shomadhan\White Background\Rice Blast\rb_wb_19.jpg,dhan_shomadhan,0.06697556253940731,1,0.06697556253940731
data\raw\dhan_shomadhan\White Background\Rice Blast\rb_wb_190.jpg,dhan_shomadhan,0.10695588351197982,1,0.10695588351197982
data\raw\dhan_shomadhan\White Background\Rice Blast\rb_wb_191.jpg,dhan_shomadhan,0.08582260305012611,1,0.08582260305012611
data\raw\dhan_shomadhan\White Background\Rice Blast\rb_wb_192.jpg,dhan_shomadhan,0.07299490660466583,1,0.07299490660466583
data\raw\dhan_shomadhan\White Background\Rice Blast\rb_wb_193.jpg,dhan_shomadhan,0.10137753191992434,1,0.10137753191992434
data\raw\dhan_shomadhan\White Background\Rice Blast\rb_wb_194.jpg,dhan_shomadhan,0.10222872990226986,1,0.10222872990226986
data\raw\dhan_shomadhan\White Background\Rice Blast\rb_wb_195.jpg,dhan_shomadhan,0.08622874468001261,1,0.08622874468001261
data\raw\dhan_shomadhan\White Background\Rice Blast\rb_wb_196.jpg,dhan_shomadhan,0.08597542953972258,1,0.08597542953972258
data\raw\dhan_shomadhan\White Background\Rice Blast\rb_wb_197.jpg,dhan_shomadhan,0.10163454149590163,1,0.10163454149590163
data\raw\dhan_shomadhan\White Background\Rice Blast\rb_wb_2.jpg,dhan_shomadhan,0.10828083129728877,1,0.10828083129728877
data\raw\dhan_shomadhan\White Background\Rice Blast\rb_wb_20.jpg,dhan_shomadhan,0.07519124862074401,1,0.07519124862074401
data\raw\dhan_shomadhan\White Background\Rice Blast\rb_wb_21.jpg,dhan_shomadhan,0.07182303160466583,1,0.07182303160466583
data\raw\dhan_shomadhan\White Background\Rice Blast\rb_wb_22.jpg,dhan_shomadhan,0.058591163895018915,1,0.058591163895018915
data\raw\dhan_shomadhan\White Background\Rice Blast\rb_wb_23.jpg,dhan_shomadhan,0.06202021595208071,1,0.06202021595208071
data\raw\dhan_shomadhan\White Background\Rice Blast\rb_wb_24.jpg,dhan_shomadhan,0.03942874172446406,1,0.03942874172446406
data\raw\dhan_shomadhan\White Background\Rice Blast\rb_wb_25.jpg,dhan_shomadhan,0.08375174869955863,1,0.08375174869955863
data\raw\dhan_shomadhan\White Background\Rice Blast\rb_wb_26.jpg,dhan_shomadhan,0.06517538717686003,1,0.06517538717686003
data\raw\dhan_shomadhan\White Background\Rice Blast\rb_wb_27.jpg,dhan_shomadhan,0.0799991872241488,1,0.0799991872241488
data\raw\dhan_shomadhan\White Background\Rice Blast\rb_wb_28.jpg,dhan_shomadhan,0.04799232049968474,1,0.04799232049968474
data\raw\dhan_shomadhan\White Background\Rice Blast\rb_wb_29.jpg,dhan_shomadhan,0.1012335720759773,1,0.1012335720759773
data\raw\dhan_shomadhan\White Background\Rice Blast\rb_wb_3.jpg,dhan_shomadhan,0.12201341819041614,1,0.12201341819041614
data\raw\dhan_shomadhan\White Background\Rice Blast\rb_wb_30.jpg,dhan_shomadhan,0.05611539939312737,1,0.05611539939312737
data\raw\dhan_shomadhan\White Background\Rice Blast\rb_wb_31.jpg,dhan_shomadhan,0.07573285289249684,1,0.07573285289249684
data\raw\dhan_shomadhan\White Background\Rice Blast\rb_wb_32.jpg,dhan_shomadhan,0.06696595700662043,1,0.06696595700662043
data\raw\dhan_shomadhan\White Background\Rice Blast\rb_wb_33.jpg,dhan_shomadhan,0.03810157727774275,1,0.03810157727774275
data\raw\dhan_shomadhan\White Background\Rice Blast\rb_wb_34.jpg,dhan_shomadhan,0.07076371374527113,1,0.07076371374527113
data\raw\dhan_shomadhan\White Background\Rice Blast\rb_wb_35.jpg,dhan_shomadhan,0.05684788284205548,1,0.05684788284205548
data\raw\dhan_shomadhan\White Background\Rice Blast\rb_wb_36.jpg,dhan_shomadhan,0.051802638319672134,1,0.051802638319672134
data\raw\dhan_shomadhan\White Background\Rice Blast\rb_wb_37.jpg,dhan_shomadhan,0.05716597375472888,1,0.05716597375472888
data\raw\dhan_shomadhan\White Background\Rice Blast\rb_wb_38.jpg,dhan_shomadhan,0.05038015743221942,1,0.05038015743221942
data\raw\dhan_shomadhan\White Background\Rice Blast\rb_wb_39.jpg,dhan_shomadhan,0.06804251556588903,1,0.06804251556588903
data\raw\dhan_shomadhan\White Background\Rice Blast\rb_wb_4.jpg,dhan_shomadhan,0.08572383846941993,1,0.08572383846941993
data\raw\dhan_shomadhan\White Background\Rice Blast\rb_wb_40.jpg,dhan_shomadhan,0.06557992788461539,1,0.06557992788461539
data\raw\dhan_shomadhan\White Background\Rice Blast\rb_wb_41.jpg,dhan_shomadhan,0.07201107838114754,1,0.07201107838114754
data\raw\dhan_shomadhan\White Background\Rice Blast\rb_wb_42.jpg,dhan_shomadhan,0.03036296599148802,1,0.03036296599148802
data\raw\dhan_shomadhan\White Background\Rice Blast\rb_wb_43.jpg,dhan_shomadhan,0.04371810470523329,1,0.04371810470523329
data\raw\dhan_shomadhan\White Background\Rice Blast\rb_wb_44.jpg,dhan_shomadhan,0.02386125177332913,1,0.02386125177332913
data\raw\dhan_shomadhan\White Background\Rice Blast\rb_wb_45.jpg,dhan_shomadhan,0.04357451430485498,1,0.04357451430485498
data\raw\dhan_shomadhan\White Background\Rice Blast\rb_wb_46.jpg,dhan_shomadhan,0.02586326647225725,1,0.02586326647225725
data\raw\dhan_shomadhan\White Background\Rice Blast\rb_wb_47.jpg,dhan_shomadhan,0.01470656328814628,1,0.01470656328814628
data\raw\dhan_shomadhan\White Background\Rice Blast\rb_wb_48.jpg,dhan_shomadhan,0.03474358153373266,1,0.03474358153373266
data\raw\dhan_shomadhan\White Background\Rice Blast\rb_wb_49.jpg,dhan_shomadhan,0.0257508324795082,1,0.0257508324795082
data\raw\dhan_shomadhan\White Background\Rice Blast\rb_wb_5.jpg,dhan_shomadhan,0.06749315297919294,1,0.06749315297919294
data\raw\dhan_shomadhan\White Background\Rice Blast\rb_wb_50.jpg,dhan_shomadhan,0.05714774787200504,1,0.05714774787200504
data\raw\dhan_shomadhan\White Background\Rice Blast\rb_wb_51.jpg,dhan_shomadhan,0.036339577750630514,1,0.036339577750630514
data\raw\dhan_shomadhan\White Background\Rice Blast\rb_wb_52.jpg,dhan_shomadhan,0.007361532550441362,1,0.007361532550441362
data\raw\dhan_shomadhan\White Background\Rice Blast\rb_wb_53.jpg,dhan_shomadhan,0.026987113808322825,1,0.026987113808322825
data\raw\dhan_shomadhan\White Background\Rice Blast\rb_wb_54.jpg,dhan_shomadhan,0.02306189903846154,1,0.02306189903846154
data\raw\dhan_shomadhan\White Background\Rice Blast\rb_wb_55.jpg,dhan_shomadhan,0.032102552608764184,1,0.032102552608764184
data\raw\dhan_shomadhan\White Background\Rice Blast\rb_wb_56.jpg,dhan_shomadhan,0.04026725547761664,1,0.04026725547761664
data\raw\dhan_shomadhan\White Background\Rice Blast\rb_wb_57.jpg,dhan_shomadhan,0.029939583661727616,1,0.029939583661727616
data\raw\dhan_shomadhan\White Background\Rice Blast\rb_wb_58.jpg,dhan_shomadhan,0.01245406584962169,1,0.01245406584962169
data\raw\dhan_shomadhan\White Background\Rice Blast\rb_wb_59.jpg,dhan_shomadhan,0.03698019289880202,1,0.03698019289880202
data\raw\dhan_shomadhan\White Background\Rice Blast\rb_wb_6.jpg,dhan_shomadhan,0.07835282353404792,1,0.07835282353404792
data\raw\dhan_shomadhan\White Background\Rice Blast\rb_wb_60.jpg,dhan_shomadhan,0.15759243478089532,1,0.15759243478089532
data\raw\dhan_shomadhan\White Background\Rice Blast\rb_wb_61.jpg,dhan_shomadhan,0.1034398890684111,1,0.1034398890684111
data\raw\dhan_shomadhan\White Background\Rice Blast\rb_wb_62.jpg,dhan_shomadhan,0.10062091149117276,1,0.10062091149117276
data\raw\dhan_shomadhan\White Background\Rice Blast\rb_wb_63.jpg,dhan_shomadhan,0.09966479153530895,1,0.09966479153530895
data\raw\dhan_shomadhan\White Background\Rice Blast\rb_wb_64.jpg,dhan_shomadhan,0.0731389895964691,1,0.0731389895964691
data\raw\dhan_shomadhan\White Background\Rice Blast\rb_wb_65.jpg,dhan_shomadhan,0.08948428140762926,1,0.08948428140762926
data\raw\dhan_shomadhan\White Background\Rice Blast\rb_wb_66.jpg,dhan_shomadhan,0.13006999724148802,1,0.13006999724148802
data\raw\dhan_shomadhan\White Background\Rice Blast\rb_wb_67.jpg,dhan_shomadhan,0.062299515290037834,1,0.062299515290037834
data\raw\dhan_shomadhan\White Background\Rice Blast\rb_wb_68.jpg,dhan_shomadhan,0.1066570036648802,1,0.1066570036648802
data\raw\dhan_shomadhan\White Background\Rice Blast\rb_wb_69.jpg,dhan_shomadhan,0.06961215814155107,1,0.06961215814155107
data\raw\dhan_shomadhan\White Background\Rice Blast\rb_wb_7.jpg,dhan_shomadhan,0.0902937322667087,1,0.0902937322667087
data\raw\dhan_shomadhan\White Background\Rice Blast\rb_wb_70.jpg,dhan_shomadhan,0.07548963587641866,1,0.07548963587641866
data\raw\dhan_shomadhan\White Background\Rice Blast\rb_wb_71.jpg,dhan_shomadhan,0.061283545476040355,1,0.061283545476040355
data\raw\dhan_shomadhan\White Background\Rice Blast\rb_wb_72.jpg,dhan_shomadhan,0.09161018284993695,1,0.09161018284993695
data\raw\dhan_shomadhan\White Background\Rice Blast\rb_wb_73.jpg,dhan_shomadhan,0.11943236227143758,1,0.11943236227143758
data\raw\dhan_shomadhan\White Background\Rice Blast\rb_wb_74.jpg,dhan_shomadhan,0.10736990660466583,1,0.10736990660466583
data\raw\dhan_shomadhan\White Background\Rice Blast\rb_wb_75.jpg,dhan_shomadhan,0.14182679992906683,1,0.14182679992906683
data\raw\dhan_shomadhan\White Background\Rice Blast\rb_wb_76.jpg,dhan_shomadhan,0.10754342193411097,1,0.10754342193411097
data\raw\dhan_shomadhan\White Background\Rice Blast\rb_wb_77.jpg,dhan_shomadhan,0.07789557554382093,1,0.07789557554382093
data\raw\dhan_shomadhan\White Background\Rice Blast\rb_wb_78.jpg,dhan_shomadhan,0.12383600646279949,1,0.12383600646279949
data\raw\dhan_shomadhan\White Background\Rice Blast\rb_wb_79.jpg,dhan_shomadhan,0.11075339395491804,1,0.11075339395491804
data\raw\dhan_shomadhan\White Background\Rice Blast\rb_wb_8.jpg,dhan_shomadhan,0.04223712858606558,1,0.04223712858606558
data\raw\dhan_shomadhan\White Background\Rice Blast\rb_wb_80.jpg,dhan_shomadhan,0.1213548234552333,1,0.1213548234552333
data\raw\dhan_shomadhan\White Background\Rice Blast\rb_wb_81.jpg,dhan_shomadhan,0.1353170811002522,1,0.1353170811002522
data\raw\dhan_shomadhan\White Background\Rice Blast\rb_wb_82.jpg,dhan_shomadhan,0.07370916417087012,1,0.07370916417087012
data\raw\dhan_shomadhan\White Background\Rice Blast\rb_wb_83.jpg,dhan_shomadhan,0.14253785565100882,1,0.14253785565100882
data\raw\dhan_shomadhan\White Background\Rice Blast\rb_wb_84.jpg,dhan_shomadhan,0.0928000374369483,1,0.0928000374369483
data\raw\dhan_shomadhan\White Background\Rice Blast\rb_wb_85.jpg,dhan_shomadhan,0.15789944238650694,1,0.15789944238650694
data\raw\dhan_shomadhan\White Background\Rice Blast\rb_wb_86.jpg,dhan_shomadhan,0.11592252522068096,1,0.11592252522068096
data\raw\dhan_shomadhan\White Background\Rice Blast\rb_wb_87.jpg,dhan_shomadhan,0.08165121571563683,1,0.08165121571563683
data\raw\dhan_shomadhan\White Background\Rice Blast\rb_wb_88.jpg,dhan_shomadhan,0.11216146654319041,1,0.11216146654319041
data\raw\dhan_shomadhan\White Background\Rice Blast\rb_wb_89.jpg,dhan_shomadhan,0.06263324598045397,1,0.06263324598045397
data\raw\dhan_shomadhan\White Background\Rice Blast\rb_wb_9.jpg,dhan_shomadhan,0.06018703696406053,1,0.06018703696406053
data\raw\dhan_shomadhan\White Background\Rice Blast\rb_wb_90.jpg,dhan_shomadhan,0.13006851946721312,1,0.13006851946721312
data\raw\dhan_shomadhan\White Background\Rice Blast\rb_wb_91.jpg,dhan_shomadhan,0.11102936830075662,1,0.11102936830075662
data\raw\dhan_shomadhan\White Background\Rice Blast\rb_wb_92.jpg,dhan_shomadhan,0.1055585247872005,1,0.1055585247872005
data\raw\dhan_shomadhan\White Background\Rice Blast\rb_wb_93.jpg,dhan_shomadhan,0.11227968848518285,1,0.11227968848518285
data\raw\dhan_shomadhan\White Background\Rice Blast\rb_wb_94.jpg,dhan_shomadhan,0.13977897422761665,1,0.13977897422761665
data\raw\dhan_shomadhan\White Background\Rice Blast\rb_wb_95.jpg,dhan_shomadhan,0.09304276186160151,1,0.09304276186160151
data\raw\dhan_shomadhan\White Background\Rice Blast\rb_wb_96.jpg,dhan_shomadhan,0.07441320046500631,1,0.07441320046500631
data\raw\dhan_shomadhan\White Background\Rice Blast\rb_wb_97.jpg,dhan_shomadhan,0.15323940435844893,1,0.15323940435844893
data\raw\dhan_shomadhan\White Background\Rice Blast\rb_wb_98.jpg,dhan_shomadhan,0.11590405304224465,1,0.11590405304224465
data\raw\dhan_shomadhan\White Background\Rice Blast\rb_wb_99.jpg,dhan_shomadhan,0.15115426485655736,1,0.15115426485655736
data\raw\dhan_shomadhan\White Background\Rice Tungro\rt_wb_0.jpg,dhan_shomadhan,0.0574984729665826,1,0.0574984729665826
data\raw\dhan_shomadhan\White Background\Rice Tungro\rt_wb_1.jpg,dhan_shomadhan,0.13696763181746532,1,0.13696763181746532
data\raw\dhan_shomadhan\White Background\Rice Tungro\rt_wb_10.jpg,dhan_shomadhan,0.03371997655264817,1,0.03371997655264817
data\raw\dhan_shomadhan\White Background\Rice Tungro\rt_wb_100.jpg,dhan_shomadhan,0.09340543229823456,1,0.09340543229823456
data\raw\dhan_shomadhan\White Background\Rice Tungro\rt_wb_101.jpg,dhan_shomadhan,0.11419673116330391,1,0.11419673116330391
data\raw\dhan_shomadhan\White Background\Rice Tungro\rt_wb_102.jpg,dhan_shomadhan,0.10874559130674653,1,0.10874559130674653
data\raw\dhan_shomadhan\White Background\Rice Tungro\rt_wb_103.jpg,dhan_shomadhan,0.17753820046500632,1,0.17753820046500632
data\raw\dhan_shomadhan\White Background\Rice Tungro\rt_wb_104.jpg,dhan_shomadhan,0.07104350567465322,1,0.07104350567465322
data\raw\dhan_shomadhan\White Background\Rice Tungro\rt_wb_105.jpg,dhan_shomadhan,0.12551475803909207,1,0.12551475803909207
data\raw\dhan_shomadhan\White Background\Rice Tungro\rt_wb_106.jpg,dhan_shomadhan,0.1205218513556116,1,0.1205218513556116
data\raw\dhan_shomadhan\White Background\Rice Tungro\rt_wb_107.jpg,dhan_shomadhan,0.23636888694041613,1,0.23636888694041613
data\raw\dhan_shomadhan\White Background\Rice Tungro\rt_wb_108.jpg,dhan_shomadhan,0.1057929983054855,1,0.1057929983054855
data\raw\dhan_shomadhan\White Background\Rice Tungro\rt_wb_109.jpg,dhan_shomadhan,0.04624903944672131,1,0.04624903944672131
data\raw\dhan_shomadhan\White Background\Rice Tungro\rt_wb_11.jpg,dhan_shomadhan,0.03395678988020177,1,0.03395678988020177
data\raw\dhan_shomadhan\White Background\Rice Tungro\rt_wb_110.jpg,dhan_shomadhan,0.16080191421027742,1,0.16080191421027742
data\raw\dhan_shomadhan\White Background\Rice Tungro\rt_wb_111.jpg,dhan_shomadhan,0.11419611542402269,1,0.11419611542402269
data\raw\dhan_shomadhan\White Background\Rice Tungro\rt_wb_112.jpg,dhan_shomadhan,0.14448901028530894,1,0.14448901028530894
data\raw\dhan_shomadhan\White Background\Rice Tungro\rt_wb_113.jpg,dhan_shomadhan,0.13721269605138714,1,0.13721269605138714
data\raw\dhan_shomadhan\White Background\Rice Tungro\rt_wb_114.jpg,dhan_shomadhan,0.12201354133827239,1,0.12201354133827239
data\raw\dhan_shomadhan\White Background\Rice Tungro\rt_wb_115.jpg,dhan_shomadhan,0.1290960208464691,1,0.1290960208464691
data\raw\dhan_shomadhan\White Background\Rice Tungro\rt_wb_116.jpg,dhan_shomadhan,0.09107362764029003,1,0.09107362764029003
data\raw\dhan_shomadhan\White Background\Rice Tungro\rt_wb_117.jpg,dhan_shomadhan,0.09825992079129886,1,0.09825992079129886
data\raw\dhan_shomadhan\White Background\Rice Tungro\rt_wb_118.jpg,dhan_shomadhan,0.14779245152900378,1,0.14779245152900378
data\raw\dhan_shomadhan\White Background\Rice Tungro\rt_wb_12.jpg,dhan_shomadhan,0.04530153984079445,1,0.04530153984079445
data\raw\dhan_shomadhan\White Background\Rice Tungro\rt_wb_13.jpg,dhan_shomadhan,0.03870561751261034,1,0.03870561751261034
data\raw\dhan_shomadhan\White Background\Rice Tungro\rt_wb_14.jpg,dhan_shomadhan,0.0270288609315889,1,0.0270288609315889
data\raw\dhan_shomadhan\White Background\Rice Tungro\rt_wb_15.jpg,dhan_shomadhan,0.029244783456809583,1,0.029244783456809583
data\raw\dhan_shomadhan\White Background\Rice Tungro\rt_wb_16.jpg,dhan_shomadhan,0.01215530915037831,1,0.01215530915037831
data\raw\dhan_shomadhan\White Background\Rice Tungro\rt_wb_17.jpg,dhan_shomadhan,0.020387866488020177,1,0.020387866488020177
data\raw\dhan_shomadhan\White Background\Rice Tungro\rt_wb_18.jpg,dhan_shomadhan,0.018953563406368223,1,0.018953563406368223
data\raw\dhan_shomadhan\White Background\Rice Tungro\rt_wb_19.jpg,dhan_shomadhan,0.02535909914880202,1,0.02535909914880202
data\raw\dhan_shomadhan\White Background\Rice Tungro\rt_wb_2.jpg,dhan_shomadhan,0.042671347927175286,1,0.042671347927175286
data\raw\dhan_shomadhan\White Background\Rice Tungro\rt_wb_20.jpg,dhan_shomadhan,0.026943396319356872,1,0.026943396319356872
data\raw\dhan_shomadhan\White Background\Rice Tungro\rt_wb_21.jpg,dhan_shomadhan,0.021389797446406053,1,0.021389797446406053
data\raw\dhan_shomadhan\White Background\Rice Tungro\rt_wb_22.jpg,dhan_shomadhan,0.010144797249369482,1,0.010144797249369482
data\raw\dhan_shomadhan\White Background\Rice Tungro\rt_wb_23.jpg,dhan_shomadhan,0.02556377088587642,1,0.02556377088587642
data\raw\dhan_shomadhan\White Background\Rice Tungro\rt_wb_24.jpg,dhan_shomadhan,0.04962144348991173,1,0.04962144348991173
data\raw\dhan_shomadhan\White Background\Rice Tungro\rt_wb_25.jpg,dhan_shomadhan,0.01922374980296343,1,0.01922374980296343
data\raw\dhan_shomadhan\White Background\Rice Tungro\rt_wb_26.jpg,dhan_shomadhan,0.017795727261979824,1,0.017795727261979824
data\raw\dhan_shomadhan\White Background\Rice Tungro\rt_wb_27.jpg,dhan_shomadhan,0.012307396752837327,1,0.012307396752837327
data\raw\dhan_shomadhan\White Background\Rice Tungro\rt_wb_28.jpg,dhan_shomadhan,0.01692888950189155,1,0.01692888950189155
data\raw\dhan_shomadhan\White Background\Rice Tungro\rt_wb_29.jpg,dhan_shomadhan,0.025248881817465322,1,0.025248881817465322
data\raw\dhan_shomadhan\White Background\Rice Tungro\rt_wb_3.jpg,dhan_shomadhan,0.038173865069356876,1,0.038173865069356876
data\raw\dhan_shomadhan\White Background\Rice Tungro\rt_wb_30.jpg,dhan_shomadhan,0.03372872005044136,1,0.03372872005044136
data\raw\dhan_shomadhan\White Background\Rice Tungro\rt_wb_31.jpg,dhan_shomadhan,0.08369583957282471,1,0.08369583957282471
data\raw\dhan_shomadhan\White Background\Rice Tungro\rt_wb_32.jpg,dhan_shomadhan,0.06938199479823455,1,0.06938199479823455
data\raw\dhan_shomadhan\White Background\Rice Tungro\rt_wb_33.jpg,dhan_shomadhan,0.0975553919057377,1,0.0975553919057377
data\raw\dhan_shomadhan\White Background\Rice Tungro\rt_wb_34.jpg,dhan_shomadhan,0.11517243162831022,1,0.11517243162831022
data\raw\dhan_shomadhan\White Background\Rice Tungro\rt_wb_35.jpg,dhan_shomadhan,0.04656048037515763,1,0.04656048037515763
data\raw\dhan_shomadhan\White Background\Rice Tungro\rt_wb_36.jpg,dhan_shomadhan,0.06709661688209331,1,0.06709661688209331
data\raw\dhan_shomadhan\White Background\Rice Tungro\rt_wb_37.jpg,dhan_shomadhan,0.0637210109946406,1,0.0637210109946406
data\raw\dhan_shomadhan\White Background\Rice Tungro\rt_wb_38.jpg,dhan_shomadhan,0.0554523713351198,1,0.0554523713351198
data\raw\dhan_shomadhan\White Background\Rice Tungro\rt_wb_39.jpg,dhan_shomadhan,0.1016420535151324,1,0.1016420535151324
data\raw\dhan_shomadhan\White Background\Rice Tungro\rt_wb_4.jpg,dhan_shomadhan,0.10345651402900378,1,0.10345651402900378
data\raw\dhan_shomadhan\White Background\Rice Tungro\rt_wb_40.jpg,dhan_shomadhan,0.13656924850252206,1,0.13656924850252206
data\raw\dhan_shomadhan\White Background\Rice Tungro\rt_wb_41.jpg,dhan_shomadhan,0.0763610301071879,1,0.0763610301071879
data\raw\dhan_shomadhan\White Background\Rice Tungro\rt_wb_42.jpg,dhan_shomadhan,0.10239497950819672,1,0.10239497950819672
data\raw\dhan_shomadhan\White Background\Rice Tungro\rt_wb_43.jpg,dhan_shomadhan,0.16038333464691046,1,0.16038333464691046
data\raw\dhan_shomadhan\White Background\Rice Tungro\rt_wb_44.jpg,dhan_shomadhan,0.044566223991172764,1,0.044566223991172764
data\raw\dhan_shomadhan\White Background\Rice Tungro\rt_wb_45.jpg,dhan_shomadhan,0.11989318154949559,1,0.11989318154949559
data\raw\dhan_shomadhan\White Background\Rice Tungro\rt_wb_46.jpg,dhan_shomadhan,0.09446290293978563,1,0.09446290293978563
data\raw\dhan_shomadhan\White Background\Rice Tungro\rt_wb_47.jpg,dhan_shomadhan,0.054937859591740225,1,0.054937859591740225
data\raw\dhan_shomadhan\White Background\Rice Tungro\rt_wb_48.jpg,dhan_shomadhan,0.12517634773013872,1,0.12517634773013872
data\raw\dhan_shomadhan\White Background\Rice Tungro\rt_wb_49.jpg,dhan_shomadhan,0.10129822470050441,1,0.10129822470050441
data\raw\dhan_shomadhan\White Background\Rice Tungro\rt_wb_5.jpg,dhan_shomadhan,0.018810711893127365,1,0.018810711893127365
data\raw\dhan_shomadhan\White Background\Rice Tungro\rt_wb_50.jpg,dhan_shomadhan,0.03962639403373266,1,0.03962639403373266
data\raw\dhan_shomadhan\White Background\Rice Tungro\rt_wb_51.jpg,dhan_shomadhan,0.05515312204445145,1,0.05515312204445145
data\raw\dhan_shomadhan\White Background\Rice Tungro\rt_wb_52.jpg,dhan_shomadhan,0.092734276481715,1,0.092734276481715
data\raw\dhan_shomadhan\White Background\Rice Tungro\rt_wb_53.jpg,dhan_shomadhan,0.033797067110655735,1,0.033797067110655735
data\raw\dhan_shomadhan\White Background\Rice Tungro\rt_wb_54.jpg,dhan_shomadhan,0.12251352163461539,1,0.12251352163461539
data\raw\dhan_shomadhan\White Background\Rice Tungro\rt_wb_55.jpg,dhan_shomadhan,0.07726321130201766,1,0.07726321130201766
data\raw\dhan_shomadhan\White Background\Rice Tungro\rt_wb_56.jpg,dhan_shomadhan,0.09798222237547288,1,0.09798222237547288
data\raw\dhan_shomadhan\White Background\Rice Tungro\rt_wb_57.jpg,dhan_shomadhan,0.11848572470050442,1,0.11848572470050442
data\raw\dhan_shomadhan\White Background\Rice Tungro\rt_wb_58.jpg,dhan_shomadhan,0.04212555662831021,1,0.04212555662831021
data\raw\dhan_shomadhan\White Background\Rice Tungro\rt_wb_59.jpg,dhan_shomadhan,0.09947957715952081,1,0.09947957715952081
data\raw\dhan_shomadhan\White Background\Rice Tungro\rt_wb_6.jpg,dhan_shomadhan,0.0757438130517024,1,0.0757438130517024
data\raw\dhan_shomadhan\White Background\Rice Tungro\rt_wb_60.jpg,dhan_shomadhan,0.17169471153846153,1,0.17169471153846153
data\raw\dhan_shomadhan\White Background\Rice Tungro\rt_wb_61.jpg,dhan_shomadhan,0.07834198652269861,1,0.07834198652269861
data\raw\dhan_shomadhan\White Background\Rice Tungro\rt_wb_62.jpg,dhan_shomadhan,0.14151240345208072,1,0.14151240345208072
data\raw\dhan_shomadhan\White Background\Rice Tungro\rt_wb_63.jpg,dhan_shomadhan,0.0772414141314628,1,0.0772414141314628
data\raw\dhan_shomadhan\White Background\Rice Tungro\rt_wb_64.jpg,dhan_shomadhan,0.05882563741330391,1,0.05882563741330391
data\raw\dhan_shomadhan\White Background\Rice Tungro\rt_wb_65.jpg,dhan_shomadhan,0.0890969813997478,1,0.0890969813997478
data\raw\dhan_shomadhan\White Background\Rice Tungro\rt_wb_66.jpg,dhan_shomadhan,0.1578110222257251,1,0.1578110222257251
data\raw\dhan_shomadhan\White Background\Rice Tungro\rt_wb_67.jpg,dhan_shomadhan,0.01645784895176545,1,0.01645784895176545
data\raw\dhan_shomadhan\White Background\Rice Tungro\rt_wb_68.jpg,dhan_shomadhan,0.053854035308953344,1,0.053854035308953344
data\raw\dhan_shomadhan\White Background\Rice Tungro\rt_wb_69.jpg,dhan_shomadhan,0.08704718533259773,1,0.08704718533259773
data\raw\dhan_shomadhan\White Background\Rice Tungro\rt_wb_7.jpg,dhan_shomadhan,0.04500155166298865,1,0.04500155166298865
data\raw\dhan_shomadhan\White Background\Rice Tungro\rt_wb_70.jpg,dhan_shomadhan,0.15691561416298866,1,0.15691561416298866
data\raw\dhan_shomadhan\White Background\Rice Tungro\rt_wb_71.jpg,dhan_shomadhan,0.061749044372635564,1,0.061749044372635564
data\raw\dhan_shomadhan\White Background\Rice Tungro\rt_wb_72.jpg,dhan_shomadhan,0.03134248404003783,1,0.03134248404003783
data\raw\dhan_shomadhan\White Background\Rice Tungro\rt_wb_73.jpg,dhan_shomadhan,0.0851860517812106,1,0.0851860517812106
data\raw\dhan_shomadhan\White Background\Rice Tungro\rt_wb_74.jpg,dhan_shomadhan,0.1076657077553594,1,0.1076657077553594
data\raw\dhan_shomadhan\White Background\Rice Tungro\rt_wb_75.jpg,dhan_shomadhan,0.0091250098518285,1,0.0091250098518285
data\raw\dhan_shomadhan\White Background\Rice Tungro\rt_wb_76.jpg,dhan_shomadhan,0.09781437184741489,1,0.09781437184741489
data\raw\dhan_shomadhan\White Background\Rice Tungro\rt_wb_77.jpg,dhan_shomadhan,0.10238882211538461,1,0.10238882211538461
data\raw\dhan_shomadhan\White Background\Rice Tungro\rt_wb_78.jpg,dhan_shomadhan,0.10537109375,1,0.10537109375
data\raw\dhan_shomadhan\White Background\Rice Tungro\rt_wb_79.jpg,dhan_shomadhan,0.11629332341582597,1,0.11629332341582597
data\raw\dhan_shomadhan\White Background\Rice Tungro\rt_wb_8.jpg,dhan_shomadhan,0.021937435963114753,1,0.021937435963114753
data\raw\dhan_shomadhan\White Background\Rice Tungro\rt_wb_80.jpg,dhan_shomadhan,0.08344621886822194,1,0.08344621886822194
data\raw\dhan_shomadhan\White Background\Rice Tungro\rt_wb_81.jpg,dhan_shomadhan,0.12230897304539723,1,0.12230897304539723
data\raw\dhan_shomadhan\White Background\Rice Tungro\rt_wb_82.jpg,dhan_shomadhan,0.0816467823928121,1,0.0816467823928121
data\raw\dhan_shomadhan\White Background\Rice Tungro\rt_wb_83.jpg,dhan_shomadhan,0.046214188603404795,1,0.046214188603404795
data\raw\dhan_shomadhan\White Background\Rice Tungro\rt_wb_84.jpg,dhan_shomadhan,0.06298729606715006,1,0.06298729606715006
data\raw\dhan_shomadhan\White Background\Rice Tungro\rt_wb_85.jpg,dhan_shomadhan,0.06744032254886508,1,0.06744032254886508
data\raw\dhan_shomadhan\White Background\Rice Tungro\rt_wb_86.jpg,dhan_shomadhan,0.11854643659363177,1,0.11854643659363177
data\raw\dhan_shomadhan\White Background\Rice Tungro\rt_wb_87.jpg,dhan_shomadhan,0.1467530836223203,1,0.1467530836223203
data\raw\dhan_shomadhan\White Background\Rice Tungro\rt_wb_88.jpg,dhan_shomadhan,0.08438004906210593,1,0.08438004906210593
data\raw\dhan_shomadhan\White Background\Rice Tungro\rt_wb_89.jpg,dhan_shomadhan,0.08839393028846154,1,0.08839393028846154
data\raw\dhan_shomadhan\White Background\Rice Tungro\rt_wb_9.jpg,dhan_shomadhan,0.05521765152112232,1,0.05521765152112232
data\raw\dhan_shomadhan\White Background\Rice Tungro\rt_wb_90.jpg,dhan_shomadhan,0.1094694544057377,1,0.1094694544057377
data\raw\dhan_shomadhan\White Background\Rice Tungro\rt_wb_91.jpg,dhan_shomadhan,0.14272910427175284,1,0.14272910427175284
data\raw\dhan_shomadhan\White Background\Rice Tungro\rt_wb_92.jpg,dhan_shomadhan,0.18293663303909205,1,0.18293663303909205
data\raw\dhan_shomadhan\White Background\Rice Tungro\rt_wb_93.jpg,dhan_shomadhan,0.06700179303278689,1,0.06700179303278689
data\raw\dhan_shomadhan\White Background\Rice Tungro\rt_wb_94.jpg,dhan_shomadhan,0.03991603779161412,1,0.03991603779161412
data\raw\dhan_shomadhan\White Background\Rice Tungro\rt_wb_95.jpg,dhan_shomadhan,0.07078932849936949,1,0.07078932849936949
data\raw\dhan_shomadhan\White Background\Rice Tungro\rt_wb_96.jpg,dhan_shomadhan,0.1210156742591425,1,0.1210156742591425
data\raw\dhan_shomadhan\White Background\Rice Tungro\rt_wb_97.jpg,dhan_shomadhan,0.08405617020018916,1,0.08405617020018916
data\raw\dhan_shomadhan\White Background\Rice Tungro\rt_wb_98.jpg,dhan_shomadhan,0.03802719597257251,1,0.03802719597257251
data\raw\dhan_shomadhan\White Background\Rice Tungro\rt_wb_99.jpg,dhan_shomadhan,0.07475505891393443,1,0.07475505891393443
data\raw\dhan_shomadhan\White Background\Shath Blight\sb_wb_0.jpg,dhan_shomadhan,0.09404949558638083,1,0.09404949558638083
data\raw\dhan_shomadhan\White Background\Shath Blight\sb_wb_1.jpg,dhan_shomadhan,0.061707050953657,1,0.061707050953657
data\raw\dhan_shomadhan\White Background\Shath Blight\sb_wb_10.jpg,dhan_shomadhan,0.12375719183480453,1,0.12375719183480453
data\raw\dhan_shomadhan\White Background\Shath Blight\sb_wb_100.jpg,dhan_shomadhan,0.07793510600567466,1,0.07793510600567466
data\raw\dhan_shomadhan\White Background\Shath Blight\sb_wb_101.jpg,dhan_shomadhan,0.02805221961696091,1,0.02805221961696091
data\raw\dhan_shomadhan\White Background\Shath Blight\sb_wb_102.jpg,dhan_shomadhan,0.07207228286569987,1,0.07207228286569987
data\raw\dhan_shomadhan\White Background\Shath Blight\sb_wb_103.jpg,dhan_shomadhan,0.04639090577711223,1,0.04639090577711223
data\raw\dhan_shomadhan\White Background\Shath Blight\sb_wb_104.jpg,dhan_shomadhan,0.028225734946406053,1,0.028225734946406053
data\raw\dhan_shomadhan\White Background\Shath Blight\sb_wb_105.jpg,dhan_shomadhan,0.10567884024274905,1,0.10567884024274905
data\raw\dhan_shomadhan\White Background\Shath Blight\sb_wb_106.jpg,dhan_shomadhan,0.07638590597414881,1,0.07638590597414881
data\raw\dhan_shomadhan\White Background\Shath Blight\sb_wb_107.jpg,dhan_shomadhan,0.05181187440889029,1,0.05181187440889029
data\raw\dhan_shomadhan\White Background\Shath Blight\sb_wb_108.jpg,dhan_shomadhan,0.09945679480611601,1,0.09945679480611601
data\raw\dhan_shomadhan\White Background\Shath Blight\sb_wb_109.jpg,dhan_shomadhan,0.07139324558638083,1,0.07139324558638083
data\raw\dhan_shomadhan\White Background\Shath Blight\sb_wb_11.jpg,dhan_shomadhan,0.07385201568411097,1,0.07385201568411097
data\raw\dhan_shomadhan\White Background\Shath Blight\sb_wb_110.jpg,dhan_shomadhan,0.07310216838745272,1,0.07310216838745272
data\raw\dhan_shomadhan\White Background\Shath Blight\sb_wb_111.jpg,dhan_shomadhan,0.0459092745113493,1,0.0459092745113493
data\raw\dhan_shomadhan\White Background\Shath Blight\sb_wb_112.jpg,dhan_shomadhan,0.04551113749211854,1,0.04551113749211854
data\raw\dhan_shomadhan\White Background\Shath Blight\sb_wb_113.jpg,dhan_shomadhan,0.09347365621059268,1,0.09347365621059268
data\raw\dhan_shomadhan\White Background\Shath Blight\sb_wb_114.jpg,dhan_shomadhan,0.08444088410308953,1,0.08444088410308953
data\raw\dhan_shomadhan\White Background\Shath Blight\sb_wb_115.jpg,dhan_shomadhan,0.05787629058953342,1,0.05787629058953342
data\raw\dhan_shomadhan\White Background\Shath Blight\sb_wb_116.jpg,dhan_shomadhan,0.11222919786412358,1,0.11222919786412358
data\raw\dhan_shomadhan\White Background\Shath Blight\sb_wb_117.jpg,dhan_shomadhan,0.17839617157944515,1,0.17839617157944515
data\raw\dhan_shomadhan\White Background\Shath Blight\sb_wb_118.jpg,dhan_shomadhan,0.06073011901008827,1,0.06073011901008827
data\raw\dhan_shomadhan\White Background\Shath Blight\sb_wb_119.jpg,dhan_shomadhan,0.10981771654319042,1,0.10981771654319042
data\raw\dhan_shomadhan\White Background\Shath Blight\sb_wb_12.jpg,dhan_shomadhan,0.06456876083701135,1,0.06456876083701135
data\raw\dhan_shomadhan\White Background\Shath Blight\sb_wb_120.jpg,dhan_shomadhan,0.05025159107030265,1,0.05025159107030265
data\raw\dhan_shomadhan\White Background\Shath Blight\sb_wb_121.jpg,dhan_shomadhan,0.10912377837326608,1,0.10912377837326608
data\raw\dhan_shomadhan\White Background\Shath Blight\sb_wb_122.jpg,dhan_shomadhan,0.13563886644861287,1,0.13563886644861287
data\raw\dhan_shomadhan\White Background\Shath Blight\sb_wb_123.jpg,dhan_shomadhan,0.04844661294136192,1,0.04844661294136192
data\raw\dhan_shomadhan\White Background\Shath Blight\sb_wb_124.jpg,dhan_shomadhan,0.147152205824401,1,0.147152205824401
data\raw\dhan_shomadhan\White Background\Shath Blight\sb_wb_125.jpg,dhan_shomadhan,0.08309019841582597,1,0.08309019841582597
data\raw\dhan_shomadhan\White Background\Shath Blight\sb_wb_126.jpg,dhan_shomadhan,0.07622901560529634,1,0.07622901560529634
data\raw\dhan_shomadhan\White Background\Shath Blight\sb_wb_127.jpg,dhan_shomadhan,0.08743411589691047,1,0.08743411589691047
data\raw\dhan_shomadhan\White Background\Shath Blight\sb_wb_128.jpg,dhan_shomadhan,0.035742926387137455,1,0.035742926387137455
data\raw\dhan_shomadhan\White Background\Shath Blight\sb_wb_129.jpg,dhan_shomadhan,0.12329551052175283,1,0.12329551052175283
data\raw\dhan_shomadhan\White Background\Shath Blight\sb_wb_13.jpg,dhan_shomadhan,0.1029115847651324,1,0.1029115847651324
data\raw\dhan_shomadhan\White Background\Shath Blight\sb_wb_130.jpg,dhan_shomadhan,0.04656836183795712,1,0.04656836183795712
data\raw\dhan_shomadhan\White Background\Shath Blight\sb_wb_131.jpg,dhan_shomadhan,0.06624566519546028,1,0.06624566519546028
data\raw\dhan_shomadhan\White Background\Shath Blight\sb_wb_132.jpg,dhan_shomadhan,0.06529299337957124,1,0.06529299337957124
data\raw\dhan_shomadhan\White Background\Shath Blight\sb_wb_133.jpg,dhan_shomadhan,0.04915791495901639,1,0.04915791495901639
data\raw\dhan_shomadhan\White Background\Shath Blight\sb_wb_134.jpg,dhan_shomadhan,0.12408648920239597,1,0.12408648920239597
data\raw\dhan_shomadhan\White Background\Shath Blight\sb_wb_135.jpg,dhan_shomadhan,0.13132302667875156,1,0.13132302667875156
data\raw\dhan_shomadhan\White Background\Shath Blight\sb_wb_136.jpg,dhan_shomadhan,0.13889735872477932,1,0.13889735872477932
data\raw\dhan_shomadhan\White Background\Shath Blight\sb_wb_137.jpg,dhan_shomadhan,0.10784944435687263,1,0.10784944435687263
data\raw\dhan_shomadhan\White Background\Shath Blight\sb_wb_138.jpg,dhan_shomadhan,0.13558702120113494,1,0.13558702120113494
data\raw\dhan_shomadhan\White Background\Shath Blight\sb_wb_139.jpg,dhan_shomadhan,0.1376889088114754,1,0.1376889088114754
data\raw\dhan_shomadhan\White Background\Shath Blight\sb_wb_14.jpg,dhan_shomadhan,0.21861970956809584,1,0.21861970956809584
data\raw\dhan_shomadhan\White Background\Shath Blight\sb_wb_140.jpg,dhan_shomadhan,0.08262235970996216,1,0.08262235970996216
data\raw\dhan_shomadhan\White Background\Shath Blight\sb_wb_141.jpg,dhan_shomadhan,0.06421138575819672,1,0.06421138575819672
data\raw\dhan_shomadhan\White Background\Shath Blight\sb_wb_142.jpg,dhan_shomadhan,0.16452356557377049,1,0.16452356557377049
data\raw\dhan_shomadhan\White Background\Shath Blight\sb_wb_143.jpg,dhan_shomadhan,0.20743024905422447,1,0.20743024905422447
data\raw\dhan_shomadhan\White Background\Shath Blight\sb_wb_144.jpg,dhan_shomadhan,0.12193484985813367,1,0.12193484985813367
data\raw\dhan_shomadhan\White Background\Shath Blight\sb_wb_145.jpg,dhan_shomadhan,0.10531284481399748,1,0.10531284481399748
data\raw\dhan_shomadhan\White Background\Shath Blight\sb_wb_146.jpg,dhan_shomadhan,0.12434497655264817,1,0.12434497655264817
data\raw\dhan_shomadhan\White Background\Shath Blight\sb_wb_147.jpg,dhan_shomadhan,0.20049727104350568,1,0.20049727104350568
data\raw\dhan_shomadhan\White Background\Shath Blight\sb_wb_148.jpg,dhan_shomadhan,0.09930803219577554,1,0.09930803219577554
data\raw\dhan_shomadhan\White Background\Shath Blight\sb_wb_149.jpg,dhan_shomadhan,0.11008667146122321,1,0.11008667146122321
data\raw\dhan_shomadhan\White Background\Shath Blight\sb_wb_15.jpg,dhan_shomadhan,0.09819736168032787,1,0.09819736168032787
data\raw\dhan_shomadhan\White Background\Shath Blight\sb_wb_150.jpg,dhan_shomadhan,0.1613068204208701,1,0.1613068204208701
data\raw\dhan_shomadhan\White Background\Shath Blight\sb_wb_151.jpg,dhan_shomadhan,0.1731866478168348,1,0.1731866478168348
data\raw\dhan_shomadhan\White Background\Shath Blight\sb_wb_152.jpg,dhan_shomadhan,0.13009659717843633,1,0.13009659717843633
data\raw\dhan_shomadhan\White Background\Shath Blight\sb_wb_153.jpg,dhan_shomadhan,0.056982483448928124,1,0.056982483448928124
data\raw\dhan_shomadhan\White Background\Shath Blight\sb_wb_154.jpg,dhan_shomadhan,0.14330198809899117,1,0.14330198809899117
data\raw\dhan_shomadhan\White Background\Shath Blight\sb_wb_155.jpg,dhan_shomadhan,0.24417609158259773,1,0.24417609158259773
data\raw\dhan_shomadhan\White Background\Shath Blight\sb_wb_156.jpg,dhan_shomadhan,0.04528232877522068,1,0.04528232877522068
data\raw\dhan_shomadhan\White Background\Shath Blight\sb_wb_157.jpg,dhan_shomadhan,0.10089934879413619,1,0.10089934879413619
data\raw\dhan_shomadhan\White Background\Shath Blight\sb_wb_158.jpg,dhan_shomadhan,0.15251258571090795,1,0.15251258571090795
data\raw\dhan_shomadhan\White Background\Shath Blight\sb_wb_159.jpg,dhan_shomadhan,0.12469471646437578,1,0.12469471646437578
data\raw\dhan_shomadhan\White Background\Shath Blight\sb_wb_16.jpg,dhan_shomadhan,0.0684725478798865,1,0.0684725478798865
data\raw\dhan_shomadhan\White Background\Shath Blight\sb_wb_160.jpg,dhan_shomadhan,0.18655520964691047,1,0.18655520964691047
data\raw\dhan_shomadhan\White Background\Shath Blight\sb_wb_161.jpg,dhan_shomadhan,0.12921325760561161,1,0.12921325760561161
data\raw\dhan_shomadhan\White Background\Shath Blight\sb_wb_162.jpg,dhan_shomadhan,0.11734820795239596,1,0.11734820795239596
data\raw\dhan_shomadhan\White Background\Shath Blight\sb_wb_163.jpg,dhan_shomadhan,0.10184081415510719,1,0.10184081415510719
data\raw\dhan_shomadhan\White Background\Shath Blight\sb_wb_164.jpg,dhan_shomadhan,0.1427795948928121,1,0.1427795948928121
data\raw\dhan_shomadhan\White Background\Shath Blight\sb_wb_165.jpg,dhan_shomadhan,0.17937125630517023,1,0.17937125630517023
data\raw\dhan_shomadhan\White Background\Shath Blight\sb_wb_166.jpg,dhan_shomadhan,0.1878610695145019,1,0.1878610695145019
data\raw\dhan_shomadhan\White Background\Shath Blight\sb_wb_167.jpg,dhan_shomadhan,0.12164163481242118,1,0.12164163481242118
data\raw\dhan_shomadhan\White Background\Shath Blight\sb_wb_168.jpg,dhan_shomadhan,0.13580573179382094,1,0.13580573179382094
data\raw\dhan_shomadhan\White Background\Shath Blight\sb_wb_169.jpg,dhan_shomadhan,0.16048948809899116,1,0.16048948809899116
data\raw\dhan_shomadhan\White Background\Shath Blight\sb_wb_17.jpg,dhan_shomadhan,0.12262041397383354,1,0.12262041397383354
data\raw\dhan_shomadhan\White Background\Shath Blight\sb_wb_170.jpg,dhan_shomadhan,0.1617272472020807,1,0.1617272472020807
data\raw\dhan_shomadhan\White Background\Shath Blight\sb_wb_171.jpg,dhan_shomadhan,0.13796439056588902,1,0.13796439056588902
data\raw\dhan_shomadhan\White Background\Shath Blight\sb_wb_172.jpg,dhan_shomadhan,0.06070733665668348,1,0.06070733665668348
data\raw\dhan_shomadhan\White Background\Shath Blight\sb_wb_173.jpg,dhan_shomadhan,0.10317672209962168,1,0.10317672209962168
data\raw\dhan_shomadhan\White Background\Shath Blight\sb_wb_174.jpg,dhan_shomadhan,0.08724594597257251,1,0.08724594597257251
data\raw\dhan_shomadhan\White Background\Shath Blight\sb_wb_175.jpg,dhan_shomadhan,0.09639804835277427,1,0.09639804835277427
data\raw\dhan_shomadhan\White Background\Shath Blight\sb_wb_176.jpg,dhan_shomadhan,0.09150612291141236,1,0.09150612291141236
data\raw\dhan_shomadhan\White Background\Shath Blight\sb_wb_177.jpg,dhan_shomadhan,0.07276942287988651,1,0.07276942287988651
data\raw\dhan_shomadhan\White Background\Shath Blight\sb_wb_178.jpg,dhan_shomadhan,0.11396976966424968,1,0.11396976966424968
data\raw\dhan_shomadhan\White Background\Shath Blight\sb_wb_179.jpg,dhan_shomadhan,0.08263442819987389,1,0.08263442819987389
data\raw\dhan_shomadhan\White Background\Shath Blight\sb_wb_18.jpg,dhan_shomadhan,0.10468971666141236,1,0.10468971666141236
data\raw\dhan_shomadhan\White Background\Shath Blight\sb_wb_180.jpg,dhan_shomadhan,0.12951657077553594,1,0.12951657077553594
data\raw\dhan_shomadhan\White Background\Shath Blight\sb_wb_181.jpg,dhan_shomadhan,0.10902292027900379,1,0.10902292027900379
data\raw\dhan_shomadhan\White Background\Shath Blight\sb_wb_182.jpg,dhan_shomadhan,0.07204272738020176,1,0.07204272738020176
data\raw\dhan_shomadhan\White Background\Shath Blight\sb_wb_183.jpg,dhan_shomadhan,0.07999734000630516,1,0.07999734000630516
data\raw\dhan_shomadhan\White Background\Shath Blight\sb_wb_184.jpg,dhan_shomadhan,0.15096560234079445,1,0.15096560234079445
data\raw\dhan_shomadhan\White Background\Shath Blight\sb_wb_185.jpg,dhan_shomadhan,0.15204511644861285,1,0.15204511644861285
data\raw\dhan_shomadhan\White Background\Shath Blight\sb_wb_186.jpg,dhan_shomadhan,0.10513231005674653,1,0.10513231005674653
data\raw\dhan_shomadhan\White Background\Shath Blight\sb_wb_187.jpg,dhan_shomadhan,0.13581127344735183,1,0.13581127344735183
data\raw\dhan_shomadhan\White Background\Shath Blight\sb_wb_188.jpg,dhan_shomadhan,0.09093188445775537,1,0.09093188445775537
data\raw\dhan_shomadhan\White Background\Shath Blight\sb_wb_189.jpg,dhan_shomadhan,0.09851717666298865,1,0.09851717666298865
data\raw\dhan_shomadhan\White Background\Shath Blight\sb_wb_19.jpg,dhan_shomadhan,0.08415000886664564,1,0.08415000886664564
data\raw\dhan_shomadhan\White Background\Shath Blight\sb_wb_190.jpg,dhan_shomadhan,0.10629839710750315,1,0.10629839710750315
data\raw\dhan_shomadhan\White Background\Shath Blight\sb_wb_191.jpg,dhan_shomadhan,0.16896797170554856,1,0.16896797170554856
data\raw\dhan_shomadhan\White Background\Shath Blight\sb_wb_192.jpg,dhan_shomadhan,0.046283520846469105,1,0.046283520846469105
data\raw\dhan_shomadhan\White Background\Shath Blight\sb_wb_193.jpg,dhan_shomadhan,0.03182165234867591,1,0.03182165234867591
data\raw\dhan_shomadhan\White Background\Shath Blight\sb_wb_194.jpg,dhan_shomadhan,0.07245896713430013,1,0.07245896713430013
data\raw\dhan_shomadhan\White Background\Shath Blight\sb_wb_195.jpg,dhan_shomadhan,0.07333344006147541,1,0.07333344006147541
data\raw\dhan_shomadhan\White Background\Shath Blight\sb_wb_196.jpg,dhan_shomadhan,0.11376263497005044,1,0.11376263497005044
data\raw\dhan_shomadhan\White Background\Shath Blight\sb_wb_197.jpg,dhan_shomadhan,0.11418195342055486,1,0.11418195342055486
data\raw\dhan_shomadhan\White Background\Shath Blight\sb_wb_198.jpg,dhan_shomadhan,0.0892686495113493,1,0.0892686495113493
data\raw\dhan_shomadhan\White Background\Shath Blight\sb_wb_199.jpg,dhan_shomadhan,0.07781048037515763,1,0.07781048037515763
data\raw\dhan_shomadhan\White Background\Shath Blight\sb_wb_2.jpg,dhan_shomadhan,0.06448255733764187,1,0.06448255733764187
data\raw\dhan_shomadhan\White Background\Shath Blight\sb_wb_20.jpg,dhan_shomadhan,0.09658880438209332,1,0.09658880438209332
data\raw\dhan_shomadhan\White Background\Shath Blight\sb_wb_200.jpg,dhan_shomadhan,0.10928140762925599,1,0.10928140762925599
data\raw\dhan_shomadhan\White Background\Shath Blight\sb_wb_201.jpg,dhan_shomadhan,0.04458925264029004,1,0.04458925264029004
data\raw\dhan_shomadhan\White Background\Shath Blight\sb_wb_202.jpg,dhan_shomadhan,0.08386369010088272,1,0.08386369010088272
data\raw\dhan_shomadhan\White Background\Shath Blight\sb_wb_203.jpg,dhan_shomadhan,0.11109352833385877,1,0.11109352833385877
data\raw\dhan_shomadhan\White Background\Shath Blight\sb_wb_204.jpg,dhan_shomadhan,0.08493175145807062,1,0.08493175145807062
data\raw\dhan_shomadhan\White Background\Shath Blight\sb_wb_205.jpg,dhan_shomadhan,0.06579334311948297,1,0.06579334311948297
data\raw\dhan_shomadhan\White Background\Shath Blight\sb_wb_206.jpg,dhan_shomadhan,0.0658749901481715,1,0.0658749901481715
data\raw\dhan_shomadhan\White Background\Shath Blight\sb_wb_207.jpg,dhan_shomadhan,0.13406700721153847,1,0.13406700721153847
data\raw\dhan_shomadhan\White Background\Shath Blight\sb_wb_208.jpg,dhan_shomadhan,0.03861067051544767,1,0.03861067051544767
data\raw\dhan_shomadhan\White Background\Shath Blight\sb_wb_209.jpg,dhan_shomadhan,0.17549837937421187,1,0.17549837937421187
data\raw\dhan_shomadhan\White Background\Shath Blight\sb_wb_21.jpg,dhan_shomadhan,0.0937938406368222,1,0.0937938406368222
data\raw\dhan_shomadhan\White Background\Shath Blight\sb_wb_210.jpg,dhan_shomadhan,0.08036863079287515,1,0.08036863079287515
data\raw\dhan_shomadhan\White Background\Shath Blight\sb_wb_211.jpg,dhan_shomadhan,0.08411404969262296,1,0.08411404969262296
data\raw\dhan_shomadhan\White Background\Shath Blight\sb_wb_212.jpg,dhan_shomadhan,0.1004093434741488,1,0.1004093434741488
data\raw\dhan_shomadhan\White Background\Shath Blight\sb_wb_213.jpg,dhan_shomadhan,0.13215156545554854,1,0.13215156545554854
data\raw\dhan_shomadhan\White Background\Shath Blight\sb_wb_214.jpg,dhan_shomadhan,0.09483480946563683,1,0.09483480946563683
data\raw\dhan_shomadhan\White Background\Shath Blight\sb_wb_215.jpg,dhan_shomadhan,0.12834321800126103,1,0.12834321800126103
data\raw\dhan_shomadhan\White Background\Shath Blight\sb_wb_216.jpg,dhan_shomadhan,0.06738158102143758,1,0.06738158102143758
data\raw\dhan_shomadhan\White Background\Shath Blight\sb_wb_217.jpg,dhan_shomadhan,0.07342604724936948,1,0.07342604724936948
data\raw\dhan_shomadhan\White Background\Shath Blight\sb_wb_218.jpg,dhan_shomadhan,0.10219511053751576,1,0.10219511053751576
data\raw\dhan_shomadhan\White Background\Shath Blight\sb_wb_22.jpg,dhan_shomadhan,0.17229739714691047,1,0.17229739714691047
data\raw\dhan_shomadhan\White Background\Shath Blight\sb_wb_23.jpg,dhan_shomadhan,0.1159790500866961,1,0.1159790500866961
data\raw\dhan_shomadhan\White Background\Shath Blight\sb_wb_24.jpg,dhan_shomadhan,0.09497322765605297,1,0.09497322765605297
data\raw\dhan_shomadhan\White Background\Shath Blight\sb_wb_25.jpg,dhan_shomadhan,0.12130876615699875,1,0.12130876615699875
data\raw\dhan_shomadhan\White Background\Shath Blight\sb_wb_26.jpg,dhan_shomadhan,0.056328691480138714,1,0.056328691480138714
data\raw\dhan_shomadhan\White Background\Shath Blight\sb_wb_27.jpg,dhan_shomadhan,0.04977377738808323,1,0.04977377738808323
data\raw\dhan_shomadhan\White Background\Shath Blight\sb_wb_28.jpg,dhan_shomadhan,0.15396486837957124,1,0.15396486837957124
data\raw\dhan_shomadhan\White Background\Shath Blight\sb_wb_29.jpg,dhan_shomadhan,0.04785045416929382,1,0.04785045416929382
data\raw\dhan_shomadhan\White Background\Shath Blight\sb_wb_3.jpg,dhan_shomadhan,0.07681507625315258,1,0.07681507625315258
data\raw\dhan_shomadhan\White Background\Shath Blight\sb_wb_30.jpg,dhan_shomadhan,0.03296594222887768,1,0.03296594222887768
data\raw\dhan_shomadhan\White Background\Shath Blight\sb_wb_31.jpg,dhan_shomadhan,0.06862401974306431,1,0.06862401974306431
data\raw\dhan_shomadhan\White Background\Shath Blight\sb_wb_32.jpg,dhan_shomadhan,0.1444151215715637,1,0.1444151215715637
data\raw\dhan_shomadhan\White Background\Shath Blight\sb_wb_33.jpg,dhan_shomadhan,0.09978855513083228,1,0.09978855513083228
data\raw\dhan_shomadhan\White Background\Shath Blight\sb_wb_34.jpg,dhan_shomadhan,0.0704718533259773,1,0.0704718533259773
data\raw\dhan_shomadhan\White Background\Shath Blight\sb_wb_35.jpg,dhan_shomadhan,0.07938935904003783,1,0.07938935904003783
data\raw\dhan_shomadhan\White Background\Shath Blight\sb_wb_36.jpg,dhan_shomadhan,0.1140329445145019,1,0.1140329445145019
data\raw\dhan_shomadhan\White Background\Shath Blight\sb_wb_37.jpg,dhan_shomadhan,0.0723641432849937,1,0.0723641432849937
data\raw\dhan_shomadhan\White Background\Shath Blight\sb_wb_38.jpg,dhan_shomadhan,0.16454511644861286,1,0.16454511644861286
data\raw\dhan_shomadhan\White Background\Shath Blight\sb_wb_39.jpg,dhan_shomadhan,0.18878196918348045,1,0.18878196918348045
data\raw\dhan_shomadhan\White Background\Shath Blight\sb_wb_4.jpg,dhan_shomadhan,0.05719626812736444,1,0.05719626812736444
data\raw\dhan_shomadhan\White Background\Shath Blight\sb_wb_40.jpg,dhan_shomadhan,0.09054002797919294,1,0.09054002797919294
data\raw\dhan_shomadhan\White Background\Shath Blight\sb_wb_41.jpg,dhan_shomadhan,0.09729850547761665,1,0.09729850547761665
data\raw\dhan_shomadhan\White Background\Shath Blight\sb_wb_42.jpg,dhan_shomadhan,0.13903479173234554,1,0.13903479173234554
data\raw\dhan_shomadhan\White Background\Shath Blight\sb_wb_43.jpg,dhan_shomadhan,0.08418633748423708,1,0.08418633748423708
data\raw\dhan_shomadhan\White Background\Shath Blight\sb_wb_44.jpg,dhan_shomadhan,0.052243015053593946,1,0.052243015053593946
data\raw\dhan_shomadhan\White Background\Shath Blight\sb_wb_45.jpg,dhan_shomadhan,0.12065485104035309,1,0.12065485104035309
data\raw\dhan_shomadhan\White Background\Shath Blight\sb_wb_46.jpg,dhan_shomadhan,0.09745170141078184,1,0.09745170141078184
data\raw\dhan_shomadhan\White Background\Shath Blight\sb_wb_47.jpg,dhan_shomadhan,0.08471082420397226,1,0.08471082420397226
data\raw\dhan_shomadhan\White Background\Shath Blight\sb_wb_48.jpg,dhan_shomadhan,0.0670585641945145,1,0.0670585641945145
data\raw\dhan_shomadhan\White Background\Shath Blight\sb_wb_49.jpg,dhan_shomadhan,0.14721254827395966,1,0.14721254827395966
data\raw\dhan_shomadhan\White Background\Shath Blight\sb_wb_5.jpg,dhan_shomadhan,0.048562248778373264,1,0.048562248778373264
data\raw\dhan_shomadhan\White Background\Shath Blight\sb_wb_50.jpg,dhan_shomadhan,0.07321829681588903,1,0.07321829681588903
data\raw\dhan_shomadhan\White Background\Shath Blight\sb_wb_51.jpg,dhan_shomadhan,0.19024237961065574,1,0.19024237961065574
data\raw\dhan_shomadhan\White Background\Shath Blight\sb_wb_52.jpg,dhan_shomadhan,0.10826531466740227,1,0.10826531466740227
data\raw\dhan_shomadhan\White Background\Shath Blight\sb_wb_53.jpg,dhan_shomadhan,0.08046271575504414,1,0.08046271575504414
data\raw\dhan_shomadhan\White Background\Shath Blight\sb_wb_54.jpg,dhan_shomadhan,0.14083890782629255,1,0.14083890782629255
data\raw\dhan_shomadhan\White Background\Shath Blight\sb_wb_55.jpg,dhan_shomadhan,0.09536409895176545,1,0.09536409895176545
data\raw\dhan_shomadhan\White Background\Shath Blight\sb_wb_56.jpg,dhan_shomadhan,0.09752829937736444,1,0.09752829937736444
data\raw\dhan_shomadhan\White Background\Shath Blight\sb_wb_57.jpg,dhan_shomadhan,0.0587811810372005,1,0.0587811810372005
data\raw\dhan_shomadhan\White Background\Shath Blight\sb_wb_58.jpg,dhan_shomadhan,0.16190655048076924,1,0.16190655048076924
data\raw\dhan_shomadhan\White Background\Shath Blight\sb_wb_59.jpg,dhan_shomadhan,0.11539015703814628,1,0.11539015703814628
data\raw\dhan_shomadhan\White Background\Shath Blight\sb_wb_6.jpg,dhan_shomadhan,0.06520371118379571,1,0.06520371118379571
data\raw\dhan_shomadhan\White Background\Shath Blight\sb_wb_60.jpg,dhan_shomadhan,0.08661235025220682,1,0.08661235025220682
data\raw\dhan_shomadhan\White Background\Shath Blight\sb_wb_61.jpg,dhan_shomadhan,0.12836169017969734,1,0.12836169017969734
data\raw\dhan_shomadhan\White Background\Shath Blight\sb_wb_62.jpg,dhan_shomadhan,0.06683172584331652,1,0.06683172584331652
data\raw\dhan_shomadhan\White Background\Shath Blight\sb_wb_63.jpg,dhan_shomadhan,0.07217301781210593,1,0.07217301781210593
data\raw\dhan_shomadhan\White Background\Shath Blight\sb_wb_64.jpg,dhan_shomadhan,0.07433241547131147,1,0.07433241547131147
data\raw\dhan_shomadhan\White Background\Shath Blight\sb_wb_65.jpg,dhan_shomadhan,0.054896481912042876,1,0.054896481912042876
data\raw\dhan_shomadhan\White Background\Shath Blight\sb_wb_66.jpg,dhan_shomadhan,0.11814103385088272,1,0.11814103385088272
data\raw\dhan_shomadhan\White Background\Shath Blight\sb_wb_67.jpg,dhan_shomadhan,0.1217937224148802,1,0.1217937224148802
data\raw\dhan_shomadhan\White Background\Shath Blight\sb_wb_68.jpg,dhan_shomadhan,0.1638139876261034,1,0.1638139876261034
data\raw\dhan_shomadhan\White Background\Shath Blight\sb_wb_69.jpg,dhan_shomadhan,0.10083334154319042,1,0.10083334154319042
data\raw\dhan_shomadhan\White Background\Shath Blight\sb_wb_7.jpg,dhan_shomadhan,0.03651063012295082,1,0.03651063012295082
data\raw\dhan_shomadhan\White Background\Shath Blight\sb_wb_70.jpg,dhan_shomadhan,0.05021464671343001,1,0.05021464671343001
data\raw\dhan_shomadhan\White Background\Shath Blight\sb_wb_71.jpg,dhan_shomadhan,0.08705913067465322,1,0.08705913067465322
data\raw\dhan_shomadhan\White Background\Shath Blight\sb_wb_72.jpg,dhan_shomadhan,0.09568194356872635,1,0.09568194356872635
data\raw\dhan_shomadhan\White Background\Shath Blight\sb_wb_73.jpg,dhan_shomadhan,0.08960250334962169,1,0.08960250334962169
data\raw\dhan_shomadhan\White Background\Shath Blight\sb_wb_74.jpg,dhan_shomadhan,0.07780062854665826,1,0.07780062854665826
data\raw\dhan_shomadhan\White Background\Shath Blight\sb_wb_75.jpg,dhan_shomadhan,0.07124411353247162,1,0.07124411353247162
data\raw\dhan_shomadhan\White Background\Shath Blight\sb_wb_76.jpg,dhan_shomadhan,0.09013807337641866,1,0.09013807337641866
data\raw\dhan_shomadhan\White Background\Shath Blight\sb_wb_77.jpg,dhan_shomadhan,0.14828799850252206,1,0.14828799850252206
data\raw\dhan_shomadhan\White Background\Shath Blight\sb_wb_78.jpg,dhan_shomadhan,0.05035552786097099,1,0.05035552786097099
data\raw\dhan_shomadhan\White Background\Shath Blight\sb_wb_79.jpg,dhan_shomadhan,0.10200176840321563,1,0.10200176840321563
data\raw\dhan_shomadhan\White Background\Shath Blight\sb_wb_8.jpg,dhan_shomadhan,0.04392092922446406,1,0.04392092922446406
data\raw\dhan_shomadhan\White Background\Shath Blight\sb_wb_80.jpg,dhan_shomadhan,0.10088863493064312,1,0.10088863493064312
data\raw\dhan_shomadhan\White Background\Shath Blight\sb_wb_81.jpg,dhan_shomadhan,0.1253257260797604,1,0.1253257260797604
data\raw\dhan_shomadhan\White Background\Shath Blight\sb_wb_82.jpg,dhan_shomadhan,0.23468040668348045,1,0.23468040668348045
data\raw\dhan_shomadhan\White Background\Shath Blight\sb_wb_83.jpg,dhan_shomadhan,0.10564226532944515,1,0.10564226532944515
data\raw\dhan_shomadhan\White Background\Shath Blight\sb_wb_84.jpg,dhan_shomadhan,0.18123140467370744,1,0.18123140467370744
data\raw\dhan_shomadhan\White Background\Shath Blight\sb_wb_85.jpg,dhan_shomadhan,0.07533754827395965,1,0.07533754827395965
data\raw\dhan_shomadhan\White Background\Shath Blight\sb_wb_86.jpg,dhan_shomadhan,0.12124103483606558,1,0.12124103483606558
data\raw\dhan_shomadhan\White Background\Shath Blight\sb_wb_87.jpg,dhan_shomadhan,0.12931571662200506,1,0.12931571662200506
data\raw\dhan_shomadhan\White Background\Shath Blight\sb_wb_88.jpg,dhan_shomadhan,0.15758689312736443,1,0.15758689312736443
data\raw\dhan_shomadhan\White Background\Shath Blight\sb_wb_89.jpg,dhan_shomadhan,0.1354132595759773,1,0.1354132595759773
data\raw\dhan_shomadhan\White Background\Shath Blight\sb_wb_9.jpg,dhan_shomadhan,0.060375330036254726,1,0.060375330036254726
data\raw\dhan_shomadhan\White Background\Shath Blight\sb_wb_90.jpg,dhan_shomadhan,0.0423234552332913,1,0.0423234552332913
data\raw\dhan_shomadhan\White Background\Shath Blight\sb_wb_91.jpg,dhan_shomadhan,0.07379586026166457,1,0.07379586026166457
data\raw\dhan_shomadhan\White Background\Shath Blight\sb_wb_92.jpg,dhan_shomadhan,0.09559734099148802,1,0.09559734099148802
data\raw\dhan_shomadhan\White Background\Shath Blight\sb_wb_93.jpg,dhan_shomadhan,0.11276944750945775,1,0.11276944750945775
data\raw\dhan_shomadhan\White Background\Shath Blight\sb_wb_94.jpg,dhan_shomadhan,0.0482492069278058,1,0.0482492069278058
data\raw\dhan_shomadhan\White Background\Shath Blight\sb_wb_95.jpg,dhan_shomadhan,0.09842777131935687,1,0.09842777131935687
data\raw\dhan_shomadhan\White Background\Shath Blight\sb_wb_96.jpg,dhan_shomadhan,0.08818076134930643,1,0.08818076134930643
data\raw\dhan_shomadhan\White Background\Shath Blight\sb_wb_97.jpg,dhan_shomadhan,0.19499650260088272,1,0.19499650260088272
data\raw\dhan_shomadhan\White Background\Shath Blight\sb_wb_98.jpg,dhan_shomadhan,0.03917825898486759,1,0.03917825898486759
data\raw\dhan_shomadhan\White Background\Shath Blight\sb_wb_99.jpg,dhan_shomadhan,0.2115693716503783,1,0.2115693716503783
data\raw\dhan_shomadhan\Field Background\Browon Spot\bsf_0.jpg,dhan_shomadhan,0.26467048096626733,1,0.26467048096626733
data\raw\dhan_shomadhan\Field Background\Browon Spot\bsf_1.jpg,dhan_shomadhan,0.3087861069514502,1,0.3087861069514502
data\raw\dhan_shomadhan\Field Background\Browon Spot\bsf_10.jpg,dhan_shomadhan,0.47603690494955864,1,0.47603690494955864
data\raw\dhan_shomadhan\Field Background\Browon Spot\bsf_11.jpg,dhan_shomadhan,0.7557736640920555,1,0.7557736640920555
data\raw\dhan_shomadhan\Field Background\Browon Spot\bsf_12.jpg,dhan_shomadhan,0.2222164890053594,1,0.2222164890053594
data\raw\dhan_shomadhan\Field Background\Browon Spot\bsf_13.jpg,dhan_shomadhan,0.33755566283102145,1,0.33755566283102145
data\raw\dhan_shomadhan\Field Background\Browon Spot\bsf_14.jpg,dhan_shomadhan,0.5011110399590164,1,0.5011110399590164
data\raw\dhan_shomadhan\Field Background\Browon Spot\bsf_15.jpg,dhan_shomadhan,0.3430491655501261,1,0.3430491655501261
data\raw\dhan_shomadhan\Field Background\Browon Spot\bsf_16.jpg,dhan_shomadhan,0.2801018925362547,1,0.2801018925362547
data\raw\dhan_shomadhan\Field Background\Browon Spot\bsf_17.jpg,dhan_shomadhan,0.31682544530264817,1,0.31682544530264817
data\raw\dhan_shomadhan\Field Background\Browon Spot\bsf_18.jpg,dhan_shomadhan,0.26466777171343003,1,0.26466777171343003
data\raw\dhan_shomadhan\Field Background\Browon Spot\bsf_19.jpg,dhan_shomadhan,0.33048648329129887,1,0.33048648329129887
data\raw\dhan_shomadhan\Field Background\Browon Spot\bsf_2.jpg,dhan_shomadhan,0.11784818824873897,1,0.11784818824873897
data\raw\dhan_shomadhan\Field Background\Browon Spot\bsf_20.jpg,dhan_shomadhan,0.3793500748738966,1,0.3793500748738966
data\raw\dhan_shomadhan\Field Background\Browon Spot\bsf_21.jpg,dhan_shomadhan,0.4804632083464691,1,0.4804632083464691
data\raw\dhan_shomadhan\Field Background\Browon Spot\bsf_22.jpg,dhan_shomadhan,0.32534407511034047,1,0.32534407511034047
data\raw\dhan_shomadhan\Field Background\Browon Spot\bsf_23.jpg,dhan_shomadhan,0.35740832873581335,1,0.35740832873581335
data\raw\dhan_shomadhan\Field Background\Browon Spot\bsf_24.jpg,dhan_shomadhan,0.24217604724936947,1,0.24217604724936947
data\raw\dhan_shomadhan\Field Background\Browon Spot\bsf_25.jpg,dhan_shomadhan,0.15216900319199245,1,0.15216900319199245
data\raw\dhan_shomadhan\Field Background\Browon Spot\bsf_26.jpg,dhan_shomadhan,0.40714306825346785,1,0.40714306825346785
data\raw\dhan_shomadhan\Field Background\Browon Spot\bsf_27.jpg,dhan_shomadhan,0.5224356921894704,1,0.5224356921894704
data\raw\dhan_shomadhan\Field Background\Browon Spot\bsf_28.jpg,dhan_shomadhan,0.5513445282944515,1,0.5513445282944515
data\raw\dhan_shomadhan\Field Background\Browon Spot\bsf_29.jpg,dhan_shomadhan,0.6713612271437579,1,0.6713612271437579
data\raw\dhan_shomadhan\Field Background\Browon Spot\bsf_3.jpg,dhan_shomadhan,0.06190014679224464,1,0.06190014679224464
data\raw\dhan_shomadhan\Field Background\Browon Spot\bsf_30.jpg,dhan_shomadhan,0.443758127758512,1,0.443758127758512
data\raw\dhan_shomadhan\Field Background\Browon Spot\bsf_31.jpg,dhan_shomadhan,0.44828381147540985,1,0.44828381147540985
data\raw\dhan_shomadhan\Field Background\Browon Spot\bsf_32.jpg,dhan_shomadhan,0.720753985064628,1,0.720753985064628
data\raw\dhan_shomadhan\Field Background\Browon Spot\bsf_33.jpg,dhan_shomadhan,0.2429324213824086,1,0.2429324213824086
data\raw\dhan_shomadhan\Field Background\Browon Spot\bsf_34.jpg,dhan_shomadhan,0.646264967575572,1,0.646264967575572
data\raw\dhan_shomadhan\Field Background\Browon Spot\bsf_35.jpg,dhan_shomadhan,0.47223249822667085,1,0.47223249822667085
data\raw\dhan_shomadhan\Field Background\Browon Spot\bsf_36.jpg,dhan_shomadhan,0.5935239005359395,1,0.5935239005359395
data\raw\dhan_shomadhan\Field Background\Browon Spot\bsf_37.jpg,dhan_shomadhan,0.5707096518363808,1,0.5707096518363808
data\raw\dhan_shomadhan\Field Background\Browon Spot\bsf_38.jpg,dhan_shomadhan,0.2818976345759773,1,0.2818976345759773
data\raw\dhan_shomadhan\Field Background\Browon Spot\bsf_39.jpg,dhan_shomadhan,0.5972885305012611,1,0.5972885305012611
data\raw\dhan_shomadhan\Field Background\Browon Spot\bsf_4.jpg,dhan_shomadhan,0.22244197273013872,1,0.22244197273013872
data\raw\dhan_shomadhan\Field Background\Browon Spot\bsf_40.jpg,dhan_shomadhan,0.164820351907314,1,0.164820351907314
data\raw\dhan_shomadhan\Field Background\Browon Spot\bsf_41.jpg,dhan_shomadhan,0.18050360084331651,1,0.18050360084331651
data\raw\dhan_shomadhan\Field Background\Browon Spot\bsf_42.jpg,dhan_shomadhan,0.43406429795870116,1,0.43406429795870116
data\raw\dhan_shomadhan\Field Background\Browon Spot\bsf_43.jpg,dhan_shomadhan,0.4232260551308323,1,0.4232260551308323
data\raw\dhan_shomadhan\Field Background\Browon Spot\bsf_44.jpg,dhan_shomadhan,0.3855930554460908,1,0.3855930554460908
data\raw\dhan_shomadhan\Field Background\Browon Spot\bsf_45.jpg,dhan_shomadhan,0.3960472001103405,1,0.3960472001103405
data\raw\dhan_shomadhan\Field Background\Browon Spot\bsf_46.jpg,dhan_shomadhan,0.6497959440022069,1,0.6497959440022069
data\raw\dhan_shomadhan\Field Background\Browon Spot\bsf_47.jpg,dhan_shomadhan,0.19895755339691046,1,0.19895755339691046
data\raw\dhan_shomadhan\Field Background\Browon Spot\bsf_48.jpg,dhan_shomadhan,0.16874039446721312,1,0.16874039446721312
data\raw\dhan_shomadhan\Field Background\Browon Spot\bsf_5.jpg,dhan_shomadhan,0.31619086439943256,1,0.31619086439943256
data\raw\dhan_shomadhan\Field Background\Browon Spot\bsf_6.jpg,dhan_shomadhan,0.5753694435687263,1,0.5753694435687263
data\raw\dhan_shomadhan\Field Background\Browon Spot\bsf_7.jpg,dhan_shomadhan,0.07318307652900378,1,0.07318307652900378
data\raw\dhan_shomadhan\Field Background\Browon Spot\bsf_8.jpg,dhan_shomadhan,0.06961499054224464,1,0.06961499054224464
data\raw\dhan_shomadhan\Field Background\Browon Spot\bsf_9.jpg,dhan_shomadhan,0.12603739754098361,1,0.12603739754098361
data\raw\dhan_shomadhan\Field Background\Leaf Scaled\lsf_0.jpg,dhan_shomadhan,0.151105744601198,1,0.151105744601198
data\raw\dhan_shomadhan\Field Background\Leaf Scaled\lsf_1.jpg,dhan_shomadhan,0.2511867758906053,1,0.2511867758906053
data\raw\dhan_shomadhan\Field Background\Leaf Scaled\lsf_10.jpg,dhan_shomadhan,0.717340080193884,1,0.717340080193884
data\raw\dhan_shomadhan\Field Background\Leaf Scaled\lsf_11.jpg,dhan_shomadhan,0.3131194337168979,1,0.3131194337168979
data\raw\dhan_shomadhan\Field Background\Leaf Scaled\lsf_12.jpg,dhan_shomadhan,0.14724579819514502,1,0.14724579819514502
data\raw\dhan_shomadhan\Field Background\Leaf Scaled\lsf_13.jpg,dhan_shomadhan,0.7682640585592686,1,0.7682640585592686
data\raw\dhan_shomadhan\Field Background\Leaf Scaled\lsf_14.jpg,dhan_shomadhan,0.34938561534520807,1,0.34938561534520807
data\raw\dhan_shomadhan\Field Background\Leaf Scaled\lsf_15.jpg,dhan_shomadhan,0.6652289564943253,1,0.6652289564943253
data\raw\dhan_shomadhan\Field Background\Leaf Scaled\lsf_16.jpg,dhan_shomadhan,0.7780826371374527,1,0.7780826371374527
data\raw\dhan_shomadhan\Field Background\Leaf Scaled\lsf_17.jpg,dhan_shomadhan,0.6887255674653215,1,0.6887255674653215
data\raw\dhan_shomadhan\Field Background\Leaf Scaled\lsf_18.jpg,dhan_shomadhan,0.6436871945933165,1,0.6436871945933165
data\raw\dhan_shomadhan\Field Background\Leaf Scaled\lsf_19.jpg,dhan_shomadhan,0.24930175165510718,1,0.24930175165510718
data\raw\dhan_shomadhan\Field Background\Leaf Scaled\lsf_2.jpg,dhan_shomadhan,0.08562039427017655,1,0.08562039427017655
data\raw\dhan_shomadhan\Field Background\Leaf Scaled\lsf_20.jpg,dhan_shomadhan,0.5874667500788147,1,0.5874667500788147
data\raw\dhan_shomadhan\Field Background\Leaf Scaled\lsf_21.jpg,dhan_shomadhan,0.3965508748423707,1,0.3965508748423707
data\raw\dhan_shomadhan\Field Background\Leaf Scaled\lsf_22.jpg,dhan_shomadhan,0.7463276077790038,1,0.7463276077790038
data\raw\dhan_shomadhan\Field Background\Leaf Scaled\lsf_23.jpg,dhan_shomadhan,0.13730456435214375,1,0.13730456435214375
data\raw\dhan_shomadhan\Field Background\Leaf Scaled\lsf_24.jpg,dhan_shomadhan,0.49904548096626733,1,0.49904548096626733
data\raw\dhan_shomadhan\Field Background\Leaf Scaled\lsf_25.jpg,dhan_shomadhan,0.4222100853168348,1,0.4222100853168348
data\raw\dhan_shomadhan\Field Background\Leaf Scaled\lsf_26.jpg,dhan_shomadhan,0.23158496216897856,1,0.23158496216897856
data\raw\dhan_shomadhan\Field Background\Leaf Scaled\lsf_27.jpg,dhan_shomadhan,0.6651513733448928,1,0.6651513733448928
data\raw\dhan_shomadhan\Field Background\Leaf Scaled\lsf_28.jpg,dhan_shomadhan,0.20285727656052963,1,0.20285727656052963
data\raw\dhan_shomadhan\Field Background\Leaf Scaled\lsf_29.jpg,dhan_shomadhan,0.6179864832912989,1,0.6179864832912989
data\raw\dhan_shomadhan\Field Background\Leaf Scaled\lsf_3.jpg,dhan_shomadhan,0.6133952849148802,1,0.6133952849148802
data\raw\dhan_shomadhan\Field Background\Leaf Scaled\lsf_30.jpg,dhan_shomadhan,0.6331039909757251,1,0.6331039909757251
data\raw\dhan_shomadhan\Field Background\Leaf Scaled\lsf_31.jpg,dhan_shomadhan,0.24250251221626734,1,0.24250251221626734
data\raw\dhan_shomadhan\Field Background\Leaf Scaled\lsf_32.jpg,dhan_shomadhan,0.6964950888634931,1,0.6964950888634931
data\raw\dhan_shomadhan\Field Background\Leaf Scaled\lsf_33.jpg,dhan_shomadhan,0.6085618547052333,1,0.6085618547052333
data\raw\dhan_shomadhan\Field Background\Leaf Scaled\lsf_34.jpg,dhan_shomadhan,0.0710765093001261,1,0.0710765093001261
data\raw\dhan_shomadhan\Field Background\Leaf Scaled\lsf_35.jpg,dhan_shomadhan,0.5361967262373897,1,0.5361967262373897
data\raw\dhan_shomadhan\Field Background\Leaf Scaled\lsf_36.jpg,dhan_shomadhan,0.6471933372083859,1,0.6471933372083859
data\raw\dhan_shomadhan\Field Background\Leaf Scaled\lsf_37.jpg,dhan_shomadhan,0.5521765152112232,1,0.5521765152112232
data\raw\dhan_shomadhan\Field Background\Leaf Scaled\lsf_38.jpg,dhan_shomadhan,0.31829349089691045,1,0.31829349089691045
data\raw\dhan_shomadhan\Field Background\Leaf Scaled\lsf_39.jpg,dhan_shomadhan,0.17197635068568726,1,0.17197635068568726
data\raw\dhan_shomadhan\Field Background\Leaf Scaled\lsf_4.jpg,dhan_shomadhan,0.289801017693884,1,0.289801017693884
data\raw\dhan_shomadhan\Field Background\Leaf Scaled\lsf_40.jpg,dhan_shomadhan,0.47682849936948296,1,0.47682849936948296
data\raw\dhan_shomadhan\Field Background\Leaf Scaled\lsf_41.jpg,dhan_shomadhan,0.42765790018127364,1,0.42765790018127364
data\raw\dhan_shomadhan\Field Background\Leaf Scaled\lsf_42.jpg,dhan_shomadhan,0.6603096922288777,1,0.6603096922288777
data\raw\dhan_shomadhan\Field Background\Leaf Scaled\lsf_43.jpg,dhan_shomadhan,0.3632940573770492,1,0.3632940573770492
data\raw\dhan_shomadhan\Field Background\Leaf Scaled\lsf_44.jpg,dhan_shomadhan,0.655942253507251,1,0.655942253507251
data\raw\dhan_shomadhan\Field Background\Leaf Scaled\lsf_45.jpg,dhan_shomadhan,0.16532131738650693,1,0.16532131738650693
data\raw\dhan_shomadhan\Field Background\Leaf Scaled\lsf_46.jpg,dhan_shomadhan,0.6680082804618537,1,0.6680082804618537
data\raw\dhan_shomadhan\Field Background\Leaf Scaled\lsf_47.jpg,dhan_shomadhan,0.5363697489754098,1,0.5363697489754098
data\raw\dhan_shomadhan\Field Background\Leaf Scaled\lsf_48.jpg,dhan_shomadhan,0.5214587602459017,1,0.5214587602459017
data\raw\dhan_shomadhan\Field Background\Leaf Scaled\lsf_49.jpg,dhan_shomadhan,0.4319247271043506,1,0.4319247271043506
data\raw\dhan_shomadhan\Field Background\Leaf Scaled\lsf_5.jpg,dhan_shomadhan,0.6488919155895334,1,0.6488919155895334
data\raw\dhan_shomadhan\Field Background\Leaf Scaled\lsf_50.jpg,dhan_shomadhan,0.7604018068253467,1,0.7604018068253467
data\raw\dhan_shomadhan\Field Background\Leaf Scaled\lsf_51.jpg,dhan_shomadhan,0.4719162545318411,1,0.4719162545318411
data\raw\dhan_shomadhan\Field Background\Leaf Scaled\lsf_52.jpg,dhan_shomadhan,0.6350631502206809,1,0.6350631502206809
data\raw\dhan_shomadhan\Field Background\Leaf Scaled\lsf_53.jpg,dhan_shomadhan,0.5591506246059269,1,0.5591506246059269
data\raw\dhan_shomadhan\Field Background\Leaf Scaled\lsf_54.jpg,dhan_shomadhan,0.5203069583464691,1,0.5203069583464691
data\raw\dhan_shomadhan\Field Background\Leaf Scaled\lsf_55.jpg,dhan_shomadhan,0.5413935657708071,1,0.5413935657708071
data\raw\dhan_shomadhan\Field Background\Leaf Scaled\lsf_56.jpg,dhan_shomadhan,0.0983468631778058,1,0.0983468631778058
data\raw\dhan_shomadhan\Field Background\Leaf Scaled\lsf_57.jpg,dhan_shomadhan,0.6102084646910466,1,0.6102084646910466
data\raw\dhan_shomadhan\Field Background\Leaf Scaled\lsf_58.jpg,dhan_shomadhan,0.5257477537831021,1,0.5257477537831021
data\raw\dhan_shomadhan\Field Background\Leaf Scaled\lsf_59.jpg,dhan_shomadhan,0.49330777604823456,1,0.49330777604823456
data\raw\dhan_shomadhan\Field Background\Leaf Scaled\lsf_6.jpg,dhan_shomadhan,0.5592952001891551,1,0.5592952001891551
data\raw\dhan_shomadhan\Field Background\Leaf Scaled\lsf_60.jpg,dhan_shomadhan,0.4295914446721312,1,0.4295914446721312
data\raw\dhan_shomadhan\Field Background\Leaf Scaled\lsf_61.jpg,dhan_shomadhan,0.4547789988571879,1,0.4547789988571879
data\raw\dhan_shomadhan\Field Background\Leaf Scaled\lsf_62.jpg,dhan_shomadhan,0.5229116586538461,1,0.5229116586538461
data\raw\dhan_shomadhan\Field Background\Leaf Scaled\lsf_63.jpg,dhan_shomadhan,0.3964464454602774,1,0.3964464454602774
data\raw\dhan_shomadhan\Field Background\Leaf Scaled\lsf_64.jpg,dhan_shomadhan,0.3959747891708701,1,0.3959747891708701
data\raw\dhan_shomadhan\Field Background\Leaf Scaled\lsf_65.jpg,dhan_shomadhan,0.25843156427332914,1,0.25843156427332914
data\raw\dhan_shomadhan\Field Background\Leaf Scaled\lsf_66.jpg,dhan_shomadhan,0.41554532333701133,1,0.41554532333701133
data\raw\dhan_shomadhan\Field Background\Leaf Scaled\lsf_67.jpg,dhan_shomadhan,0.4874555436238966,1,0.4874555436238966
data\raw\dhan_shomadhan\Field Background\Leaf Scaled\lsf_68.jpg,dhan_shomadhan,0.2789801387137453,1,0.2789801387137453
data\raw\dhan_shomadhan\Field Background\Leaf Scaled\lsf_69.jpg,dhan_shomadhan,0.534418717488966,1,0.534418717488966
data\raw\dhan_shomadhan\Field Background\Leaf Scaled\lsf_7.jpg,dhan_shomadhan,0.5726083454839218,1,0.5726083454839218
data\raw\dhan_shomadhan\Field Background\Leaf Scaled\lsf_70.jpg,dhan_shomadhan,0.20899447312421185,1,0.20899447312421185
data\raw\dhan_shomadhan\Field Background\Leaf Scaled\lsf_71.jpg,dhan_shomadhan,0.6028529663855612,1,0.6028529663855612
data\raw\dhan_shomadhan\Field Background\Leaf Scaled\lsf_72.jpg,dhan_shomadhan,0.4905174919215006,1,0.4905174919215006
data\raw\dhan_shomadhan\Field Background\Leaf Scaled\lsf_73.jpg,dhan_shomadhan,0.5074628832361286,1,0.5074628832361286
data\raw\dhan_shomadhan\Field Background\Leaf Scaled\lsf_8.jpg,dhan_shomadhan,0.6456853917087011,1,0.6456853917087011
data\raw\dhan_shomadhan\Field Background\Leaf Scaled\lsf_9.jpg,dhan_shomadhan,0.3501552894467213,1,0.3501552894467213
data\raw\dhan_shomadhan\Field Background\Rice Blast\rbf_0.jpg,dhan_shomadhan,0.34439566421027745,1,0.34439566421027745
data\raw\dhan_shomadhan\Field Background\Rice Blast\rbf_1.jpg,dhan_shomadhan,0.5053454789959017,1,0.5053454789959017
data\raw\dhan_shomadhan\Field Background\Rice Blast\rbf_10.jpg,dhan_shomadhan,0.30778257507093315,1,0.30778257507093315
data\raw\dhan_shomadhan\Field Background\Rice Blast\rbf_11.jpg,dhan_shomadhan,0.2902641767812106,1,0.2902641767812106
data\raw\dhan_shomadhan\Field Background\Rice Blast\rbf_12.jpg,dhan_shomadhan,0.44423778865857505,1,0.44423778865857505
data\raw\dhan_shomadhan\Field Background\Rice Blast\rbf_13.jpg,dhan_shomadhan,0.2150139403373266,1,0.2150139403373266
data\raw\dhan_shomadhan\Field Background\Rice Blast\rbf_14.jpg,dhan_shomadhan,0.2975307623344893,1,0.2975307623344893
data\raw\dhan_shomadhan\Field Background\Rice Blast\rbf_15.jpg,dhan_shomadhan,0.5459742965794452,1,0.5459742965794452
data\raw\dhan_shomadhan\Field Background\Rice Blast\rbf_16.jpg,dhan_shomadhan,0.5297745655343632,1,0.5297745655343632
data\raw\dhan_shomadhan\Field Background\Rice Blast\rbf_17.jpg,dhan_shomadhan,0.3810555495349937,1,0.3810555495349937
data\raw\dhan_shomadhan\Field Background\Rice Blast\rbf_18.jpg,dhan_shomadhan,0.5821498413855611,1,0.5821498413855611
data\raw\dhan_shomadhan\Field Background\Rice Blast\rbf_19.jpg,dhan_shomadhan,0.1304281112074401,1,0.1304281112074401
data\raw\dhan_shomadhan\Field Background\Rice Blast\rbf_2.jpg,dhan_shomadhan,0.49321011979823454,1,0.49321011979823454
data\raw\dhan_shomadhan\Field Background\Rice Blast\rbf_20.jpg,dhan_shomadhan,0.5971790520570618,1,0.5971790520570618
data\raw\dhan_shomadhan\Field Background\Rice Blast\rbf_21.jpg,dhan_shomadhan,0.5794436672446406,1,0.5794436672446406
data\raw\dhan_shomadhan\Field Background\Rice Blast\rbf_22.jpg,dhan_shomadhan,0.5701474818726355,1,0.5701474818726355
data\raw\dhan_shomadhan\Field Background\Rice Blast\rbf_23.jpg,dhan_shomadhan,0.595052042284048,1,0.595052042284048
data\raw\dhan_shomadhan\Field Background\Rice Blast\rbf_24.jpg,dhan_shomadhan,0.46510297623738966,1,0.46510297623738966
data\raw\dhan_shomadhan\Field Background\Rice Blast\rbf_25.jpg,dhan_shomadhan,0.4964867148092686,1,0.4964867148092686
data\raw\dhan_shomadhan\Field Background\Rice Blast\rbf_26.jpg,dhan_shomadhan,0.29420675539880203,1,0.29420675539880203
data\raw\dhan_shomadhan\Field Background\Rice Blast\rbf_27.jpg,dhan_shomadhan,0.3892116320539092,1,0.3892116320539092
data\raw\dhan_shomadhan\Field Background\Rice Blast\rbf_28.jpg,dhan_shomadhan,0.23777966878152584,1,0.23777966878152584
data\raw\dhan_shomadhan\Field Background\Rice Blast\rbf_29.jpg,dhan_shomadhan,0.12306497773486759,1,0.12306497773486759
data\raw\dhan_shomadhan\Field Background\Rice Blast\rbf_3.jpg,dhan_shomadhan,0.6704176682692308,1,0.6704176682692308
data\raw\dhan_shomadhan\Field Background\Rice Blast\rbf_30.jpg,dhan_shomadhan,0.6301494276087641,1,0.6301494276087641
data\raw\dhan_shomadhan\Field Background\Rice Blast\rbf_31.jpg,dhan_shomadhan,0.2006274383275536,1,0.2006274383275536
data\raw\dhan_shomadhan\Field Background\Rice Blast\rbf_32.jpg,dhan_shomadhan,0.21604653511191677,1,0.21604653511191677
data\raw\dhan_shomadhan\Field Background\Rice Blast\rbf_33.jpg,dhan_shomadhan,0.1694835917796343,1,0.1694835917796343
data\raw\dhan_shomadhan\Field Background\Rice Blast\rbf_34.jpg,dhan_shomadhan,0.39784749862074403,1,0.39784749862074403
data\raw\dhan_shomadhan\Field Background\Rice Blast\rbf_35.jpg,dhan_shomadhan,0.4395251664959016,1,0.4395251664959016
data\raw\dhan_shomadhan\Field Background\Rice Blast\rbf_36.jpg,dhan_shomadhan,0.4584022550835435,1,0.4584022550835435
data\raw\dhan_shomadhan\Field Background\Rice Blast\rbf_37.jpg,dhan_shomadhan,0.3184902811711854,1,0.3184902811711854
data\raw\dhan_shomadhan\Field Background\Rice Blast\rbf_38.jpg,dhan_shomadhan,0.4519780008669609,1,0.4519780008669609
data\raw\dhan_shomadhan\Field Background\Rice Blast\rbf_39.jpg,dhan_shomadhan,0.4739899412831021,1,0.4739899412831021
data\raw\dhan_shomadhan\Field Background\Rice Blast\rbf_4.jpg,dhan_shomadhan,0.39742830331809587,1,0.39742830331809587
data\raw\dhan_shomadhan\Field Background\Rice Blast\rbf_40.jpg,dhan_shomadhan,0.28584440022068097,1,0.28584440022068097
data\raw\dhan_shomadhan\Field Background\Rice Blast\rbf_41.jpg,dhan_shomadhan,0.3606027841267339,1,0.3606027841267339
data\raw\dhan_shomadhan\Field Background\Rice Blast\rbf_42.jpg,dhan_shomadhan,0.2939301653136822,1,0.2939301653136822
data\raw\dhan_shomadhan\Field Background\Rice Blast\rbf_43.jpg,dhan_shomadhan,0.33358315928436316,1,0.33358315928436316
data\raw\dhan_shomadhan\Field Background\Rice Blast\rbf_44.jpg,dhan_shomadhan,0.186437480296343,1,0.186437480296343
data\raw\dhan_shomadhan\Field Background\Rice Blast\rbf_45.jpg,dhan_shomadhan,0.3972594676071879,1,0.3972594676071879
data\raw\dhan_shomadhan\Field Background\Rice Blast\rbf_46.jpg,dhan_shomadhan,0.45036759635088275,1,0.45036759635088275
data\raw\dhan_shomadhan\Field Background\Rice Blast\rbf_47.jpg,dhan_shomadhan,0.306402087602459,1,0.306402087602459
data\raw\dhan_shomadhan\Field Background\Rice Blast\rbf_48.jpg,dhan_shomadhan,0.4498098597099622,1,0.4498098597099622
data\raw\dhan_shomadhan\Field Background\Rice Blast\rbf_49.jpg,dhan_shomadhan,0.3722703046185372,1,0.3722703046185372
data\raw\dhan_shomadhan\Field Background\Rice Blast\rbf_5.jpg,dhan_shomadhan,0.24376009812421184,1,0.24376009812421184
data\raw\dhan_shomadhan\Field Background\Rice Blast\rbf_50.jpg,dhan_shomadhan,0.6083570598203026,1,0.6083570598203026
data\raw\dhan_shomadhan\Field Background\Rice Blast\rbf_51.jpg,dhan_shomadhan,0.33829110182849936,1,0.33829110182849936
data\raw\dhan_shomadhan\Field Background\Rice Blast\rbf_52.jpg,dhan_shomadhan,0.5281917461380832,1,0.5281917461380832
data\raw\dhan_shomadhan\Field Background\Rice Blast\rbf_53.jpg,dhan_shomadhan,0.6176143304697351,1,0.6176143304697351
data\raw\dhan_shomadhan\Field Background\Rice Blast\rbf_54.jpg,dhan_shomadhan,0.6205031328814627,1,0.6205031328814627
data\raw\dhan_shomadhan\Field Background\Rice Blast\rbf_55.jpg,dhan_shomadhan,0.5573467548076924,1,0.5573467548076924
data\raw\dhan_shomadhan\Field Background\Rice Blast\rbf_56.jpg,dhan_shomadhan,0.47323307455863806,1,0.47323307455863806
data\raw\dhan_shomadhan\Field Background\Rice Blast\rbf_57.jpg,dhan_shomadhan,0.6923958661727616,1,0.6923958661727616
data\raw\dhan_shomadhan\Field Background\Rice Blast\rbf_58.jpg,dhan_shomadhan,0.6036098331100253,1,0.6036098331100253
data\raw\dhan_shomadhan\Field Background\Rice Blast\rbf_59.jpg,dhan_shomadhan,0.5902223065100882,1,0.5902223065100882
data\raw\dhan_shomadhan\Field Background\Rice Blast\rbf_6.jpg,dhan_shomadhan,0.5980601749684742,1,0.5980601749684742
data\raw\dhan_shomadhan\Field Background\Rice Blast\rbf_60.jpg,dhan_shomadhan,0.5518586705942623,1,0.5518586705942623
data\raw\dhan_shomadhan\Field Background\Rice Blast\rbf_61.jpg,dhan_shomadhan,0.6483373807928752,1,0.6483373807928752
data\raw\dhan_shomadhan\Field Background\Rice Blast\rbf_62.jpg,dhan_shomadhan,0.5544781486443884,1,0.5544781486443884
data\raw\dhan_shomadhan\Field Background\Rice Blast\rbf_63.jpg,dhan_shomadhan,0.5281503684583859,1,0.5281503684583859
data\raw\dhan_shomadhan\Field Background\Rice Blast\rbf_64.jpg,dhan_shomadhan,0.5497378182140605,1,0.5497378182140605
data\raw\dhan_shomadhan\Field Background\Rice Blast\rbf_65.jpg,dhan_shomadhan,0.3940225262058638,1,0.3940225262058638
data\raw\dhan_shomadhan\Field Background\Rice Blast\rbf_66.jpg,dhan_shomadhan,0.5278184849858134,1,0.5278184849858134
data\raw\dhan_shomadhan\Field Background\Rice Blast\rbf_67.jpg,dhan_shomadhan,0.4006294086932535,1,0.4006294086932535
data\raw\dhan_shomadhan\Field Background\Rice Blast\rbf_68.jpg,dhan_shomadhan,0.4739357562263556,1,0.4739357562263556
data\raw\dhan_shomadhan\Field Background\Rice Blast\rbf_69.jpg,dhan_shomadhan,0.5355244620901639,1,0.5355244620901639
data\raw\dhan_shomadhan\Field Background\Rice Blast\rbf_7.jpg,dhan_shomadhan,0.7559638043820933,1,0.7559638043820933
data\raw\dhan_shomadhan\Field Background\Rice Blast\rbf_70.jpg,dhan_shomadhan,0.5325630024432535,1,0.5325630024432535
data\raw\dhan_shomadhan\Field Background\Rice Blast\rbf_71.jpg,dhan_shomadhan,0.5175677805800757,1,0.5175677805800757
data\raw\dhan_shomadhan\Field Background\Rice Blast\rbf_72.jpg,dhan_shomadhan,0.5060718050520177,1,0.5060718050520177
data\raw\dhan_shomadhan\Field Background\Rice Blast\rbf_73.jpg,dhan_shomadhan,0.4245710760167087,1,0.4245710760167087
data\raw\dhan_shomadhan\Field Background\Rice Blast\rbf_8.jpg,dhan_shomadhan,0.48270277526008826,1,0.48270277526008826
data\raw\dhan_shomadhan\Field Background\Rice Blast\rbf_9.jpg,dhan_shomadhan,0.8407951903373266,1,0.8407951903373266
data\raw\dhan_shomadhan\Field Background\Rice Turgro\rtf_0.jpg,dhan_shomadhan,0.25974789170870116,1,0.25974789170870116
data\raw\dhan_shomadhan\Field Background\Rice Turgro\rtf_1.jpg,dhan_shomadhan,0.2697997123266078,1,0.2697997123266078
data\raw\dhan_shomadhan\Field Background\Rice Turgro\rtf_10.jpg,dhan_shomadhan,0.09593612074401009,1,0.09593612074401009
data\raw\dhan_shomadhan\Field Background\Rice Turgro\rtf_11.jpg,dhan_shomadhan,0.1253815120586381,1,0.1253815120586381
data\raw\dhan_shomadhan\Field Background\Rice Turgro\rtf_12.jpg,dhan_shomadhan,0.13792670732187895,1,0.13792670732187895
data\raw\dhan_shomadhan\Field Background\Rice Turgro\rtf_13.jpg,dhan_shomadhan,0.10500423628625473,1,0.10500423628625473
data\raw\dhan_shomadhan\Field Background\Rice Turgro\rtf_14.jpg,dhan_shomadhan,0.21301759043978563,1,0.21301759043978563
data\raw\dhan_shomadhan\Field Background\Rice Turgro\rtf_15.jpg,dhan_shomadhan,0.10626588607345523,1,0.10626588607345523
data\raw\dhan_shomadhan\Field Background\Rice Turgro\rtf_16.jpg,dhan_shomadhan,0.4026907806588903,1,0.4026907806588903
data\raw\dhan_shomadhan\Field Background\Rice Turgro\rtf_17.jpg,dhan_shomadhan,0.17885329642181588,1,0.17885329642181588
data\raw\dhan_shomadhan\Field Background\Rice Turgro\rtf_18.jpg,dhan_shomadhan,0.17335634556273644,1,0.17335634556273644
data\raw\dhan_shomadhan\Field Background\Rice Turgro\rtf_19.jpg,dhan_shomadhan,0.19944497261191677,1,0.19944497261191677
data\raw\dhan_shomadhan\Field Background\Rice Turgro\rtf_2.jpg,dhan_shomadhan,0.44781572647383355,1,0.44781572647383355
data\raw\dhan_shomadhan\Field Background\Rice Turgro\rtf_20.jpg,dhan_shomadhan,0.3736331819435687,1,0.3736331819435687
data\raw\dhan_shomadhan\Field Background\Rice Turgro\rtf_21.jpg,dhan_shomadhan,0.3671398417796343,1,0.3671398417796343
data\raw\dhan_shomadhan\Field Background\Rice Turgro\rtf_22.jpg,dhan_shomadhan,0.22157784422288776,1,0.22157784422288776
data\raw\dhan_shomadhan\Field Background\Rice Turgro\rtf_23.jpg,dhan_shomadhan,0.23248184800598992,1,0.23248184800598992
data\raw\dhan_shomadhan\Field Background\Rice Turgro\rtf_24.jpg,dhan_shomadhan,0.08276681214533417,1,0.08276681214533417
data\raw\dhan_shomadhan\Field Background\Rice Turgro\rtf_25.jpg,dhan_shomadhan,0.15347252325031527,1,0.15347252325031527
data\raw\dhan_shomadhan\Field Background\Rice Turgro\rtf_26.jpg,dhan_shomadhan,0.12132637630044137,1,0.12132637630044137
data\raw\dhan_shomadhan\Field Background\Rice Turgro\rtf_27.jpg,dhan_shomadhan,0.12324969951923077,1,0.12324969951923077
data\raw\dhan_shomadhan\Field Background\Rice Turgro\rtf_28.jpg,dhan_shomadhan,0.26928877187105926,1,0.26928877187105926
data\raw\dhan_shomadhan\Field Background\Rice Turgro\rtf_29.jpg,dhan_shomadhan,0.05558019880989912,1,0.05558019880989912
data\raw\dhan_shomadhan\Field Background\Rice Turgro\rtf_3.jpg,dhan_shomadhan,0.26685697115384616,1,0.26685697115384616
data\raw\dhan_shomadhan\Field Background\Rice Turgro\rtf_30.jpg,dhan_shomadhan,0.14004595877994955,1,0.14004595877994955
data\raw\dhan_shomadhan\Field Background\Rice Turgro\rtf_31.jpg,dhan_shomadhan,0.08958095247477932,1,0.08958095247477932
data\raw\dhan_shomadhan\Field Background\Rice Turgro\rtf_32.jpg,dhan_shomadhan,0.22067024452238335,1,0.22067024452238335
data\raw\dhan_shomadhan\Field Background\Rice Turgro\rtf_33.jpg,dhan_shomadhan,0.20938645275063053,1,0.20938645275063053
data\raw\dhan_shomadhan\Field Background\Rice Turgro\rtf_34.jpg,dhan_shomadhan,0.31259950346784365,1,0.31259950346784365
data\raw\dhan_shomadhan\Field Background\Rice Turgro\rtf_35.jpg,dhan_shomadhan,0.2999466769782472,1,0.2999466769782472
data\raw\dhan_shomadhan\Field Background\Rice Turgro\rtf_36.jpg,dhan_shomadhan,0.4393193864281211,1,0.4393193864281211
data\raw\dhan_shomadhan\Field Background\Rice Turgro\rtf_37.jpg,dhan_shomadhan,0.403926076804855,1,0.403926076804855
data\raw\dhan_shomadhan\Field Background\Rice Turgro\rtf_38.jpg,dhan_shomadhan,0.21272031151481716,1,0.21272031151481716
data\raw\dhan_shomadhan\Field Background\Rice Turgro\rtf_39.jpg,dhan_shomadhan,0.15930123443411098,1,0.15930123443411098
data\raw\dhan_shomadhan\Field Background\Rice Turgro\rtf_4.jpg,dhan_shomadhan,0.25390083149432535,1,0.25390083149432535
data\raw\dhan_shomadhan\Field Background\Rice Turgro\rtf_40.jpg,dhan_shomadhan,0.17251930958385878,1,0.17251930958385878
data\raw\dhan_shomadhan\Field Background\Rice Turgro\rtf_41.jpg,dhan_shomadhan,0.6785530619482976,1,0.6785530619482976
data\raw\dhan_shomadhan\Field Background\Rice Turgro\rtf_42.jpg,dhan_shomadhan,0.5184522284836065,1,0.5184522284836065
data\raw\dhan_shomadhan\Field Background\Rice Turgro\rtf_43.jpg,dhan_shomadhan,0.5469986404476671,1,0.5469986404476671
data\raw\dhan_shomadhan\Field Background\Rice Turgro\rtf_44.jpg,dhan_shomadhan,0.43756305170239596,1,0.43756305170239596
data\raw\dhan_shomadhan\Field Background\Rice Turgro\rtf_45.jpg,dhan_shomadhan,0.57064512235971,1,0.57064512235971
data\raw\dhan_shomadhan\Field Background\Rice Turgro\rtf_46.jpg,dhan_shomadhan,0.4036291673234552,1,0.4036291673234552
data\raw\dhan_shomadhan\Field Background\Rice Turgro\rtf_47.jpg,dhan_shomadhan,0.7016498118300757,1,0.7016498118300757
data\raw\dhan_shomadhan\Field Background\Rice Turgro\rtf_48.jpg,dhan_shomadhan,0.5180124674889659,1,0.5180124674889659
data\raw\dhan_shomadhan\Field Background\Rice Turgro\rtf_49.jpg,dhan_shomadhan,0.5423653255044136,1,0.5423653255044136
data\raw\dhan_shomadhan\Field Background\Rice Turgro\rtf_5.jpg,dhan_shomadhan,0.41155607168190417,1,0.41155607168190417
data\raw\dhan_shomadhan\Field Background\Rice Turgro\rtf_50.jpg,dhan_shomadhan,0.5791982335671501,1,0.5791982335671501
data\raw\dhan_shomadhan\Field Background\Rice Turgro\rtf_51.jpg,dhan_shomadhan,0.6907247497635561,1,0.6907247497635561
data\raw\dhan_shomadhan\Field Background\Rice Turgro\rtf_52.jpg,dhan_shomadhan,0.5095997448376419,1,0.5095997448376419
data\raw\dhan_shomadhan\Field Background\Rice Turgro\rtf_53.jpg,dhan_shomadhan,0.5767386014344262,1,0.5767386014344262
data\raw\dhan_shomadhan\Field Background\Rice Turgro\rtf_54.jpg,dhan_shomadhan,0.49820647462168977,1,0.49820647462168977
data\raw\dhan_shomadhan\Field Background\Rice Turgro\rtf_55.jpg,dhan_shomadhan,0.6056324135009458,1,0.6056324135009458
data\raw\dhan_shomadhan\Field Background\Rice Turgro\rtf_56.jpg,dhan_shomadhan,0.5832017703735813,1,0.5832017703735813
data\raw\dhan_shomadhan\Field Background\Rice Turgro\rtf_57.jpg,dhan_shomadhan,0.35023225685687265,1,0.35023225685687265
data\raw\dhan_shomadhan\Field Background\Rice Turgro\rtf_58.jpg,dhan_shomadhan,0.13011211380832283,1,0.13011211380832283
data\raw\dhan_shomadhan\Field Background\Rice Turgro\rtf_59.jpg,dhan_shomadhan,0.5016621266156999,1,0.5016621266156999
data\raw\dhan_shomadhan\Field Background\Rice Turgro\rtf_6.jpg,dhan_shomadhan,0.3974138950189155,1,0.3974138950189155
data\raw\dhan_shomadhan\Field Background\Rice Turgro\rtf_60.jpg,dhan_shomadhan,0.5437495074085751,1,0.5437495074085751
data\raw\dhan_shomadhan\Field Background\Rice Turgro\rtf_61.jpg,dhan_shomadhan,0.198574317268285,1,0.198574317268285
data\raw\dhan_shomadhan\Field Background\Rice Turgro\rtf_62.jpg,dhan_shomadhan,0.6787619207124842,1,0.6787619207124842
data\raw\dhan_shomadhan\Field Background\Rice Turgro\rtf_63.jpg,dhan_shomadhan,0.4835265112704918,1,0.4835265112704918
data\raw\dhan_shomadhan\Field Background\Rice Turgro\rtf_64.jpg,dhan_shomadhan,0.5364021368616015,1,0.5364021368616015
data\raw\dhan_shomadhan\Field Background\Rice Turgro\rtf_65.jpg,dhan_shomadhan,0.6102882645018916,1,0.6102882645018916
data\raw\dhan_shomadhan\Field Background\Rice Turgro\rtf_66.jpg,dhan_shomadhan,0.7546852833385876,1,0.7546852833385876
data\raw\dhan_shomadhan\Field Background\Rice Turgro\rtf_67.jpg,dhan_shomadhan,0.5224331060844892,1,0.5224331060844892
data\raw\dhan_shomadhan\Field Background\Rice Turgro\rtf_68.jpg,dhan_shomadhan,0.6889134910939471,1,0.6889134910939471
data\raw\dhan_shomadhan\Field Background\Rice Turgro\rtf_69.jpg,dhan_shomadhan,0.7126227784126734,1,0.7126227784126734
data\raw\dhan_shomadhan\Field Background\Rice Turgro\rtf_7.jpg,dhan_shomadhan,0.17600303928909206,1,0.17600303928909206
data\raw\dhan_shomadhan\Field Background\Rice Turgro\rtf_70.jpg,dhan_shomadhan,0.6024249044372636,1,0.6024249044372636
data\raw\dhan_shomadhan\Field Background\Rice Turgro\rtf_71.jpg,dhan_shomadhan,0.6321907264738336,1,0.6321907264738336
data\raw\dhan_shomadhan\Field Background\Rice Turgro\rtf_72.jpg,dhan_shomadhan,0.4654394161806431,1,0.4654394161806431
data\raw\dhan_shomadhan\Field Background\Rice Turgro\rtf_73.jpg,dhan_shomadhan,0.6450515496926229,1,0.6450515496926229
data\raw\dhan_shomadhan\Field Background\Rice Turgro\rtf_74.jpg,dhan_shomadhan,0.6199112842843632,1,0.6199112842843632
data\raw\dhan_shomadhan\Field Background\Rice Turgro\rtf_75.jpg,dhan_shomadhan,0.6588310559189786,1,0.6588310559189786
data\raw\dhan_shomadhan\Field Background\Rice Turgro\rtf_8.jpg,dhan_shomadhan,0.25896085375945777,1,0.25896085375945777
data\raw\dhan_shomadhan\Field Background\Rice Turgro\rtf_9.jpg,dhan_shomadhan,0.08596964159047919,1,0.08596964159047919
data\raw\dhan_shomadhan\Field Background\Sheath Blight\sbf_0.jpg,dhan_shomadhan,0.7674725872872005,1,0.7674725872872005
data\raw\dhan_shomadhan\Field Background\Sheath Blight\sbf_1.jpg,dhan_shomadhan,0.8169318450504414,1,0.8169318450504414
data\raw\dhan_shomadhan\Field Background\Sheath Blight\sbf_10.jpg,dhan_shomadhan,0.5973557692307693,1,0.5973557692307693
data\raw\dhan_shomadhan\Field Background\Sheath Blight\sbf_11.jpg,dhan_shomadhan,0.840179451056116,1,0.840179451056116
data\raw\dhan_shomadhan\Field Background\Sheath Blight\sbf_12.jpg,dhan_shomadhan,0.7985152062972888,1,0.7985152062972888
data\raw\dhan_shomadhan\Field Background\Sheath Blight\sbf_13.jpg,dhan_shomadhan,0.7188126822588272,1,0.7188126822588272
data\raw\dhan_shomadhan\Field Background\Sheath Blight\sbf_14.jpg,dhan_shomadhan,0.5411019516472257,1,0.5411019516472257
data\raw\dhan_shomadhan\Field Background\Sheath Blight\sbf_15.jpg,dhan_shomadhan,0.8573955213587642,1,0.8573955213587642
data\raw\dhan_shomadhan\Field Background\Sheath Blight\sbf_16.jpg,dhan_shomadhan,0.6971177244246533,1,0.6971177244246533
data\raw\dhan_shomadhan\Field Background\Sheath Blight\sbf_17.jpg,dhan_shomadhan,0.8795503132881463,1,0.8795503132881463
data\raw\dhan_shomadhan\Field Background\Sheath Blight\sbf_18.jpg,dhan_shomadhan,0.7466484079445145,1,0.7466484079445145
data\raw\dhan_shomadhan\Field Background\Sheath Blight\sbf_19.jpg,dhan_shomadhan,0.5806075376339849,1,0.5806075376339849
data\raw\dhan_shomadhan\Field Background\Sheath Blight\sbf_2.jpg,dhan_shomadhan,0.4359409481399748,1,0.4359409481399748
data\raw\dhan_shomadhan\Field Background\Sheath Blight\sbf_20.jpg,dhan_shomadhan,0.23296101631462798,1,0.23296101631462798
data\raw\dhan_shomadhan\Field Background\Sheath Blight\sbf_21.jpg,dhan_shomadhan,0.44366687519703657,1,0.44366687519703657
data\raw\dhan_shomadhan\Field Background\Sheath Blight\sbf_22.jpg,dhan_shomadhan,0.36760718789407315,1,0.36760718789407315
data\raw\dhan_shomadhan\Field Background\Sheath Blight\sbf_23.jpg,dhan_shomadhan,0.35644186436002523,1,0.35644186436002523
data\raw\dhan_shomadhan\Field Background\Sheath Blight\sbf_24.jpg,dhan_shomadhan,0.3768990630911097,1,0.3768990630911097
data\raw\dhan_shomadhan\Field Background\Sheath Blight\sbf_25.jpg,dhan_shomadhan,0.2900370921343001,1,0.2900370921343001
data\raw\dhan_shomadhan\Field Background\Sheath Blight\sbf_26.jpg,dhan_shomadhan,0.417933160269546,1,0.417933160269546
data\raw\dhan_shomadhan\Field Background\Sheath Blight\sbf_27.jpg,dhan_shomadhan,0.3795500669924338,1,0.3795500669924338
data\raw\dhan_shomadhan\Field Background\Sheath Blight\sbf_28.jpg,dhan_shomadhan,0.715598030619483,1,0.715598030619483
data\raw\dhan_shomadhan\Field Background\Sheath Blight\sbf_29.jpg,dhan_shomadhan,0.7291301652496937,1,0.7291301652496937
data\raw\dhan_shomadhan\Field Background\Sheath Blight\sbf_3.jpg,dhan_shomadhan,0.7587607384930644,1,0.7587607384930644
data\raw\dhan_shomadhan\Field Background\Sheath Blight\sbf_30.jpg,dhan_shomadhan,0.7327132879518995,1,0.7327132879518995
data\raw\dhan_shomadhan\Field Background\Sheath Blight\sbf_31.jpg,dhan_shomadhan,0.3033959881152982,1,0.3033959881152982
data\raw\dhan_shomadhan\Field Background\Sheath Blight\sbf_32.jpg,dhan_shomadhan,0.4641228968801062,1,0.4641228968801062
data\raw\dhan_shomadhan\Field Background\Sheath Blight\sbf_33.jpg,dhan_shomadhan,0.8505564172283496,1,0.8505564172283496
data\raw\dhan_shomadhan\Field Background\Sheath Blight\sbf_34.jpg,dhan_shomadhan,0.6411275664013241,1,0.6411275664013241
data\raw\dhan_shomadhan\Field Background\Sheath Blight\sbf_35.jpg,dhan_shomadhan,0.5610536284284363,1,0.5610536284284363
data\raw\dhan_shomadhan\Field Background\Sheath Blight\sbf_36.jpg,dhan_shomadhan,0.38593848518284996,1,0.38593848518284996
data\raw\dhan_shomadhan\Field Background\Sheath Blight\sbf_37.jpg,dhan_shomadhan,0.6816433342528373,1,0.6816433342528373
data\raw\dhan_shomadhan\Field Background\Sheath Blight\sbf_38.jpg,dhan_shomadhan,0.6040545200189155,1,0.6040545200189155
data\raw\dhan_shomadhan\Field Background\Sheath Blight\sbf_39.jpg,dhan_shomadhan,0.5748917530343631,1,0.5748917530343631
data\raw\dhan_shomadhan\Field Background\Sheath Blight\sbf_4.jpg,dhan_shomadhan,0.5063914968868222,1,0.5063914968868222
data\raw\dhan_shomadhan\Field Background\Sheath Blight\sbf_40.jpg,dhan_shomadhan,0.5396924012846784,1,0.5396924012846784
data\raw\dhan_shomadhan\Field Background\Sheath Blight\sbf_41.jpg,dhan_shomadhan,0.5341230394861286,1,0.5341230394861286
data\raw\dhan_shomadhan\Field Background\Sheath Blight\sbf_42.jpg,dhan_shomadhan,0.5528358488335435,1,0.5528358488335435
data\raw\dhan_shomadhan\Field Background\Sheath Blight\sbf_43.jpg,dhan_shomadhan,0.5904666318568726,1,0.5904666318568726
data\raw\dhan_shomadhan\Field Background\Sheath Blight\sbf_44.jpg,dhan_shomadhan,0.6291200346784364,1,0.6291200346784364
data\raw\dhan_shomadhan\Field Background\Sheath Blight\sbf_45.jpg,dhan_shomadhan,0.5663332233212485,1,0.5663332233212485
data\raw\dhan_shomadhan\Field Background\Sheath Blight\sbf_46.jpg,dhan_shomadhan,0.7750135462641866,1,0.7750135462641866
data\raw\dhan_shomadhan\Field Background\Sheath Blight\sbf_47.jpg,dhan_shomadhan,0.6624085011428121,1,0.6624085011428121
data\raw\dhan_shomadhan\Field Background\Sheath Blight\sbf_48.jpg,dhan_shomadhan,0.6948558677490543,1,0.6948558677490543
data\raw\dhan_shomadhan\Field Background\Sheath Blight\sbf_49.jpg,dhan_shomadhan,0.5203695174574401,1,0.5203695174574401
data\raw\dhan_shomadhan\Field Background\Sheath Blight\sbf_5.jpg,dhan_shomadhan,0.8239901875788146,1,0.8239901875788146
data\raw\dhan_shomadhan\Field Background\Sheath Blight\sbf_50.jpg,dhan_shomadhan,0.6007818657392812,1,0.6007818657392812
data\raw\dhan_shomadhan\Field Background\Sheath Blight\sbf_51.jpg,dhan_shomadhan,0.4983679214612232,1,0.4983679214612232
data\raw\dhan_shomadhan\Field Background\Sheath Blight\sbf_52.jpg,dhan_shomadhan,0.6799287466503783,1,0.6799287466503783
data\raw\dhan_shomadhan\Field Background\Sheath Blight\sbf_53.jpg,dhan_shomadhan,0.658714804342686,1,0.658714804342686
data\raw\dhan_shomadhan\Field Background\Sheath Blight\sbf_54.jpg,dhan_shomadhan,0.567840060490227,1,0.567840060490227
data\raw\dhan_shomadhan\Field Background\Sheath Blight\sbf_55.jpg,dhan_shomadhan,0.5716564125551702,1,0.5716564125551702
data\raw\dhan_shomadhan\Field Background\Sheath Blight\sbf_56.jpg,dhan_shomadhan,0.6866527427490542,1,0.6866527427490542
data\raw\dhan_shomadhan\Field Background\Sheath Blight\sbf_57.jpg,dhan_shomadhan,0.5382616694908575,1,0.5382616694908575
data\raw\dhan_shomadhan\Field Background\Sheath Blight\sbf_58.jpg,dhan_shomadhan,0.6385430623423708,1,0.6385430623423708
data\raw\dhan_shomadhan\Field Background\Sheath Blight\sbf_59.jpg,dhan_shomadhan,0.7828499369482976,1,0.7828499369482976
data\raw\dhan_shomadhan\Field Background\Sheath Blight\sbf_6.jpg,dhan_shomadhan,0.7719317711617276,1,0.7719317711617276
data\raw\dhan_shomadhan\Field Background\Sheath Blight\sbf_60.jpg,dhan_shomadhan,0.5397733094262295,1,0.5397733094262295
data\raw\dhan_shomadhan\Field Background\Sheath Blight\sbf_61.jpg,dhan_shomadhan,0.8249060381856873,1,0.8249060381856873
data\raw\dhan_shomadhan\Field Background\Sheath Blight\sbf_62.jpg,dhan_shomadhan,0.755933633157314,1,0.755933633157314
data\raw\dhan_shomadhan\Field Background\Sheath Blight\sbf_63.jpg,dhan_shomadhan,0.7909150132014502,1,0.7909150132014502
data\raw\dhan_shomadhan\Field Background\Sheath Blight\sbf_7.jpg,dhan_shomadhan,0.7987653195933165,1,0.7987653195933165
data\raw\dhan_shomadhan\Field Background\Sheath Blight\sbf_8.jpg,dhan_shomadhan,0.779476917165826,1,0.779476917165826
data\raw\dhan_shomadhan\Field Background\Sheath Blight\sbf_9.jpg,dhan_shomadhan,0.732027186120744,1,0.732027186120744
data\raw\brri_rice_disease_pest\Healthy\HL_1.jpg,brri_rice_disease_pest,0.07087642171813445,1,0.07087642171813445
data\raw\brri_rice_disease_pest\Healthy\HL_10.jpg,brri_rice_disease_pest,0.12996886060729224,1,0.12996886060729224
data\raw\brri_rice_disease_pest\Healthy\HL_100.jpg,brri_rice_disease_pest,0.12018639152676776,1,0.12018639152676776
data\raw\brri_rice_disease_pest\Healthy\HL_101.jpg,brri_rice_disease_pest,0.17021662600442827,1,0.17021662600442827
data\raw\brri_rice_disease_pest\Healthy\HL_102.jpg,brri_rice_disease_pest,0.19625597826086957,1,0.19625597826086957
data\raw\brri_rice_disease_pest\Healthy\HL_103.jpg,brri_rice_disease_pest,0.071328,1,0.071328
data\raw\brri_rice_disease_pest\Healthy\HL_104.jpg,brri_rice_disease_pest,0.12331697575762052,1,0.12331697575762052
data\raw\brri_rice_disease_pest\Healthy\HL_105.jpg,brri_rice_disease_pest,0.16433147682433233,1,0.16433147682433233
data\raw\brri_rice_disease_pest\Healthy\HL_106.jpg,brri_rice_disease_pest,0.15428817592169217,1,0.15428817592169217
data\raw\brri_rice_disease_pest\Healthy\HL_107.jpg,brri_rice_disease_pest,0.36425758162849897,1,0.36425758162849897
data\raw\brri_rice_disease_pest\Healthy\HL_108.jpg,brri_rice_disease_pest,0.3128903008518349,1,0.3128903008518349
data\raw\brri_rice_disease_pest\Healthy\HL_109.jpg,brri_rice_disease_pest,0.2075058955274433,1,0.2075058955274433
data\raw\brri_rice_disease_pest\Healthy\HL_11.jpg,brri_rice_disease_pest,0.1967065109558316,1,0.1967065109558316
data\raw\brri_rice_disease_pest\Healthy\HL_110.jpg,brri_rice_disease_pest,0.19018632830361226,1,0.19018632830361226
data\raw\brri_rice_disease_pest\Healthy\HL_111.jpg,brri_rice_disease_pest,0.12445543108266016,1,0.12445543108266016
data\raw\brri_rice_disease_pest\Healthy\HL_112.jpg,brri_rice_disease_pest,0.15344791506517022,1,0.15344791506517022
data\raw\brri_rice_disease_pest\Healthy\HL_113.jpg,brri_rice_disease_pest,0.12558534239458571,1,0.12558534239458571
data\raw\brri_rice_disease_pest\Healthy\HL_114.jpg,brri_rice_disease_pest,0.12805932179567667,1,0.12805932179567667
data\raw\brri_rice_disease_pest\Healthy\HL_115.jpg,brri_rice_disease_pest,0.0807505723195616,1,0.0807505723195616
data\raw\brri_rice_disease_pest\Healthy\HL_116.jpg,brri_rice_disease_pest,0.12907677922672495,1,0.12907677922672495
data\raw\brri_rice_disease_pest\Healthy\HL_117.jpg,brri_rice_disease_pest,0.1601887309691951,1,0.1601887309691951
data\raw\brri_rice_disease_pest\Healthy\HL_118.jpg,brri_rice_disease_pest,0.12103099038391157,1,0.12103099038391157
data\raw\brri_rice_disease_pest\Healthy\HL_119.jpg,brri_rice_disease_pest,0.05727195458336006,1,0.05727195458336006
data\raw\brri_rice_disease_pest\Healthy\HL_12.jpg,brri_rice_disease_pest,0.18943327992084122,1,0.18943327992084122
data\raw\brri_rice_disease_pest\Healthy\HL_120.jpg,brri_rice_disease_pest,0.08487336788091246,1,0.08487336788091246
data\raw\brri_rice_disease_pest\Healthy\HL_121.jpg,brri_rice_disease_pest,0.14914811216108656,1,0.14914811216108656
data\raw\brri_rice_disease_pest\Healthy\HL_122.jpg,brri_rice_disease_pest,0.05473632068282274,1,0.05473632068282274
data\raw\brri_rice_disease_pest\Healthy\HL_123.jpg,brri_rice_disease_pest,0.18633438965943538,1,0.18633438965943538
data\raw\brri_rice_disease_pest\Healthy\HL_124.jpg,brri_rice_disease_pest,0.14218196963538757,1,0.14218196963538757
data\raw\brri_rice_disease_pest\Healthy\HL_125.jpg,brri_rice_disease_pest,0.20181147225185864,1,0.20181147225185864
data\raw\brri_rice_disease_pest\Healthy\HL_126.jpg,brri_rice_disease_pest,0.11382813426137614,1,0.11382813426137614
data\raw\brri_rice_disease_pest\Healthy\HL_127.jpg,brri_rice_disease_pest,0.050548940528775364,1,0.050548940528775364
data\raw\brri_rice_disease_pest\Healthy\HL_128.jpg,brri_rice_disease_pest,0.09166280533731097,1,0.09166280533731097
data\raw\brri_rice_disease_pest\Healthy\HL_129.jpg,brri_rice_disease_pest,0.23647415705600433,1,0.23647415705600433
data\raw\brri_rice_disease_pest\Healthy\HL_13.jpg,brri_rice_disease_pest,0.08849444106244593,1,0.08849444106244593
data\raw\brri_rice_disease_pest\Healthy\HL_130.jpg,brri_rice_disease_pest,0.08342065487984555,1,0.08342065487984555
data\raw\brri_rice_disease_pest\Healthy\HL_131.jpg,brri_rice_disease_pest,0.26948884612779217,1,0.26948884612779217
data\raw\brri_rice_disease_pest\Healthy\HL_132.jpg,brri_rice_disease_pest,0.23578881522125691,1,0.23578881522125691
data\raw\brri_rice_disease_pest\Healthy\HL_133.jpg,brri_rice_disease_pest,0.056283907019160084,1,0.056283907019160084
data\raw\brri_rice_disease_pest\Healthy\HL_134.jpg,brri_rice_disease_pest,0.13084531833253812,1,0.13084531833253812
data\raw\brri_rice_disease_pest\Healthy\HL_135.jpg,brri_rice_disease_pest,0.10947487867886718,1,0.10947487867886718
data\raw\brri_rice_disease_pest\Healthy\HL_136.jpg,brri_rice_disease_pest,0.08072285931592628,1,0.08072285931592628
data\raw\brri_rice_disease_pest\Healthy\HL_137.jpg,brri_rice_disease_pest,0.09433507916440913,1,0.09433507916440913
data\raw\brri_rice_disease_pest\Healthy\HL_138.jpg,brri_rice_disease_pest,0.15163942234415487,1,0.15163942234415487
data\raw\brri_rice_disease_pest\Healthy\HL_139.jpg,brri_rice_disease_pest,0.071068,1,0.071068
data\raw\brri_rice_disease_pest\Healthy\HL_14.jpg,brri_rice_disease_pest,0.16379627312166287,1,0.16379627312166287
data\raw\brri_rice_disease_pest\Healthy\HL_140.jpg,brri_rice_disease_pest,0.1254619519843879,1,0.1254619519843879
data\raw\brri_rice_disease_pest\Healthy\HL_141.jpg,brri_rice_disease_pest,0.13369193381767686,1,0.13369193381767686
data\raw\brri_rice_disease_pest\Healthy\HL_142.jpg,brri_rice_disease_pest,0.09840136349539225,1,0.09840136349539225
data\raw\brri_rice_disease_pest\Healthy\HL_143.jpg,brri_rice_disease_pest,0.08166469796270893,1,0.08166469796270893
data\raw\brri_rice_disease_pest\Healthy\HL_144.jpg,brri_rice_disease_pest,0.09213516437263705,1,0.09213516437263705
data\raw\brri_rice_disease_pest\Healthy\HL_145.jpg,brri_rice_disease_pest,0.1757478428931904,1,0.1757478428931904
data\raw\brri_rice_disease_pest\Healthy\HL_146.jpg,brri_rice_disease_pest,0.19515174897119342,1,0.19515174897119342
data\raw\brri_rice_disease_pest\Healthy\HL_147.jpg,brri_rice_disease_pest,0.1606113143321648,1,0.1606113143321648
data\raw\brri_rice_disease_pest\Healthy\HL_148.jpg,brri_rice_disease_pest,0.14422264771630341,1,0.14422264771630341
data\raw\brri_rice_disease_pest\Healthy\HL_149.jpg,brri_rice_disease_pest,0.19989489661128892,1,0.19989489661128892
data\raw\brri_rice_disease_pest\Healthy\HL_15.jpg,brri_rice_disease_pest,0.18711398283833824,1,0.18711398283833824
data\raw\brri_rice_disease_pest\Healthy\HL_150.jpg,brri_rice_disease_pest,0.1073154857026057,1,0.1073154857026057
data\raw\brri_rice_disease_pest\Healthy\HL_151.jpg,brri_rice_disease_pest,0.15910015476013506,1,0.15910015476013506
data\raw\brri_rice_disease_pest\Healthy\HL_152.jpg,brri_rice_disease_pest,0.099352,1,0.099352
data\raw\brri_rice_disease_pest\Healthy\HL_153.jpg,brri_rice_disease_pest,0.08108664730771503,1,0.08108664730771503
data\raw\brri_rice_disease_pest\Healthy\HL_154.jpg,brri_rice_disease_pest,0.09597425188581689,1,0.09597425188581689
data\raw\brri_rice_disease_pest\Healthy\HL_155.jpg,brri_rice_disease_pest,0.1749566567596403,1,0.1749566567596403
data\raw\brri_rice_disease_pest\Healthy\HL_156.jpg,brri_rice_disease_pest,0.11067514772558347,1,0.11067514772558347
data\raw\brri_rice_disease_pest\Healthy\HL_157.jpg,brri_rice_disease_pest,0.15043114718186443,1,0.15043114718186443
data\raw\brri_rice_disease_pest\Healthy\HL_158.jpg,brri_rice_disease_pest,0.1370766162214105,1,0.1370766162214105
data\raw\brri_rice_disease_pest\Healthy\HL_159.jpg,brri_rice_disease_pest,0.23108456536097138,1,0.23108456536097138
data\raw\brri_rice_disease_pest\Healthy\HL_16.jpg,brri_rice_disease_pest,0.08446734981179042,1,0.08446734981179042
data\raw\brri_rice_disease_pest\Healthy\HL_160.jpg,brri_rice_disease_pest,0.18120094116750496,1,0.18120094116750496
data\raw\brri_rice_disease_pest\Healthy\HL_161.jpg,brri_rice_disease_pest,0.12374362817321208,1,0.12374362817321208
data\raw\brri_rice_disease_pest\Healthy\HL_162.jpg,brri_rice_disease_pest,0.11337332193702741,1,0.11337332193702741
data\raw\brri_rice_disease_pest\Healthy\HL_163.jpg,brri_rice_disease_pest,0.19982345170959712,1,0.19982345170959712
data\raw\brri_rice_disease_pest\Healthy\HL_164.jpg,brri_rice_disease_pest,0.24913075369608292,1,0.24913075369608292
data\raw\brri_rice_disease_pest\Healthy\HL_165.jpg,brri_rice_disease_pest,0.21981188292773798,1,0.21981188292773798
data\raw\brri_rice_disease_pest\Healthy\HL_166.jpg,brri_rice_disease_pest,0.2017397627394198,1,0.2017397627394198
data\raw\brri_rice_disease_pest\Healthy\HL_167.jpg,brri_rice_disease_pest,0.23458086716117124,1,0.23458086716117124
data\raw\brri_rice_disease_pest\Healthy\HL_168.jpg,brri_rice_disease_pest,0.19352897707594163,1,0.19352897707594163
data\raw\brri_rice_disease_pest\Healthy\HL_169.jpg,brri_rice_disease_pest,0.15223690445220753,1,0.15223690445220753
data\raw\brri_rice_disease_pest\Healthy\HL_17.jpg,brri_rice_disease_pest,0.2257439266541347,1,0.2257439266541347
data\raw\brri_rice_disease_pest\Healthy\HL_170.jpg,brri_rice_disease_pest,0.08551868106938433,1,0.08551868106938433
data\raw\brri_rice_disease_pest\Healthy\HL_171.jpg,brri_rice_disease_pest,0.08000481135479733,1,0.08000481135479733
data\raw\brri_rice_disease_pest\Healthy\HL_172.jpg,brri_rice_disease_pest,0.2234092660332944,1,0.2234092660332944
data\raw\brri_rice_disease_pest\Healthy\HL_173.jpg,brri_rice_disease_pest,0.25399720994428354,1,0.25399720994428354
data\raw\brri_rice_disease_pest\Healthy\HL_174.jpg,brri_rice_disease_pest,0.25955615251740083,1,0.25955615251740083
data\raw\brri_rice_disease_pest\Healthy\HL_175.jpg,brri_rice_disease_pest,0.26016264034954023,1,0.26016264034954023
data\raw\brri_rice_disease_pest\Healthy\HL_176.jpg,brri_rice_disease_pest,0.1750431745850071,1,0.1750431745850071
data\raw\brri_rice_disease_pest\Healthy\HL_177.jpg,brri_rice_disease_pest,0.2033816724245965,1,0.2033816724245965
data\raw\brri_rice_disease_pest\Healthy\HL_178.jpg,brri_rice_disease_pest,0.27485594590932955,1,0.27485594590932955
data\raw\brri_rice_disease_pest\Healthy\HL_179.jpg,brri_rice_disease_pest,0.17985730810274161,1,0.17985730810274161
data\raw\brri_rice_disease_pest\Healthy\HL_18.jpg,brri_rice_disease_pest,0.10590834271853071,1,0.10590834271853071
data\raw\brri_rice_disease_pest\Healthy\HL_180.jpg,brri_rice_disease_pest,0.34703461320259443,1,0.34703461320259443
data\raw\brri_rice_disease_pest\Healthy\HL_181.jpg,brri_rice_disease_pest,0.18569958847736626,1,0.18569958847736626
data\raw\brri_rice_disease_pest\Healthy\HL_182.jpg,brri_rice_disease_pest,0.135676,1,0.135676
data\raw\brri_rice_disease_pest\Healthy\HL_183.jpg,brri_rice_disease_pest,0.110316,1,0.110316
data\raw\brri_rice_disease_pest\Healthy\HL_184.jpg,brri_rice_disease_pest,0.1979942826887724,1,0.1979942826887724
data\raw\brri_rice_disease_pest\Healthy\HL_185.jpg,brri_rice_disease_pest,0.25617541415479167,1,0.25617541415479167
data\raw\brri_rice_disease_pest\Healthy\HL_186.jpg,brri_rice_disease_pest,0.11058082832508653,1,0.11058082832508653
data\raw\brri_rice_disease_pest\Healthy\HL_187.jpg,brri_rice_disease_pest,0.07098765432098765,1,0.07098765432098765
data\raw\brri_rice_disease_pest\Healthy\HL_188.jpg,brri_rice_disease_pest,0.18446412089959185,1,0.18446412089959185
data\raw\brri_rice_disease_pest\Healthy\HL_189.jpg,brri_rice_disease_pest,0.180982208366535,1,0.180982208366535
data\raw\brri_rice_disease_pest\Healthy\HL_19.jpg,brri_rice_disease_pest,0.10964,1,0.10964
data\raw\brri_rice_disease_pest\Healthy\HL_190.jpg,brri_rice_disease_pest,0.09279486922537328,1,0.09279486922537328
data\raw\brri_rice_disease_pest\Healthy\HL_191.jpg,brri_rice_disease_pest,0.25505141367619777,1,0.25505141367619777
data\raw\brri_rice_disease_pest\Healthy\HL_192.jpg,brri_rice_disease_pest,0.0805255751471069,1,0.0805255751471069
data\raw\brri_rice_disease_pest\Healthy\HL_193.jpg,brri_rice_disease_pest,0.1838635046225189,1,0.1838635046225189
data\raw\brri_rice_disease_pest\Healthy\HL_194.jpg,brri_rice_disease_pest,0.08745949014732021,1,0.08745949014732021
data\raw\brri_rice_disease_pest\Healthy\HL_195.jpg,brri_rice_disease_pest,0.12339882943143812,1,0.12339882943143812
data\raw\brri_rice_disease_pest\Healthy\HL_196.jpg,brri_rice_disease_pest,0.04929159013219283,1,0.04929159013219283
data\raw\brri_rice_disease_pest\Healthy\HL_197.jpg,brri_rice_disease_pest,0.10598555964786202,1,0.10598555964786202
data\raw\brri_rice_disease_pest\Healthy\HL_198.jpg,brri_rice_disease_pest,0.09116198183227506,1,0.09116198183227506
data\raw\brri_rice_disease_pest\Healthy\HL_199.jpg,brri_rice_disease_pest,0.10544980965738329,1,0.10544980965738329
data\raw\brri_rice_disease_pest\Healthy\HL_2.jpg,brri_rice_disease_pest,0.1157931987831553,1,0.1157931987831553
data\raw\brri_rice_disease_pest\Healthy\HL_20.jpg,brri_rice_disease_pest,0.08791214678326142,1,0.08791214678326142
data\raw\brri_rice_disease_pest\Healthy\HL_200.jpg,brri_rice_disease_pest,0.1448818162150396,1,0.1448818162150396
data\raw\brri_rice_disease_pest\Healthy\HL_201.jpg,brri_rice_disease_pest,0.17489109598766683,1,0.17489109598766683
data\raw\brri_rice_disease_pest\Healthy\HL_202.jpg,brri_rice_disease_pest,0.07140078163159125,1,0.07140078163159125
data\raw\brri_rice_disease_pest\Healthy\HL_203.jpg,brri_rice_disease_pest,0.12074209245742093,1,0.12074209245742093
data\raw\brri_rice_disease_pest\Healthy\HL_204.jpg,brri_rice_disease_pest,0.22087217819099392,1,0.22087217819099392
data\raw\brri_rice_disease_pest\Healthy\HL_205.jpg,brri_rice_disease_pest,0.08541878289777449,1,0.08541878289777449
data\raw\brri_rice_disease_pest\Healthy\HL_206.jpg,brri_rice_disease_pest,0.05122754584404001,1,0.05122754584404001
data\raw\brri_rice_disease_pest\Healthy\HL_207.jpg,brri_rice_disease_pest,0.08541878289777449,1,0.08541878289777449
data\raw\brri_rice_disease_pest\Healthy\HL_208.jpg,brri_rice_disease_pest,0.05321088765654537,1,0.05321088765654537
data\raw\brri_rice_disease_pest\Healthy\HL_209.jpg,brri_rice_disease_pest,0.12330574819748259,1,0.12330574819748259
data\raw\brri_rice_disease_pest\Healthy\HL_21.jpg,brri_rice_disease_pest,0.11371795711986059,1,0.11371795711986059
data\raw\brri_rice_disease_pest\Healthy\HL_210.jpg,brri_rice_disease_pest,0.10015749798618988,1,0.10015749798618988
data\raw\brri_rice_disease_pest\Healthy\HL_211.jpg,brri_rice_disease_pest,0.215548151931022,1,0.215548151931022
data\raw\brri_rice_disease_pest\Healthy\HL_212.jpg,brri_rice_disease_pest,0.12958952145214522,1,0.12958952145214522
data\raw\brri_rice_disease_pest\Healthy\HL_213.jpg,brri_rice_disease_pest,0.2589631598333587,1,0.2589631598333587
data\raw\brri_rice_disease_pest\Healthy\HL_214.jpg,brri_rice_disease_pest,0.089592,1,0.089592
data\raw\brri_rice_disease_pest\Healthy\HL_215.jpg,brri_rice_disease_pest,0.05151257480433027,1,0.05151257480433027
data\raw\brri_rice_disease_pest\Healthy\HL_216.jpg,brri_rice_disease_pest,0.148588,1,0.148588
data\raw\brri_rice_disease_pest\Healthy\HL_217.jpg,brri_rice_disease_pest,0.05011811078489668,1,0.05011811078489668
data\raw\brri_rice_disease_pest\Healthy\HL_218.jpg,brri_rice_disease_pest,0.10630227504190022,1,0.10630227504190022
data\raw\brri_rice_disease_pest\Healthy\HL_219.jpg,brri_rice_disease_pest,0.11982761366773556,1,0.11982761366773556
data\raw\brri_rice_disease_pest\Healthy\HL_22.jpg,brri_rice_disease_pest,0.0995078202781257,1,0.0995078202781257
data\raw\brri_rice_disease_pest\Healthy\HL_220.jpg,brri_rice_disease_pest,0.10308814761668975,1,0.10308814761668975
data\raw\brri_rice_disease_pest\Healthy\HL_221.jpg,brri_rice_disease_pest,0.07465061174053388,1,0.07465061174053388
data\raw\brri_rice_disease_pest\Healthy\HL_222.jpg,brri_rice_disease_pest,0.20970084167386407,1,0.20970084167386407
data\raw\brri_rice_disease_pest\Healthy\HL_223.jpg,brri_rice_disease_pest,0.09948967171332283,1,0.09948967171332283
data\raw\brri_rice_disease_pest\Healthy\HL_224.jpg,brri_rice_disease_pest,0.1937255193613962,1,0.1937255193613962
data\raw\brri_rice_disease_pest\Healthy\HL_225.jpg,brri_rice_disease_pest,0.065404,1,0.065404
data\raw\brri_rice_disease_pest\Healthy\HL_226.jpg,brri_rice_disease_pest,0.14970617622652374,1,0.14970617622652374
data\raw\brri_rice_disease_pest\Healthy\HL_227.jpg,brri_rice_disease_pest,0.18429409652568593,1,0.18429409652568593
data\raw\brri_rice_disease_pest\Healthy\HL_228.jpg,brri_rice_disease_pest,0.1540387825863619,1,0.1540387825863619
data\raw\brri_rice_disease_pest\Healthy\HL_229.jpg,brri_rice_disease_pest,0.22340397381835425,1,0.22340397381835425
data\raw\brri_rice_disease_pest\Healthy\HL_23.jpg,brri_rice_disease_pest,0.15662074761025827,1,0.15662074761025827
data\raw\brri_rice_disease_pest\Healthy\HL_230.jpg,brri_rice_disease_pest,0.13587774011752674,1,0.13587774011752674
data\raw\brri_rice_disease_pest\Healthy\HL_231.jpg,brri_rice_disease_pest,0.11333757618552104,1,0.11333757618552104
data\raw\brri_rice_disease_pest\Healthy\HL_232.jpg,brri_rice_disease_pest,0.098376,1,0.098376
data\raw\brri_rice_disease_pest\Healthy\HL_233.jpg,brri_rice_disease_pest,0.06489948629428535,1,0.06489948629428535
data\raw\brri_rice_disease_pest\Healthy\HL_234.jpg,brri_rice_disease_pest,0.090908,1,0.090908
data\raw\brri_rice_disease_pest\Healthy\HL_235.jpg,brri_rice_disease_pest,0.267039873664245,1,0.267039873664245
data\raw\brri_rice_disease_pest\Healthy\HL_236.jpg,brri_rice_disease_pest,0.17116142176394308,1,0.17116142176394308
data\raw\brri_rice_disease_pest\Healthy\HL_237.jpg,brri_rice_disease_pest,0.19622557155252432,1,0.19622557155252432
data\raw\brri_rice_disease_pest\Healthy\HL_238.jpg,brri_rice_disease_pest,0.06209272150892798,1,0.06209272150892798
data\raw\brri_rice_disease_pest\Healthy\HL_239.jpg,brri_rice_disease_pest,0.04122,1,0.04122
data\raw\brri_rice_disease_pest\Healthy\HL_24.jpg,brri_rice_disease_pest,0.16313070430647447,1,0.16313070430647447
data\raw\brri_rice_disease_pest\Healthy\HL_240.jpg,brri_rice_disease_pest,0.14215869585152993,1,0.14215869585152993
data\raw\brri_rice_disease_pest\Healthy\HL_241.jpg,brri_rice_disease_pest,0.04976,1,0.04976
data\raw\brri_rice_disease_pest\Healthy\HL_242.jpg,brri_rice_disease_pest,0.16460411069995115,1,0.16460411069995115
data\raw\brri_rice_disease_pest\Healthy\HL_243.jpg,brri_rice_disease_pest,0.07873668335258632,1,0.07873668335258632
data\raw\brri_rice_disease_pest\Healthy\HL_244.jpg,brri_rice_disease_pest,0.11441580210365189,1,0.11441580210365189
data\raw\brri_rice_disease_pest\Healthy\HL_245.jpg,brri_rice_disease_pest,0.148588,1,0.148588
data\raw\brri_rice_disease_pest\Healthy\HL_246.jpg,brri_rice_disease_pest,0.12281664832326318,1,0.12281664832326318
data\raw\brri_rice_disease_pest\Healthy\HL_247.jpg,brri_rice_disease_pest,0.11927288225259154,1,0.11927288225259154
data\raw\brri_rice_disease_pest\Healthy\HL_248.jpg,brri_rice_disease_pest,0.09640325903887421,1,0.09640325903887421
data\raw\brri_rice_disease_pest\Healthy\HL_249.jpg,brri_rice_disease_pest,0.11969276065318105,1,0.11969276065318105
data\raw\brri_rice_disease_pest\Healthy\HL_25.jpg,brri_rice_disease_pest,0.244056048789988,1,0.244056048789988
data\raw\brri_rice_disease_pest\Healthy\HL_250.jpg,brri_rice_disease_pest,0.22296323134682405,1,0.22296323134682405
data\raw\brri_rice_disease_pest\Healthy\HL_251.jpg,brri_rice_disease_pest,0.14393184050534302,1,0.14393184050534302
data\raw\brri_rice_disease_pest\Healthy\HL_252.jpg,brri_rice_disease_pest,0.11508,1,0.11508
data\raw\brri_rice_disease_pest\Healthy\HL_253.jpg,brri_rice_disease_pest,0.11411799128282393,1,0.11411799128282393
data\raw\brri_rice_disease_pest\Healthy\HL_254.jpg,brri_rice_disease_pest,0.111552,1,0.111552
data\raw\brri_rice_disease_pest\Healthy\HL_255.jpg,brri_rice_disease_pest,0.10996378755878893,1,0.10996378755878893
data\raw\brri_rice_disease_pest\Healthy\HL_256.jpg,brri_rice_disease_pest,0.03201921072465162,1,0.03201921072465162
data\raw\brri_rice_disease_pest\Healthy\HL_257.jpg,brri_rice_disease_pest,0.21618635771742042,1,0.21618635771742042
data\raw\brri_rice_disease_pest\Healthy\HL_258.jpg,brri_rice_disease_pest,0.15319417397142218,1,0.15319417397142218
data\raw\brri_rice_disease_pest\Healthy\HL_259.jpg,brri_rice_disease_pest,0.17324,1,0.17324
data\raw\brri_rice_disease_pest\Healthy\HL_26.jpg,brri_rice_disease_pest,0.22005426637199613,1,0.22005426637199613
data\raw\brri_rice_disease_pest\Healthy\HL_260.jpg,brri_rice_disease_pest,0.17760578444202682,1,0.17760578444202682
data\raw\brri_rice_disease_pest\Healthy\HL_261.jpg,brri_rice_disease_pest,0.136548,1,0.136548
data\raw\brri_rice_disease_pest\Healthy\HL_262.jpg,brri_rice_disease_pest,0.24472128020796288,1,0.24472128020796288
data\raw\brri_rice_disease_pest\Healthy\HL_263.jpg,brri_rice_disease_pest,0.1665370385313095,1,0.1665370385313095
data\raw\brri_rice_disease_pest\Healthy\HL_264.jpg,brri_rice_disease_pest,0.17523921679310808,1,0.17523921679310808
data\raw\brri_rice_disease_pest\Healthy\HL_265.jpg,brri_rice_disease_pest,0.10845521304340464,1,0.10845521304340464
data\raw\brri_rice_disease_pest\Healthy\HL_266.jpg,brri_rice_disease_pest,0.130304,1,0.130304
data\raw\brri_rice_disease_pest\Healthy\HL_267.jpg,brri_rice_disease_pest,0.1382982059238888,1,0.1382982059238888
data\raw\brri_rice_disease_pest\Healthy\HL_268.jpg,brri_rice_disease_pest,0.18220064056969634,1,0.18220064056969634
data\raw\brri_rice_disease_pest\Healthy\HL_269.jpg,brri_rice_disease_pest,0.258624,1,0.258624
data\raw\brri_rice_disease_pest\Healthy\HL_27.jpg,brri_rice_disease_pest,0.06830820589679758,1,0.06830820589679758
data\raw\brri_rice_disease_pest\Healthy\HL_270.jpg,brri_rice_disease_pest,0.13319508669753022,1,0.13319508669753022
data\raw\brri_rice_disease_pest\Healthy\HL_271.jpg,brri_rice_disease_pest,0.088324,1,0.088324
data\raw\brri_rice_disease_pest\Healthy\HL_272.jpg,brri_rice_disease_pest,0.0853356642474888,1,0.0853356642474888
data\raw\brri_rice_disease_pest\Healthy\HL_273.jpg,brri_rice_disease_pest,0.144564,1,0.144564
data\raw\brri_rice_disease_pest\Healthy\HL_274.jpg,brri_rice_disease_pest,0.13344729779109024,1,0.13344729779109024
data\raw\brri_rice_disease_pest\Healthy\HL_275.jpg,brri_rice_disease_pest,0.17474381240811293,1,0.17474381240811293
data\raw\brri_rice_disease_pest\Healthy\HL_276.jpg,brri_rice_disease_pest,0.09733181208591045,1,0.09733181208591045
data\raw\brri_rice_disease_pest\Healthy\HL_277.jpg,brri_rice_disease_pest,0.05669267902270169,1,0.05669267902270169
data\raw\brri_rice_disease_pest\Healthy\HL_278.jpg,brri_rice_disease_pest,0.146849222109278,1,0.146849222109278
data\raw\brri_rice_disease_pest\Healthy\HL_279.jpg,brri_rice_disease_pest,0.1679899850124473,1,0.1679899850124473
data\raw\brri_rice_disease_pest\Healthy\HL_28.jpg,brri_rice_disease_pest,0.16542590687395214,1,0.16542590687395214
data\raw\brri_rice_disease_pest\Healthy\HL_280.jpg,brri_rice_disease_pest,0.16193719713744745,1,0.16193719713744745
data\raw\brri_rice_disease_pest\Healthy\HL_281.jpg,brri_rice_disease_pest,0.1509292070991888,1,0.1509292070991888
data\raw\brri_rice_disease_pest\Healthy\HL_282.jpg,brri_rice_disease_pest,0.15274,1,0.15274
data\raw\brri_rice_disease_pest\Healthy\HL_283.jpg,brri_rice_disease_pest,0.15375313299124457,1,0.15375313299124457
data\raw\brri_rice_disease_pest\Healthy\HL_284.jpg,brri_rice_disease_pest,0.14154248366013072,1,0.14154248366013072
data\raw\brri_rice_disease_pest\Healthy\HL_285.jpg,brri_rice_disease_pest,0.13324096060120197,1,0.13324096060120197
data\raw\brri_rice_disease_pest\Healthy\HL_286.jpg,brri_rice_disease_pest,0.142792,1,0.142792
data\raw\brri_rice_disease_pest\Healthy\HL_287.jpg,brri_rice_disease_pest,0.09675233333333333,1,0.09675233333333333
data\raw\brri_rice_disease_pest\Healthy\HL_288.jpg,brri_rice_disease_pest,0.07084979705982289,1,0.07084979705982289
data\raw\brri_rice_disease_pest\Healthy\HL_289.jpg,brri_rice_disease_pest,0.10950813633160356,1,0.10950813633160356
data\raw\brri_rice_disease_pest\Healthy\HL_29.jpg,brri_rice_disease_pest,0.1450777523847377,1,0.1450777523847377
data\raw\brri_rice_disease_pest\Healthy\HL_290.jpg,brri_rice_disease_pest,0.04508755440396958,1,0.04508755440396958
data\raw\brri_rice_disease_pest\Healthy\HL_291.jpg,brri_rice_disease_pest,0.08961568806837875,1,0.08961568806837875
data\raw\brri_rice_disease_pest\Healthy\HL_292.jpg,brri_rice_disease_pest,0.3114791317380481,1,0.3114791317380481
data\raw\brri_rice_disease_pest\Healthy\HL_293.jpg,brri_rice_disease_pest,0.099589272965016,1,0.099589272965016
data\raw\brri_rice_disease_pest\Healthy\HL_294.jpg,brri_rice_disease_pest,0.1775035798445079,1,0.1775035798445079
data\raw\brri_rice_disease_pest\Healthy\HL_295.jpg,brri_rice_disease_pest,0.112756,1,0.112756
data\raw\brri_rice_disease_pest\Healthy\HL_296.jpg,brri_rice_disease_pest,0.12009567206448334,1,0.12009567206448334
data\raw\brri_rice_disease_pest\Healthy\HL_297.jpg,brri_rice_disease_pest,0.136888,1,0.136888
data\raw\brri_rice_disease_pest\Healthy\HL_298.jpg,brri_rice_disease_pest,0.1304683684087579,1,0.1304683684087579
data\raw\brri_rice_disease_pest\Healthy\HL_299.jpg,brri_rice_disease_pest,0.07772226569553964,1,0.07772226569553964
data\raw\brri_rice_disease_pest\Healthy\HL_3.jpg,brri_rice_disease_pest,0.20519000208187907,1,0.20519000208187907
data\raw\brri_rice_disease_pest\Healthy\HL_30.jpg,brri_rice_disease_pest,0.08721104641717864,1,0.08721104641717864
data\raw\brri_rice_disease_pest\Healthy\HL_300.jpg,brri_rice_disease_pest,0.142388,1,0.142388
data\raw\brri_rice_disease_pest\Healthy\HL_301.jpg,brri_rice_disease_pest,0.2546597985719502,1,0.2546597985719502
data\raw\brri_rice_disease_pest\Healthy\HL_302.jpg,brri_rice_disease_pest,0.12538654037151245,1,0.12538654037151245
data\raw\brri_rice_disease_pest\Healthy\HL_303.jpg,brri_rice_disease_pest,0.179084,1,0.179084
data\raw\brri_rice_disease_pest\Healthy\HL_304.jpg,brri_rice_disease_pest,0.10139832586158588,1,0.10139832586158588
data\raw\brri_rice_disease_pest\Healthy\HL_305.jpg,brri_rice_disease_pest,0.1898223971752116,1,0.1898223971752116
data\raw\brri_rice_disease_pest\Healthy\HL_306.jpg,brri_rice_disease_pest,0.18142398716405936,1,0.18142398716405936
data\raw\brri_rice_disease_pest\Healthy\HL_307.jpg,brri_rice_disease_pest,0.07369386350234193,1,0.07369386350234193
data\raw\brri_rice_disease_pest\Healthy\HL_308.jpg,brri_rice_disease_pest,0.05733461553872661,1,0.05733461553872661
data\raw\brri_rice_disease_pest\Healthy\HL_309.jpg,brri_rice_disease_pest,0.08088392796434923,1,0.08088392796434923
data\raw\brri_rice_disease_pest\Healthy\HL_31.jpg,brri_rice_disease_pest,0.25407923927585563,1,0.25407923927585563
data\raw\brri_rice_disease_pest\Healthy\HL_310.jpg,brri_rice_disease_pest,0.148496,1,0.148496
data\raw\brri_rice_disease_pest\Healthy\HL_311.jpg,brri_rice_disease_pest,0.21481235714812358,1,0.21481235714812358
data\raw\brri_rice_disease_pest\Healthy\HL_312.jpg,brri_rice_disease_pest,0.3059113676691898,1,0.3059113676691898
data\raw\brri_rice_disease_pest\Healthy\HL_313.jpg,brri_rice_disease_pest,0.09916612398318253,1,0.09916612398318253
data\raw\brri_rice_disease_pest\Healthy\HL_314.jpg,brri_rice_disease_pest,0.1223774961181526,1,0.1223774961181526
data\raw\brri_rice_disease_pest\Healthy\HL_315.jpg,brri_rice_disease_pest,0.12382079912630865,1,0.12382079912630865
data\raw\brri_rice_disease_pest\Healthy\HL_316.jpg,brri_rice_disease_pest,0.232536,1,0.232536
data\raw\brri_rice_disease_pest\Healthy\HL_317.jpg,brri_rice_disease_pest,0.0601736910388931,1,0.0601736910388931
data\raw\brri_rice_disease_pest\Healthy\HL_318.jpg,brri_rice_disease_pest,0.18069394697624008,1,0.18069394697624008
data\raw\brri_rice_disease_pest\Healthy\HL_319.jpg,brri_rice_disease_pest,0.20521754178732918,1,0.20521754178732918
data\raw\brri_rice_disease_pest\Healthy\HL_32.jpg,brri_rice_disease_pest,0.1033538255949186,1,0.1033538255949186
data\raw\brri_rice_disease_pest\Healthy\HL_320.jpg,brri_rice_disease_pest,0.11962976319269143,1,0.11962976319269143
data\raw\brri_rice_disease_pest\Healthy\HL_321.jpg,brri_rice_disease_pest,0.16416991586291813,1,0.16416991586291813
data\raw\brri_rice_disease_pest\Healthy\HL_322.jpg,brri_rice_disease_pest,0.120956,1,0.120956
data\raw\brri_rice_disease_pest\Healthy\HL_323.jpg,brri_rice_disease_pest,0.1741192549586189,1,0.1741192549586189
data\raw\brri_rice_disease_pest\Healthy\HL_324.jpg,brri_rice_disease_pest,0.1919479209470016,1,0.1919479209470016
data\raw\brri_rice_disease_pest\Healthy\HL_325.jpg,brri_rice_disease_pest,0.2039836728807384,1,0.2039836728807384
data\raw\brri_rice_disease_pest\Healthy\HL_326.jpg,brri_rice_disease_pest,0.111476,1,0.111476
data\raw\brri_rice_disease_pest\Healthy\HL_327.jpg,brri_rice_disease_pest,0.18571520051143967,1,0.18571520051143967
data\raw\brri_rice_disease_pest\Healthy\HL_328.jpg,brri_rice_disease_pest,0.160152,1,0.160152
data\raw\brri_rice_disease_pest\Healthy\HL_329.jpg,brri_rice_disease_pest,0.19407499222863264,1,0.19407499222863264
data\raw\brri_rice_disease_pest\Healthy\HL_33.jpg,brri_rice_disease_pest,0.09837978774072542,1,0.09837978774072542
data\raw\brri_rice_disease_pest\Healthy\HL_330.jpg,brri_rice_disease_pest,0.091244,1,0.091244
data\raw\brri_rice_disease_pest\Healthy\HL_331.jpg,brri_rice_disease_pest,0.20650302079628782,1,0.20650302079628782
data\raw\brri_rice_disease_pest\Healthy\HL_332.jpg,brri_rice_disease_pest,0.24080608603834042,1,0.24080608603834042
data\raw\brri_rice_disease_pest\Healthy\HL_333.jpg,brri_rice_disease_pest,0.11052530213298667,1,0.11052530213298667
data\raw\brri_rice_disease_pest\Healthy\HL_334.jpg,brri_rice_disease_pest,0.24636340614118393,1,0.24636340614118393
data\raw\brri_rice_disease_pest\Healthy\HL_335.jpg,brri_rice_disease_pest,0.07454396646602773,1,0.07454396646602773
data\raw\brri_rice_disease_pest\Healthy\HL_336.jpg,brri_rice_disease_pest,0.08861288536670277,1,0.08861288536670277
data\raw\brri_rice_disease_pest\Healthy\HL_337.jpg,brri_rice_disease_pest,0.1448818162150396,1,0.1448818162150396
data\raw\brri_rice_disease_pest\Healthy\HL_338.jpg,brri_rice_disease_pest,0.127332,1,0.127332
data\raw\brri_rice_disease_pest\Healthy\HL_339.jpg,brri_rice_disease_pest,0.13720809273097825,1,0.13720809273097825
data\raw\brri_rice_disease_pest\Healthy\HL_34.jpg,brri_rice_disease_pest,0.11119745193867618,1,0.11119745193867618
data\raw\brri_rice_disease_pest\Healthy\HL_340.jpg,brri_rice_disease_pest,0.077068,1,0.077068
data\raw\brri_rice_disease_pest\Healthy\HL_341.jpg,brri_rice_disease_pest,0.14980088178893414,1,0.14980088178893414
data\raw\brri_rice_disease_pest\Healthy\HL_342.jpg,brri_rice_disease_pest,0.09400282552115233,1,0.09400282552115233
data\raw\brri_rice_disease_pest\Healthy\HL_343.jpg,brri_rice_disease_pest,0.16247823963994565,1,0.16247823963994565
data\raw\brri_rice_disease_pest\Healthy\HL_344.jpg,brri_rice_disease_pest,0.17678583042217927,1,0.17678583042217927
data\raw\brri_rice_disease_pest\Healthy\HL_345.jpg,brri_rice_disease_pest,0.0968328784560926,1,0.0968328784560926
data\raw\brri_rice_disease_pest\Healthy\HL_346.jpg,brri_rice_disease_pest,0.14367470417105427,1,0.14367470417105427
data\raw\brri_rice_disease_pest\Healthy\HL_347.jpg,brri_rice_disease_pest,0.110316,1,0.110316
data\raw\brri_rice_disease_pest\Healthy\HL_348.jpg,brri_rice_disease_pest,0.13442499394012847,1,0.13442499394012847
data\raw\brri_rice_disease_pest\Healthy\HL_349.jpg,brri_rice_disease_pest,0.15135916474282982,1,0.15135916474282982
data\raw\brri_rice_disease_pest\Healthy\HL_35.jpg,brri_rice_disease_pest,0.15646893425458616,1,0.15646893425458616
data\raw\brri_rice_disease_pest\Healthy\HL_350.jpg,brri_rice_disease_pest,0.11296566607522339,1,0.11296566607522339
data\raw\brri_rice_disease_pest\Healthy\HL_351.jpg,brri_rice_disease_pest,0.16377925417382405,1,0.16377925417382405
data\raw\brri_rice_disease_pest\Healthy\HL_352.jpg,brri_rice_disease_pest,0.13228475934841682,1,0.13228475934841682
data\raw\brri_rice_disease_pest\Healthy\HL_353.jpg,brri_rice_disease_pest,0.29598299717184035,1,0.29598299717184035
data\raw\brri_rice_disease_pest\Healthy\HL_354.jpg,brri_rice_disease_pest,0.16294877818693065,1,0.16294877818693065
data\raw\brri_rice_disease_pest\Healthy\HL_355.jpg,brri_rice_disease_pest,0.14853003345049623,1,0.14853003345049623
data\raw\brri_rice_disease_pest\Healthy\HL_356.jpg,brri_rice_disease_pest,0.17358739364655393,1,0.17358739364655393
data\raw\brri_rice_disease_pest\Healthy\HL_357.jpg,brri_rice_disease_pest,0.1154282143615338,1,0.1154282143615338
data\raw\brri_rice_disease_pest\Healthy\HL_358.jpg,brri_rice_disease_pest,0.30321322122305205,1,0.30321322122305205
data\raw\brri_rice_disease_pest\Healthy\HL_359.jpg,brri_rice_disease_pest,0.15421336262994537,1,0.15421336262994537
data\raw\brri_rice_disease_pest\Healthy\HL_36.jpg,brri_rice_disease_pest,0.26175374477129165,1,0.26175374477129165
data\raw\brri_rice_disease_pest\Healthy\HL_360.jpg,brri_rice_disease_pest,0.2831789173252588,1,0.2831789173252588
data\raw\brri_rice_disease_pest\Healthy\HL_361.jpg,brri_rice_disease_pest,0.19052558782849238,1,0.19052558782849238
data\raw\brri_rice_disease_pest\Healthy\HL_362.jpg,brri_rice_disease_pest,0.18100674237687572,1,0.18100674237687572
data\raw\brri_rice_disease_pest\Healthy\HL_363.jpg,brri_rice_disease_pest,0.25293294551982254,1,0.25293294551982254
data\raw\brri_rice_disease_pest\Healthy\HL_364.jpg,brri_rice_disease_pest,0.3896647275991126,1,0.3896647275991126
data\raw\brri_rice_disease_pest\Healthy\HL_365.jpg,brri_rice_disease_pest,0.18495523844603634,1,0.18495523844603634
data\raw\brri_rice_disease_pest\Healthy\HL_366.jpg,brri_rice_disease_pest,0.1015969220217807,1,0.1015969220217807
data\raw\brri_rice_disease_pest\Healthy\HL_367.jpg,brri_rice_disease_pest,0.167881282634462,1,0.167881282634462
data\raw\brri_rice_disease_pest\Healthy\HL_368.jpg,brri_rice_disease_pest,0.10124615785195346,1,0.10124615785195346
data\raw\brri_rice_disease_pest\Healthy\HL_369.jpg,brri_rice_disease_pest,0.13094739114972312,1,0.13094739114972312
data\raw\brri_rice_disease_pest\Healthy\HL_37.jpg,brri_rice_disease_pest,0.1092274310683483,1,0.1092274310683483
data\raw\brri_rice_disease_pest\Healthy\HL_370.jpg,brri_rice_disease_pest,0.0596384993818693,1,0.0596384993818693
data\raw\brri_rice_disease_pest\Healthy\HL_371.jpg,brri_rice_disease_pest,0.16988115802130435,1,0.16988115802130435
data\raw\brri_rice_disease_pest\Healthy\HL_372.jpg,brri_rice_disease_pest,0.18518215477195804,1,0.18518215477195804
data\raw\brri_rice_disease_pest\Healthy\HL_373.jpg,brri_rice_disease_pest,0.2207535121328225,1,0.2207535121328225
data\raw\brri_rice_disease_pest\Healthy\HL_374.jpg,brri_rice_disease_pest,0.1801358829108029,1,0.1801358829108029
data\raw\brri_rice_disease_pest\Healthy\HL_375.jpg,brri_rice_disease_pest,0.12257532361324433,1,0.12257532361324433
data\raw\brri_rice_disease_pest\Healthy\HL_376.jpg,brri_rice_disease_pest,0.2303838761028976,1,0.2303838761028976
data\raw\brri_rice_disease_pest\Healthy\HL_377.jpg,brri_rice_disease_pest,0.23471132025944555,1,0.23471132025944555
data\raw\brri_rice_disease_pest\Healthy\HL_378.jpg,brri_rice_disease_pest,0.23471132025944555,1,0.23471132025944555
data\raw\brri_rice_disease_pest\Healthy\HL_379.jpg,brri_rice_disease_pest,0.14346003954343003,1,0.14346003954343003
data\raw\brri_rice_disease_pest\Healthy\HL_38.jpg,brri_rice_disease_pest,0.071252,1,0.071252
data\raw\brri_rice_disease_pest\Healthy\HL_380.jpg,brri_rice_disease_pest,0.27349505283747394,1,0.27349505283747394
data\raw\brri_rice_disease_pest\Healthy\HL_381.jpg,brri_rice_disease_pest,0.0895429537333401,1,0.0895429537333401
data\raw\brri_rice_disease_pest\Healthy\HL_382.jpg,brri_rice_disease_pest,0.09871169592457044,1,0.09871169592457044
data\raw\brri_rice_disease_pest\Healthy\HL_383.jpg,brri_rice_disease_pest,0.103948,1,0.103948
data\raw\brri_rice_disease_pest\Healthy\HL_384.jpg,brri_rice_disease_pest,0.14144053032227472,1,0.14144053032227472
data\raw\brri_rice_disease_pest\Healthy\HL_385.jpg,brri_rice_disease_pest,0.14064662892703525,1,0.14064662892703525
data\raw\brri_rice_disease_pest\Healthy\HL_386.jpg,brri_rice_disease_pest,0.19638387310988184,1,0.19638387310988184
data\raw\brri_rice_disease_pest\Healthy\HL_387.jpg,brri_rice_disease_pest,0.14144053032227472,1,0.14144053032227472
data\raw\brri_rice_disease_pest\Healthy\HL_388.jpg,brri_rice_disease_pest,0.16139507561968428,1,0.16139507561968428
data\raw\brri_rice_disease_pest\Healthy\HL_389.jpg,brri_rice_disease_pest,0.09833856502749042,1,0.09833856502749042
data\raw\brri_rice_disease_pest\Healthy\HL_39.jpg,brri_rice_disease_pest,0.28111795923724364,1,0.28111795923724364
data\raw\brri_rice_disease_pest\Healthy\HL_390.jpg,brri_rice_disease_pest,0.11383452502269222,1,0.11383452502269222
data\raw\brri_rice_disease_pest\Healthy\HL_391.jpg,brri_rice_disease_pest,0.1605946438551034,1,0.1605946438551034
data\raw\brri_rice_disease_pest\Healthy\HL_392.jpg,brri_rice_disease_pest,0.15828428550561507,1,0.15828428550561507
data\raw\brri_rice_disease_pest\Healthy\HL_393.jpg,brri_rice_disease_pest,0.24125143948246372,1,0.24125143948246372
data\raw\brri_rice_disease_pest\Healthy\HL_394.jpg,brri_rice_disease_pest,0.13639616430513812,1,0.13639616430513812
data\raw\brri_rice_disease_pest\Healthy\HL_395.jpg,brri_rice_disease_pest,0.0883381776863776,1,0.0883381776863776
data\raw\brri_rice_disease_pest\Healthy\HL_396.jpg,brri_rice_disease_pest,0.35486788514623446,1,0.35486788514623446
data\raw\brri_rice_disease_pest\Healthy\HL_397.jpg,brri_rice_disease_pest,0.2839498234517096,1,0.2839498234517096
data\raw\brri_rice_disease_pest\Healthy\HL_398.jpg,brri_rice_disease_pest,0.1292983056917533,1,0.1292983056917533
data\raw\brri_rice_disease_pest\Healthy\HL_399.jpg,brri_rice_disease_pest,0.09398781654983315,1,0.09398781654983315
data\raw\brri_rice_disease_pest\Healthy\HL_4.jpg,brri_rice_disease_pest,0.23712610037876927,1,0.23712610037876927
data\raw\brri_rice_disease_pest\Healthy\HL_40.jpg,brri_rice_disease_pest,0.06449673802280245,1,0.06449673802280245
data\raw\brri_rice_disease_pest\Healthy\HL_400.jpg,brri_rice_disease_pest,0.15351833696804787,1,0.15351833696804787
data\raw\brri_rice_disease_pest\Healthy\HL_401.jpg,brri_rice_disease_pest,0.13703349779953325,1,0.13703349779953325
data\raw\brri_rice_disease_pest\Healthy\HL_402.jpg,brri_rice_disease_pest,0.2842586241934664,1,0.2842586241934664
data\raw\brri_rice_disease_pest\Healthy\HL_403.jpg,brri_rice_disease_pest,0.15189951394900664,1,0.15189951394900664
data\raw\brri_rice_disease_pest\Healthy\HL_404.jpg,brri_rice_disease_pest,0.23168651055167463,1,0.23168651055167463
data\raw\brri_rice_disease_pest\Healthy\HL_405.jpg,brri_rice_disease_pest,0.3316747531710952,1,0.3316747531710952
data\raw\brri_rice_disease_pest\Healthy\HL_406.jpg,brri_rice_disease_pest,0.2661087084455283,1,0.2661087084455283
data\raw\brri_rice_disease_pest\Healthy\HL_407.jpg,brri_rice_disease_pest,0.166955356991651,1,0.166955356991651
data\raw\brri_rice_disease_pest\Healthy\HL_408.jpg,brri_rice_disease_pest,0.19753880251994108,1,0.19753880251994108
data\raw\brri_rice_disease_pest\Healthy\HL_409.jpg,brri_rice_disease_pest,0.16037977992853392,1,0.16037977992853392
data\raw\brri_rice_disease_pest\Healthy\HL_41.jpg,brri_rice_disease_pest,0.25368629231655065,1,0.25368629231655065
data\raw\brri_rice_disease_pest\Healthy\HL_410.jpg,brri_rice_disease_pest,0.11197332082939508,1,0.11197332082939508
data\raw\brri_rice_disease_pest\Healthy\HL_411.jpg,brri_rice_disease_pest,0.06298159155955224,1,0.06298159155955224
data\raw\brri_rice_disease_pest\Healthy\HL_412.jpg,brri_rice_disease_pest,0.09789098166291149,1,0.09789098166291149
data\raw\brri_rice_disease_pest\Healthy\HL_413.jpg,brri_rice_disease_pest,0.10071971886139368,1,0.10071971886139368
data\raw\brri_rice_disease_pest\Healthy\HL_414.jpg,brri_rice_disease_pest,0.20860117830071423,1,0.20860117830071423
data\raw\brri_rice_disease_pest\Healthy\HL_415.jpg,brri_rice_disease_pest,0.18478,1,0.18478
data\raw\brri_rice_disease_pest\Healthy\HL_416.jpg,brri_rice_disease_pest,0.1758278628603497,1,0.1758278628603497
data\raw\brri_rice_disease_pest\Healthy\HL_417.jpg,brri_rice_disease_pest,0.16329938220070128,1,0.16329938220070128
data\raw\brri_rice_disease_pest\Healthy\HL_418.jpg,brri_rice_disease_pest,0.214652954378942,1,0.214652954378942
data\raw\brri_rice_disease_pest\Healthy\HL_419.jpg,brri_rice_disease_pest,0.1737609096004484,1,0.1737609096004484
data\raw\brri_rice_disease_pest\Healthy\HL_42.jpg,brri_rice_disease_pest,0.12001796210420605,1,0.12001796210420605
data\raw\brri_rice_disease_pest\Healthy\HL_420.jpg,brri_rice_disease_pest,0.16777254249990964,1,0.16777254249990964
data\raw\brri_rice_disease_pest\Healthy\HL_421.jpg,brri_rice_disease_pest,0.2392710926518654,1,0.2392710926518654
data\raw\brri_rice_disease_pest\Healthy\HL_422.jpg,brri_rice_disease_pest,0.10388762558706378,1,0.10388762558706378
data\raw\brri_rice_disease_pest\Healthy\HL_423.jpg,brri_rice_disease_pest,0.17771028742384262,1,0.17771028742384262
data\raw\brri_rice_disease_pest\Healthy\HL_424.jpg,brri_rice_disease_pest,0.24614700291283512,1,0.24614700291283512
data\raw\brri_rice_disease_pest\Healthy\HL_425.jpg,brri_rice_disease_pest,0.10408119739538349,1,0.10408119739538349
data\raw\brri_rice_disease_pest\Healthy\HL_426.jpg,brri_rice_disease_pest,0.14623423469990549,1,0.14623423469990549
data\raw\brri_rice_disease_pest\Healthy\HL_427.jpg,brri_rice_disease_pest,0.11230392623411468,1,0.11230392623411468
data\raw\brri_rice_disease_pest\Healthy\HL_428.jpg,brri_rice_disease_pest,0.14681662686921032,1,0.14681662686921032
data\raw\brri_rice_disease_pest\Healthy\HL_429.jpg,brri_rice_disease_pest,0.20959393893207337,1,0.20959393893207337
data\raw\brri_rice_disease_pest\Healthy\HL_43.jpg,brri_rice_disease_pest,0.13191639570526173,1,0.13191639570526173
data\raw\brri_rice_disease_pest\Healthy\HL_430.jpg,brri_rice_disease_pest,0.17060354536063269,1,0.17060354536063269
data\raw\brri_rice_disease_pest\Healthy\HL_431.jpg,brri_rice_disease_pest,0.14561450024555878,1,0.14561450024555878
data\raw\brri_rice_disease_pest\Healthy\HL_432.jpg,brri_rice_disease_pest,0.21214452192247116,1,0.21214452192247116
data\raw\brri_rice_disease_pest\Healthy\HL_433.jpg,brri_rice_disease_pest,0.10964,1,0.10964
data\raw\brri_rice_disease_pest\Healthy\HL_434.jpg,brri_rice_disease_pest,0.07763753093431783,1,0.07763753093431783
data\raw\brri_rice_disease_pest\Healthy\HL_435.jpg,brri_rice_disease_pest,0.06647405312605326,1,0.06647405312605326
data\raw\brri_rice_disease_pest\Healthy\HL_436.jpg,brri_rice_disease_pest,0.1548572600868519,1,0.1548572600868519
data\raw\brri_rice_disease_pest\Healthy\HL_437.jpg,brri_rice_disease_pest,0.068472,1,0.068472
data\raw\brri_rice_disease_pest\Healthy\HL_438.jpg,brri_rice_disease_pest,0.21950660775774156,1,0.21950660775774156
data\raw\brri_rice_disease_pest\Healthy\HL_439.jpg,brri_rice_disease_pest,0.2123464199224373,1,0.2123464199224373
data\raw\brri_rice_disease_pest\Healthy\HL_44.jpg,brri_rice_disease_pest,0.38409334832088604,1,0.38409334832088604
data\raw\brri_rice_disease_pest\Healthy\HL_440.jpg,brri_rice_disease_pest,0.21059181124803725,1,0.21059181124803725
data\raw\brri_rice_disease_pest\Healthy\HL_441.jpg,brri_rice_disease_pest,0.23784457611475215,1,0.23784457611475215
data\raw\brri_rice_disease_pest\Healthy\HL_442.jpg,brri_rice_disease_pest,0.36491186584296453,1,0.36491186584296453
data\raw\brri_rice_disease_pest\Healthy\HL_443.jpg,brri_rice_disease_pest,0.20071810064522685,1,0.20071810064522685
data\raw\brri_rice_disease_pest\Healthy\HL_444.jpg,brri_rice_disease_pest,0.3893580437433318,1,0.3893580437433318
data\raw\brri_rice_disease_pest\Healthy\HL_445.jpg,brri_rice_disease_pest,0.16014321792070993,1,0.16014321792070993
data\raw\brri_rice_disease_pest\Healthy\HL_446.jpg,brri_rice_disease_pest,0.12950155802807836,1,0.12950155802807836
data\raw\brri_rice_disease_pest\Healthy\HL_447.jpg,brri_rice_disease_pest,0.34715422358012626,1,0.34715422358012626
data\raw\brri_rice_disease_pest\Healthy\HL_448.jpg,brri_rice_disease_pest,0.19472625971564483,1,0.19472625971564483
data\raw\brri_rice_disease_pest\Healthy\HL_449.jpg,brri_rice_disease_pest,0.15584170561736863,1,0.15584170561736863
data\raw\brri_rice_disease_pest\Healthy\HL_45.jpg,brri_rice_disease_pest,0.19526666679590796,1,0.19526666679590796
data\raw\brri_rice_disease_pest\Healthy\HL_450.jpg,brri_rice_disease_pest,0.22212167013835968,1,0.22212167013835968
data\raw\brri_rice_disease_pest\Healthy\HL_451.jpg,brri_rice_disease_pest,0.12458165040898236,1,0.12458165040898236
data\raw\brri_rice_disease_pest\Healthy\HL_452.jpg,brri_rice_disease_pest,0.1682746866306356,1,0.1682746866306356
data\raw\brri_rice_disease_pest\Healthy\HL_453.jpg,brri_rice_disease_pest,0.09860255603602015,1,0.09860255603602015
data\raw\brri_rice_disease_pest\Healthy\HL_454.jpg,brri_rice_disease_pest,0.11605291319322668,1,0.11605291319322668
data\raw\brri_rice_disease_pest\Healthy\HL_455.jpg,brri_rice_disease_pest,0.12964544475086243,1,0.12964544475086243
data\raw\brri_rice_disease_pest\Healthy\HL_456.jpg,brri_rice_disease_pest,0.14016298963572627,1,0.14016298963572627
data\raw\brri_rice_disease_pest\Healthy\HL_457.jpg,brri_rice_disease_pest,0.11982791833900659,1,0.11982791833900659
data\raw\brri_rice_disease_pest\Healthy\HL_458.jpg,brri_rice_disease_pest,0.1571746792574299,1,0.1571746792574299
data\raw\brri_rice_disease_pest\Healthy\HL_459.jpg,brri_rice_disease_pest,0.15240229512777523,1,0.15240229512777523
data\raw\brri_rice_disease_pest\Healthy\HL_46.jpg,brri_rice_disease_pest,0.157175796018431,1,0.157175796018431
data\raw\brri_rice_disease_pest\Healthy\HL_460.jpg,brri_rice_disease_pest,0.26977483798416924,1,0.26977483798416924
data\raw\brri_rice_disease_pest\Healthy\HL_461.jpg,brri_rice_disease_pest,0.32616688047215026,1,0.32616688047215026
data\raw\brri_rice_disease_pest\Healthy\HL_462.jpg,brri_rice_disease_pest,0.09036514484138705,1,0.09036514484138705
data\raw\brri_rice_disease_pest\Healthy\HL_463.jpg,brri_rice_disease_pest,0.17475396492743314,1,0.17475396492743314
data\raw\brri_rice_disease_pest\Healthy\HL_464.jpg,brri_rice_disease_pest,0.15414625688152933,1,0.15414625688152933
data\raw\brri_rice_disease_pest\Healthy\HL_465.jpg,brri_rice_disease_pest,0.212256187657708,1,0.212256187657708
data\raw\brri_rice_disease_pest\Healthy\HL_466.jpg,brri_rice_disease_pest,0.08426855191841919,1,0.08426855191841919
data\raw\brri_rice_disease_pest\Healthy\HL_467.jpg,brri_rice_disease_pest,0.038008,1,0.038008
data\raw\brri_rice_disease_pest\Healthy\HL_468.jpg,brri_rice_disease_pest,0.16455537088036148,1,0.16455537088036148
data\raw\brri_rice_disease_pest\Healthy\HL_469.jpg,brri_rice_disease_pest,0.1360272002491626,1,0.1360272002491626
data\raw\brri_rice_disease_pest\Healthy\HL_47.jpg,brri_rice_disease_pest,0.27286907730673315,1,0.27286907730673315
data\raw\brri_rice_disease_pest\Healthy\HL_470.jpg,brri_rice_disease_pest,0.18842118320053702,1,0.18842118320053702
data\raw\brri_rice_disease_pest\Healthy\HL_471.jpg,brri_rice_disease_pest,0.07898014203800599,1,0.07898014203800599
data\raw\brri_rice_disease_pest\Healthy\HL_472.jpg,brri_rice_disease_pest,0.1581078320547342,1,0.1581078320547342
data\raw\brri_rice_disease_pest\Healthy\HL_473.jpg,brri_rice_disease_pest,0.11437455545394502,1,0.11437455545394502
data\raw\brri_rice_disease_pest\Healthy\HL_474.jpg,brri_rice_disease_pest,0.1327377474639706,1,0.1327377474639706
data\raw\brri_rice_disease_pest\Healthy\HL_475.jpg,brri_rice_disease_pest,0.204542784382462,1,0.204542784382462
data\raw\brri_rice_disease_pest\Healthy\HL_476.jpg,brri_rice_disease_pest,0.11063904553845112,1,0.11063904553845112
data\raw\brri_rice_disease_pest\Healthy\HL_477.jpg,brri_rice_disease_pest,0.20849580433199547,1,0.20849580433199547
data\raw\brri_rice_disease_pest\Healthy\HL_478.jpg,brri_rice_disease_pest,0.16408803493708615,1,0.16408803493708615
data\raw\brri_rice_disease_pest\Healthy\HL_479.jpg,brri_rice_disease_pest,0.17025429187702681,1,0.17025429187702681
data\raw\brri_rice_disease_pest\Healthy\HL_48.jpg,brri_rice_disease_pest,0.22193855950143102,1,0.22193855950143102
data\raw\brri_rice_disease_pest\Healthy\HL_480.jpg,brri_rice_disease_pest,0.17729343426645666,1,0.17729343426645666
data\raw\brri_rice_disease_pest\Healthy\HL_481.jpg,brri_rice_disease_pest,0.16522506731697403,1,0.16522506731697403
data\raw\brri_rice_disease_pest\Healthy\HL_482.jpg,brri_rice_disease_pest,0.056324,1,0.056324
data\raw\brri_rice_disease_pest\Healthy\HL_483.jpg,brri_rice_disease_pest,0.22791876238378295,1,0.22791876238378295
data\raw\brri_rice_disease_pest\Healthy\HL_484.jpg,brri_rice_disease_pest,0.17770966697149826,1,0.17770966697149826
data\raw\brri_rice_disease_pest\Healthy\HL_485.jpg,brri_rice_disease_pest,0.12153518687869397,1,0.12153518687869397
data\raw\brri_rice_disease_pest\Healthy\HL_486.jpg,brri_rice_disease_pest,0.05939399905163508,1,0.05939399905163508
data\raw\brri_rice_disease_pest\Healthy\HL_487.jpg,brri_rice_disease_pest,0.15394656344730648,1,0.15394656344730648
data\raw\brri_rice_disease_pest\Healthy\HL_488.jpg,brri_rice_disease_pest,0.14817408000135482,1,0.14817408000135482
data\raw\brri_rice_disease_pest\Healthy\HL_489.jpg,brri_rice_disease_pest,0.22443516189943946,1,0.22443516189943946
data\raw\brri_rice_disease_pest\Healthy\HL_49.jpg,brri_rice_disease_pest,0.17357829937848226,1,0.17357829937848226
data\raw\brri_rice_disease_pest\Healthy\HL_490.jpg,brri_rice_disease_pest,0.1726701408153021,1,0.1726701408153021
data\raw\brri_rice_disease_pest\Healthy\HL_491.jpg,brri_rice_disease_pest,0.14533533590746667,1,0.14533533590746667
data\raw\brri_rice_disease_pest\Healthy\HL_492.jpg,brri_rice_disease_pest,0.14069432801571577,1,0.14069432801571577
data\raw\brri_rice_disease_pest\Healthy\HL_493.jpg,brri_rice_disease_pest,0.20838546165049365,1,0.20838546165049365
data\raw\brri_rice_disease_pest\Healthy\HL_494.jpg,brri_rice_disease_pest,0.22242068028247727,1,0.22242068028247727
data\raw\brri_rice_disease_pest\Healthy\HL_495.jpg,brri_rice_disease_pest,0.15957007104269336,1,0.15957007104269336
data\raw\brri_rice_disease_pest\Healthy\HL_496.jpg,brri_rice_disease_pest,0.0781482857457366,1,0.0781482857457366
data\raw\brri_rice_disease_pest\Healthy\HL_497.jpg,brri_rice_disease_pest,0.06478835374011414,1,0.06478835374011414
data\raw\brri_rice_disease_pest\Healthy\HL_498.jpg,brri_rice_disease_pest,0.21174548891598502,1,0.21174548891598502
data\raw\brri_rice_disease_pest\Healthy\HL_499.jpg,brri_rice_disease_pest,0.2445095916103575,1,0.2445095916103575
data\raw\brri_rice_disease_pest\Healthy\HL_5.jpg,brri_rice_disease_pest,0.15292947566171566,1,0.15292947566171566
data\raw\brri_rice_disease_pest\Healthy\HL_50.jpg,brri_rice_disease_pest,0.22195522997849243,1,0.22195522997849243
data\raw\brri_rice_disease_pest\Healthy\HL_500.jpg,brri_rice_disease_pest,0.09965346576572,1,0.09965346576572
data\raw\brri_rice_disease_pest\Healthy\HL_501.jpg,brri_rice_disease_pest,0.07528738793966164,1,0.07528738793966164
data\raw\brri_rice_disease_pest\Healthy\HL_502.jpg,brri_rice_disease_pest,0.1010823637995563,1,0.1010823637995563
data\raw\brri_rice_disease_pest\Healthy\HL_503.jpg,brri_rice_disease_pest,0.19516101034733865,1,0.19516101034733865
data\raw\brri_rice_disease_pest\Healthy\HL_504.jpg,brri_rice_disease_pest,0.1475829395925418,1,0.1475829395925418
data\raw\brri_rice_disease_pest\Healthy\HL_505.jpg,brri_rice_disease_pest,0.3220683246117631,1,0.3220683246117631
data\raw\brri_rice_disease_pest\Healthy\HL_506.jpg,brri_rice_disease_pest,0.3390026185879524,1,0.3390026185879524
data\raw\brri_rice_disease_pest\Healthy\HL_507.jpg,brri_rice_disease_pest,0.19734484284238513,1,0.19734484284238513
data\raw\brri_rice_disease_pest\Healthy\HL_508.jpg,brri_rice_disease_pest,0.08961042947382682,1,0.08961042947382682
data\raw\brri_rice_disease_pest\Healthy\HL_509.jpg,brri_rice_disease_pest,0.12661835932869311,1,0.12661835932869311
data\raw\brri_rice_disease_pest\Healthy\HL_51.jpg,brri_rice_disease_pest,0.15426489017595557,1,0.15426489017595557
data\raw\brri_rice_disease_pest\Healthy\HL_510.jpg,brri_rice_disease_pest,0.17374526875984353,1,0.17374526875984353
data\raw\brri_rice_disease_pest\Healthy\HL_511.jpg,brri_rice_disease_pest,0.1994498213348236,1,0.1994498213348236
data\raw\brri_rice_disease_pest\Healthy\HL_512.jpg,brri_rice_disease_pest,0.048144,1,0.048144
data\raw\brri_rice_disease_pest\Healthy\HL_513.jpg,brri_rice_disease_pest,0.12330569738691595,1,0.12330569738691595
data\raw\brri_rice_disease_pest\Healthy\HL_514.jpg,brri_rice_disease_pest,0.32454111204254094,1,0.32454111204254094
data\raw\brri_rice_disease_pest\Healthy\HL_515.jpg,brri_rice_disease_pest,0.031653266778438244,1,0.031653266778438244
data\raw\brri_rice_disease_pest\Healthy\HL_516.jpg,brri_rice_disease_pest,0.2790897178614371,1,0.2790897178614371
data\raw\brri_rice_disease_pest\Healthy\HL_517.jpg,brri_rice_disease_pest,0.2872601038967637,1,0.2872601038967637
data\raw\brri_rice_disease_pest\Healthy\HL_518.jpg,brri_rice_disease_pest,0.2928338646717133,1,0.2928338646717133
data\raw\brri_rice_disease_pest\Healthy\HL_519.jpg,brri_rice_disease_pest,0.3328017303425968,1,0.3328017303425968
data\raw\brri_rice_disease_pest\Healthy\HL_52.jpg,brri_rice_disease_pest,0.22988958322748904,1,0.22988958322748904
data\raw\brri_rice_disease_pest\Healthy\HL_520.jpg,brri_rice_disease_pest,0.2709513497264983,1,0.2709513497264983
data\raw\brri_rice_disease_pest\Healthy\HL_521.jpg,brri_rice_disease_pest,0.26108031042015956,1,0.26108031042015956
data\raw\brri_rice_disease_pest\Healthy\HL_522.jpg,brri_rice_disease_pest,0.22253155218547307,1,0.22253155218547307
data\raw\brri_rice_disease_pest\Healthy\HL_523.jpg,brri_rice_disease_pest,0.08007244444444445,1,0.08007244444444445
data\raw\brri_rice_disease_pest\Healthy\HL_524.jpg,brri_rice_disease_pest,0.0655618109536148,1,0.0655618109536148
data\raw\brri_rice_disease_pest\Healthy\HL_525.jpg,brri_rice_disease_pest,0.21553577325610934,1,0.21553577325610934
data\raw\brri_rice_disease_pest\Healthy\HL_526.jpg,brri_rice_disease_pest,0.24852188436722045,1,0.24852188436722045
data\raw\brri_rice_disease_pest\Healthy\HL_527.jpg,brri_rice_disease_pest,0.1977179439956646,1,0.1977179439956646
data\raw\brri_rice_disease_pest\Healthy\HL_528.jpg,brri_rice_disease_pest,0.14963843587529002,1,0.14963843587529002
data\raw\brri_rice_disease_pest\Healthy\HL_529.jpg,brri_rice_disease_pest,0.1822218094294569,1,0.1822218094294569
data\raw\brri_rice_disease_pest\Healthy\HL_53.jpg,brri_rice_disease_pest,0.15022650426988277,1,0.15022650426988277
data\raw\brri_rice_disease_pest\Healthy\HL_530.jpg,brri_rice_disease_pest,0.1892591322461007,1,0.1892591322461007
data\raw\brri_rice_disease_pest\Healthy\HL_531.jpg,brri_rice_disease_pest,0.2054318764924046,1,0.2054318764924046
data\raw\brri_rice_disease_pest\Healthy\HL_532.jpg,brri_rice_disease_pest,0.30311505063591254,1,0.30311505063591254
data\raw\brri_rice_disease_pest\Healthy\HL_533.jpg,brri_rice_disease_pest,0.17622096690883843,1,0.17622096690883843
data\raw\brri_rice_disease_pest\Healthy\HL_534.jpg,brri_rice_disease_pest,0.1505240880455215,1,0.1505240880455215
data\raw\brri_rice_disease_pest\Healthy\HL_535.jpg,brri_rice_disease_pest,0.17149157902758727,1,0.17149157902758727
data\raw\brri_rice_disease_pest\Healthy\HL_536.jpg,brri_rice_disease_pest,0.15404870319565106,1,0.15404870319565106
data\raw\brri_rice_disease_pest\Healthy\HL_537.jpg,brri_rice_disease_pest,0.19124397745939814,1,0.19124397745939814
data\raw\brri_rice_disease_pest\Healthy\HL_538.jpg,brri_rice_disease_pest,0.18297727311216108,1,0.18297727311216108
data\raw\brri_rice_disease_pest\Healthy\HL_539.jpg,brri_rice_disease_pest,0.192892237802503,1,0.192892237802503
data\raw\brri_rice_disease_pest\Healthy\HL_54.jpg,brri_rice_disease_pest,0.22726414452420646,1,0.22726414452420646
data\raw\brri_rice_disease_pest\Healthy\HL_540.jpg,brri_rice_disease_pest,0.1045887208081424,1,0.1045887208081424
data\raw\brri_rice_disease_pest\Healthy\HL_541.jpg,brri_rice_disease_pest,0.2658779678741384,1,0.2658779678741384
data\raw\brri_rice_disease_pest\Healthy\HL_542.jpg,brri_rice_disease_pest,0.17984798641805957,1,0.17984798641805957
data\raw\brri_rice_disease_pest\Healthy\HL_543.jpg,brri_rice_disease_pest,0.18430535445138782,1,0.18430535445138782
data\raw\brri_rice_disease_pest\Healthy\HL_544.jpg,brri_rice_disease_pest,0.19009292070991887,1,0.19009292070991887
data\raw\brri_rice_disease_pest\Healthy\HL_545.jpg,brri_rice_disease_pest,0.1517880276073995,1,0.1517880276073995
data\raw\brri_rice_disease_pest\Healthy\HL_546.jpg,brri_rice_disease_pest,0.16054092787346103,1,0.16054092787346103
data\raw\brri_rice_disease_pest\Healthy\HL_547.jpg,brri_rice_disease_pest,0.21955759199986452,1,0.21955759199986452
data\raw\brri_rice_disease_pest\Healthy\HL_548.jpg,brri_rice_disease_pest,0.19736098409795255,1,0.19736098409795255
data\raw\brri_rice_disease_pest\Healthy\HL_549.jpg,brri_rice_disease_pest,0.2683044484241901,1,0.2683044484241901
data\raw\brri_rice_disease_pest\Healthy\HL_55.jpg,brri_rice_disease_pest,0.09513193611894098,1,0.09513193611894098
data\raw\brri_rice_disease_pest\Healthy\HL_550.jpg,brri_rice_disease_pest,0.21172140933800743,1,0.21172140933800743
data\raw\brri_rice_disease_pest\Healthy\HL_551.jpg,brri_rice_disease_pest,0.18118850446239565,1,0.18118850446239565
data\raw\brri_rice_disease_pest\Healthy\HL_552.jpg,brri_rice_disease_pest,0.5937659160550727,1,0.5937659160550727
data\raw\brri_rice_disease_pest\Healthy\HL_553.jpg,brri_rice_disease_pest,0.21362422521973276,1,0.21362422521973276
data\raw\brri_rice_disease_pest\Healthy\HL_554.jpg,brri_rice_disease_pest,0.26942613338075155,1,0.26942613338075155
data\raw\brri_rice_disease_pest\Healthy\HL_555.jpg,brri_rice_disease_pest,0.13457070610848618,1,0.13457070610848618
data\raw\brri_rice_disease_pest\Healthy\HL_556.jpg,brri_rice_disease_pest,0.25628662212738573,1,0.25628662212738573
data\raw\brri_rice_disease_pest\Healthy\HL_557.jpg,brri_rice_disease_pest,0.19172615358835024,1,0.19172615358835024
data\raw\brri_rice_disease_pest\Healthy\HL_558.jpg,brri_rice_disease_pest,0.15720709707192332,1,0.15720709707192332
data\raw\brri_rice_disease_pest\Healthy\HL_559.jpg,brri_rice_disease_pest,0.28809627385730496,1,0.28809627385730496
data\raw\brri_rice_disease_pest\Healthy\HL_56.jpg,brri_rice_disease_pest,0.22165277989466375,1,0.22165277989466375
data\raw\brri_rice_disease_pest\Healthy\HL_560.jpg,brri_rice_disease_pest,0.27521317041778864,1,0.27521317041778864
data\raw\brri_rice_disease_pest\Healthy\HL_561.jpg,brri_rice_disease_pest,0.3132155074599062,1,0.3132155074599062
data\raw\brri_rice_disease_pest\Healthy\HL_562.jpg,brri_rice_disease_pest,0.19982480177893577,1,0.19982480177893577
data\raw\brri_rice_disease_pest\Healthy\HL_563.jpg,brri_rice_disease_pest,0.12026108072080259,1,0.12026108072080259
data\raw\brri_rice_disease_pest\Healthy\HL_564.jpg,brri_rice_disease_pest,0.18403899283484199,1,0.18403899283484199
data\raw\brri_rice_disease_pest\Healthy\HL_565.jpg,brri_rice_disease_pest,0.27080613642999934,1,0.27080613642999934
data\raw\brri_rice_disease_pest\Healthy\HL_566.jpg,brri_rice_disease_pest,0.09971154386738802,1,0.09971154386738802
data\raw\brri_rice_disease_pest\Healthy\HL_567.jpg,brri_rice_disease_pest,0.1031309608009052,1,0.1031309608009052
data\raw\brri_rice_disease_pest\Healthy\HL_568.jpg,brri_rice_disease_pest,0.22541276819639627,1,0.22541276819639627
data\raw\brri_rice_disease_pest\Healthy\HL_569.jpg,brri_rice_disease_pest,0.16833528383859436,1,0.16833528383859436
data\raw\brri_rice_disease_pest\Healthy\HL_57.jpg,brri_rice_disease_pest,0.23208736882329806,1,0.23208736882329806
data\raw\brri_rice_disease_pest\Healthy\HL_570.jpg,brri_rice_disease_pest,0.12620921459932605,1,0.12620921459932605
data\raw\brri_rice_disease_pest\Healthy\HL_571.jpg,brri_rice_disease_pest,0.19282413475454868,1,0.19282413475454868
data\raw\brri_rice_disease_pest\Healthy\HL_572.jpg,brri_rice_disease_pest,0.061526479750778816,1,0.061526479750778816
data\raw\brri_rice_disease_pest\Healthy\HL_573.jpg,brri_rice_disease_pest,0.089304,1,0.089304
data\raw\brri_rice_disease_pest\Healthy\HL_574.jpg,brri_rice_disease_pest,0.08803326981410904,1,0.08803326981410904
data\raw\brri_rice_disease_pest\Healthy\HL_575.jpg,brri_rice_disease_pest,0.09897500060152546,1,0.09897500060152546
data\raw\brri_rice_disease_pest\Healthy\HL_576.jpg,brri_rice_disease_pest,0.12450223254229541,1,0.12450223254229541
data\raw\brri_rice_disease_pest\Healthy\HL_577.jpg,brri_rice_disease_pest,0.11458465638706837,1,0.11458465638706837
data\raw\brri_rice_disease_pest\Healthy\HL_578.jpg,brri_rice_disease_pest,0.11494385227138469,1,0.11494385227138469
data\raw\brri_rice_disease_pest\Healthy\HL_579.jpg,brri_rice_disease_pest,0.142618274408377,1,0.142618274408377
data\raw\brri_rice_disease_pest\Healthy\HL_58.jpg,brri_rice_disease_pest,0.10421085666141679,1,0.10421085666141679
data\raw\brri_rice_disease_pest\Healthy\HL_580.jpg,brri_rice_disease_pest,0.17498699329258116,1,0.17498699329258116
data\raw\brri_rice_disease_pest\Healthy\HL_581.jpg,brri_rice_disease_pest,0.148747745267991,1,0.148747745267991
data\raw\brri_rice_disease_pest\Healthy\HL_582.jpg,brri_rice_disease_pest,0.1647592167011362,1,0.1647592167011362
data\raw\brri_rice_disease_pest\Healthy\HL_583.jpg,brri_rice_disease_pest,0.16215081965824993,1,0.16215081965824993
data\raw\brri_rice_disease_pest\Healthy\HL_584.jpg,brri_rice_disease_pest,0.13732698821605627,1,0.13732698821605627
data\raw\brri_rice_disease_pest\Healthy\HL_585.jpg,brri_rice_disease_pest,0.2120953043235279,1,0.2120953043235279
data\raw\brri_rice_disease_pest\Healthy\HL_586.jpg,brri_rice_disease_pest,0.12475216726724953,1,0.12475216726724953
data\raw\brri_rice_disease_pest\Healthy\HL_587.jpg,brri_rice_disease_pest,0.13213820684523808,1,0.13213820684523808
data\raw\brri_rice_disease_pest\Healthy\HL_588.jpg,brri_rice_disease_pest,0.15940026803484772,1,0.15940026803484772
data\raw\brri_rice_disease_pest\Healthy\HL_589.jpg,brri_rice_disease_pest,0.2542549408118681,1,0.2542549408118681
data\raw\brri_rice_disease_pest\Healthy\HL_59.jpg,brri_rice_disease_pest,0.2335517959660621,1,0.2335517959660621
data\raw\brri_rice_disease_pest\Healthy\HL_590.jpg,brri_rice_disease_pest,0.10453787975900526,1,0.10453787975900526
data\raw\brri_rice_disease_pest\Healthy\HL_591.jpg,brri_rice_disease_pest,0.10312991511844281,1,0.10312991511844281
data\raw\brri_rice_disease_pest\Healthy\HL_592.jpg,brri_rice_disease_pest,0.2073074618079689,1,0.2073074618079689
data\raw\brri_rice_disease_pest\Healthy\HL_593.jpg,brri_rice_disease_pest,0.1864500314901978,1,0.1864500314901978
data\raw\brri_rice_disease_pest\Healthy\HL_594.jpg,brri_rice_disease_pest,0.18798576651867327,1,0.18798576651867327
data\raw\brri_rice_disease_pest\Healthy\HL_595.jpg,brri_rice_disease_pest,0.10900196615360656,1,0.10900196615360656
data\raw\brri_rice_disease_pest\Healthy\HL_596.jpg,brri_rice_disease_pest,0.07577713545095457,1,0.07577713545095457
data\raw\brri_rice_disease_pest\Healthy\HL_597.jpg,brri_rice_disease_pest,0.1371810116162078,1,0.1371810116162078
data\raw\brri_rice_disease_pest\Healthy\HL_598.jpg,brri_rice_disease_pest,0.04478811067871477,1,0.04478811067871477
data\raw\brri_rice_disease_pest\Healthy\HL_599.jpg,brri_rice_disease_pest,0.24251204508120375,1,0.24251204508120375
data\raw\brri_rice_disease_pest\Healthy\HL_6.jpg,brri_rice_disease_pest,0.11187099358974359,1,0.11187099358974359
data\raw\brri_rice_disease_pest\Healthy\HL_60.jpg,brri_rice_disease_pest,0.09575794408751519,1,0.09575794408751519
data\raw\brri_rice_disease_pest\Healthy\HL_600.jpg,brri_rice_disease_pest,0.1412960199037992,1,0.1412960199037992
data\raw\brri_rice_disease_pest\Healthy\HL_601.jpg,brri_rice_disease_pest,0.10180758017492711,1,0.10180758017492711
data\raw\brri_rice_disease_pest\Healthy\HL_602.jpg,brri_rice_disease_pest,0.12635531254645457,1,0.12635531254645457
data\raw\brri_rice_disease_pest\Healthy\HL_603.jpg,brri_rice_disease_pest,0.08209230459873856,1,0.08209230459873856
data\raw\brri_rice_disease_pest\Healthy\HL_61.jpg,brri_rice_disease_pest,0.20885249961896052,1,0.20885249961896052
data\raw\brri_rice_disease_pest\Healthy\HL_62.jpg,brri_rice_disease_pest,0.1955206163525208,1,0.1955206163525208
data\raw\brri_rice_disease_pest\Healthy\HL_63.jpg,brri_rice_disease_pest,0.13753752180392556,1,0.13753752180392556
data\raw\brri_rice_disease_pest\Healthy\HL_64.jpg,brri_rice_disease_pest,0.06596719461802909,1,0.06596719461802909
data\raw\brri_rice_disease_pest\Healthy\HL_65.jpg,brri_rice_disease_pest,0.10247078794847492,1,0.10247078794847492
data\raw\brri_rice_disease_pest\Healthy\HL_66.jpg,brri_rice_disease_pest,0.193442892767024,1,0.193442892767024
data\raw\brri_rice_disease_pest\Healthy\HL_67.jpg,brri_rice_disease_pest,0.26377193093871193,1,0.26377193093871193
data\raw\brri_rice_disease_pest\Healthy\HL_68.jpg,brri_rice_disease_pest,0.11468916769293924,1,0.11468916769293924
data\raw\brri_rice_disease_pest\Healthy\HL_69.jpg,brri_rice_disease_pest,0.15269892377516978,1,0.15269892377516978
data\raw\brri_rice_disease_pest\Healthy\HL_7.jpg,brri_rice_disease_pest,0.12723394614529127,1,0.12723394614529127
data\raw\brri_rice_disease_pest\Healthy\HL_70.jpg,brri_rice_disease_pest,0.11224531273227294,1,0.11224531273227294
data\raw\brri_rice_disease_pest\Healthy\HL_71.jpg,brri_rice_disease_pest,0.08941023709142207,1,0.08941023709142207
data\raw\brri_rice_disease_pest\Healthy\HL_72.jpg,brri_rice_disease_pest,0.12625319649782385,1,0.12625319649782385
data\raw\brri_rice_disease_pest\Healthy\HL_73.jpg,brri_rice_disease_pest,0.11106337915601024,1,0.11106337915601024
data\raw\brri_rice_disease_pest\Healthy\HL_74.jpg,brri_rice_disease_pest,0.19513693076936103,1,0.19513693076936103
data\raw\brri_rice_disease_pest\Healthy\HL_75.jpg,brri_rice_disease_pest,0.12057967747125269,1,0.12057967747125269
data\raw\brri_rice_disease_pest\Healthy\HL_76.jpg,brri_rice_disease_pest,0.21167430862504022,1,0.21167430862504022
data\raw\brri_rice_disease_pest\Healthy\HL_77.jpg,brri_rice_disease_pest,0.14472135450873505,1,0.14472135450873505
data\raw\brri_rice_disease_pest\Healthy\HL_78.jpg,brri_rice_disease_pest,0.14767555335399413,1,0.14767555335399413
data\raw\brri_rice_disease_pest\Healthy\HL_79.jpg,brri_rice_disease_pest,0.22999589258121933,1,0.22999589258121933
data\raw\brri_rice_disease_pest\Healthy\HL_8.jpg,brri_rice_disease_pest,0.14964158864012286,1,0.14964158864012286
data\raw\brri_rice_disease_pest\Healthy\HL_80.jpg,brri_rice_disease_pest,0.153259633948077,1,0.153259633948077
data\raw\brri_rice_disease_pest\Healthy\HL_81.jpg,brri_rice_disease_pest,0.16309891996477502,1,0.16309891996477502
data\raw\brri_rice_disease_pest\Healthy\HL_82.jpg,brri_rice_disease_pest,0.19080895739131906,1,0.19080895739131906
data\raw\brri_rice_disease_pest\Healthy\HL_83.jpg,brri_rice_disease_pest,0.20436681823570255,1,0.20436681823570255
data\raw\brri_rice_disease_pest\Healthy\HL_84.jpg,brri_rice_disease_pest,0.12215185379530581,1,0.12215185379530581
data\raw\brri_rice_disease_pest\Healthy\HL_85.jpg,brri_rice_disease_pest,0.07718,1,0.07718
data\raw\brri_rice_disease_pest\Healthy\HL_86.jpg,brri_rice_disease_pest,0.0833568287342482,1,0.0833568287342482
data\raw\brri_rice_disease_pest\Healthy\HL_87.jpg,brri_rice_disease_pest,0.19509062388863485,1,0.19509062388863485
data\raw\brri_rice_disease_pest\Healthy\HL_88.jpg,brri_rice_disease_pest,0.179668051110095,1,0.179668051110095
data\raw\brri_rice_disease_pest\Healthy\HL_89.jpg,brri_rice_disease_pest,0.22079808718183203,1,0.22079808718183203
data\raw\brri_rice_disease_pest\Healthy\HL_9.jpg,brri_rice_disease_pest,0.1899868118003692,1,0.1899868118003692
data\raw\brri_rice_disease_pest\Healthy\HL_90.jpg,brri_rice_disease_pest,0.24836924215796313,1,0.24836924215796313
data\raw\brri_rice_disease_pest\Healthy\HL_91.jpg,brri_rice_disease_pest,0.12630585403647818,1,0.12630585403647818
data\raw\brri_rice_disease_pest\Healthy\HL_92.jpg,brri_rice_disease_pest,0.1720120683669495,1,0.1720120683669495
data\raw\brri_rice_disease_pest\Healthy\HL_93.jpg,brri_rice_disease_pest,0.1572459948517333,1,0.1572459948517333
data\raw\brri_rice_disease_pest\Healthy\HL_94.jpg,brri_rice_disease_pest,0.1803602728242646,1,0.1803602728242646
data\raw\brri_rice_disease_pest\Healthy\HL_95.jpg,brri_rice_disease_pest,0.0831825052075395,1,0.0831825052075395
data\raw\brri_rice_disease_pest\Healthy\HL_96.jpg,brri_rice_disease_pest,0.2588091563786008,1,0.2588091563786008
data\raw\brri_rice_disease_pest\Healthy\HL_97.jpg,brri_rice_disease_pest,0.20038098655354028,1,0.20038098655354028
data\raw\brri_rice_disease_pest\Healthy\HL_98.jpg,brri_rice_disease_pest,0.24114956434486612,1,0.24114956434486612
data\raw\brri_rice_disease_pest\Healthy\HL_99.jpg,brri_rice_disease_pest,0.24091935299497028,1,0.24091935299497028
data\raw\brri_rice_disease_pest\Insect\I_1.jpg,brri_rice_disease_pest,0.18094321029992042,1,0.18094321029992042
data\raw\brri_rice_disease_pest\Insect\I_10.jpg,brri_rice_disease_pest,0.21529642124710116,1,0.21529642124710116
data\raw\brri_rice_disease_pest\Insect\I_100.jpg,brri_rice_disease_pest,0.166410928472332,1,0.166410928472332
data\raw\brri_rice_disease_pest\Insect\I_101.jpg,brri_rice_disease_pest,0.07946948720554116,1,0.07946948720554116
data\raw\brri_rice_disease_pest\Insect\I_102.jpg,brri_rice_disease_pest,0.15876976343319069,1,0.15876976343319069
data\raw\brri_rice_disease_pest\Insect\I_103.jpg,brri_rice_disease_pest,0.086344,1,0.086344
data\raw\brri_rice_disease_pest\Insect\I_104.jpg,brri_rice_disease_pest,0.09934244808916916,1,0.09934244808916916
data\raw\brri_rice_disease_pest\Insect\I_105.jpg,brri_rice_disease_pest,0.052424,1,0.052424
data\raw\brri_rice_disease_pest\Insect\I_106.jpg,brri_rice_disease_pest,0.22375114311842706,1,0.22375114311842706
data\raw\brri_rice_disease_pest\Insect\I_107.jpg,brri_rice_disease_pest,0.09516910743619705,1,0.09516910743619705
data\raw\brri_rice_disease_pest\Insect\I_108.jpg,brri_rice_disease_pest,0.104172,1,0.104172
data\raw\brri_rice_disease_pest\Insect\I_109.jpg,brri_rice_disease_pest,0.15866827761689445,1,0.15866827761689445
data\raw\brri_rice_disease_pest\Insect\I_11.jpg,brri_rice_disease_pest,0.09635003502227923,1,0.09635003502227923
data\raw\brri_rice_disease_pest\Insect\I_110.jpg,brri_rice_disease_pest,0.11064,1,0.11064
data\raw\brri_rice_disease_pest\Insect\I_111.jpg,brri_rice_disease_pest,0.08624529609044103,1,0.08624529609044103
data\raw\brri_rice_disease_pest\Insect\I_112.jpg,brri_rice_disease_pest,0.05654361208487866,1,0.05654361208487866
data\raw\brri_rice_disease_pest\Insect\I_113.jpg,brri_rice_disease_pest,0.0702493903368389,1,0.0702493903368389
data\raw\brri_rice_disease_pest\Insect\I_114.jpg,brri_rice_disease_pest,0.09304086538461538,1,0.09304086538461538
data\raw\brri_rice_disease_pest\Insect\I_115.jpg,brri_rice_disease_pest,0.17061238782289653,1,0.17061238782289653
data\raw\brri_rice_disease_pest\Insect\I_116.jpg,brri_rice_disease_pest,0.05087814269926785,1,0.05087814269926785
data\raw\brri_rice_disease_pest\Insect\I_117.jpg,brri_rice_disease_pest,0.161284,1,0.161284
data\raw\brri_rice_disease_pest\Insect\I_118.jpg,brri_rice_disease_pest,0.1553018996934749,1,0.1553018996934749
data\raw\brri_rice_disease_pest\Insect\I_119.jpg,brri_rice_disease_pest,0.067844,1,0.067844
data\raw\brri_rice_disease_pest\Insect\I_12.jpg,brri_rice_disease_pest,0.05443770583500709,1,0.05443770583500709
data\raw\brri_rice_disease_pest\Insect\I_120.jpg,brri_rice_disease_pest,0.048196,1,0.048196
data\raw\brri_rice_disease_pest\Insect\I_121.jpg,brri_rice_disease_pest,0.11549809268573558,1,0.11549809268573558
data\raw\brri_rice_disease_pest\Insect\I_122.jpg,brri_rice_disease_pest,0.060416,1,0.060416
data\raw\brri_rice_disease_pest\Insect\I_123.jpg,brri_rice_disease_pest,0.11282577874338173,1,0.11282577874338173
data\raw\brri_rice_disease_pest\Insect\I_124.jpg,brri_rice_disease_pest,0.08972818125624481,1,0.08972818125624481
data\raw\brri_rice_disease_pest\Insect\I_125.jpg,brri_rice_disease_pest,0.05782,1,0.05782
data\raw\brri_rice_disease_pest\Insect\I_126.jpg,brri_rice_disease_pest,0.08196929181681238,1,0.08196929181681238
data\raw\brri_rice_disease_pest\Insect\I_127.jpg,brri_rice_disease_pest,0.08556629944997675,1,0.08556629944997675
data\raw\brri_rice_disease_pest\Insect\I_128.jpg,brri_rice_disease_pest,0.09353770380434782,1,0.09353770380434782
data\raw\brri_rice_disease_pest\Insect\I_129.jpg,brri_rice_disease_pest,0.2089729910011027,1,0.2089729910011027
data\raw\brri_rice_disease_pest\Insect\I_13.jpg,brri_rice_disease_pest,0.03618578426391641,1,0.03618578426391641
data\raw\brri_rice_disease_pest\Insect\I_130.jpg,brri_rice_disease_pest,0.07311870132157179,1,0.07311870132157179
data\raw\brri_rice_disease_pest\Insect\I_131.jpg,brri_rice_disease_pest,0.1938612423580416,1,0.1938612423580416
data\raw\brri_rice_disease_pest\Insect\I_132.jpg,brri_rice_disease_pest,0.07758629840353261,1,0.07758629840353261
data\raw\brri_rice_disease_pest\Insect\I_133.jpg,brri_rice_disease_pest,0.044932,1,0.044932
data\raw\brri_rice_disease_pest\Insect\I_134.jpg,brri_rice_disease_pest,0.12830340056563194,1,0.12830340056563194
data\raw\brri_rice_disease_pest\Insect\I_135.jpg,brri_rice_disease_pest,0.05833238073464411,1,0.05833238073464411
data\raw\brri_rice_disease_pest\Insect\I_136.jpg,brri_rice_disease_pest,0.03509172657546104,1,0.03509172657546104
data\raw\brri_rice_disease_pest\Insect\I_137.jpg,brri_rice_disease_pest,0.17837243054278887,1,0.17837243054278887
data\raw\brri_rice_disease_pest\Insect\I_138.jpg,brri_rice_disease_pest,0.1374001452432825,1,0.1374001452432825
data\raw\brri_rice_disease_pest\Insect\I_139.jpg,brri_rice_disease_pest,0.05436680591230598,1,0.05436680591230598
data\raw\brri_rice_disease_pest\Insect\I_14.jpg,brri_rice_disease_pest,0.1920316007502363,1,0.1920316007502363
data\raw\brri_rice_disease_pest\Insect\I_140.jpg,brri_rice_disease_pest,0.09211791863037415,1,0.09211791863037415
data\raw\brri_rice_disease_pest\Insect\I_141.jpg,brri_rice_disease_pest,0.08379074969148499,1,0.08379074969148499
data\raw\brri_rice_disease_pest\Insect\I_142.jpg,brri_rice_disease_pest,0.065296,1,0.065296
data\raw\brri_rice_disease_pest\Insect\I_143.jpg,brri_rice_disease_pest,0.07528510638297872,1,0.07528510638297872
data\raw\brri_rice_disease_pest\Insect\I_144.jpg,brri_rice_disease_pest,0.084064,1,0.084064
data\raw\brri_rice_disease_pest\Insect\I_145.jpg,brri_rice_disease_pest,0.12779789506049727,1,0.12779789506049727
data\raw\brri_rice_disease_pest\Insect\I_146.jpg,brri_rice_disease_pest,0.14354894875442428,1,0.14354894875442428
data\raw\brri_rice_disease_pest\Insect\I_147.jpg,brri_rice_disease_pest,0.019268772723082042,1,0.019268772723082042
data\raw\brri_rice_disease_pest\Insect\I_148.jpg,brri_rice_disease_pest,0.1712744013610182,1,0.1712744013610182
data\raw\brri_rice_disease_pest\Insect\I_149.jpg,brri_rice_disease_pest,0.06027779783828025,1,0.06027779783828025
data\raw\brri_rice_disease_pest\Insect\I_15.jpg,brri_rice_disease_pest,0.08728811916646975,1,0.08728811916646975
data\raw\brri_rice_disease_pest\Insect\I_150.jpg,brri_rice_disease_pest,0.11048494860028713,1,0.11048494860028713
data\raw\brri_rice_disease_pest\Insect\I_151.jpg,brri_rice_disease_pest,0.04148121416255664,1,0.04148121416255664
data\raw\brri_rice_disease_pest\Insect\I_152.jpg,brri_rice_disease_pest,0.07427043950850662,1,0.07427043950850662
data\raw\brri_rice_disease_pest\Insect\I_153.jpg,brri_rice_disease_pest,0.10051643531326934,1,0.10051643531326934
data\raw\brri_rice_disease_pest\Insect\I_154.jpg,brri_rice_disease_pest,0.10624649045403498,1,0.10624649045403498
data\raw\brri_rice_disease_pest\Insect\I_155.jpg,brri_rice_disease_pest,0.08651210450240374,1,0.08651210450240374
data\raw\brri_rice_disease_pest\Insect\I_156.jpg,brri_rice_disease_pest,0.10562482559561785,1,0.10562482559561785
data\raw\brri_rice_disease_pest\Insect\I_157.jpg,brri_rice_disease_pest,0.08084122931802401,1,0.08084122931802401
data\raw\brri_rice_disease_pest\Insect\I_158.jpg,brri_rice_disease_pest,0.07536,1,0.07536
data\raw\brri_rice_disease_pest\Insect\I_159.jpg,brri_rice_disease_pest,0.1543824674050495,1,0.1543824674050495
data\raw\brri_rice_disease_pest\Insect\I_16.jpg,brri_rice_disease_pest,0.14103982300884957,1,0.14103982300884957
data\raw\brri_rice_disease_pest\Insect\I_160.jpg,brri_rice_disease_pest,0.11307831234453725,1,0.11307831234453725
data\raw\brri_rice_disease_pest\Insect\I_161.jpg,brri_rice_disease_pest,0.05484239361379226,1,0.05484239361379226
data\raw\brri_rice_disease_pest\Insect\I_162.jpg,brri_rice_disease_pest,0.13446327414520146,1,0.13446327414520146
data\raw\brri_rice_disease_pest\Insect\I_163.jpg,brri_rice_disease_pest,0.26777376997702745,1,0.26777376997702745
data\raw\brri_rice_disease_pest\Insect\I_164.jpg,brri_rice_disease_pest,0.16165132153848102,1,0.16165132153848102
data\raw\brri_rice_disease_pest\Insect\I_165.jpg,brri_rice_disease_pest,0.08481303663059493,1,0.08481303663059493
data\raw\brri_rice_disease_pest\Insect\I_166.jpg,brri_rice_disease_pest,0.17917561050991548,1,0.17917561050991548
data\raw\brri_rice_disease_pest\Insect\I_167.jpg,brri_rice_disease_pest,0.1702857478534776,1,0.1702857478534776
data\raw\brri_rice_disease_pest\Insect\I_168.jpg,brri_rice_disease_pest,0.11409036351165981,1,0.11409036351165981
data\raw\brri_rice_disease_pest\Insect\I_169.jpg,brri_rice_disease_pest,0.11304497293866686,1,0.11304497293866686
data\raw\brri_rice_disease_pest\Insect\I_17.jpg,brri_rice_disease_pest,0.1218484000630517,1,0.1218484000630517
data\raw\brri_rice_disease_pest\Insect\I_170.jpg,brri_rice_disease_pest,0.05757703582821361,1,0.05757703582821361
data\raw\brri_rice_disease_pest\Insect\I_171.jpg,brri_rice_disease_pest,0.11688544683229182,1,0.11688544683229182
data\raw\brri_rice_disease_pest\Insect\I_172.jpg,brri_rice_disease_pest,0.08403012274213432,1,0.08403012274213432
data\raw\brri_rice_disease_pest\Insect\I_173.jpg,brri_rice_disease_pest,0.07536,1,0.07536
data\raw\brri_rice_disease_pest\Insect\I_174.jpg,brri_rice_disease_pest,0.09803152472424025,1,0.09803152472424025
data\raw\brri_rice_disease_pest\Insect\I_175.jpg,brri_rice_disease_pest,0.1178248149841657,1,0.1178248149841657
data\raw\brri_rice_disease_pest\Insect\I_176.jpg,brri_rice_disease_pest,0.12048616707491223,1,0.12048616707491223
data\raw\brri_rice_disease_pest\Insect\I_177.jpg,brri_rice_disease_pest,0.10366080576940008,1,0.10366080576940008
data\raw\brri_rice_disease_pest\Insect\I_178.jpg,brri_rice_disease_pest,0.31647250482079925,1,0.31647250482079925
data\raw\brri_rice_disease_pest\Insect\I_179.jpg,brri_rice_disease_pest,0.12124332122474556,1,0.12124332122474556
data\raw\brri_rice_disease_pest\Insect\I_18.jpg,brri_rice_disease_pest,0.05015405637690731,1,0.05015405637690731
data\raw\brri_rice_disease_pest\Insect\I_180.jpg,brri_rice_disease_pest,0.26541151513303096,1,0.26541151513303096
data\raw\brri_rice_disease_pest\Insect\I_181.jpg,brri_rice_disease_pest,0.08447359738839015,1,0.08447359738839015
data\raw\brri_rice_disease_pest\Insect\I_182.jpg,brri_rice_disease_pest,0.05848446538712025,1,0.05848446538712025
data\raw\brri_rice_disease_pest\Insect\I_183.jpg,brri_rice_disease_pest,0.039356689453125,1,0.039356689453125
data\raw\brri_rice_disease_pest\Insect\I_184.jpg,brri_rice_disease_pest,0.15885031425865484,1,0.15885031425865484
data\raw\brri_rice_disease_pest\Insect\I_185.jpg,brri_rice_disease_pest,0.16822875743630036,1,0.16822875743630036
data\raw\brri_rice_disease_pest\Insect\I_186.jpg,brri_rice_disease_pest,0.07267386537586364,1,0.07267386537586364
data\raw\brri_rice_disease_pest\Insect\I_187.jpg,brri_rice_disease_pest,0.16307861328125,1,0.16307861328125
data\raw\brri_rice_disease_pest\Insect\I_188.jpg,brri_rice_disease_pest,0.15393702206425225,1,0.15393702206425225
data\raw\brri_rice_disease_pest\Insect\I_189.jpg,brri_rice_disease_pest,0.06667256058062214,1,0.06667256058062214
data\raw\brri_rice_disease_pest\Insect\I_19.jpg,brri_rice_disease_pest,0.08662441922886896,1,0.08662441922886896
data\raw\brri_rice_disease_pest\Insect\I_190.jpg,brri_rice_disease_pest,0.0928288899896696,1,0.0928288899896696
data\raw\brri_rice_disease_pest\Insect\I_191.jpg,brri_rice_disease_pest,0.08888888888888889,1,0.08888888888888889
data\raw\brri_rice_disease_pest\Insect\I_192.jpg,brri_rice_disease_pest,0.062960205078125,1,0.062960205078125
data\raw\brri_rice_disease_pest\Insect\I_193.jpg,brri_rice_disease_pest,0.045304,1,0.045304
data\raw\brri_rice_disease_pest\Insect\I_194.jpg,brri_rice_disease_pest,0.13171664258188825,1,0.13171664258188825
data\raw\brri_rice_disease_pest\Insect\I_195.jpg,brri_rice_disease_pest,0.07621817383669886,1,0.07621817383669886
data\raw\brri_rice_disease_pest\Insect\I_196.jpg,brri_rice_disease_pest,0.09324855443751671,1,0.09324855443751671
data\raw\brri_rice_disease_pest\Insect\I_197.jpg,brri_rice_disease_pest,0.08714245361560419,1,0.08714245361560419
data\raw\brri_rice_disease_pest\Insect\I_198.jpg,brri_rice_disease_pest,0.07056082301341589,1,0.07056082301341589
data\raw\brri_rice_disease_pest\Insect\I_199.jpg,brri_rice_disease_pest,0.0636704914403778,1,0.0636704914403778
data\raw\brri_rice_disease_pest\Insect\I_2.jpg,brri_rice_disease_pest,0.1267744796694271,1,0.1267744796694271
data\raw\brri_rice_disease_pest\Insect\I_20.jpg,brri_rice_disease_pest,0.17128836708305625,1,0.17128836708305625
data\raw\brri_rice_disease_pest\Insect\I_200.jpg,brri_rice_disease_pest,0.0838555795060518,1,0.0838555795060518
data\raw\brri_rice_disease_pest\Insect\I_201.jpg,brri_rice_disease_pest,0.06935897517316127,1,0.06935897517316127
data\raw\brri_rice_disease_pest\Insect\I_202.jpg,brri_rice_disease_pest,0.041033811993927125,1,0.041033811993927125
data\raw\brri_rice_disease_pest\Insect\I_203.jpg,brri_rice_disease_pest,0.029754786698018138,1,0.029754786698018138
data\raw\brri_rice_disease_pest\Insect\I_204.jpg,brri_rice_disease_pest,0.137184,1,0.137184
data\raw\brri_rice_disease_pest\Insect\I_205.jpg,brri_rice_disease_pest,0.10264621331436603,1,0.10264621331436603
data\raw\brri_rice_disease_pest\Insect\I_206.jpg,brri_rice_disease_pest,0.12854869472810718,1,0.12854869472810718
data\raw\brri_rice_disease_pest\Insect\I_207.jpg,brri_rice_disease_pest,0.07368747777269725,1,0.07368747777269725
data\raw\brri_rice_disease_pest\Insect\I_208.jpg,brri_rice_disease_pest,0.13846392402919608,1,0.13846392402919608
data\raw\brri_rice_disease_pest\Insect\I_209.jpg,brri_rice_disease_pest,0.011376674456807059,1,0.011376674456807059
data\raw\brri_rice_disease_pest\Insect\I_21.jpg,brri_rice_disease_pest,0.05362620318220672,1,0.05362620318220672
data\raw\brri_rice_disease_pest\Insect\I_210.jpg,brri_rice_disease_pest,0.13921515393994818,1,0.13921515393994818
data\raw\brri_rice_disease_pest\Insect\I_211.jpg,brri_rice_disease_pest,0.11094599400497891,1,0.11094599400497891
data\raw\brri_rice_disease_pest\Insect\I_212.jpg,brri_rice_disease_pest,0.08866153533506071,1,0.08866153533506071
data\raw\brri_rice_disease_pest\Insect\I_213.jpg,brri_rice_disease_pest,0.08008417797083778,1,0.08008417797083778
data\raw\brri_rice_disease_pest\Insect\I_214.jpg,brri_rice_disease_pest,0.13528197979644024,1,0.13528197979644024
data\raw\brri_rice_disease_pest\Insect\I_215.jpg,brri_rice_disease_pest,0.1328009894325052,1,0.1328009894325052
data\raw\brri_rice_disease_pest\Insect\I_216.jpg,brri_rice_disease_pest,0.09677185473081677,1,0.09677185473081677
data\raw\brri_rice_disease_pest\Insect\I_217.jpg,brri_rice_disease_pest,0.17409931793933853,1,0.17409931793933853
data\raw\brri_rice_disease_pest\Insect\I_218.jpg,brri_rice_disease_pest,0.19926485842266592,1,0.19926485842266592
data\raw\brri_rice_disease_pest\Insect\I_219.jpg,brri_rice_disease_pest,0.10405103177022473,1,0.10405103177022473
data\raw\brri_rice_disease_pest\Insect\I_22.jpg,brri_rice_disease_pest,0.058884,1,0.058884
data\raw\brri_rice_disease_pest\Insect\I_220.jpg,brri_rice_disease_pest,0.16749595674778572,1,0.16749595674778572
data\raw\brri_rice_disease_pest\Insect\I_221.jpg,brri_rice_disease_pest,0.13651003827329844,1,0.13651003827329844
data\raw\brri_rice_disease_pest\Insect\I_222.jpg,brri_rice_disease_pest,0.03596632151612713,1,0.03596632151612713
data\raw\brri_rice_disease_pest\Insect\I_223.jpg,brri_rice_disease_pest,0.1355048750769819,1,0.1355048750769819
data\raw\brri_rice_disease_pest\Insect\I_224.jpg,brri_rice_disease_pest,0.1248746519315058,1,0.1248746519315058
data\raw\brri_rice_disease_pest\Insect\I_225.jpg,brri_rice_disease_pest,0.08234300234818052,1,0.08234300234818052
data\raw\brri_rice_disease_pest\Insect\I_226.jpg,brri_rice_disease_pest,0.0773648268683372,1,0.0773648268683372
data\raw\brri_rice_disease_pest\Insect\I_227.jpg,brri_rice_disease_pest,0.10468530373079984,1,0.10468530373079984
data\raw\brri_rice_disease_pest\Insect\I_228.jpg,brri_rice_disease_pest,0.02741499644363156,1,0.02741499644363156
data\raw\brri_rice_disease_pest\Insect\I_229.jpg,brri_rice_disease_pest,0.11944873113854595,1,0.11944873113854595
data\raw\brri_rice_disease_pest\Insect\I_23.jpg,brri_rice_disease_pest,0.03313355776526949,1,0.03313355776526949
data\raw\brri_rice_disease_pest\Insect\I_230.jpg,brri_rice_disease_pest,0.12596326902248933,1,0.12596326902248933
data\raw\brri_rice_disease_pest\Insect\I_231.jpg,brri_rice_disease_pest,0.038176,1,0.038176
data\raw\brri_rice_disease_pest\Insect\I_232.jpg,brri_rice_disease_pest,0.08600166213696907,1,0.08600166213696907
data\raw\brri_rice_disease_pest\Insect\I_233.jpg,brri_rice_disease_pest,0.1497405756236346,1,0.1497405756236346
data\raw\brri_rice_disease_pest\Insect\I_234.jpg,brri_rice_disease_pest,0.20317527604193128,1,0.20317527604193128
data\raw\brri_rice_disease_pest\Insect\I_235.jpg,brri_rice_disease_pest,0.08820291100488747,1,0.08820291100488747
data\raw\brri_rice_disease_pest\Insect\I_236.jpg,brri_rice_disease_pest,0.04560486841436773,1,0.04560486841436773
data\raw\brri_rice_disease_pest\Insect\I_237.jpg,brri_rice_disease_pest,0.07052485012447289,1,0.07052485012447289
data\raw\brri_rice_disease_pest\Insect\I_238.jpg,brri_rice_disease_pest,0.21025837651780724,1,0.21025837651780724
data\raw\brri_rice_disease_pest\Insect\I_239.jpg,brri_rice_disease_pest,0.08483645983645983,1,0.08483645983645983
data\raw\brri_rice_disease_pest\Insect\I_24.jpg,brri_rice_disease_pest,0.03421072964825823,1,0.03421072964825823
data\raw\brri_rice_disease_pest\Insect\I_240.jpg,brri_rice_disease_pest,0.057086053059166295,1,0.057086053059166295
data\raw\brri_rice_disease_pest\Insect\I_241.jpg,brri_rice_disease_pest,0.038946997408931566,1,0.038946997408931566
data\raw\brri_rice_disease_pest\Insect\I_242.jpg,brri_rice_disease_pest,0.03445708225372149,1,0.03445708225372149
data\raw\brri_rice_disease_pest\Insect\I_243.jpg,brri_rice_disease_pest,0.11124161289129461,1,0.11124161289129461
data\raw\brri_rice_disease_pest\Insect\I_244.jpg,brri_rice_disease_pest,0.11388423173974158,1,0.11388423173974158
data\raw\brri_rice_disease_pest\Insect\I_245.jpg,brri_rice_disease_pest,0.08173392540542299,1,0.08173392540542299
data\raw\brri_rice_disease_pest\Insect\I_246.jpg,brri_rice_disease_pest,0.14908513480329896,1,0.14908513480329896
data\raw\brri_rice_disease_pest\Insect\I_247.jpg,brri_rice_disease_pest,0.2616222332300293,1,0.2616222332300293
data\raw\brri_rice_disease_pest\Insect\I_248.jpg,brri_rice_disease_pest,0.0898818716030565,1,0.0898818716030565
data\raw\brri_rice_disease_pest\Insect\I_249.jpg,brri_rice_disease_pest,0.05456908669071449,1,0.05456908669071449
data\raw\brri_rice_disease_pest\Insect\I_25.jpg,brri_rice_disease_pest,0.09489813013202977,1,0.09489813013202977
data\raw\brri_rice_disease_pest\Insect\I_250.jpg,brri_rice_disease_pest,0.16135510173943313,1,0.16135510173943313
data\raw\brri_rice_disease_pest\Insect\I_251.jpg,brri_rice_disease_pest,0.1109460343447053,1,0.1109460343447053
data\raw\brri_rice_disease_pest\Insect\I_252.jpg,brri_rice_disease_pest,0.09475234550966147,1,0.09475234550966147
data\raw\brri_rice_disease_pest\Insect\I_253.jpg,brri_rice_disease_pest,0.050192012678698016,1,0.050192012678698016
data\raw\brri_rice_disease_pest\Insect\I_254.jpg,brri_rice_disease_pest,0.138130934381843,1,0.138130934381843
data\raw\brri_rice_disease_pest\Insect\I_255.jpg,brri_rice_disease_pest,0.07584881835424817,1,0.07584881835424817
data\raw\brri_rice_disease_pest\Insect\I_256.jpg,brri_rice_disease_pest,0.12565519458042823,1,0.12565519458042823
data\raw\brri_rice_disease_pest\Insect\I_257.jpg,brri_rice_disease_pest,0.04750776047960949,1,0.04750776047960949
data\raw\brri_rice_disease_pest\Insect\I_258.jpg,brri_rice_disease_pest,0.04136278799855707,1,0.04136278799855707
data\raw\brri_rice_disease_pest\Insect\I_259.jpg,brri_rice_disease_pest,0.2526495474097783,1,0.2526495474097783
data\raw\brri_rice_disease_pest\Insect\I_26.jpg,brri_rice_disease_pest,0.08721993801373568,1,0.08721993801373568
data\raw\brri_rice_disease_pest\Insect\I_260.jpg,brri_rice_disease_pest,0.22992557028908195,1,0.22992557028908195
data\raw\brri_rice_disease_pest\Insect\I_261.jpg,brri_rice_disease_pest,0.12554132686469432,1,0.12554132686469432
data\raw\brri_rice_disease_pest\Insect\I_262.jpg,brri_rice_disease_pest,0.04350661549843657,1,0.04350661549843657
data\raw\brri_rice_disease_pest\Insect\I_263.jpg,brri_rice_disease_pest,0.09135670652912335,1,0.09135670652912335
data\raw\brri_rice_disease_pest\Insect\I_264.jpg,brri_rice_disease_pest,0.09253226134227506,1,0.09253226134227506
data\raw\brri_rice_disease_pest\Insect\I_265.jpg,brri_rice_disease_pest,0.11836309018342392,1,0.11836309018342392
data\raw\brri_rice_disease_pest\Insect\I_266.jpg,brri_rice_disease_pest,0.19105292850005928,1,0.19105292850005928
data\raw\brri_rice_disease_pest\Insect\I_267.jpg,brri_rice_disease_pest,0.10941470632111772,1,0.10941470632111772
data\raw\brri_rice_disease_pest\Insect\I_268.jpg,brri_rice_disease_pest,0.09309225268131134,1,0.09309225268131134
data\raw\brri_rice_disease_pest\Insect\I_269.jpg,brri_rice_disease_pest,0.262004,1,0.262004
data\raw\brri_rice_disease_pest\Insect\I_27.jpg,brri_rice_disease_pest,0.11972959427646583,1,0.11972959427646583
data\raw\brri_rice_disease_pest\Insect\I_270.jpg,brri_rice_disease_pest,0.031779355948724004,1,0.031779355948724004
data\raw\brri_rice_disease_pest\Insect\I_271.jpg,brri_rice_disease_pest,0.047597387339328355,1,0.047597387339328355
data\raw\brri_rice_disease_pest\Insect\I_272.jpg,brri_rice_disease_pest,0.03984,1,0.03984
data\raw\brri_rice_disease_pest\Insect\I_273.jpg,brri_rice_disease_pest,0.1967529086013311,1,0.1967529086013311
data\raw\brri_rice_disease_pest\Insect\I_274.jpg,brri_rice_disease_pest,0.024583207186318526,1,0.024583207186318526
data\raw\brri_rice_disease_pest\Insect\I_275.jpg,brri_rice_disease_pest,0.10014692281279537,1,0.10014692281279537
data\raw\brri_rice_disease_pest\Insect\I_276.jpg,brri_rice_disease_pest,0.07475952840707703,1,0.07475952840707703
data\raw\brri_rice_disease_pest\Insect\I_277.jpg,brri_rice_disease_pest,0.13551477673824433,1,0.13551477673824433
data\raw\brri_rice_disease_pest\Insect\I_278.jpg,brri_rice_disease_pest,0.09301684496996997,1,0.09301684496996997
data\raw\brri_rice_disease_pest\Insect\I_279.jpg,brri_rice_disease_pest,0.07837617870539934,1,0.07837617870539934
data\raw\brri_rice_disease_pest\Insect\I_28.jpg,brri_rice_disease_pest,0.1335251905272086,1,0.1335251905272086
data\raw\brri_rice_disease_pest\Insect\I_280.jpg,brri_rice_disease_pest,0.08765006110438327,1,0.08765006110438327
data\raw\brri_rice_disease_pest\Insect\I_281.jpg,brri_rice_disease_pest,0.07328441598239603,1,0.07328441598239603
data\raw\brri_rice_disease_pest\Insect\I_29.jpg,brri_rice_disease_pest,0.10554411428461016,1,0.10554411428461016
data\raw\brri_rice_disease_pest\Insect\I_3.jpg,brri_rice_disease_pest,0.07987286688474717,1,0.07987286688474717
data\raw\brri_rice_disease_pest\Insect\I_30.jpg,brri_rice_disease_pest,0.13960932922381528,1,0.13960932922381528
data\raw\brri_rice_disease_pest\Insect\I_31.jpg,brri_rice_disease_pest,0.06002065387532084,1,0.06002065387532084
data\raw\brri_rice_disease_pest\Insect\I_32.jpg,brri_rice_disease_pest,0.2629561360056902,1,0.2629561360056902
data\raw\brri_rice_disease_pest\Insect\I_33.jpg,brri_rice_disease_pest,0.08647630281563198,1,0.08647630281563198
data\raw\brri_rice_disease_pest\Insect\I_34.jpg,brri_rice_disease_pest,0.09607324947848046,1,0.09607324947848046
data\raw\brri_rice_disease_pest\Insect\I_35.jpg,brri_rice_disease_pest,0.10961288506155904,1,0.10961288506155904
data\raw\brri_rice_disease_pest\Insect\I_36.jpg,brri_rice_disease_pest,0.07928720629282845,1,0.07928720629282845
data\raw\brri_rice_disease_pest\Insect\I_37.jpg,brri_rice_disease_pest,0.12822012238716904,1,0.12822012238716904
data\raw\brri_rice_disease_pest\Insect\I_38.jpg,brri_rice_disease_pest,0.007696007696007696,1,0.007696007696007696
data\raw\brri_rice_disease_pest\Insect\I_39.jpg,brri_rice_disease_pest,0.07385435622827727,1,0.07385435622827727
data\raw\brri_rice_disease_pest\Insect\I_4.jpg,brri_rice_disease_pest,0.1371233196712608,1,0.1371233196712608
data\raw\brri_rice_disease_pest\Insect\I_40.jpg,brri_rice_disease_pest,0.0933422549347608,1,0.0933422549347608
data\raw\brri_rice_disease_pest\Insect\I_41.jpg,brri_rice_disease_pest,0.05412225760117958,1,0.05412225760117958
data\raw\brri_rice_disease_pest\Insect\I_42.jpg,brri_rice_disease_pest,0.08569675468452642,1,0.08569675468452642
data\raw\brri_rice_disease_pest\Insect\I_43.jpg,brri_rice_disease_pest,0.07588919800035444,1,0.07588919800035444
data\raw\brri_rice_disease_pest\Insect\I_44.jpg,brri_rice_disease_pest,0.08133621071597354,1,0.08133621071597354
data\raw\brri_rice_disease_pest\Insect\I_45.jpg,brri_rice_disease_pest,0.34346527883622074,1,0.34346527883622074
data\raw\brri_rice_disease_pest\Insect\I_46.jpg,brri_rice_disease_pest,0.1819460850310759,1,0.1819460850310759
data\raw\brri_rice_disease_pest\Insect\I_47.jpg,brri_rice_disease_pest,0.031017887108312107,1,0.031017887108312107
data\raw\brri_rice_disease_pest\Insect\I_48.jpg,brri_rice_disease_pest,0.03565499367659524,1,0.03565499367659524
data\raw\brri_rice_disease_pest\Insect\I_49.jpg,brri_rice_disease_pest,0.031345988468565886,1,0.031345988468565886
data\raw\brri_rice_disease_pest\Insect\I_5.jpg,brri_rice_disease_pest,0.08759984919971334,1,0.08759984919971334
data\raw\brri_rice_disease_pest\Insect\I_50.jpg,brri_rice_disease_pest,0.1190531380717709,1,0.1190531380717709
data\raw\brri_rice_disease_pest\Insect\I_51.jpg,brri_rice_disease_pest,0.179756,1,0.179756
data\raw\brri_rice_disease_pest\Insect\I_52.jpg,brri_rice_disease_pest,0.18915884477298514,1,0.18915884477298514
data\raw\brri_rice_disease_pest\Insect\I_53.jpg,brri_rice_disease_pest,0.1360353265931684,1,0.1360353265931684
data\raw\brri_rice_disease_pest\Insect\I_54.jpg,brri_rice_disease_pest,0.13731022652580277,1,0.13731022652580277
data\raw\brri_rice_disease_pest\Insect\I_55.jpg,brri_rice_disease_pest,0.07708474909214466,1,0.07708474909214466
data\raw\brri_rice_disease_pest\Insect\I_56.jpg,brri_rice_disease_pest,0.123424,1,0.123424
data\raw\brri_rice_disease_pest\Insect\I_57.jpg,brri_rice_disease_pest,0.1583555077139325,1,0.1583555077139325
data\raw\brri_rice_disease_pest\Insect\I_58.jpg,brri_rice_disease_pest,0.08070578331758034,1,0.08070578331758034
data\raw\brri_rice_disease_pest\Insect\I_59.jpg,brri_rice_disease_pest,0.14376487112398179,1,0.14376487112398179
data\raw\brri_rice_disease_pest\Insect\I_6.jpg,brri_rice_disease_pest,0.07095564070089937,1,0.07095564070089937
data\raw\brri_rice_disease_pest\Insect\I_60.jpg,brri_rice_disease_pest,0.014674371012399181,1,0.014674371012399181
data\raw\brri_rice_disease_pest\Insect\I_61.jpg,brri_rice_disease_pest,0.06246760253014249,1,0.06246760253014249
data\raw\brri_rice_disease_pest\Insect\I_62.jpg,brri_rice_disease_pest,0.09555646245438833,1,0.09555646245438833
data\raw\brri_rice_disease_pest\Insect\I_63.jpg,brri_rice_disease_pest,0.11232161693471943,1,0.11232161693471943
data\raw\brri_rice_disease_pest\Insect\I_64.jpg,brri_rice_disease_pest,0.06540938068050897,1,0.06540938068050897
data\raw\brri_rice_disease_pest\Insect\I_65.jpg,brri_rice_disease_pest,0.144548,1,0.144548
data\raw\brri_rice_disease_pest\Insect\I_66.jpg,brri_rice_disease_pest,0.120584,1,0.120584
data\raw\brri_rice_disease_pest\Insect\I_67.jpg,brri_rice_disease_pest,0.10604144702546087,1,0.10604144702546087
data\raw\brri_rice_disease_pest\Insect\I_68.jpg,brri_rice_disease_pest,0.15288812045927958,1,0.15288812045927958
data\raw\brri_rice_disease_pest\Insect\I_69.jpg,brri_rice_disease_pest,0.03408197641774284,1,0.03408197641774284
data\raw\brri_rice_disease_pest\Insect\I_7.jpg,brri_rice_disease_pest,0.209376,1,0.209376
data\raw\brri_rice_disease_pest\Insect\I_70.jpg,brri_rice_disease_pest,0.0980178624480095,1,0.0980178624480095
data\raw\brri_rice_disease_pest\Insect\I_71.jpg,brri_rice_disease_pest,0.04722466960352423,1,0.04722466960352423
data\raw\brri_rice_disease_pest\Insect\I_72.jpg,brri_rice_disease_pest,0.24825859667394876,1,0.24825859667394876
data\raw\brri_rice_disease_pest\Insect\I_73.jpg,brri_rice_disease_pest,0.03794049530632411,1,0.03794049530632411
data\raw\brri_rice_disease_pest\Insect\I_74.jpg,brri_rice_disease_pest,0.135056,1,0.135056
data\raw\brri_rice_disease_pest\Insect\I_75.jpg,brri_rice_disease_pest,0.04608614340524804,1,0.04608614340524804
data\raw\brri_rice_disease_pest\Insect\I_76.jpg,brri_rice_disease_pest,0.11424,1,0.11424
data\raw\brri_rice_disease_pest\Insect\I_77.jpg,brri_rice_disease_pest,0.16018423258649597,1,0.16018423258649597
data\raw\brri_rice_disease_pest\Insect\I_78.jpg,brri_rice_disease_pest,0.26076701129570357,1,0.26076701129570357
data\raw\brri_rice_disease_pest\Insect\I_79.jpg,brri_rice_disease_pest,0.17834526198580838,1,0.17834526198580838
data\raw\brri_rice_disease_pest\Insect\I_8.jpg,brri_rice_disease_pest,0.07112349454306474,1,0.07112349454306474
data\raw\brri_rice_disease_pest\Insect\I_80.jpg,brri_rice_disease_pest,0.058792,1,0.058792
data\raw\brri_rice_disease_pest\Insect\I_81.jpg,brri_rice_disease_pest,0.18246967837480202,1,0.18246967837480202
data\raw\brri_rice_disease_pest\Insect\I_82.jpg,brri_rice_disease_pest,0.1080017648002567,1,0.1080017648002567
data\raw\brri_rice_disease_pest\Insect\I_83.jpg,brri_rice_disease_pest,0.09489652280691245,1,0.09489652280691245
data\raw\brri_rice_disease_pest\Insect\I_84.jpg,brri_rice_disease_pest,0.08141826923076922,1,0.08141826923076922
data\raw\brri_rice_disease_pest\Insect\I_85.jpg,brri_rice_disease_pest,0.12795684166456017,1,0.12795684166456017
data\raw\brri_rice_disease_pest\Insect\I_86.jpg,brri_rice_disease_pest,0.09024716072066145,1,0.09024716072066145
data\raw\brri_rice_disease_pest\Insect\I_87.jpg,brri_rice_disease_pest,0.09276134914001671,1,0.09276134914001671
data\raw\brri_rice_disease_pest\Insect\I_88.jpg,brri_rice_disease_pest,0.1658376411962946,1,0.1658376411962946
data\raw\brri_rice_disease_pest\Insect\I_89.jpg,brri_rice_disease_pest,0.42801519011681005,1,0.42801519011681005
data\raw\brri_rice_disease_pest\Insect\I_9.jpg,brri_rice_disease_pest,0.05746119594754253,1,0.05746119594754253
data\raw\brri_rice_disease_pest\Insect\I_90.jpg,brri_rice_disease_pest,0.11976335331673695,1,0.11976335331673695
data\raw\brri_rice_disease_pest\Insect\I_91.jpg,brri_rice_disease_pest,0.0598870168135492,1,0.0598870168135492
data\raw\brri_rice_disease_pest\Insect\I_92.jpg,brri_rice_disease_pest,0.115224,1,0.115224
data\raw\brri_rice_disease_pest\Insect\I_93.jpg,brri_rice_disease_pest,0.12337440361285057,1,0.12337440361285057
data\raw\brri_rice_disease_pest\Insect\I_94.jpg,brri_rice_disease_pest,0.050504,1,0.050504
data\raw\brri_rice_disease_pest\Insect\I_95.jpg,brri_rice_disease_pest,0.0829611129788835,1,0.0829611129788835
data\raw\brri_rice_disease_pest\Insect\I_96.jpg,brri_rice_disease_pest,0.14159730752294428,1,0.14159730752294428
data\raw\brri_rice_disease_pest\Insect\I_97.jpg,brri_rice_disease_pest,0.053082136905524935,1,0.053082136905524935
data\raw\brri_rice_disease_pest\Insect\I_98.jpg,brri_rice_disease_pest,0.06492421487328687,1,0.06492421487328687
data\raw\brri_rice_disease_pest\Insect\I_99.jpg,brri_rice_disease_pest,0.030396,1,0.030396
data\raw\brri_rice_disease_pest\Leaf Scald\LS_1.jpg,brri_rice_disease_pest,0.027688603956036513,1,0.027688603956036513
data\raw\brri_rice_disease_pest\Leaf Scald\LS_10.jpg,brri_rice_disease_pest,0.05597733821406701,1,0.05597733821406701
data\raw\brri_rice_disease_pest\Leaf Scald\LS_100.jpg,brri_rice_disease_pest,0.17162,1,0.17162
data\raw\brri_rice_disease_pest\Leaf Scald\LS_101.jpg,brri_rice_disease_pest,0.15676255101695202,1,0.15676255101695202
data\raw\brri_rice_disease_pest\Leaf Scald\LS_102.jpg,brri_rice_disease_pest,0.07893656116106962,1,0.07893656116106962
data\raw\brri_rice_disease_pest\Leaf Scald\LS_103.jpg,brri_rice_disease_pest,0.010864,1,0.010864
data\raw\brri_rice_disease_pest\Leaf Scald\LS_104.jpg,brri_rice_disease_pest,0.1371,1,0.1371
data\raw\brri_rice_disease_pest\Leaf Scald\LS_105.jpg,brri_rice_disease_pest,0.16298516837796512,1,0.16298516837796512
data\raw\brri_rice_disease_pest\Leaf Scald\LS_106.jpg,brri_rice_disease_pest,0.029008,1,0.029008
data\raw\brri_rice_disease_pest\Leaf Scald\LS_107.jpg,brri_rice_disease_pest,0.08269648501594938,1,0.08269648501594938
data\raw\brri_rice_disease_pest\Leaf Scald\LS_108.jpg,brri_rice_disease_pest,0.03149688465548896,1,0.03149688465548896
data\raw\brri_rice_disease_pest\Leaf Scald\LS_109.jpg,brri_rice_disease_pest,0.114684,1,0.114684
data\raw\brri_rice_disease_pest\Leaf Scald\LS_11.jpg,brri_rice_disease_pest,0.0738121566339792,1,0.0738121566339792
data\raw\brri_rice_disease_pest\Leaf Scald\LS_110.jpg,brri_rice_disease_pest,0.004903766363528595,1,0.004903766363528595
data\raw\brri_rice_disease_pest\Leaf Scald\LS_111.jpg,brri_rice_disease_pest,0.0014331235688780004,1,0.0014331235688780004
data\raw\brri_rice_disease_pest\Leaf Scald\LS_112.jpg,brri_rice_disease_pest,0.02988222704872225,1,0.02988222704872225
data\raw\brri_rice_disease_pest\Leaf Scald\LS_113.jpg,brri_rice_disease_pest,0.23373040822029162,1,0.23373040822029162
data\raw\brri_rice_disease_pest\Leaf Scald\LS_114.jpg,brri_rice_disease_pest,0.12171966666666667,1,0.12171966666666667
data\raw\brri_rice_disease_pest\Leaf Scald\LS_115.jpg,brri_rice_disease_pest,0.011784026275735,1,0.011784026275735
data\raw\brri_rice_disease_pest\Leaf Scald\LS_116.jpg,brri_rice_disease_pest,0.10398858363393114,1,0.10398858363393114
data\raw\brri_rice_disease_pest\Leaf Scald\LS_117.jpg,brri_rice_disease_pest,0.024980176053906334,1,0.024980176053906334
data\raw\brri_rice_disease_pest\Leaf Scald\LS_118.jpg,brri_rice_disease_pest,0.09625567701255858,1,0.09625567701255858
data\raw\brri_rice_disease_pest\Leaf Scald\LS_119.jpg,brri_rice_disease_pest,0.14194215342224298,1,0.14194215342224298
data\raw\brri_rice_disease_pest\Leaf Scald\LS_12.jpg,brri_rice_disease_pest,0.017186819468641115,1,0.017186819468641115
data\raw\brri_rice_disease_pest\Leaf Scald\LS_120.jpg,brri_rice_disease_pest,0.014610016503721644,1,0.014610016503721644
data\raw\brri_rice_disease_pest\Leaf Scald\LS_121.jpg,brri_rice_disease_pest,0.141884,1,0.141884
data\raw\brri_rice_disease_pest\Leaf Scald\LS_122.jpg,brri_rice_disease_pest,0.08521815542141056,1,0.08521815542141056
data\raw\brri_rice_disease_pest\Leaf Scald\LS_123.jpg,brri_rice_disease_pest,0.011311193919332696,1,0.011311193919332696
data\raw\brri_rice_disease_pest\Leaf Scald\LS_124.jpg,brri_rice_disease_pest,0.1224457124591441,1,0.1224457124591441
data\raw\brri_rice_disease_pest\Leaf Scald\LS_125.jpg,brri_rice_disease_pest,0.10940461479857291,1,0.10940461479857291
data\raw\brri_rice_disease_pest\Leaf Scald\LS_126.jpg,brri_rice_disease_pest,0.011311193919332696,1,0.011311193919332696
data\raw\brri_rice_disease_pest\Leaf Scald\LS_127.jpg,brri_rice_disease_pest,0.02182826970704881,1,0.02182826970704881
data\raw\brri_rice_disease_pest\Leaf Scald\LS_128.jpg,brri_rice_disease_pest,0.01152611737535661,1,0.01152611737535661
data\raw\brri_rice_disease_pest\Leaf Scald\LS_129.jpg,brri_rice_disease_pest,0.1156407178783722,1,0.1156407178783722
data\raw\brri_rice_disease_pest\Leaf Scald\LS_13.jpg,brri_rice_disease_pest,0.028723761198326814,1,0.028723761198326814
data\raw\brri_rice_disease_pest\Leaf Scald\LS_130.jpg,brri_rice_disease_pest,0.0879365018882623,1,0.0879365018882623
data\raw\brri_rice_disease_pest\Leaf Scald\LS_131.jpg,brri_rice_disease_pest,0.020804,1,0.020804
data\raw\brri_rice_disease_pest\Leaf Scald\LS_132.jpg,brri_rice_disease_pest,0.27631225171572416,1,0.27631225171572416
data\raw\brri_rice_disease_pest\Leaf Scald\LS_133.jpg,brri_rice_disease_pest,0.10906302392927908,1,0.10906302392927908
data\raw\brri_rice_disease_pest\Leaf Scald\LS_134.jpg,brri_rice_disease_pest,0.009524,1,0.009524
data\raw\brri_rice_disease_pest\Leaf Scald\LS_135.jpg,brri_rice_disease_pest,0.14977100585954037,1,0.14977100585954037
data\raw\brri_rice_disease_pest\Leaf Scald\LS_136.jpg,brri_rice_disease_pest,0.09926131263865604,1,0.09926131263865604
data\raw\brri_rice_disease_pest\Leaf Scald\LS_137.jpg,brri_rice_disease_pest,0.959996,1,0.959996
data\raw\brri_rice_disease_pest\Leaf Scald\LS_138.jpg,brri_rice_disease_pest,0.029520007057006407,1,0.029520007057006407
data\raw\brri_rice_disease_pest\Leaf Scald\LS_139.jpg,brri_rice_disease_pest,0.015968,1,0.015968
data\raw\brri_rice_disease_pest\Leaf Scald\LS_14.jpg,brri_rice_disease_pest,0.014000818724893668,1,0.014000818724893668
data\raw\brri_rice_disease_pest\Leaf Scald\LS_140.jpg,brri_rice_disease_pest,0.019929305366847828,1,0.019929305366847828
data\raw\brri_rice_disease_pest\Leaf Scald\LS_141.jpg,brri_rice_disease_pest,0.01834,1,0.01834
data\raw\brri_rice_disease_pest\Leaf Scald\LS_142.jpg,brri_rice_disease_pest,0.09845557291402056,1,0.09845557291402056
data\raw\brri_rice_disease_pest\Leaf Scald\LS_143.jpg,brri_rice_disease_pest,0.11094845574839561,1,0.11094845574839561
data\raw\brri_rice_disease_pest\Leaf Scald\LS_144.jpg,brri_rice_disease_pest,0.061806114499645556,1,0.061806114499645556
data\raw\brri_rice_disease_pest\Leaf Scald\LS_145.jpg,brri_rice_disease_pest,0.008482905982905983,1,0.008482905982905983
data\raw\brri_rice_disease_pest\Leaf Scald\LS_146.jpg,brri_rice_disease_pest,0.149208,1,0.149208
data\raw\brri_rice_disease_pest\Leaf Scald\LS_147.jpg,brri_rice_disease_pest,0.03769233706897749,1,0.03769233706897749
data\raw\brri_rice_disease_pest\Leaf Scald\LS_148.jpg,brri_rice_disease_pest,0.140456,1,0.140456
data\raw\brri_rice_disease_pest\Leaf Scald\LS_149.jpg,brri_rice_disease_pest,0.11161969296685803,1,0.11161969296685803
data\raw\brri_rice_disease_pest\Leaf Scald\LS_15.jpg,brri_rice_disease_pest,0.130132,1,0.130132
data\raw\brri_rice_disease_pest\Leaf Scald\LS_150.jpg,brri_rice_disease_pest,0.004065656565656566,1,0.004065656565656566
data\raw\brri_rice_disease_pest\Leaf Scald\LS_151.jpg,brri_rice_disease_pest,0.10013876187573033,1,0.10013876187573033
data\raw\brri_rice_disease_pest\Leaf Scald\LS_152.jpg,brri_rice_disease_pest,0.024094213783572672,1,0.024094213783572672
data\raw\brri_rice_disease_pest\Leaf Scald\LS_153.jpg,brri_rice_disease_pest,0.12233166522718421,1,0.12233166522718421
data\raw\brri_rice_disease_pest\Leaf Scald\LS_154.jpg,brri_rice_disease_pest,0.14706283222025351,1,0.14706283222025351
data\raw\brri_rice_disease_pest\Leaf Scald\LS_155.jpg,brri_rice_disease_pest,0.02920376509339701,1,0.02920376509339701
data\raw\brri_rice_disease_pest\Leaf Scald\LS_156.jpg,brri_rice_disease_pest,0.11828656073769242,1,0.11828656073769242
data\raw\brri_rice_disease_pest\Leaf Scald\LS_157.jpg,brri_rice_disease_pest,0.12772205075445817,1,0.12772205075445817
data\raw\brri_rice_disease_pest\Leaf Scald\LS_158.jpg,brri_rice_disease_pest,0.05935846481743723,1,0.05935846481743723
data\raw\brri_rice_disease_pest\Leaf Scald\LS_159.jpg,brri_rice_disease_pest,0.0007941792278010862,1,0.0007941792278010862
data\raw\brri_rice_disease_pest\Leaf Scald\LS_16.jpg,brri_rice_disease_pest,0.07425093767373392,1,0.07425093767373392
data\raw\brri_rice_disease_pest\Leaf Scald\LS_160.jpg,brri_rice_disease_pest,0.11981262693696404,1,0.11981262693696404
data\raw\brri_rice_disease_pest\Leaf Scald\LS_161.jpg,brri_rice_disease_pest,0.070932,1,0.070932
data\raw\brri_rice_disease_pest\Leaf Scald\LS_162.jpg,brri_rice_disease_pest,0.04678580505161088,1,0.04678580505161088
data\raw\brri_rice_disease_pest\Leaf Scald\LS_163.jpg,brri_rice_disease_pest,0.02562,1,0.02562
data\raw\brri_rice_disease_pest\Leaf Scald\LS_164.jpg,brri_rice_disease_pest,0.020566173461893572,1,0.020566173461893572
data\raw\brri_rice_disease_pest\Leaf Scald\LS_165.jpg,brri_rice_disease_pest,0.00504,1,0.00504
data\raw\brri_rice_disease_pest\Leaf Scald\LS_166.jpg,brri_rice_disease_pest,0.10471329475905397,1,0.10471329475905397
data\raw\brri_rice_disease_pest\Leaf Scald\LS_167.jpg,brri_rice_disease_pest,0.017564625731037335,1,0.017564625731037335
data\raw\brri_rice_disease_pest\Leaf Scald\LS_168.jpg,brri_rice_disease_pest,0.07392774433097936,1,0.07392774433097936
data\raw\brri_rice_disease_pest\Leaf Scald\LS_169.jpg,brri_rice_disease_pest,0.23396064670159752,1,0.23396064670159752
data\raw\brri_rice_disease_pest\Leaf Scald\LS_17.jpg,brri_rice_disease_pest,0.05032714851580416,1,0.05032714851580416
data\raw\brri_rice_disease_pest\Leaf Scald\LS_170.jpg,brri_rice_disease_pest,0.08712947391156664,1,0.08712947391156664
data\raw\brri_rice_disease_pest\Leaf Scald\LS_171.jpg,brri_rice_disease_pest,0.06098471168893704,1,0.06098471168893704
data\raw\brri_rice_disease_pest\Leaf Scald\LS_172.jpg,brri_rice_disease_pest,0.15998451382049267,1,0.15998451382049267
data\raw\brri_rice_disease_pest\Leaf Scald\LS_173.jpg,brri_rice_disease_pest,0.18216540326770186,1,0.18216540326770186
data\raw\brri_rice_disease_pest\Leaf Scald\LS_174.jpg,brri_rice_disease_pest,0.25901184821080797,1,0.25901184821080797
data\raw\brri_rice_disease_pest\Leaf Scald\LS_175.jpg,brri_rice_disease_pest,0.05126188905583045,1,0.05126188905583045
data\raw\brri_rice_disease_pest\Leaf Scald\LS_176.jpg,brri_rice_disease_pest,0.07680876358695653,1,0.07680876358695653
data\raw\brri_rice_disease_pest\Leaf Scald\LS_177.jpg,brri_rice_disease_pest,0.9785660002709614,1,0.9785660002709614
data\raw\brri_rice_disease_pest\Leaf Scald\LS_178.jpg,brri_rice_disease_pest,0.013202753221900456,1,0.013202753221900456
data\raw\brri_rice_disease_pest\Leaf Scald\LS_179.jpg,brri_rice_disease_pest,0.014070676472082507,1,0.014070676472082507
data\raw\brri_rice_disease_pest\Leaf Scald\LS_18.jpg,brri_rice_disease_pest,0.0173905973417567,1,0.0173905973417567
data\raw\brri_rice_disease_pest\Leaf Scald\LS_180.jpg,brri_rice_disease_pest,0.06811453444541188,1,0.06811453444541188
data\raw\brri_rice_disease_pest\Leaf Scald\LS_181.jpg,brri_rice_disease_pest,0.2387365720699054,1,0.2387365720699054
data\raw\brri_rice_disease_pest\Leaf Scald\LS_182.jpg,brri_rice_disease_pest,0.0053032392812105925,1,0.0053032392812105925
data\raw\brri_rice_disease_pest\Leaf Scald\LS_183.jpg,brri_rice_disease_pest,0.22834002269301767,1,0.22834002269301767
data\raw\brri_rice_disease_pest\Leaf Scald\LS_184.jpg,brri_rice_disease_pest,0.05328126846053875,1,0.05328126846053875
data\raw\brri_rice_disease_pest\Leaf Scald\LS_185.jpg,brri_rice_disease_pest,0.08632211172077427,1,0.08632211172077427
data\raw\brri_rice_disease_pest\Leaf Scald\LS_186.jpg,brri_rice_disease_pest,0.002393293470876654,1,0.002393293470876654
data\raw\brri_rice_disease_pest\Leaf Scald\LS_187.jpg,brri_rice_disease_pest,0.003107133979617201,1,0.003107133979617201
data\raw\brri_rice_disease_pest\Leaf Scald\LS_188.jpg,brri_rice_disease_pest,0.07726951345492726,1,0.07726951345492726
data\raw\brri_rice_disease_pest\Leaf Scald\LS_189.jpg,brri_rice_disease_pest,0.09999296135412962,1,0.09999296135412962
data\raw\brri_rice_disease_pest\Leaf Scald\LS_19.jpg,brri_rice_disease_pest,0.12410025281347507,1,0.12410025281347507
data\raw\brri_rice_disease_pest\Leaf Scald\LS_190.jpg,brri_rice_disease_pest,0.10230804077969144,1,0.10230804077969144
data\raw\brri_rice_disease_pest\Leaf Scald\LS_191.jpg,brri_rice_disease_pest,0.06624794662060322,1,0.06624794662060322
data\raw\brri_rice_disease_pest\Leaf Scald\LS_192.jpg,brri_rice_disease_pest,0.06852915587054818,1,0.06852915587054818
data\raw\brri_rice_disease_pest\Leaf Scald\LS_193.jpg,brri_rice_disease_pest,0.10157983200392894,1,0.10157983200392894
data\raw\brri_rice_disease_pest\Leaf Scald\LS_194.jpg,brri_rice_disease_pest,0.02388,1,0.02388
data\raw\brri_rice_disease_pest\Leaf Scald\LS_195.jpg,brri_rice_disease_pest,0.11164800631678776,1,0.11164800631678776
data\raw\brri_rice_disease_pest\Leaf Scald\LS_196.jpg,brri_rice_disease_pest,0.1261103066944402,1,0.1261103066944402
data\raw\brri_rice_disease_pest\Leaf Scald\LS_197.jpg,brri_rice_disease_pest,0.18980026122372945,1,0.18980026122372945
data\raw\brri_rice_disease_pest\Leaf Scald\LS_198.jpg,brri_rice_disease_pest,0.11785048222662535,1,0.11785048222662535
data\raw\brri_rice_disease_pest\Leaf Scald\LS_199.jpg,brri_rice_disease_pest,0.21859996570644719,1,0.21859996570644719
data\raw\brri_rice_disease_pest\Leaf Scald\LS_2.jpg,brri_rice_disease_pest,0.11267469601517384,1,0.11267469601517384
data\raw\brri_rice_disease_pest\Leaf Scald\LS_20.jpg,brri_rice_disease_pest,0.017778355930031037,1,0.017778355930031037
data\raw\brri_rice_disease_pest\Leaf Scald\LS_200.jpg,brri_rice_disease_pest,0.1753472222222222,1,0.1753472222222222
data\raw\brri_rice_disease_pest\Leaf Scald\LS_201.jpg,brri_rice_disease_pest,0.05306398076174025,1,0.05306398076174025
data\raw\brri_rice_disease_pest\Leaf Scald\LS_202.jpg,brri_rice_disease_pest,0.01749516833476826,1,0.01749516833476826
data\raw\brri_rice_disease_pest\Leaf Scald\LS_203.jpg,brri_rice_disease_pest,0.20112602684832698,1,0.20112602684832698
data\raw\brri_rice_disease_pest\Leaf Scald\LS_204.jpg,brri_rice_disease_pest,0.056756,1,0.056756
data\raw\brri_rice_disease_pest\Leaf Scald\LS_205.jpg,brri_rice_disease_pest,0.23360709961218648,1,0.23360709961218648
data\raw\brri_rice_disease_pest\Leaf Scald\LS_206.jpg,brri_rice_disease_pest,0.05868934063235618,1,0.05868934063235618
data\raw\brri_rice_disease_pest\Leaf Scald\LS_207.jpg,brri_rice_disease_pest,0.0803014233941303,1,0.0803014233941303
data\raw\brri_rice_disease_pest\Leaf Scald\LS_208.jpg,brri_rice_disease_pest,0.1524440633039682,1,0.1524440633039682
data\raw\brri_rice_disease_pest\Leaf Scald\LS_209.jpg,brri_rice_disease_pest,0.05323190141050726,1,0.05323190141050726
data\raw\brri_rice_disease_pest\Leaf Scald\LS_21.jpg,brri_rice_disease_pest,0.027756919932951322,1,0.027756919932951322
data\raw\brri_rice_disease_pest\Leaf Scald\LS_210.jpg,brri_rice_disease_pest,0.008296982915303525,1,0.008296982915303525
data\raw\brri_rice_disease_pest\Leaf Scald\LS_211.jpg,brri_rice_disease_pest,0.07768010187440579,1,0.07768010187440579
data\raw\brri_rice_disease_pest\Leaf Scald\LS_212.jpg,brri_rice_disease_pest,0.23981698462294027,1,0.23981698462294027
data\raw\brri_rice_disease_pest\Leaf Scald\LS_213.jpg,brri_rice_disease_pest,0.04284308546892039,1,0.04284308546892039
data\raw\brri_rice_disease_pest\Leaf Scald\LS_214.jpg,brri_rice_disease_pest,0.02495068728585775,1,0.02495068728585775
data\raw\brri_rice_disease_pest\Leaf Scald\LS_215.jpg,brri_rice_disease_pest,0.02949313360261106,1,0.02949313360261106
data\raw\brri_rice_disease_pest\Leaf Scald\LS_216.jpg,brri_rice_disease_pest,0.1510128847734746,1,0.1510128847734746
data\raw\brri_rice_disease_pest\Leaf Scald\LS_217.jpg,brri_rice_disease_pest,0.050773629110925304,1,0.050773629110925304
data\raw\brri_rice_disease_pest\Leaf Scald\LS_218.jpg,brri_rice_disease_pest,0.10779315695439382,1,0.10779315695439382
data\raw\brri_rice_disease_pest\Leaf Scald\LS_219.jpg,brri_rice_disease_pest,0.004864868583718607,1,0.004864868583718607
data\raw\brri_rice_disease_pest\Leaf Scald\LS_22.jpg,brri_rice_disease_pest,0.03545784009890091,1,0.03545784009890091
data\raw\brri_rice_disease_pest\Leaf Scald\LS_220.jpg,brri_rice_disease_pest,0.04324573906409973,1,0.04324573906409973
data\raw\brri_rice_disease_pest\Leaf Scald\LS_221.jpg,brri_rice_disease_pest,0.12279552786668699,1,0.12279552786668699
data\raw\brri_rice_disease_pest\Leaf Scald\LS_222.jpg,brri_rice_disease_pest,0.12900885281715185,1,0.12900885281715185
data\raw\brri_rice_disease_pest\Leaf Scald\LS_223.jpg,brri_rice_disease_pest,0.232392,1,0.232392
data\raw\brri_rice_disease_pest\Leaf Scald\LS_224.jpg,brri_rice_disease_pest,0.21921941946518994,1,0.21921941946518994
data\raw\brri_rice_disease_pest\Leaf Scald\LS_225.jpg,brri_rice_disease_pest,0.1563322939423191,1,0.1563322939423191
data\raw\brri_rice_disease_pest\Leaf Scald\LS_226.jpg,brri_rice_disease_pest,0.10979084410832589,1,0.10979084410832589
data\raw\brri_rice_disease_pest\Leaf Scald\LS_227.jpg,brri_rice_disease_pest,0.19716861208487865,1,0.19716861208487865
data\raw\brri_rice_disease_pest\Leaf Scald\LS_228.jpg,brri_rice_disease_pest,0.1246517061042524,1,0.1246517061042524
data\raw\brri_rice_disease_pest\Leaf Scald\LS_229.jpg,brri_rice_disease_pest,0.07725337219935985,1,0.07725337219935985
data\raw\brri_rice_disease_pest\Leaf Scald\LS_23.jpg,brri_rice_disease_pest,0.018542315730464793,1,0.018542315730464793
data\raw\brri_rice_disease_pest\Leaf Scald\LS_230.jpg,brri_rice_disease_pest,0.11950776350755798,1,0.11950776350755798
data\raw\brri_rice_disease_pest\Leaf Scald\LS_231.jpg,brri_rice_disease_pest,0.03836472133785218,1,0.03836472133785218
data\raw\brri_rice_disease_pest\Leaf Scald\LS_232.jpg,brri_rice_disease_pest,0.1262757475264863,1,0.1262757475264863
data\raw\brri_rice_disease_pest\Leaf Scald\LS_233.jpg,brri_rice_disease_pest,0.09879744999915324,1,0.09879744999915324
data\raw\brri_rice_disease_pest\Leaf Scald\LS_234.jpg,brri_rice_disease_pest,0.11233625886975224,1,0.11233625886975224
data\raw\brri_rice_disease_pest\Leaf Scald\LS_235.jpg,brri_rice_disease_pest,0.1268226388253823,1,0.1268226388253823
data\raw\brri_rice_disease_pest\Leaf Scald\LS_236.jpg,brri_rice_disease_pest,0.010463664121573724,1,0.010463664121573724
data\raw\brri_rice_disease_pest\Leaf Scald\LS_237.jpg,brri_rice_disease_pest,0.028216,1,0.028216
data\raw\brri_rice_disease_pest\Leaf Scald\LS_238.jpg,brri_rice_disease_pest,0.06768107842639164,1,0.06768107842639164
data\raw\brri_rice_disease_pest\Leaf Scald\LS_239.jpg,brri_rice_disease_pest,0.2499052693525716,1,0.2499052693525716
data\raw\brri_rice_disease_pest\Leaf Scald\LS_24.jpg,brri_rice_disease_pest,0.03586348837406222,1,0.03586348837406222
data\raw\brri_rice_disease_pest\Leaf Scald\LS_240.jpg,brri_rice_disease_pest,0.27603399295500347,1,0.27603399295500347
data\raw\brri_rice_disease_pest\Leaf Scald\LS_241.jpg,brri_rice_disease_pest,0.252282267692933,1,0.252282267692933
data\raw\brri_rice_disease_pest\Leaf Scald\LS_242.jpg,brri_rice_disease_pest,0.19698841216616708,1,0.19698841216616708
data\raw\brri_rice_disease_pest\Leaf Scald\LS_243.jpg,brri_rice_disease_pest,0.09036200798741066,1,0.09036200798741066
data\raw\brri_rice_disease_pest\Leaf Scald\LS_244.jpg,brri_rice_disease_pest,0.19145060232622543,1,0.19145060232622543
data\raw\brri_rice_disease_pest\Leaf Scald\LS_245.jpg,brri_rice_disease_pest,0.17103565471049467,1,0.17103565471049467
data\raw\brri_rice_disease_pest\Leaf Scald\LS_246.jpg,brri_rice_disease_pest,0.037207710968856375,1,0.037207710968856375
data\raw\brri_rice_disease_pest\Leaf Scald\LS_247.jpg,brri_rice_disease_pest,0.15860609409134788,1,0.15860609409134788
data\raw\brri_rice_disease_pest\Leaf Scald\LS_248.jpg,brri_rice_disease_pest,0.10311378050432692,1,0.10311378050432692
data\raw\brri_rice_disease_pest\Leaf Scald\LS_249.jpg,brri_rice_disease_pest,0.08041441218310216,1,0.08041441218310216
data\raw\brri_rice_disease_pest\Leaf Scald\LS_25.jpg,brri_rice_disease_pest,0.015681672344764853,1,0.015681672344764853
data\raw\brri_rice_disease_pest\Leaf Scald\LS_250.jpg,brri_rice_disease_pest,0.0719024136733899,1,0.0719024136733899
data\raw\brri_rice_disease_pest\Leaf Scald\LS_251.jpg,brri_rice_disease_pest,0.06561060077977315,1,0.06561060077977315
data\raw\brri_rice_disease_pest\Leaf Scald\LS_252.jpg,brri_rice_disease_pest,0.09522148447523736,1,0.09522148447523736
data\raw\brri_rice_disease_pest\Leaf Scald\LS_253.jpg,brri_rice_disease_pest,0.15406775516943555,1,0.15406775516943555
data\raw\brri_rice_disease_pest\Leaf Scald\LS_254.jpg,brri_rice_disease_pest,0.10383405095767921,1,0.10383405095767921
data\raw\brri_rice_disease_pest\Leaf Scald\LS_255.jpg,brri_rice_disease_pest,0.10522814764492754,1,0.10522814764492754
data\raw\brri_rice_disease_pest\Leaf Scald\LS_256.jpg,brri_rice_disease_pest,0.11842574599061796,1,0.11842574599061796
data\raw\brri_rice_disease_pest\Leaf Scald\LS_257.jpg,brri_rice_disease_pest,0.02984015393994818,1,0.02984015393994818
data\raw\brri_rice_disease_pest\Leaf Scald\LS_258.jpg,brri_rice_disease_pest,0.026046885120638005,1,0.026046885120638005
data\raw\brri_rice_disease_pest\Leaf Scald\LS_259.jpg,brri_rice_disease_pest,0.28851356500533454,1,0.28851356500533454
data\raw\brri_rice_disease_pest\Leaf Scald\LS_26.jpg,brri_rice_disease_pest,0.0065179047844904255,1,0.0065179047844904255
data\raw\brri_rice_disease_pest\Leaf Scald\LS_260.jpg,brri_rice_disease_pest,0.16554498171010518,1,0.16554498171010518
data\raw\brri_rice_disease_pest\Leaf Scald\LS_261.jpg,brri_rice_disease_pest,0.09833993801757862,1,0.09833993801757862
data\raw\brri_rice_disease_pest\Leaf Scald\LS_262.jpg,brri_rice_disease_pest,0.20503009171477127,1,0.20503009171477127
data\raw\brri_rice_disease_pest\Leaf Scald\LS_263.jpg,brri_rice_disease_pest,0.08930771477925113,1,0.08930771477925113
data\raw\brri_rice_disease_pest\Leaf Scald\LS_264.jpg,brri_rice_disease_pest,0.18505737819438095,1,0.18505737819438095
data\raw\brri_rice_disease_pest\Leaf Scald\LS_265.jpg,brri_rice_disease_pest,0.16581567850429305,1,0.16581567850429305
data\raw\brri_rice_disease_pest\Leaf Scald\LS_266.jpg,brri_rice_disease_pest,0.027462474339851134,1,0.027462474339851134
data\raw\brri_rice_disease_pest\Leaf Scald\LS_267.jpg,brri_rice_disease_pest,0.1669901438222447,1,0.1669901438222447
data\raw\brri_rice_disease_pest\Leaf Scald\LS_268.jpg,brri_rice_disease_pest,0.969341140408813,1,0.969341140408813
data\raw\brri_rice_disease_pest\Leaf Scald\LS_269.jpg,brri_rice_disease_pest,0.09522148447523736,1,0.09522148447523736
data\raw\brri_rice_disease_pest\Leaf Scald\LS_27.jpg,brri_rice_disease_pest,0.003328,1,0.003328
data\raw\brri_rice_disease_pest\Leaf Scald\LS_270.jpg,brri_rice_disease_pest,0.21518886856678351,1,0.21518886856678351
data\raw\brri_rice_disease_pest\Leaf Scald\LS_271.jpg,brri_rice_disease_pest,0.04142325677132561,1,0.04142325677132561
data\raw\brri_rice_disease_pest\Leaf Scald\LS_272.jpg,brri_rice_disease_pest,0.3212496189605243,1,0.3212496189605243
data\raw\brri_rice_disease_pest\Leaf Scald\LS_273.jpg,brri_rice_disease_pest,0.05315394841572253,1,0.05315394841572253
data\raw\brri_rice_disease_pest\Leaf Scald\LS_274.jpg,brri_rice_disease_pest,0.08242254314213619,1,0.08242254314213619
data\raw\brri_rice_disease_pest\Leaf Scald\LS_275.jpg,brri_rice_disease_pest,0.06068212416806381,1,0.06068212416806381
data\raw\brri_rice_disease_pest\Leaf Scald\LS_276.jpg,brri_rice_disease_pest,0.07825995148097342,1,0.07825995148097342
data\raw\brri_rice_disease_pest\Leaf Scald\LS_277.jpg,brri_rice_disease_pest,0.12757095801791732,1,0.12757095801791732
data\raw\brri_rice_disease_pest\Leaf Scald\LS_278.jpg,brri_rice_disease_pest,0.06456952065233958,1,0.06456952065233958
data\raw\brri_rice_disease_pest\Leaf Scald\LS_279.jpg,brri_rice_disease_pest,0.9467671975816695,1,0.9467671975816695
data\raw\brri_rice_disease_pest\Leaf Scald\LS_28.jpg,brri_rice_disease_pest,0.011354406011835457,1,0.011354406011835457
data\raw\brri_rice_disease_pest\Leaf Scald\LS_280.jpg,brri_rice_disease_pest,0.08785685455649946,1,0.08785685455649946
data\raw\brri_rice_disease_pest\Leaf Scald\LS_281.jpg,brri_rice_disease_pest,0.18581416493082017,1,0.18581416493082017
data\raw\brri_rice_disease_pest\Leaf Scald\LS_282.jpg,brri_rice_disease_pest,0.1642524894263381,1,0.1642524894263381
data\raw\brri_rice_disease_pest\Leaf Scald\LS_283.jpg,brri_rice_disease_pest,0.9751458844074905,1,0.9751458844074905
data\raw\brri_rice_disease_pest\Leaf Scald\LS_284.jpg,brri_rice_disease_pest,0.10020258929805764,1,0.10020258929805764
data\raw\brri_rice_disease_pest\Leaf Scald\LS_285.jpg,brri_rice_disease_pest,0.02704272783996928,1,0.02704272783996928
data\raw\brri_rice_disease_pest\Leaf Scald\LS_286.jpg,brri_rice_disease_pest,0.046191729309428164,1,0.046191729309428164
data\raw\brri_rice_disease_pest\Leaf Scald\LS_287.jpg,brri_rice_disease_pest,0.032319403605316675,1,0.032319403605316675
data\raw\brri_rice_disease_pest\Leaf Scald\LS_288.jpg,brri_rice_disease_pest,0.07537238433547856,1,0.07537238433547856
data\raw\brri_rice_disease_pest\Leaf Scald\LS_289.jpg,brri_rice_disease_pest,0.02632002187105927,1,0.02632002187105927
data\raw\brri_rice_disease_pest\Leaf Scald\LS_29.jpg,brri_rice_disease_pest,0.09077524231337056,1,0.09077524231337056
data\raw\brri_rice_disease_pest\Leaf Scald\LS_290.jpg,brri_rice_disease_pest,0.9710949804399736,1,0.9710949804399736
data\raw\brri_rice_disease_pest\Leaf Scald\LS_291.jpg,brri_rice_disease_pest,0.02172,1,0.02172
data\raw\brri_rice_disease_pest\Leaf Scald\LS_292.jpg,brri_rice_disease_pest,0.12258913148402174,1,0.12258913148402174
data\raw\brri_rice_disease_pest\Leaf Scald\LS_293.jpg,brri_rice_disease_pest,0.11119499271791224,1,0.11119499271791224
data\raw\brri_rice_disease_pest\Leaf Scald\LS_294.jpg,brri_rice_disease_pest,0.021858893179938565,1,0.021858893179938565
data\raw\brri_rice_disease_pest\Leaf Scald\LS_295.jpg,brri_rice_disease_pest,0.0350479580517875,1,0.0350479580517875
data\raw\brri_rice_disease_pest\Leaf Scald\LS_296.jpg,brri_rice_disease_pest,0.05917225524564345,1,0.05917225524564345
data\raw\brri_rice_disease_pest\Leaf Scald\LS_297.jpg,brri_rice_disease_pest,0.01026334163647343,1,0.01026334163647343
data\raw\brri_rice_disease_pest\Leaf Scald\LS_298.jpg,brri_rice_disease_pest,0.11958765178072449,1,0.11958765178072449
data\raw\brri_rice_disease_pest\Leaf Scald\LS_299.jpg,brri_rice_disease_pest,0.14226346974546564,1,0.14226346974546564
data\raw\brri_rice_disease_pest\Leaf Scald\LS_3.jpg,brri_rice_disease_pest,0.05092430157863009,1,0.05092430157863009
data\raw\brri_rice_disease_pest\Leaf Scald\LS_30.jpg,brri_rice_disease_pest,0.0496624259732396,1,0.0496624259732396
data\raw\brri_rice_disease_pest\Leaf Scald\LS_300.jpg,brri_rice_disease_pest,0.2551480020830158,1,0.2551480020830158
data\raw\brri_rice_disease_pest\Leaf Scald\LS_301.jpg,brri_rice_disease_pest,0.023963149248928856,1,0.023963149248928856
data\raw\brri_rice_disease_pest\Leaf Scald\LS_302.jpg,brri_rice_disease_pest,0.2612676548290403,1,0.2612676548290403
data\raw\brri_rice_disease_pest\Leaf Scald\LS_303.jpg,brri_rice_disease_pest,0.1720096868702264,1,0.1720096868702264
data\raw\brri_rice_disease_pest\Leaf Scald\LS_304.jpg,brri_rice_disease_pest,0.25789995385188574,1,0.25789995385188574
data\raw\brri_rice_disease_pest\Leaf Scald\LS_305.jpg,brri_rice_disease_pest,0.04986736975882724,1,0.04986736975882724
data\raw\brri_rice_disease_pest\Leaf Scald\LS_306.jpg,brri_rice_disease_pest,0.11926015698842155,1,0.11926015698842155
data\raw\brri_rice_disease_pest\Leaf Scald\LS_307.jpg,brri_rice_disease_pest,0.168272,1,0.168272
data\raw\brri_rice_disease_pest\Leaf Scald\LS_308.jpg,brri_rice_disease_pest,0.32715573083371435,1,0.32715573083371435
data\raw\brri_rice_disease_pest\Leaf Scald\LS_309.jpg,brri_rice_disease_pest,0.09823356449728192,1,0.09823356449728192
data\raw\brri_rice_disease_pest\Leaf Scald\LS_31.jpg,brri_rice_disease_pest,0.021908,1,0.021908
data\raw\brri_rice_disease_pest\Leaf Scald\LS_310.jpg,brri_rice_disease_pest,0.2752639756812139,1,0.2752639756812139
data\raw\brri_rice_disease_pest\Leaf Scald\LS_311.jpg,brri_rice_disease_pest,0.14464205575030906,1,0.14464205575030906
data\raw\brri_rice_disease_pest\Leaf Scald\LS_312.jpg,brri_rice_disease_pest,0.05779363325373842,1,0.05779363325373842
data\raw\brri_rice_disease_pest\Leaf Scald\LS_313.jpg,brri_rice_disease_pest,0.19491201163440533,1,0.19491201163440533
data\raw\brri_rice_disease_pest\Leaf Scald\LS_314.jpg,brri_rice_disease_pest,0.06228963445612966,1,0.06228963445612966
data\raw\brri_rice_disease_pest\Leaf Scald\LS_315.jpg,brri_rice_disease_pest,0.055759041220003726,1,0.055759041220003726
data\raw\brri_rice_disease_pest\Leaf Scald\LS_316.jpg,brri_rice_disease_pest,0.1927429973411912,1,0.1927429973411912
data\raw\brri_rice_disease_pest\Leaf Scald\LS_317.jpg,brri_rice_disease_pest,0.16818192086384334,1,0.16818192086384334
data\raw\brri_rice_disease_pest\Leaf Scald\LS_318.jpg,brri_rice_disease_pest,0.1788564899490254,1,0.1788564899490254
data\raw\brri_rice_disease_pest\Leaf Scald\LS_319.jpg,brri_rice_disease_pest,0.113032,1,0.113032
data\raw\brri_rice_disease_pest\Leaf Scald\LS_32.jpg,brri_rice_disease_pest,0.11951852476162161,1,0.11951852476162161
data\raw\brri_rice_disease_pest\Leaf Scald\LS_320.jpg,brri_rice_disease_pest,0.1840447128655862,1,0.1840447128655862
data\raw\brri_rice_disease_pest\Leaf Scald\LS_321.jpg,brri_rice_disease_pest,0.08960244181720955,1,0.08960244181720955
data\raw\brri_rice_disease_pest\Leaf Scald\LS_322.jpg,brri_rice_disease_pest,0.0246640526481715,1,0.0246640526481715
data\raw\brri_rice_disease_pest\Leaf Scald\LS_323.jpg,brri_rice_disease_pest,0.05774537286596172,1,0.05774537286596172
data\raw\brri_rice_disease_pest\Leaf Scald\LS_324.jpg,brri_rice_disease_pest,0.1326,1,0.1326
data\raw\brri_rice_disease_pest\Leaf Scald\LS_325.jpg,brri_rice_disease_pest,0.10233557842516747,1,0.10233557842516747
data\raw\brri_rice_disease_pest\Leaf Scald\LS_326.jpg,brri_rice_disease_pest,0.00859254536181808,1,0.00859254536181808
data\raw\brri_rice_disease_pest\Leaf Scald\LS_327.jpg,brri_rice_disease_pest,0.19894110089405168,1,0.19894110089405168
data\raw\brri_rice_disease_pest\Leaf Scald\LS_328.jpg,brri_rice_disease_pest,0.24189179749022,1,0.24189179749022
data\raw\brri_rice_disease_pest\Leaf Scald\LS_329.jpg,brri_rice_disease_pest,0.2764323221779605,1,0.2764323221779605
data\raw\brri_rice_disease_pest\Leaf Scald\LS_33.jpg,brri_rice_disease_pest,0.008137838913444766,1,0.008137838913444766
data\raw\brri_rice_disease_pest\Leaf Scald\LS_330.jpg,brri_rice_disease_pest,0.09910286614429215,1,0.09910286614429215
data\raw\brri_rice_disease_pest\Leaf Scald\LS_331.jpg,brri_rice_disease_pest,0.06753618090566055,1,0.06753618090566055
data\raw\brri_rice_disease_pest\Leaf Scald\LS_332.jpg,brri_rice_disease_pest,0.0746337258039933,1,0.0746337258039933
data\raw\brri_rice_disease_pest\Leaf Scald\LS_333.jpg,brri_rice_disease_pest,0.1661647000795949,1,0.1661647000795949
data\raw\brri_rice_disease_pest\Leaf Scald\LS_334.jpg,brri_rice_disease_pest,0.03823016689529035,1,0.03823016689529035
data\raw\brri_rice_disease_pest\Leaf Scald\LS_335.jpg,brri_rice_disease_pest,0.021841764890175957,1,0.021841764890175957
data\raw\brri_rice_disease_pest\Leaf Scald\LS_336.jpg,brri_rice_disease_pest,0.07780905476807397,1,0.07780905476807397
data\raw\brri_rice_disease_pest\Leaf Scald\LS_337.jpg,brri_rice_disease_pest,0.11235636928652475,1,0.11235636928652475
data\raw\brri_rice_disease_pest\Leaf Scald\LS_338.jpg,brri_rice_disease_pest,0.10684156378600823,1,0.10684156378600823
data\raw\brri_rice_disease_pest\Leaf Scald\LS_339.jpg,brri_rice_disease_pest,0.08112943824873897,1,0.08112943824873897
data\raw\brri_rice_disease_pest\Leaf Scald\LS_34.jpg,brri_rice_disease_pest,0.01627262152657773,1,0.01627262152657773
data\raw\brri_rice_disease_pest\Leaf Scald\LS_340.jpg,brri_rice_disease_pest,0.11196714743589743,1,0.11196714743589743
data\raw\brri_rice_disease_pest\Leaf Scald\LS_341.jpg,brri_rice_disease_pest,0.14583010400496624,1,0.14583010400496624
data\raw\brri_rice_disease_pest\Leaf Scald\LS_342.jpg,brri_rice_disease_pest,0.04178018467713255,1,0.04178018467713255
data\raw\brri_rice_disease_pest\Leaf Scald\LS_343.jpg,brri_rice_disease_pest,0.1341428305305763,1,0.1341428305305763
data\raw\brri_rice_disease_pest\Leaf Scald\LS_344.jpg,brri_rice_disease_pest,0.16294676878524614,1,0.16294676878524614
data\raw\brri_rice_disease_pest\Leaf Scald\LS_345.jpg,brri_rice_disease_pest,0.1310140730579688,1,0.1310140730579688
data\raw\brri_rice_disease_pest\Leaf Scald\LS_346.jpg,brri_rice_disease_pest,0.059917134498467375,1,0.059917134498467375
data\raw\brri_rice_disease_pest\Leaf Scald\LS_347.jpg,brri_rice_disease_pest,0.19575982446781487,1,0.19575982446781487
data\raw\brri_rice_disease_pest\Leaf Scald\LS_348.jpg,brri_rice_disease_pest,0.1753417100584201,1,0.1753417100584201
data\raw\brri_rice_disease_pest\Leaf Scald\LS_349.jpg,brri_rice_disease_pest,0.13102359904486105,1,0.13102359904486105
data\raw\brri_rice_disease_pest\Leaf Scald\LS_35.jpg,brri_rice_disease_pest,0.018468,1,0.018468
data\raw\brri_rice_disease_pest\Leaf Scald\LS_350.jpg,brri_rice_disease_pest,0.10693634735558603,1,0.10693634735558603
data\raw\brri_rice_disease_pest\Leaf Scald\LS_351.jpg,brri_rice_disease_pest,0.1151837351182916,1,0.1151837351182916
data\raw\brri_rice_disease_pest\Leaf Scald\LS_352.jpg,brri_rice_disease_pest,0.10039632674690704,1,0.10039632674690704
data\raw\brri_rice_disease_pest\Leaf Scald\LS_353.jpg,brri_rice_disease_pest,0.10685405341326695,1,0.10685405341326695
data\raw\brri_rice_disease_pest\Leaf Scald\LS_354.jpg,brri_rice_disease_pest,0.040131300244325346,1,0.040131300244325346
data\raw\brri_rice_disease_pest\Leaf Scald\LS_355.jpg,brri_rice_disease_pest,0.060948,1,0.060948
data\raw\brri_rice_disease_pest\Leaf Scald\LS_356.jpg,brri_rice_disease_pest,0.06134788480753273,1,0.06134788480753273
data\raw\brri_rice_disease_pest\Leaf Scald\LS_357.jpg,brri_rice_disease_pest,0.045965607622060096,1,0.045965607622060096
data\raw\brri_rice_disease_pest\Leaf Scald\LS_358.jpg,brri_rice_disease_pest,0.08571641772087588,1,0.08571641772087588
data\raw\brri_rice_disease_pest\Leaf Scald\LS_359.jpg,brri_rice_disease_pest,0.0158460929250264,1,0.0158460929250264
data\raw\brri_rice_disease_pest\Leaf Scald\LS_36.jpg,brri_rice_disease_pest,0.02226,1,0.02226
data\raw\brri_rice_disease_pest\Leaf Scald\LS_360.jpg,brri_rice_disease_pest,0.14137302886879302,1,0.14137302886879302
data\raw\brri_rice_disease_pest\Leaf Scald\LS_361.jpg,brri_rice_disease_pest,0.17077792384291013,1,0.17077792384291013
data\raw\brri_rice_disease_pest\Leaf Scald\LS_362.jpg,brri_rice_disease_pest,0.10658706116953716,1,0.10658706116953716
data\raw\brri_rice_disease_pest\Leaf Scald\LS_363.jpg,brri_rice_disease_pest,0.05608936975130837,1,0.05608936975130837
data\raw\brri_rice_disease_pest\Leaf Scald\LS_364.jpg,brri_rice_disease_pest,0.13344716887669564,1,0.13344716887669564
data\raw\brri_rice_disease_pest\Leaf Scald\LS_365.jpg,brri_rice_disease_pest,0.16060946205693577,1,0.16060946205693577
data\raw\brri_rice_disease_pest\Leaf Scald\LS_366.jpg,brri_rice_disease_pest,0.12163573896255653,1,0.12163573896255653
data\raw\brri_rice_disease_pest\Leaf Scald\LS_367.jpg,brri_rice_disease_pest,0.13627718081593254,1,0.13627718081593254
data\raw\brri_rice_disease_pest\Leaf Scald\LS_368.jpg,brri_rice_disease_pest,0.13643656835265638,1,0.13643656835265638
data\raw\brri_rice_disease_pest\Leaf Scald\LS_369.jpg,brri_rice_disease_pest,0.036665009291877805,1,0.036665009291877805
data\raw\brri_rice_disease_pest\Leaf Scald\LS_37.jpg,brri_rice_disease_pest,0.0502509065009065,1,0.0502509065009065
data\raw\brri_rice_disease_pest\Leaf Scald\LS_370.jpg,brri_rice_disease_pest,0.11628531141341794,1,0.11628531141341794
data\raw\brri_rice_disease_pest\Leaf Scald\LS_371.jpg,brri_rice_disease_pest,0.055120270876729494,1,0.055120270876729494
data\raw\brri_rice_disease_pest\Leaf Scald\LS_372.jpg,brri_rice_disease_pest,0.486688,1,0.486688
data\raw\brri_rice_disease_pest\Leaf Scald\LS_373.jpg,brri_rice_disease_pest,0.13273878764378957,1,0.13273878764378957
data\raw\brri_rice_disease_pest\Leaf Scald\LS_374.jpg,brri_rice_disease_pest,0.19832496368013963,1,0.19832496368013963
data\raw\brri_rice_disease_pest\Leaf Scald\LS_375.jpg,brri_rice_disease_pest,0.19563019173186516,1,0.19563019173186516
data\raw\brri_rice_disease_pest\Leaf Scald\LS_376.jpg,brri_rice_disease_pest,0.007321638869437902,1,0.007321638869437902
data\raw\brri_rice_disease_pest\Leaf Scald\LS_377.jpg,brri_rice_disease_pest,0.044420547183794463,1,0.044420547183794463
data\raw\brri_rice_disease_pest\Leaf Scald\LS_378.jpg,brri_rice_disease_pest,0.09750403266778439,1,0.09750403266778439
data\raw\brri_rice_disease_pest\Leaf Scald\LS_379.jpg,brri_rice_disease_pest,0.059546398675662165,1,0.059546398675662165
data\raw\brri_rice_disease_pest\Leaf Scald\LS_38.jpg,brri_rice_disease_pest,0.04484,1,0.04484
data\raw\brri_rice_disease_pest\Leaf Scald\LS_380.jpg,brri_rice_disease_pest,0.020663165887897402,1,0.020663165887897402
data\raw\brri_rice_disease_pest\Leaf Scald\LS_381.jpg,brri_rice_disease_pest,0.01336072563615399,1,0.01336072563615399
data\raw\brri_rice_disease_pest\Leaf Scald\LS_382.jpg,brri_rice_disease_pest,0.024040361888648873,1,0.024040361888648873
data\raw\brri_rice_disease_pest\Leaf Scald\LS_383.jpg,brri_rice_disease_pest,0.05202536286029875,1,0.05202536286029875
data\raw\brri_rice_disease_pest\Leaf Scald\LS_384.jpg,brri_rice_disease_pest,0.052810442262908534,1,0.052810442262908534
data\raw\brri_rice_disease_pest\Leaf Scald\LS_385.jpg,brri_rice_disease_pest,0.04764150823537782,1,0.04764150823537782
data\raw\brri_rice_disease_pest\Leaf Scald\LS_386.jpg,brri_rice_disease_pest,0.13655946181896403,1,0.13655946181896403
data\raw\brri_rice_disease_pest\Leaf Scald\LS_387.jpg,brri_rice_disease_pest,0.028216,1,0.028216
data\raw\brri_rice_disease_pest\Leaf Scald\LS_388.jpg,brri_rice_disease_pest,0.06617570788667039,1,0.06617570788667039
data\raw\brri_rice_disease_pest\Leaf Scald\LS_389.jpg,brri_rice_disease_pest,0.10171081432369727,1,0.10171081432369727
data\raw\brri_rice_disease_pest\Leaf Scald\LS_39.jpg,brri_rice_disease_pest,0.021056321257679585,1,0.021056321257679585
data\raw\brri_rice_disease_pest\Leaf Scald\LS_390.jpg,brri_rice_disease_pest,0.02655179288752363,1,0.02655179288752363
data\raw\brri_rice_disease_pest\Leaf Scald\LS_391.jpg,brri_rice_disease_pest,0.05613928686345239,1,0.05613928686345239
data\raw\brri_rice_disease_pest\Leaf Scald\LS_392.jpg,brri_rice_disease_pest,0.08078486722891158,1,0.08078486722891158
data\raw\brri_rice_disease_pest\Leaf Scald\LS_393.jpg,brri_rice_disease_pest,0.1377892226139888,1,0.1377892226139888
data\raw\brri_rice_disease_pest\Leaf Scald\LS_394.jpg,brri_rice_disease_pest,0.12816910950115168,1,0.12816910950115168
data\raw\brri_rice_disease_pest\Leaf Scald\LS_395.jpg,brri_rice_disease_pest,0.12377538146285288,1,0.12377538146285288
data\raw\brri_rice_disease_pest\Leaf Scald\LS_396.jpg,brri_rice_disease_pest,0.04190534556046673,1,0.04190534556046673
data\raw\brri_rice_disease_pest\Leaf Scald\LS_397.jpg,brri_rice_disease_pest,0.034879401005944215,1,0.034879401005944215
data\raw\brri_rice_disease_pest\Leaf Scald\LS_398.jpg,brri_rice_disease_pest,0.18490095227735953,1,0.18490095227735953
data\raw\brri_rice_disease_pest\Leaf Scald\LS_399.jpg,brri_rice_disease_pest,0.09790824785812902,1,0.09790824785812902
data\raw\brri_rice_disease_pest\Leaf Scald\LS_4.jpg,brri_rice_disease_pest,0.09591934406013705,1,0.09591934406013705
data\raw\brri_rice_disease_pest\Leaf Scald\LS_40.jpg,brri_rice_disease_pest,0.124304,1,0.124304
data\raw\brri_rice_disease_pest\Leaf Scald\LS_400.jpg,brri_rice_disease_pest,0.1190766884282545,1,0.1190766884282545
data\raw\brri_rice_disease_pest\Leaf Scald\LS_401.jpg,brri_rice_disease_pest,0.11718324732728025,1,0.11718324732728025
data\raw\brri_rice_disease_pest\Leaf Scald\LS_402.jpg,brri_rice_disease_pest,0.00470065712224906,1,0.00470065712224906
data\raw\brri_rice_disease_pest\Leaf Scald\LS_403.jpg,brri_rice_disease_pest,0.07955610752774328,1,0.07955610752774328
data\raw\brri_rice_disease_pest\Leaf Scald\LS_404.jpg,brri_rice_disease_pest,0.0398104222764145,1,0.0398104222764145
data\raw\brri_rice_disease_pest\Leaf Scald\LS_405.jpg,brri_rice_disease_pest,0.02727369430472997,1,0.02727369430472997
data\raw\brri_rice_disease_pest\Leaf Scald\LS_406.jpg,brri_rice_disease_pest,0.04097100962763247,1,0.04097100962763247
data\raw\brri_rice_disease_pest\Leaf Scald\LS_407.jpg,brri_rice_disease_pest,0.06912533590812686,1,0.06912533590812686
data\raw\brri_rice_disease_pest\Leaf Scald\LS_408.jpg,brri_rice_disease_pest,0.1459897182848143,1,0.1459897182848143
data\raw\brri_rice_disease_pest\Leaf Scald\LS_409.jpg,brri_rice_disease_pest,0.02703192716342793,1,0.02703192716342793
data\raw\brri_rice_disease_pest\Leaf Scald\LS_41.jpg,brri_rice_disease_pest,0.035994541067468584,1,0.035994541067468584
data\raw\brri_rice_disease_pest\Leaf Scald\LS_410.jpg,brri_rice_disease_pest,0.04629626211011342,1,0.04629626211011342
data\raw\brri_rice_disease_pest\Leaf Scald\LS_411.jpg,brri_rice_disease_pest,0.0746019725143525,1,0.0746019725143525
data\raw\brri_rice_disease_pest\Leaf Scald\LS_412.jpg,brri_rice_disease_pest,0.025884030640929534,1,0.025884030640929534
data\raw\brri_rice_disease_pest\Leaf Scald\LS_413.jpg,brri_rice_disease_pest,0.19906934507782317,1,0.19906934507782317
data\raw\brri_rice_disease_pest\Leaf Scald\LS_414.jpg,brri_rice_disease_pest,0.1424230300259107,1,0.1424230300259107
data\raw\brri_rice_disease_pest\Leaf Scald\LS_415.jpg,brri_rice_disease_pest,0.09212211468441464,1,0.09212211468441464
data\raw\brri_rice_disease_pest\Leaf Scald\LS_416.jpg,brri_rice_disease_pest,0.029545400002953685,1,0.029545400002953685
data\raw\brri_rice_disease_pest\Leaf Scald\LS_417.jpg,brri_rice_disease_pest,0.011068406171185373,1,0.011068406171185373
data\raw\brri_rice_disease_pest\Leaf Scald\LS_418.jpg,brri_rice_disease_pest,0.020817372659203685,1,0.020817372659203685
data\raw\brri_rice_disease_pest\Leaf Scald\LS_419.jpg,brri_rice_disease_pest,0.08672946302704088,1,0.08672946302704088
data\raw\brri_rice_disease_pest\Leaf Scald\LS_42.jpg,brri_rice_disease_pest,0.073888,1,0.073888
data\raw\brri_rice_disease_pest\Leaf Scald\LS_420.jpg,brri_rice_disease_pest,0.035368314286179196,1,0.035368314286179196
data\raw\brri_rice_disease_pest\Leaf Scald\LS_421.jpg,brri_rice_disease_pest,0.05847860238953213,1,0.05847860238953213
data\raw\brri_rice_disease_pest\Leaf Scald\LS_43.jpg,brri_rice_disease_pest,0.06661492246026746,1,0.06661492246026746
data\raw\brri_rice_disease_pest\Leaf Scald\LS_44.jpg,brri_rice_disease_pest,0.086776,1,0.086776
data\raw\brri_rice_disease_pest\Leaf Scald\LS_45.jpg,brri_rice_disease_pest,0.12932426882758388,1,0.12932426882758388
data\raw\brri_rice_disease_pest\Leaf Scald\LS_46.jpg,brri_rice_disease_pest,0.012232425612626802,1,0.012232425612626802
data\raw\brri_rice_disease_pest\Leaf Scald\LS_47.jpg,brri_rice_disease_pest,0.04816781460450142,1,0.04816781460450142
data\raw\brri_rice_disease_pest\Leaf Scald\LS_48.jpg,brri_rice_disease_pest,0.04643933128544423,1,0.04643933128544423
data\raw\brri_rice_disease_pest\Leaf Scald\LS_49.jpg,brri_rice_disease_pest,0.1032,1,0.1032
data\raw\brri_rice_disease_pest\Leaf Scald\LS_5.jpg,brri_rice_disease_pest,0.0698222314433252,1,0.0698222314433252
data\raw\brri_rice_disease_pest\Leaf Scald\LS_50.jpg,brri_rice_disease_pest,0.16370436554820417,1,0.16370436554820417
data\raw\brri_rice_disease_pest\Leaf Scald\LS_51.jpg,brri_rice_disease_pest,0.13790064102564104,1,0.13790064102564104
data\raw\brri_rice_disease_pest\Leaf Scald\LS_52.jpg,brri_rice_disease_pest,0.03668206763070508,1,0.03668206763070508
data\raw\brri_rice_disease_pest\Leaf Scald\LS_53.jpg,brri_rice_disease_pest,0.087124,1,0.087124
data\raw\brri_rice_disease_pest\Leaf Scald\LS_54.jpg,brri_rice_disease_pest,0.029988337554643196,1,0.029988337554643196
data\raw\brri_rice_disease_pest\Leaf Scald\LS_55.jpg,brri_rice_disease_pest,0.139884,1,0.139884
data\raw\brri_rice_disease_pest\Leaf Scald\LS_56.jpg,brri_rice_disease_pest,0.013895593654005198,1,0.013895593654005198
data\raw\brri_rice_disease_pest\Leaf Scald\LS_57.jpg,brri_rice_disease_pest,0.0424589112432048,1,0.0424589112432048
data\raw\brri_rice_disease_pest\Leaf Scald\LS_58.jpg,brri_rice_disease_pest,0.18838933813822403,1,0.18838933813822403
data\raw\brri_rice_disease_pest\Leaf Scald\LS_59.jpg,brri_rice_disease_pest,0.20785835704245625,1,0.20785835704245625
data\raw\brri_rice_disease_pest\Leaf Scald\LS_6.jpg,brri_rice_disease_pest,0.12287221405211408,1,0.12287221405211408
data\raw\brri_rice_disease_pest\Leaf Scald\LS_60.jpg,brri_rice_disease_pest,0.10223157051282052,1,0.10223157051282052
data\raw\brri_rice_disease_pest\Leaf Scald\LS_61.jpg,brri_rice_disease_pest,0.11514867205542725,1,0.11514867205542725
data\raw\brri_rice_disease_pest\Leaf Scald\LS_62.jpg,brri_rice_disease_pest,0.03828645029755345,1,0.03828645029755345
data\raw\brri_rice_disease_pest\Leaf Scald\LS_63.jpg,brri_rice_disease_pest,0.15908,1,0.15908
data\raw\brri_rice_disease_pest\Leaf Scald\LS_64.jpg,brri_rice_disease_pest,0.025355685300274055,1,0.025355685300274055
data\raw\brri_rice_disease_pest\Leaf Scald\LS_65.jpg,brri_rice_disease_pest,0.07570026046884391,1,0.07570026046884391
data\raw\brri_rice_disease_pest\Leaf Scald\LS_66.jpg,brri_rice_disease_pest,0.05825944444444445,1,0.05825944444444445
data\raw\brri_rice_disease_pest\Leaf Scald\LS_67.jpg,brri_rice_disease_pest,0.07084850742979852,1,0.07084850742979852
data\raw\brri_rice_disease_pest\Leaf Scald\LS_68.jpg,brri_rice_disease_pest,0.05848479652491998,1,0.05848479652491998
data\raw\brri_rice_disease_pest\Leaf Scald\LS_69.jpg,brri_rice_disease_pest,0.05202344444444444,1,0.05202344444444444
data\raw\brri_rice_disease_pest\Leaf Scald\LS_7.jpg,brri_rice_disease_pest,0.05658316657313327,1,0.05658316657313327
data\raw\brri_rice_disease_pest\Leaf Scald\LS_70.jpg,brri_rice_disease_pest,0.14334154006285155,1,0.14334154006285155
data\raw\brri_rice_disease_pest\Leaf Scald\LS_71.jpg,brri_rice_disease_pest,0.07685433919287371,1,0.07685433919287371
data\raw\brri_rice_disease_pest\Leaf Scald\LS_72.jpg,brri_rice_disease_pest,0.08054580234553775,1,0.08054580234553775
data\raw\brri_rice_disease_pest\Leaf Scald\LS_73.jpg,brri_rice_disease_pest,0.067748,1,0.067748
data\raw\brri_rice_disease_pest\Leaf Scald\LS_74.jpg,brri_rice_disease_pest,0.04853035939922275,1,0.04853035939922275
data\raw\brri_rice_disease_pest\Leaf Scald\LS_75.jpg,brri_rice_disease_pest,0.04353770620581304,1,0.04353770620581304
data\raw\brri_rice_disease_pest\Leaf Scald\LS_76.jpg,brri_rice_disease_pest,0.107524,1,0.107524
data\raw\brri_rice_disease_pest\Leaf Scald\LS_77.jpg,brri_rice_disease_pest,0.00859984197778828,1,0.00859984197778828
data\raw\brri_rice_disease_pest\Leaf Scald\LS_78.jpg,brri_rice_disease_pest,0.113944,1,0.113944
data\raw\brri_rice_disease_pest\Leaf Scald\LS_79.jpg,brri_rice_disease_pest,0.009399502955172823,1,0.009399502955172823
data\raw\brri_rice_disease_pest\Leaf Scald\LS_8.jpg,brri_rice_disease_pest,0.02110657442324756,1,0.02110657442324756
data\raw\brri_rice_disease_pest\Leaf Scald\LS_80.jpg,brri_rice_disease_pest,0.05140533525594809,1,0.05140533525594809
data\raw\brri_rice_disease_pest\Leaf Scald\LS_81.jpg,brri_rice_disease_pest,0.103524,1,0.103524
data\raw\brri_rice_disease_pest\Leaf Scald\LS_82.jpg,brri_rice_disease_pest,0.05670454461543006,1,0.05670454461543006
data\raw\brri_rice_disease_pest\Leaf Scald\LS_83.jpg,brri_rice_disease_pest,0.1943602982268963,1,0.1943602982268963
data\raw\brri_rice_disease_pest\Leaf Scald\LS_84.jpg,brri_rice_disease_pest,0.004716905517617261,1,0.004716905517617261
data\raw\brri_rice_disease_pest\Leaf Scald\LS_85.jpg,brri_rice_disease_pest,0.1745389216430589,1,0.1745389216430589
data\raw\brri_rice_disease_pest\Leaf Scald\LS_86.jpg,brri_rice_disease_pest,0.016478712823638872,1,0.016478712823638872
data\raw\brri_rice_disease_pest\Leaf Scald\LS_87.jpg,brri_rice_disease_pest,0.9681810692713256,1,0.9681810692713256
data\raw\brri_rice_disease_pest\Leaf Scald\LS_88.jpg,brri_rice_disease_pest,0.09014785390099747,1,0.09014785390099747
data\raw\brri_rice_disease_pest\Leaf Scald\LS_89.jpg,brri_rice_disease_pest,0.1003871160196649,1,0.1003871160196649
data\raw\brri_rice_disease_pest\Leaf Scald\LS_9.jpg,brri_rice_disease_pest,0.19375947265859936,1,0.19375947265859936
data\raw\brri_rice_disease_pest\Leaf Scald\LS_90.jpg,brri_rice_disease_pest,0.023648,1,0.023648
data\raw\brri_rice_disease_pest\Leaf Scald\LS_91.jpg,brri_rice_disease_pest,0.178004,1,0.178004
data\raw\brri_rice_disease_pest\Leaf Scald\LS_92.jpg,brri_rice_disease_pest,0.10338055555555556,1,0.10338055555555556
data\raw\brri_rice_disease_pest\Leaf Scald\LS_93.jpg,brri_rice_disease_pest,0.019768,1,0.019768
data\raw\brri_rice_disease_pest\Leaf Scald\LS_94.jpg,brri_rice_disease_pest,0.07115928570666154,1,0.07115928570666154
data\raw\brri_rice_disease_pest\Leaf Scald\LS_95.jpg,brri_rice_disease_pest,0.18762277938661112,1,0.18762277938661112
data\raw\brri_rice_disease_pest\Leaf Scald\LS_96.jpg,brri_rice_disease_pest,0.199512,1,0.199512
data\raw\brri_rice_disease_pest\Leaf Scald\LS_97.jpg,brri_rice_disease_pest,0.058387275956168105,1,0.058387275956168105
data\raw\brri_rice_disease_pest\Leaf Scald\LS_98.jpg,brri_rice_disease_pest,0.134368,1,0.134368
data\raw\brri_rice_disease_pest\Leaf Scald\LS_99.jpg,brri_rice_disease_pest,0.10937707386544629,1,0.10937707386544629
data\raw\brri_rice_disease_pest\Rice Blast\RB_1.jpg,brri_rice_disease_pest,0.06273656200782401,1,0.06273656200782401
data\raw\brri_rice_disease_pest\Rice Blast\RB_10.jpg,brri_rice_disease_pest,0.1758814713204288,1,0.1758814713204288
data\raw\brri_rice_disease_pest\Rice Blast\RB_100.jpg,brri_rice_disease_pest,0.1620361095306402,1,0.1620361095306402
data\raw\brri_rice_disease_pest\Rice Blast\RB_101.jpg,brri_rice_disease_pest,0.1379608989991363,1,0.1379608989991363
data\raw\brri_rice_disease_pest\Rice Blast\RB_102.jpg,brri_rice_disease_pest,0.0907668732043946,1,0.0907668732043946
data\raw\brri_rice_disease_pest\Rice Blast\RB_103.jpg,brri_rice_disease_pest,0.14671927458693312,1,0.14671927458693312
data\raw\brri_rice_disease_pest\Rice Blast\RB_104.jpg,brri_rice_disease_pest,0.18371634310641463,1,0.18371634310641463
data\raw\brri_rice_disease_pest\Rice Blast\RB_105.jpg,brri_rice_disease_pest,0.22366646767938492,1,0.22366646767938492
data\raw\brri_rice_disease_pest\Rice Blast\RB_106.jpg,brri_rice_disease_pest,0.11220192909558246,1,0.11220192909558246
data\raw\brri_rice_disease_pest\Rice Blast\RB_107.jpg,brri_rice_disease_pest,0.06699705964537926,1,0.06699705964537926
data\raw\brri_rice_disease_pest\Rice Blast\RB_108.jpg,brri_rice_disease_pest,0.16343994647039142,1,0.16343994647039142
data\raw\brri_rice_disease_pest\Rice Blast\RB_109.jpg,brri_rice_disease_pest,0.1631778719552337,1,0.1631778719552337
data\raw\brri_rice_disease_pest\Rice Blast\RB_11.jpg,brri_rice_disease_pest,0.18792920719276265,1,0.18792920719276265
data\raw\brri_rice_disease_pest\Rice Blast\RB_110.jpg,brri_rice_disease_pest,0.2941526846347948,1,0.2941526846347948
data\raw\brri_rice_disease_pest\Rice Blast\RB_111.jpg,brri_rice_disease_pest,0.21386766710697894,1,0.21386766710697894
data\raw\brri_rice_disease_pest\Rice Blast\RB_112.jpg,brri_rice_disease_pest,0.09620691078595743,1,0.09620691078595743
data\raw\brri_rice_disease_pest\Rice Blast\RB_113.jpg,brri_rice_disease_pest,0.14482913554844282,1,0.14482913554844282
data\raw\brri_rice_disease_pest\Rice Blast\RB_114.jpg,brri_rice_disease_pest,0.10444133262205965,1,0.10444133262205965
data\raw\brri_rice_disease_pest\Rice Blast\RB_115.jpg,brri_rice_disease_pest,0.23952644202272688,1,0.23952644202272688
data\raw\brri_rice_disease_pest\Rice Blast\RB_116.jpg,brri_rice_disease_pest,0.2168493010042507,1,0.2168493010042507
data\raw\brri_rice_disease_pest\Rice Blast\RB_117.jpg,brri_rice_disease_pest,0.10174720405148766,1,0.10174720405148766
data\raw\brri_rice_disease_pest\Rice Blast\RB_118.jpg,brri_rice_disease_pest,0.09384242827565809,1,0.09384242827565809
data\raw\brri_rice_disease_pest\Rice Blast\RB_119.jpg,brri_rice_disease_pest,0.07320006735464626,1,0.07320006735464626
data\raw\brri_rice_disease_pest\Rice Blast\RB_12.jpg,brri_rice_disease_pest,0.1180137470575285,1,0.1180137470575285
data\raw\brri_rice_disease_pest\Rice Blast\RB_120.jpg,brri_rice_disease_pest,0.1643378274822605,1,0.1643378274822605
data\raw\brri_rice_disease_pest\Rice Blast\RB_121.jpg,brri_rice_disease_pest,0.1493825572829345,1,0.1493825572829345
data\raw\brri_rice_disease_pest\Rice Blast\RB_122.jpg,brri_rice_disease_pest,0.10139648816647388,1,0.10139648816647388
data\raw\brri_rice_disease_pest\Rice Blast\RB_123.jpg,brri_rice_disease_pest,0.23949669819739425,1,0.23949669819739425
data\raw\brri_rice_disease_pest\Rice Blast\RB_124.jpg,brri_rice_disease_pest,0.16780793281850667,1,0.16780793281850667
data\raw\brri_rice_disease_pest\Rice Blast\RB_125.jpg,brri_rice_disease_pest,0.11556424537248726,1,0.11556424537248726
data\raw\brri_rice_disease_pest\Rice Blast\RB_126.jpg,brri_rice_disease_pest,0.1710240118376264,1,0.1710240118376264
data\raw\brri_rice_disease_pest\Rice Blast\RB_127.jpg,brri_rice_disease_pest,0.10162084666971498,1,0.10162084666971498
data\raw\brri_rice_disease_pest\Rice Blast\RB_128.jpg,brri_rice_disease_pest,0.08270567664143338,1,0.08270567664143338
data\raw\brri_rice_disease_pest\Rice Blast\RB_129.jpg,brri_rice_disease_pest,0.33664652449660454,1,0.33664652449660454
data\raw\brri_rice_disease_pest\Rice Blast\RB_13.jpg,brri_rice_disease_pest,0.16385835280868433,1,0.16385835280868433
data\raw\brri_rice_disease_pest\Rice Blast\RB_130.jpg,brri_rice_disease_pest,0.064296,1,0.064296
data\raw\brri_rice_disease_pest\Rice Blast\RB_131.jpg,brri_rice_disease_pest,0.18867374412954868,1,0.18867374412954868
data\raw\brri_rice_disease_pest\Rice Blast\RB_132.jpg,brri_rice_disease_pest,0.08914754671283089,1,0.08914754671283089
data\raw\brri_rice_disease_pest\Rice Blast\RB_133.jpg,brri_rice_disease_pest,0.1096897328215263,1,0.1096897328215263
data\raw\brri_rice_disease_pest\Rice Blast\RB_134.jpg,brri_rice_disease_pest,0.15104087237784836,1,0.15104087237784836
data\raw\brri_rice_disease_pest\Rice Blast\RB_135.jpg,brri_rice_disease_pest,0.16703103566529492,1,0.16703103566529492
data\raw\brri_rice_disease_pest\Rice Blast\RB_136.jpg,brri_rice_disease_pest,0.06030078261183174,1,0.06030078261183174
data\raw\brri_rice_disease_pest\Rice Blast\RB_137.jpg,brri_rice_disease_pest,0.06996849712389203,1,0.06996849712389203
data\raw\brri_rice_disease_pest\Rice Blast\RB_138.jpg,brri_rice_disease_pest,0.08541687835526428,1,0.08541687835526428
data\raw\brri_rice_disease_pest\Rice Blast\RB_139.jpg,brri_rice_disease_pest,0.24232787600128708,1,0.24232787600128708
data\raw\brri_rice_disease_pest\Rice Blast\RB_14.jpg,brri_rice_disease_pest,0.1180137470575285,1,0.1180137470575285
data\raw\brri_rice_disease_pest\Rice Blast\RB_140.jpg,brri_rice_disease_pest,0.19404011922301817,1,0.19404011922301817
data\raw\brri_rice_disease_pest\Rice Blast\RB_141.jpg,brri_rice_disease_pest,0.15237875141670598,1,0.15237875141670598
data\raw\brri_rice_disease_pest\Rice Blast\RB_142.jpg,brri_rice_disease_pest,0.1567696955071212,1,0.1567696955071212
data\raw\brri_rice_disease_pest\Rice Blast\RB_143.jpg,brri_rice_disease_pest,0.15028802659896645,1,0.15028802659896645
data\raw\brri_rice_disease_pest\Rice Blast\RB_144.jpg,brri_rice_disease_pest,0.12305684462229415,1,0.12305684462229415
data\raw\brri_rice_disease_pest\Rice Blast\RB_145.jpg,brri_rice_disease_pest,0.19748376348456367,1,0.19748376348456367
data\raw\brri_rice_disease_pest\Rice Blast\RB_146.jpg,brri_rice_disease_pest,0.07353426815018035,1,0.07353426815018035
data\raw\brri_rice_disease_pest\Rice Blast\RB_147.jpg,brri_rice_disease_pest,0.1174667966434656,1,0.1174667966434656
data\raw\brri_rice_disease_pest\Rice Blast\RB_148.jpg,brri_rice_disease_pest,0.10598716646291417,1,0.10598716646291417
data\raw\brri_rice_disease_pest\Rice Blast\RB_149.jpg,brri_rice_disease_pest,0.1771725071550746,1,0.1771725071550746
data\raw\brri_rice_disease_pest\Rice Blast\RB_15.jpg,brri_rice_disease_pest,0.1045727048313154,1,0.1045727048313154
data\raw\brri_rice_disease_pest\Rice Blast\RB_150.jpg,brri_rice_disease_pest,0.15110358558146625,1,0.15110358558146625
data\raw\brri_rice_disease_pest\Rice Blast\RB_151.jpg,brri_rice_disease_pest,0.075808,1,0.075808
data\raw\brri_rice_disease_pest\Rice Blast\RB_152.jpg,brri_rice_disease_pest,0.15622777269725144,1,0.15622777269725144
data\raw\brri_rice_disease_pest\Rice Blast\RB_153.jpg,brri_rice_disease_pest,0.3450484717463425,1,0.3450484717463425
data\raw\brri_rice_disease_pest\Rice Blast\RB_154.jpg,brri_rice_disease_pest,0.30709228369134767,1,0.30709228369134767
data\raw\brri_rice_disease_pest\Rice Blast\RB_155.jpg,brri_rice_disease_pest,0.12060878465342342,1,0.12060878465342342
data\raw\brri_rice_disease_pest\Rice Blast\RB_156.jpg,brri_rice_disease_pest,0.13960452476336516,1,0.13960452476336516
data\raw\brri_rice_disease_pest\Rice Blast\RB_157.jpg,brri_rice_disease_pest,0.06996757989127673,1,0.06996757989127673
data\raw\brri_rice_disease_pest\Rice Blast\RB_158.jpg,brri_rice_disease_pest,0.11466959643685752,1,0.11466959643685752
data\raw\brri_rice_disease_pest\Rice Blast\RB_159.jpg,brri_rice_disease_pest,0.09481407087790067,1,0.09481407087790067
data\raw\brri_rice_disease_pest\Rice Blast\RB_16.jpg,brri_rice_disease_pest,0.06194229610418569,1,0.06194229610418569
data\raw\brri_rice_disease_pest\Rice Blast\RB_160.jpg,brri_rice_disease_pest,0.1880226335776643,1,0.1880226335776643
data\raw\brri_rice_disease_pest\Rice Blast\RB_161.jpg,brri_rice_disease_pest,0.07158990838117496,1,0.07158990838117496
data\raw\brri_rice_disease_pest\Rice Blast\RB_162.jpg,brri_rice_disease_pest,0.19715617537976934,1,0.19715617537976934
data\raw\brri_rice_disease_pest\Rice Blast\RB_163.jpg,brri_rice_disease_pest,0.17845004784162305,1,0.17845004784162305
data\raw\brri_rice_disease_pest\Rice Blast\RB_164.jpg,brri_rice_disease_pest,0.16666269750546156,1,0.16666269750546156
data\raw\brri_rice_disease_pest\Rice Blast\RB_165.jpg,brri_rice_disease_pest,0.12425096364012288,1,0.12425096364012288
data\raw\brri_rice_disease_pest\Rice Blast\RB_166.jpg,brri_rice_disease_pest,0.046968,1,0.046968
data\raw\brri_rice_disease_pest\Rice Blast\RB_167.jpg,brri_rice_disease_pest,0.2833157019082172,1,0.2833157019082172
data\raw\brri_rice_disease_pest\Rice Blast\RB_168.jpg,brri_rice_disease_pest,0.10452150967840268,1,0.10452150967840268
data\raw\brri_rice_disease_pest\Rice Blast\RB_169.jpg,brri_rice_disease_pest,0.1813409202526715,1,0.1813409202526715
data\raw\brri_rice_disease_pest\Rice Blast\RB_17.jpg,brri_rice_disease_pest,0.08469715202567188,1,0.08469715202567188
data\raw\brri_rice_disease_pest\Rice Blast\RB_170.jpg,brri_rice_disease_pest,0.11295415232898157,1,0.11295415232898157
data\raw\brri_rice_disease_pest\Rice Blast\RB_171.jpg,brri_rice_disease_pest,0.1935782883539995,1,0.1935782883539995
data\raw\brri_rice_disease_pest\Rice Blast\RB_172.jpg,brri_rice_disease_pest,0.23721956553032228,1,0.23721956553032228
data\raw\brri_rice_disease_pest\Rice Blast\RB_173.jpg,brri_rice_disease_pest,0.16570427737980323,1,0.16570427737980323
data\raw\brri_rice_disease_pest\Rice Blast\RB_174.jpg,brri_rice_disease_pest,0.22601330039458756,1,0.22601330039458756
data\raw\brri_rice_disease_pest\Rice Blast\RB_175.jpg,brri_rice_disease_pest,0.2662309586106454,1,0.2662309586106454
data\raw\brri_rice_disease_pest\Rice Blast\RB_176.jpg,brri_rice_disease_pest,0.20628339387627226,1,0.20628339387627226
data\raw\brri_rice_disease_pest\Rice Blast\RB_177.jpg,brri_rice_disease_pest,0.12767442081999694,1,0.12767442081999694
data\raw\brri_rice_disease_pest\Rice Blast\RB_178.jpg,brri_rice_disease_pest,0.43836415046384547,1,0.43836415046384547
data\raw\brri_rice_disease_pest\Rice Blast\RB_179.jpg,brri_rice_disease_pest,0.09991887034496774,1,0.09991887034496774
data\raw\brri_rice_disease_pest\Rice Blast\RB_18.jpg,brri_rice_disease_pest,0.3042258865518468,1,0.3042258865518468
data\raw\brri_rice_disease_pest\Rice Blast\RB_180.jpg,brri_rice_disease_pest,0.12331709113598771,1,0.12331709113598771
data\raw\brri_rice_disease_pest\Rice Blast\RB_181.jpg,brri_rice_disease_pest,0.166208360852851,1,0.166208360852851
data\raw\brri_rice_disease_pest\Rice Blast\RB_182.jpg,brri_rice_disease_pest,0.084728,1,0.084728
data\raw\brri_rice_disease_pest\Rice Blast\RB_183.jpg,brri_rice_disease_pest,0.07290262896532372,1,0.07290262896532372
data\raw\brri_rice_disease_pest\Rice Blast\RB_184.jpg,brri_rice_disease_pest,0.12073688426111334,1,0.12073688426111334
data\raw\brri_rice_disease_pest\Rice Blast\RB_185.jpg,brri_rice_disease_pest,0.1427228340022693,1,0.1427228340022693
data\raw\brri_rice_disease_pest\Rice Blast\RB_186.jpg,brri_rice_disease_pest,0.2293563925722705,1,0.2293563925722705
data\raw\brri_rice_disease_pest\Rice Blast\RB_187.jpg,brri_rice_disease_pest,0.25770467112059475,1,0.25770467112059475
data\raw\brri_rice_disease_pest\Rice Blast\RB_188.jpg,brri_rice_disease_pest,0.3703290910938373,1,0.3703290910938373
data\raw\brri_rice_disease_pest\Rice Blast\RB_189.jpg,brri_rice_disease_pest,0.23137034496773864,1,0.23137034496773864
data\raw\brri_rice_disease_pest\Rice Blast\RB_19.jpg,brri_rice_disease_pest,0.23935444503717251,1,0.23935444503717251
data\raw\brri_rice_disease_pest\Rice Blast\RB_190.jpg,brri_rice_disease_pest,0.09372009898558824,1,0.09372009898558824
data\raw\brri_rice_disease_pest\Rice Blast\RB_191.jpg,brri_rice_disease_pest,0.3237914697962709,1,0.3237914697962709
data\raw\brri_rice_disease_pest\Rice Blast\RB_192.jpg,brri_rice_disease_pest,0.12464356932378194,1,0.12464356932378194
data\raw\brri_rice_disease_pest\Rice Blast\RB_193.jpg,brri_rice_disease_pest,0.19753853790919407,1,0.19753853790919407
data\raw\brri_rice_disease_pest\Rice Blast\RB_194.jpg,brri_rice_disease_pest,0.15713829827770157,1,0.15713829827770157
data\raw\brri_rice_disease_pest\Rice Blast\RB_195.jpg,brri_rice_disease_pest,0.20002667276329827,1,0.20002667276329827
data\raw\brri_rice_disease_pest\Rice Blast\RB_196.jpg,brri_rice_disease_pest,0.23196016232281663,1,0.23196016232281663
data\raw\brri_rice_disease_pest\Rice Blast\RB_197.jpg,brri_rice_disease_pest,0.21206064031567004,1,0.21206064031567004
data\raw\brri_rice_disease_pest\Rice Blast\RB_198.jpg,brri_rice_disease_pest,0.07682443817846195,1,0.07682443817846195
data\raw\brri_rice_disease_pest\Rice Blast\RB_199.jpg,brri_rice_disease_pest,0.1267319577352472,1,0.1267319577352472
data\raw\brri_rice_disease_pest\Rice Blast\RB_2.jpg,brri_rice_disease_pest,0.09851802105031414,1,0.09851802105031414
data\raw\brri_rice_disease_pest\Rice Blast\RB_20.jpg,brri_rice_disease_pest,0.178388,1,0.178388
data\raw\brri_rice_disease_pest\Rice Blast\RB_200.jpg,brri_rice_disease_pest,0.085376,1,0.085376
data\raw\brri_rice_disease_pest\Rice Blast\RB_201.jpg,brri_rice_disease_pest,0.13077433572118072,1,0.13077433572118072
data\raw\brri_rice_disease_pest\Rice Blast\RB_202.jpg,brri_rice_disease_pest,0.23534823832749072,1,0.23534823832749072
data\raw\brri_rice_disease_pest\Rice Blast\RB_203.jpg,brri_rice_disease_pest,0.2340717560839303,1,0.2340717560839303
data\raw\brri_rice_disease_pest\Rice Blast\RB_204.jpg,brri_rice_disease_pest,0.14411812647123576,1,0.14411812647123576
data\raw\brri_rice_disease_pest\Rice Blast\RB_205.jpg,brri_rice_disease_pest,0.08312190934647497,1,0.08312190934647497
data\raw\brri_rice_disease_pest\Rice Blast\RB_206.jpg,brri_rice_disease_pest,0.22517157360835915,1,0.22517157360835915
data\raw\brri_rice_disease_pest\Rice Blast\RB_207.jpg,brri_rice_disease_pest,0.12863389938864334,1,0.12863389938864334
data\raw\brri_rice_disease_pest\Rice Blast\RB_208.jpg,brri_rice_disease_pest,0.11279724109437779,1,0.11279724109437779
data\raw\brri_rice_disease_pest\Rice Blast\RB_209.jpg,brri_rice_disease_pest,0.12122735008764421,1,0.12122735008764421
data\raw\brri_rice_disease_pest\Rice Blast\RB_21.jpg,brri_rice_disease_pest,0.3123846297143051,1,0.3123846297143051
data\raw\brri_rice_disease_pest\Rice Blast\RB_210.jpg,brri_rice_disease_pest,0.15419218631835455,1,0.15419218631835455
data\raw\brri_rice_disease_pest\Rice Blast\RB_211.jpg,brri_rice_disease_pest,0.11438384910554085,1,0.11438384910554085
data\raw\brri_rice_disease_pest\Rice Blast\RB_212.jpg,brri_rice_disease_pest,0.08734059848600315,1,0.08734059848600315
data\raw\brri_rice_disease_pest\Rice Blast\RB_213.jpg,brri_rice_disease_pest,0.31178237565411776,1,0.31178237565411776
data\raw\brri_rice_disease_pest\Rice Blast\RB_214.jpg,brri_rice_disease_pest,0.2393856691053193,1,0.2393856691053193
data\raw\brri_rice_disease_pest\Rice Blast\RB_215.jpg,brri_rice_disease_pest,0.162339,1,0.162339
data\raw\brri_rice_disease_pest\Rice Blast\RB_216.jpg,brri_rice_disease_pest,0.08913678065054212,1,0.08913678065054212
data\raw\brri_rice_disease_pest\Rice Blast\RB_217.jpg,brri_rice_disease_pest,0.1364417687005707,1,0.1364417687005707
data\raw\brri_rice_disease_pest\Rice Blast\RB_218.jpg,brri_rice_disease_pest,0.08158,1,0.08158
data\raw\brri_rice_disease_pest\Rice Blast\RB_219.jpg,brri_rice_disease_pest,0.1302265914748768,1,0.1302265914748768
data\raw\brri_rice_disease_pest\Rice Blast\RB_22.jpg,brri_rice_disease_pest,0.24036208276177412,1,0.24036208276177412
data\raw\brri_rice_disease_pest\Rice Blast\RB_220.jpg,brri_rice_disease_pest,0.2151115211810013,1,0.2151115211810013
data\raw\brri_rice_disease_pest\Rice Blast\RB_221.jpg,brri_rice_disease_pest,0.16643869427938368,1,0.16643869427938368
data\raw\brri_rice_disease_pest\Rice Blast\RB_222.jpg,brri_rice_disease_pest,0.2662820284848177,1,0.2662820284848177
data\raw\brri_rice_disease_pest\Rice Blast\RB_223.jpg,brri_rice_disease_pest,0.1767234627174042,1,0.1767234627174042
data\raw\brri_rice_disease_pest\Rice Blast\RB_224.jpg,brri_rice_disease_pest,0.18442786922725193,1,0.18442786922725193
data\raw\brri_rice_disease_pest\Rice Blast\RB_225.jpg,brri_rice_disease_pest,0.2504641272502498,1,0.2504641272502498
data\raw\brri_rice_disease_pest\Rice Blast\RB_226.jpg,brri_rice_disease_pest,0.11662639291097224,1,0.11662639291097224
data\raw\brri_rice_disease_pest\Rice Blast\RB_227.jpg,brri_rice_disease_pest,0.12267301309082287,1,0.12267301309082287
data\raw\brri_rice_disease_pest\Rice Blast\RB_228.jpg,brri_rice_disease_pest,0.22479767862283867,1,0.22479767862283867
data\raw\brri_rice_disease_pest\Rice Blast\RB_229.jpg,brri_rice_disease_pest,0.17272928659761827,1,0.17272928659761827
data\raw\brri_rice_disease_pest\Rice Blast\RB_23.jpg,brri_rice_disease_pest,0.14275220524869767,1,0.14275220524869767
data\raw\brri_rice_disease_pest\Rice Blast\RB_230.jpg,brri_rice_disease_pest,0.27583971308366095,1,0.27583971308366095
data\raw\brri_rice_disease_pest\Rice Blast\RB_231.jpg,brri_rice_disease_pest,0.22428512760588665,1,0.22428512760588665
data\raw\brri_rice_disease_pest\Rice Blast\RB_232.jpg,brri_rice_disease_pest,0.13354745634981116,1,0.13354745634981116
data\raw\brri_rice_disease_pest\Rice Blast\RB_233.jpg,brri_rice_disease_pest,0.11909711553233984,1,0.11909711553233984
data\raw\brri_rice_disease_pest\Rice Blast\RB_234.jpg,brri_rice_disease_pest,0.189506807905299,1,0.189506807905299
data\raw\brri_rice_disease_pest\Rice Blast\RB_235.jpg,brri_rice_disease_pest,0.02111461455740148,1,0.02111461455740148
data\raw\brri_rice_disease_pest\Rice Blast\RB_236.jpg,brri_rice_disease_pest,0.080868,1,0.080868
data\raw\brri_rice_disease_pest\Rice Blast\RB_237.jpg,brri_rice_disease_pest,0.24969516841944825,1,0.24969516841944825
data\raw\brri_rice_disease_pest\Rice Blast\RB_238.jpg,brri_rice_disease_pest,0.19012335094582467,1,0.19012335094582467
data\raw\brri_rice_disease_pest\Rice Blast\RB_239.jpg,brri_rice_disease_pest,0.18007515637568583,1,0.18007515637568583
data\raw\brri_rice_disease_pest\Rice Blast\RB_24.jpg,brri_rice_disease_pest,0.17338010592897424,1,0.17338010592897424
data\raw\brri_rice_disease_pest\Rice Blast\RB_240.jpg,brri_rice_disease_pest,0.14545150002540264,1,0.14545150002540264
data\raw\brri_rice_disease_pest\Rice Blast\RB_241.jpg,brri_rice_disease_pest,0.1956108486172501,1,0.1956108486172501
data\raw\brri_rice_disease_pest\Rice Blast\RB_242.jpg,brri_rice_disease_pest,0.22879303629189318,1,0.22879303629189318
data\raw\brri_rice_disease_pest\Rice Blast\RB_243.jpg,brri_rice_disease_pest,0.18092971515182307,1,0.18092971515182307
data\raw\brri_rice_disease_pest\Rice Blast\RB_244.jpg,brri_rice_disease_pest,0.23202234584836323,1,0.23202234584836323
data\raw\brri_rice_disease_pest\Rice Blast\RB_245.jpg,brri_rice_disease_pest,0.2277759428828856,1,0.2277759428828856
data\raw\brri_rice_disease_pest\Rice Blast\RB_246.jpg,brri_rice_disease_pest,0.9362052596148961,1,0.9362052596148961
data\raw\brri_rice_disease_pest\Rice Blast\RB_247.jpg,brri_rice_disease_pest,0.14788591889786448,1,0.14788591889786448
data\raw\brri_rice_disease_pest\Rice Blast\RB_248.jpg,brri_rice_disease_pest,0.21199528146115937,1,0.21199528146115937
data\raw\brri_rice_disease_pest\Rice Blast\RB_249.jpg,brri_rice_disease_pest,0.2019681218140866,1,0.2019681218140866
data\raw\brri_rice_disease_pest\Rice Blast\RB_25.jpg,brri_rice_disease_pest,0.1132109600009044,1,0.1132109600009044
data\raw\brri_rice_disease_pest\Rice Blast\RB_250.jpg,brri_rice_disease_pest,0.23733426737681443,1,0.23733426737681443
data\raw\brri_rice_disease_pest\Rice Blast\RB_251.jpg,brri_rice_disease_pest,0.28142279081779537,1,0.28142279081779537
data\raw\brri_rice_disease_pest\Rice Blast\RB_252.jpg,brri_rice_disease_pest,0.11037128901625066,1,0.11037128901625066
data\raw\brri_rice_disease_pest\Rice Blast\RB_253.jpg,brri_rice_disease_pest,0.15220516012125523,1,0.15220516012125523
data\raw\brri_rice_disease_pest\Rice Blast\RB_254.jpg,brri_rice_disease_pest,0.11931910543021654,1,0.11931910543021654
data\raw\brri_rice_disease_pest\Rice Blast\RB_255.jpg,brri_rice_disease_pest,0.23431731485715254,1,0.23431731485715254
data\raw\brri_rice_disease_pest\Rice Blast\RB_256.jpg,brri_rice_disease_pest,0.17654503533657462,1,0.17654503533657462
data\raw\brri_rice_disease_pest\Rice Blast\RB_257.jpg,brri_rice_disease_pest,0.11949821334823621,1,0.11949821334823621
data\raw\brri_rice_disease_pest\Rice Blast\RB_258.jpg,brri_rice_disease_pest,0.06274737121928166,1,0.06274737121928166
data\raw\brri_rice_disease_pest\Rice Blast\RB_259.jpg,brri_rice_disease_pest,0.11243046743931703,1,0.11243046743931703
data\raw\brri_rice_disease_pest\Rice Blast\RB_26.jpg,brri_rice_disease_pest,0.1336678282181162,1,0.1336678282181162
data\raw\brri_rice_disease_pest\Rice Blast\RB_260.jpg,brri_rice_disease_pest,0.22350441364749218,1,0.22350441364749218
data\raw\brri_rice_disease_pest\Rice Blast\RB_261.jpg,brri_rice_disease_pest,0.1855635785534048,1,0.1855635785534048
data\raw\brri_rice_disease_pest\Rice Blast\RB_262.jpg,brri_rice_disease_pest,0.16404887254652917,1,0.16404887254652917
data\raw\brri_rice_disease_pest\Rice Blast\RB_263.jpg,brri_rice_disease_pest,0.2960128981862521,1,0.2960128981862521
data\raw\brri_rice_disease_pest\Rice Blast\RB_264.jpg,brri_rice_disease_pest,0.19368780027453672,1,0.19368780027453672
data\raw\brri_rice_disease_pest\Rice Blast\RB_265.jpg,brri_rice_disease_pest,0.17022412755716004,1,0.17022412755716004
data\raw\brri_rice_disease_pest\Rice Blast\RB_266.jpg,brri_rice_disease_pest,0.19792864288013007,1,0.19792864288013007
data\raw\brri_rice_disease_pest\Rice Blast\RB_267.jpg,brri_rice_disease_pest,0.21322572143474064,1,0.21322572143474064
data\raw\brri_rice_disease_pest\Rice Blast\RB_268.jpg,brri_rice_disease_pest,0.059482643651882335,1,0.059482643651882335
data\raw\brri_rice_disease_pest\Rice Blast\RB_269.jpg,brri_rice_disease_pest,0.10539911752908143,1,0.10539911752908143
data\raw\brri_rice_disease_pest\Rice Blast\RB_27.jpg,brri_rice_disease_pest,0.3151416090873681,1,0.3151416090873681
data\raw\brri_rice_disease_pest\Rice Blast\RB_270.jpg,brri_rice_disease_pest,0.14600868832357314,1,0.14600868832357314
data\raw\brri_rice_disease_pest\Rice Blast\RB_271.jpg,brri_rice_disease_pest,0.08965038569662484,1,0.08965038569662484
data\raw\brri_rice_disease_pest\Rice Blast\RB_272.jpg,brri_rice_disease_pest,0.1879683610222019,1,0.1879683610222019
data\raw\brri_rice_disease_pest\Rice Blast\RB_273.jpg,brri_rice_disease_pest,0.11709359585236243,1,0.11709359585236243
data\raw\brri_rice_disease_pest\Rice Blast\RB_274.jpg,brri_rice_disease_pest,0.1336257832142181,1,0.1336257832142181
data\raw\brri_rice_disease_pest\Rice Blast\RB_275.jpg,brri_rice_disease_pest,0.12150991655235482,1,0.12150991655235482
data\raw\brri_rice_disease_pest\Rice Blast\RB_276.jpg,brri_rice_disease_pest,0.16906933224948772,1,0.16906933224948772
data\raw\brri_rice_disease_pest\Rice Blast\RB_277.jpg,brri_rice_disease_pest,0.18703712854607937,1,0.18703712854607937
data\raw\brri_rice_disease_pest\Rice Blast\RB_278.jpg,brri_rice_disease_pest,0.133344499906857,1,0.133344499906857
data\raw\brri_rice_disease_pest\Rice Blast\RB_279.jpg,brri_rice_disease_pest,0.0946515288150519,1,0.0946515288150519
data\raw\brri_rice_disease_pest\Rice Blast\RB_28.jpg,brri_rice_disease_pest,0.22806932589882978,1,0.22806932589882978
data\raw\brri_rice_disease_pest\Rice Blast\RB_280.jpg,brri_rice_disease_pest,0.166344,1,0.166344
data\raw\brri_rice_disease_pest\Rice Blast\RB_281.jpg,brri_rice_disease_pest,0.17570576978441632,1,0.17570576978441632
data\raw\brri_rice_disease_pest\Rice Blast\RB_282.jpg,brri_rice_disease_pest,0.21814298294636658,1,0.21814298294636658
data\raw\brri_rice_disease_pest\Rice Blast\RB_283.jpg,brri_rice_disease_pest,0.14490060870151164,1,0.14490060870151164
data\raw\brri_rice_disease_pest\Rice Blast\RB_284.jpg,brri_rice_disease_pest,0.25394137707666514,1,0.25394137707666514
data\raw\brri_rice_disease_pest\Rice Blast\RB_285.jpg,brri_rice_disease_pest,0.10539911752908143,1,0.10539911752908143
data\raw\brri_rice_disease_pest\Rice Blast\RB_286.jpg,brri_rice_disease_pest,0.2162467823333164,1,0.2162467823333164
data\raw\brri_rice_disease_pest\Rice Blast\RB_287.jpg,brri_rice_disease_pest,0.20282122686243628,1,0.20282122686243628
data\raw\brri_rice_disease_pest\Rice Blast\RB_288.jpg,brri_rice_disease_pest,0.15563795534217345,1,0.15563795534217345
data\raw\brri_rice_disease_pest\Rice Blast\RB_289.jpg,brri_rice_disease_pest,0.06511091099719883,1,0.06511091099719883
data\raw\brri_rice_disease_pest\Rice Blast\RB_29.jpg,brri_rice_disease_pest,0.14428470571102028,1,0.14428470571102028
data\raw\brri_rice_disease_pest\Rice Blast\RB_290.jpg,brri_rice_disease_pest,0.13402746024488138,1,0.13402746024488138
data\raw\brri_rice_disease_pest\Rice Blast\RB_291.jpg,brri_rice_disease_pest,0.1915534155279742,1,0.1915534155279742
data\raw\brri_rice_disease_pest\Rice Blast\RB_292.jpg,brri_rice_disease_pest,0.1692741409676709,1,0.1692741409676709
data\raw\brri_rice_disease_pest\Rice Blast\RB_293.jpg,brri_rice_disease_pest,0.11192235064381512,1,0.11192235064381512
data\raw\brri_rice_disease_pest\Rice Blast\RB_294.jpg,brri_rice_disease_pest,0.21039782638147977,1,0.21039782638147977
data\raw\brri_rice_disease_pest\Rice Blast\RB_295.jpg,brri_rice_disease_pest,0.287227690438532,1,0.287227690438532
data\raw\brri_rice_disease_pest\Rice Blast\RB_296.jpg,brri_rice_disease_pest,0.21572436102833026,1,0.21572436102833026
data\raw\brri_rice_disease_pest\Rice Blast\RB_297.jpg,brri_rice_disease_pest,0.1984241215699815,1,0.1984241215699815
data\raw\brri_rice_disease_pest\Rice Blast\RB_298.jpg,brri_rice_disease_pest,0.14589916851565476,1,0.14589916851565476
data\raw\brri_rice_disease_pest\Rice Blast\RB_299.jpg,brri_rice_disease_pest,0.24950359023861537,1,0.24950359023861537
data\raw\brri_rice_disease_pest\Rice Blast\RB_3.jpg,brri_rice_disease_pest,0.1417694414808041,1,0.1417694414808041
data\raw\brri_rice_disease_pest\Rice Blast\RB_30.jpg,brri_rice_disease_pest,0.09904986313300983,1,0.09904986313300983
data\raw\brri_rice_disease_pest\Rice Blast\RB_300.jpg,brri_rice_disease_pest,0.081376,1,0.081376
data\raw\brri_rice_disease_pest\Rice Blast\RB_301.jpg,brri_rice_disease_pest,0.15690570543108265,1,0.15690570543108265
data\raw\brri_rice_disease_pest\Rice Blast\RB_302.jpg,brri_rice_disease_pest,0.10713927018274845,1,0.10713927018274845
data\raw\brri_rice_disease_pest\Rice Blast\RB_303.jpg,brri_rice_disease_pest,0.2405875414595788,1,0.2405875414595788
data\raw\brri_rice_disease_pest\Rice Blast\RB_304.jpg,brri_rice_disease_pest,0.21028219148503785,1,0.21028219148503785
data\raw\brri_rice_disease_pest\Rice Blast\RB_305.jpg,brri_rice_disease_pest,0.19030831385798236,1,0.19030831385798236
data\raw\brri_rice_disease_pest\Rice Blast\RB_306.jpg,brri_rice_disease_pest,0.2238236464631069,1,0.2238236464631069
data\raw\brri_rice_disease_pest\Rice Blast\RB_307.jpg,brri_rice_disease_pest,0.14910524522007146,1,0.14910524522007146
data\raw\brri_rice_disease_pest\Rice Blast\RB_308.jpg,brri_rice_disease_pest,0.15527226943657538,1,0.15527226943657538
data\raw\brri_rice_disease_pest\Rice Blast\RB_309.jpg,brri_rice_disease_pest,0.10805035860048434,1,0.10805035860048434
data\raw\brri_rice_disease_pest\Rice Blast\RB_31.jpg,brri_rice_disease_pest,0.16538542142966012,1,0.16538542142966012
data\raw\brri_rice_disease_pest\Rice Blast\RB_310.jpg,brri_rice_disease_pest,0.2422228255347254,1,0.2422228255347254
data\raw\brri_rice_disease_pest\Rice Blast\RB_311.jpg,brri_rice_disease_pest,0.21979388939694153,1,0.21979388939694153
data\raw\brri_rice_disease_pest\Rice Blast\RB_312.jpg,brri_rice_disease_pest,0.19105663305051737,1,0.19105663305051737
data\raw\brri_rice_disease_pest\Rice Blast\RB_313.jpg,brri_rice_disease_pest,0.2513566592999035,1,0.2513566592999035
data\raw\brri_rice_disease_pest\Rice Blast\RB_314.jpg,brri_rice_disease_pest,0.1893665642093854,1,0.1893665642093854
data\raw\brri_rice_disease_pest\Rice Blast\RB_315.jpg,brri_rice_disease_pest,0.18924378482277432,1,0.18924378482277432
data\raw\brri_rice_disease_pest\Rice Blast\RB_316.jpg,brri_rice_disease_pest,0.04832,1,0.04832
data\raw\brri_rice_disease_pest\Rice Blast\RB_317.jpg,brri_rice_disease_pest,0.13980338363054412,1,0.13980338363054412
data\raw\brri_rice_disease_pest\Rice Blast\RB_318.jpg,brri_rice_disease_pest,0.1063996226665879,1,0.1063996226665879
data\raw\brri_rice_disease_pest\Rice Blast\RB_319.jpg,brri_rice_disease_pest,0.219222594794154,1,0.219222594794154
data\raw\brri_rice_disease_pest\Rice Blast\RB_32.jpg,brri_rice_disease_pest,0.338468,1,0.338468
data\raw\brri_rice_disease_pest\Rice Blast\RB_320.jpg,brri_rice_disease_pest,0.44260518997868914,1,0.44260518997868914
data\raw\brri_rice_disease_pest\Rice Blast\RB_321.jpg,brri_rice_disease_pest,0.15034785728801503,1,0.15034785728801503
data\raw\brri_rice_disease_pest\Rice Blast\RB_322.jpg,brri_rice_disease_pest,0.18048890418342892,1,0.18048890418342892
data\raw\brri_rice_disease_pest\Rice Blast\RB_323.jpg,brri_rice_disease_pest,0.22444706938305475,1,0.22444706938305475
data\raw\brri_rice_disease_pest\Rice Blast\RB_324.jpg,brri_rice_disease_pest,0.14631889405409068,1,0.14631889405409068
data\raw\brri_rice_disease_pest\Rice Blast\RB_325.jpg,brri_rice_disease_pest,0.11240267616725093,1,0.11240267616725093
data\raw\brri_rice_disease_pest\Rice Blast\RB_326.jpg,brri_rice_disease_pest,0.15190403309116157,1,0.15190403309116157
data\raw\brri_rice_disease_pest\Rice Blast\RB_327.jpg,brri_rice_disease_pest,0.12498094802621551,1,0.12498094802621551
data\raw\brri_rice_disease_pest\Rice Blast\RB_328.jpg,brri_rice_disease_pest,0.10266738217412658,1,0.10266738217412658
data\raw\brri_rice_disease_pest\Rice Blast\RB_329.jpg,brri_rice_disease_pest,0.13777487764399057,1,0.13777487764399057
data\raw\brri_rice_disease_pest\Rice Blast\RB_33.jpg,brri_rice_disease_pest,0.14471217759826585,1,0.14471217759826585
data\raw\brri_rice_disease_pest\Rice Blast\RB_330.jpg,brri_rice_disease_pest,0.08513559713119613,1,0.08513559713119613
data\raw\brri_rice_disease_pest\Rice Blast\RB_331.jpg,brri_rice_disease_pest,0.2329426620264526,1,0.2329426620264526
data\raw\brri_rice_disease_pest\Rice Blast\RB_332.jpg,brri_rice_disease_pest,0.0843793830779875,1,0.0843793830779875
data\raw\brri_rice_disease_pest\Rice Blast\RB_333.jpg,brri_rice_disease_pest,0.035924,1,0.035924
data\raw\brri_rice_disease_pest\Rice Blast\RB_334.jpg,brri_rice_disease_pest,0.12053919202696066,1,0.12053919202696066
data\raw\brri_rice_disease_pest\Rice Blast\RB_335.jpg,brri_rice_disease_pest,0.3374697285305424,1,0.3374697285305424
data\raw\brri_rice_disease_pest\Rice Blast\RB_336.jpg,brri_rice_disease_pest,0.13791009373571103,1,0.13791009373571103
data\raw\brri_rice_disease_pest\Rice Blast\RB_337.jpg,brri_rice_disease_pest,0.1215123746613563,1,0.1215123746613563
data\raw\brri_rice_disease_pest\Rice Blast\RB_338.jpg,brri_rice_disease_pest,0.09975507629257058,1,0.09975507629257058
data\raw\brri_rice_disease_pest\Rice Blast\RB_339.jpg,brri_rice_disease_pest,0.14659998214724923,1,0.14659998214724923
data\raw\brri_rice_disease_pest\Rice Blast\RB_34.jpg,brri_rice_disease_pest,0.21266342359735135,1,0.21266342359735135
data\raw\brri_rice_disease_pest\Rice Blast\RB_340.jpg,brri_rice_disease_pest,0.2232407089874511,1,0.2232407089874511
data\raw\brri_rice_disease_pest\Rice Blast\RB_341.jpg,brri_rice_disease_pest,0.18437600552083863,1,0.18437600552083863
data\raw\brri_rice_disease_pest\Rice Blast\RB_342.jpg,brri_rice_disease_pest,0.23363594218361022,1,0.23363594218361022
data\raw\brri_rice_disease_pest\Rice Blast\RB_343.jpg,brri_rice_disease_pest,0.24982562151772256,1,0.24982562151772256
data\raw\brri_rice_disease_pest\Rice Blast\RB_344.jpg,brri_rice_disease_pest,0.20286630504818468,1,0.20286630504818468
data\raw\brri_rice_disease_pest\Rice Blast\RB_345.jpg,brri_rice_disease_pest,0.26432787811817304,1,0.26432787811817304
data\raw\brri_rice_disease_pest\Rice Blast\RB_346.jpg,brri_rice_disease_pest,0.20503125582143644,1,0.20503125582143644
data\raw\brri_rice_disease_pest\Rice Blast\RB_347.jpg,brri_rice_disease_pest,0.17037994927941202,1,0.17037994927941202
data\raw\brri_rice_disease_pest\Rice Blast\RB_348.jpg,brri_rice_disease_pest,0.058067047753721644,1,0.058067047753721644
data\raw\brri_rice_disease_pest\Rice Blast\RB_349.jpg,brri_rice_disease_pest,0.11779603676473023,1,0.11779603676473023
data\raw\brri_rice_disease_pest\Rice Blast\RB_35.jpg,brri_rice_disease_pest,0.18439638054835814,1,0.18439638054835814
data\raw\brri_rice_disease_pest\Rice Blast\RB_350.jpg,brri_rice_disease_pest,0.21197040805094075,1,0.21197040805094075
data\raw\brri_rice_disease_pest\Rice Blast\RB_351.jpg,brri_rice_disease_pest,0.114488,1,0.114488
data\raw\brri_rice_disease_pest\Rice Blast\RB_352.jpg,brri_rice_disease_pest,0.21750421260309236,1,0.21750421260309236
data\raw\brri_rice_disease_pest\Rice Blast\RB_353.jpg,brri_rice_disease_pest,0.09687899243591823,1,0.09687899243591823
data\raw\brri_rice_disease_pest\Rice Blast\RB_354.jpg,brri_rice_disease_pest,0.24466888728005554,1,0.24466888728005554
data\raw\brri_rice_disease_pest\Rice Blast\RB_355.jpg,brri_rice_disease_pest,0.1437139379733141,1,0.1437139379733141
data\raw\brri_rice_disease_pest\Rice Blast\RB_356.jpg,brri_rice_disease_pest,0.19176605446324238,1,0.19176605446324238
data\raw\brri_rice_disease_pest\Rice Blast\RB_357.jpg,brri_rice_disease_pest,0.19331429194397873,1,0.19331429194397873
data\raw\brri_rice_disease_pest\Rice Blast\RB_358.jpg,brri_rice_disease_pest,0.15140577981161304,1,0.15140577981161304
data\raw\brri_rice_disease_pest\Rice Blast\RB_359.jpg,brri_rice_disease_pest,0.053591357182714364,1,0.053591357182714364
data\raw\brri_rice_disease_pest\Rice Blast\RB_36.jpg,brri_rice_disease_pest,0.23443140914013888,1,0.23443140914013888
data\raw\brri_rice_disease_pest\Rice Blast\RB_360.jpg,brri_rice_disease_pest,0.1637091123473725,1,0.1637091123473725
data\raw\brri_rice_disease_pest\Rice Blast\RB_361.jpg,brri_rice_disease_pest,0.22165277989466375,1,0.22165277989466375
data\raw\brri_rice_disease_pest\Rice Blast\RB_362.jpg,brri_rice_disease_pest,0.16392529932767702,1,0.16392529932767702
data\raw\brri_rice_disease_pest\Rice Blast\RB_363.jpg,brri_rice_disease_pest,0.09165594436868575,1,0.09165594436868575
data\raw\brri_rice_disease_pest\Rice Blast\RB_364.jpg,brri_rice_disease_pest,0.18134666894912796,1,0.18134666894912796
data\raw\brri_rice_disease_pest\Rice Blast\RB_365.jpg,brri_rice_disease_pest,0.2678559332080137,1,0.2678559332080137
data\raw\brri_rice_disease_pest\Rice Blast\RB_366.jpg,brri_rice_disease_pest,0.0962300632200507,1,0.0962300632200507
data\raw\brri_rice_disease_pest\Rice Blast\RB_367.jpg,brri_rice_disease_pest,0.17170353223593965,1,0.17170353223593965
data\raw\brri_rice_disease_pest\Rice Blast\RB_368.jpg,brri_rice_disease_pest,0.16963745152331114,1,0.16963745152331114
data\raw\brri_rice_disease_pest\Rice Blast\RB_369.jpg,brri_rice_disease_pest,0.11492166666666667,1,0.11492166666666667
data\raw\brri_rice_disease_pest\Rice Blast\RB_37.jpg,brri_rice_disease_pest,0.1888259644532507,1,0.1888259644532507
data\raw\brri_rice_disease_pest\Rice Blast\RB_370.jpg,brri_rice_disease_pest,0.11046969466036681,1,0.11046969466036681
data\raw\brri_rice_disease_pest\Rice Blast\RB_371.jpg,brri_rice_disease_pest,0.10653355830521184,1,0.10653355830521184
data\raw\brri_rice_disease_pest\Rice Blast\RB_372.jpg,brri_rice_disease_pest,0.11201131687242798,1,0.11201131687242798
data\raw\brri_rice_disease_pest\Rice Blast\RB_373.jpg,brri_rice_disease_pest,0.060585180617911155,1,0.060585180617911155
data\raw\brri_rice_disease_pest\Rice Blast\RB_374.jpg,brri_rice_disease_pest,0.20231855174596827,1,0.20231855174596827
data\raw\brri_rice_disease_pest\Rice Blast\RB_375.jpg,brri_rice_disease_pest,0.18783579103795153,1,0.18783579103795153
data\raw\brri_rice_disease_pest\Rice Blast\RB_376.jpg,brri_rice_disease_pest,0.2111383517850351,1,0.2111383517850351
data\raw\brri_rice_disease_pest\Rice Blast\RB_377.jpg,brri_rice_disease_pest,0.2373820365289844,1,0.2373820365289844
data\raw\brri_rice_disease_pest\Rice Blast\RB_378.jpg,brri_rice_disease_pest,0.09030159274500839,1,0.09030159274500839
data\raw\brri_rice_disease_pest\Rice Blast\RB_379.jpg,brri_rice_disease_pest,0.1846580805771478,1,0.1846580805771478
data\raw\brri_rice_disease_pest\Rice Blast\RB_38.jpg,brri_rice_disease_pest,0.25573751180372284,1,0.25573751180372284
data\raw\brri_rice_disease_pest\Rice Blast\RB_380.jpg,brri_rice_disease_pest,0.14123502699461357,1,0.14123502699461357
data\raw\brri_rice_disease_pest\Rice Blast\RB_381.jpg,brri_rice_disease_pest,0.20795696334658156,1,0.20795696334658156
data\raw\brri_rice_disease_pest\Rice Blast\RB_382.jpg,brri_rice_disease_pest,0.10945357266806474,1,0.10945357266806474
data\raw\brri_rice_disease_pest\Rice Blast\RB_383.jpg,brri_rice_disease_pest,0.10586377777777778,1,0.10586377777777778
data\raw\brri_rice_disease_pest\Rice Blast\RB_384.jpg,brri_rice_disease_pest,0.09988362760834671,1,0.09988362760834671
data\raw\brri_rice_disease_pest\Rice Blast\RB_385.jpg,brri_rice_disease_pest,0.21480465376212976,1,0.21480465376212976
data\raw\brri_rice_disease_pest\Rice Blast\RB_386.jpg,brri_rice_disease_pest,0.240484,1,0.240484
data\raw\brri_rice_disease_pest\Rice Blast\RB_387.jpg,brri_rice_disease_pest,0.1391095051467982,1,0.1391095051467982
data\raw\brri_rice_disease_pest\Rice Blast\RB_388.jpg,brri_rice_disease_pest,0.13523858363393115,1,0.13523858363393115
data\raw\brri_rice_disease_pest\Rice Blast\RB_389.jpg,brri_rice_disease_pest,0.1610791461328727,1,0.1610791461328727
data\raw\brri_rice_disease_pest\Rice Blast\RB_39.jpg,brri_rice_disease_pest,0.21456965266592326,1,0.21456965266592326
data\raw\brri_rice_disease_pest\Rice Blast\RB_390.jpg,brri_rice_disease_pest,0.17024314552320954,1,0.17024314552320954
data\raw\brri_rice_disease_pest\Rice Blast\RB_391.jpg,brri_rice_disease_pest,0.2317905245746692,1,0.2317905245746692
data\raw\brri_rice_disease_pest\Rice Blast\RB_392.jpg,brri_rice_disease_pest,0.1389356299474244,1,0.1389356299474244
data\raw\brri_rice_disease_pest\Rice Blast\RB_393.jpg,brri_rice_disease_pest,0.0433795894188704,1,0.0433795894188704
data\raw\brri_rice_disease_pest\Rice Blast\RB_394.jpg,brri_rice_disease_pest,0.23440961351016068,1,0.23440961351016068
data\raw\brri_rice_disease_pest\Rice Blast\RB_395.jpg,brri_rice_disease_pest,0.2530745179092485,1,0.2530745179092485
data\raw\brri_rice_disease_pest\Rice Blast\RB_396.jpg,brri_rice_disease_pest,0.3043251391465677,1,0.3043251391465677
data\raw\brri_rice_disease_pest\Rice Blast\RB_397.jpg,brri_rice_disease_pest,0.07064795476040353,1,0.07064795476040353
data\raw\brri_rice_disease_pest\Rice Blast\RB_398.jpg,brri_rice_disease_pest,0.1562187759318532,1,0.1562187759318532
data\raw\brri_rice_disease_pest\Rice Blast\RB_399.jpg,brri_rice_disease_pest,0.07167754146237004,1,0.07167754146237004
data\raw\brri_rice_disease_pest\Rice Blast\RB_4.jpg,brri_rice_disease_pest,0.15172857692979813,1,0.15172857692979813
data\raw\brri_rice_disease_pest\Rice Blast\RB_40.jpg,brri_rice_disease_pest,0.1860869786109841,1,0.1860869786109841
data\raw\brri_rice_disease_pest\Rice Blast\RB_400.jpg,brri_rice_disease_pest,0.2680737078528002,1,0.2680737078528002
data\raw\brri_rice_disease_pest\Rice Blast\RB_401.jpg,brri_rice_disease_pest,0.24452626208741893,1,0.24452626208741893
data\raw\brri_rice_disease_pest\Rice Blast\RB_402.jpg,brri_rice_disease_pest,0.098136,1,0.098136
data\raw\brri_rice_disease_pest\Rice Blast\RB_403.jpg,brri_rice_disease_pest,0.10936071101966163,1,0.10936071101966163
data\raw\brri_rice_disease_pest\Rice Blast\RB_404.jpg,brri_rice_disease_pest,0.06061725580399338,1,0.06061725580399338
data\raw\brri_rice_disease_pest\Rice Blast\RB_405.jpg,brri_rice_disease_pest,0.2552684351252463,1,0.2552684351252463
data\raw\brri_rice_disease_pest\Rice Blast\RB_406.jpg,brri_rice_disease_pest,0.10233888103290406,1,0.10233888103290406
data\raw\brri_rice_disease_pest\Rice Blast\RB_407.jpg,brri_rice_disease_pest,0.1084797792488776,1,0.1084797792488776
data\raw\brri_rice_disease_pest\Rice Blast\RB_408.jpg,brri_rice_disease_pest,0.06968807227670132,1,0.06968807227670132
data\raw\brri_rice_disease_pest\Rice Blast\RB_409.jpg,brri_rice_disease_pest,0.09760323211410168,1,0.09760323211410168
data\raw\brri_rice_disease_pest\Rice Blast\RB_41.jpg,brri_rice_disease_pest,0.17334067892767024,1,0.17334067892767024
data\raw\brri_rice_disease_pest\Rice Blast\RB_410.jpg,brri_rice_disease_pest,0.0842728303663129,1,0.0842728303663129
data\raw\brri_rice_disease_pest\Rice Blast\RB_411.jpg,brri_rice_disease_pest,0.10641620165042896,1,0.10641620165042896
data\raw\brri_rice_disease_pest\Rice Blast\RB_412.jpg,brri_rice_disease_pest,0.30391391048112587,1,0.30391391048112587
data\raw\brri_rice_disease_pest\Rice Blast\RB_413.jpg,brri_rice_disease_pest,0.08972426652790168,1,0.08972426652790168
data\raw\brri_rice_disease_pest\Rice Blast\RB_414.jpg,brri_rice_disease_pest,0.0786893155939863,1,0.0786893155939863
data\raw\brri_rice_disease_pest\Rice Blast\RB_415.jpg,brri_rice_disease_pest,0.12156067058340043,1,0.12156067058340043
data\raw\brri_rice_disease_pest\Rice Blast\RB_416.jpg,brri_rice_disease_pest,0.1442144447831462,1,0.1442144447831462
data\raw\brri_rice_disease_pest\Rice Blast\RB_417.jpg,brri_rice_disease_pest,0.131064,1,0.131064
data\raw\brri_rice_disease_pest\Rice Blast\RB_418.jpg,brri_rice_disease_pest,0.32390631086047184,1,0.32390631086047184
data\raw\brri_rice_disease_pest\Rice Blast\RB_419.jpg,brri_rice_disease_pest,0.056324,1,0.056324
data\raw\brri_rice_disease_pest\Rice Blast\RB_42.jpg,brri_rice_disease_pest,0.1870987515340657,1,0.1870987515340657
data\raw\brri_rice_disease_pest\Rice Blast\RB_420.jpg,brri_rice_disease_pest,0.0922312624430616,1,0.0922312624430616
data\raw\brri_rice_disease_pest\Rice Blast\RB_421.jpg,brri_rice_disease_pest,0.10604183434989367,1,0.10604183434989367
data\raw\brri_rice_disease_pest\Rice Blast\RB_422.jpg,brri_rice_disease_pest,0.10081092531604442,1,0.10081092531604442
data\raw\brri_rice_disease_pest\Rice Blast\RB_423.jpg,brri_rice_disease_pest,0.1843987620450812,1,0.1843987620450812
data\raw\brri_rice_disease_pest\Rice Blast\RB_424.jpg,brri_rice_disease_pest,0.11237818058300396,1,0.11237818058300396
data\raw\brri_rice_disease_pest\Rice Blast\RB_425.jpg,brri_rice_disease_pest,0.049946833648393196,1,0.049946833648393196
data\raw\brri_rice_disease_pest\Rice Blast\RB_426.jpg,brri_rice_disease_pest,0.11944903137553166,1,0.11944903137553166
data\raw\brri_rice_disease_pest\Rice Blast\RB_427.jpg,brri_rice_disease_pest,0.10957286962647902,1,0.10957286962647902
data\raw\brri_rice_disease_pest\Rice Blast\RB_428.jpg,brri_rice_disease_pest,0.11601217129249841,1,0.11601217129249841
data\raw\brri_rice_disease_pest\Rice Blast\RB_429.jpg,brri_rice_disease_pest,0.10035283197005876,1,0.10035283197005876
data\raw\brri_rice_disease_pest\Rice Blast\RB_43.jpg,brri_rice_disease_pest,0.17181784407864656,1,0.17181784407864656
data\raw\brri_rice_disease_pest\Rice Blast\RB_430.jpg,brri_rice_disease_pest,0.16500945281379484,1,0.16500945281379484
data\raw\brri_rice_disease_pest\Rice Blast\RB_431.jpg,brri_rice_disease_pest,0.13739082395033148,1,0.13739082395033148
data\raw\brri_rice_disease_pest\Rice Blast\RB_432.jpg,brri_rice_disease_pest,0.19286450283359094,1,0.19286450283359094
data\raw\brri_rice_disease_pest\Rice Blast\RB_433.jpg,brri_rice_disease_pest,0.2450128812511643,1,0.2450128812511643
data\raw\brri_rice_disease_pest\Rice Blast\RB_434.jpg,brri_rice_disease_pest,0.12051934622093516,1,0.12051934622093516
data\raw\brri_rice_disease_pest\Rice Blast\RB_435.jpg,brri_rice_disease_pest,0.056324,1,0.056324
data\raw\brri_rice_disease_pest\Rice Blast\RB_436.jpg,brri_rice_disease_pest,0.0627644472176276,1,0.0627644472176276
data\raw\brri_rice_disease_pest\Rice Blast\RB_437.jpg,brri_rice_disease_pest,0.10187061810390122,1,0.10187061810390122
data\raw\brri_rice_disease_pest\Rice Blast\RB_438.jpg,brri_rice_disease_pest,0.115596,1,0.115596
data\raw\brri_rice_disease_pest\Rice Blast\RB_439.jpg,brri_rice_disease_pest,0.25619347914443935,1,0.25619347914443935
data\raw\brri_rice_disease_pest\Rice Blast\RB_44.jpg,brri_rice_disease_pest,0.1740921544983038,1,0.1740921544983038
data\raw\brri_rice_disease_pest\Rice Blast\RB_440.jpg,brri_rice_disease_pest,0.13928654492377035,1,0.13928654492377035
data\raw\brri_rice_disease_pest\Rice Blast\RB_441.jpg,brri_rice_disease_pest,0.20937325356906974,1,0.20937325356906974
data\raw\brri_rice_disease_pest\Rice Blast\RB_442.jpg,brri_rice_disease_pest,0.09378299821301984,1,0.09378299821301984
data\raw\brri_rice_disease_pest\Rice Blast\RB_443.jpg,brri_rice_disease_pest,0.05048020769181762,1,0.05048020769181762
data\raw\brri_rice_disease_pest\Rice Blast\RB_444.jpg,brri_rice_disease_pest,0.166344,1,0.166344
data\raw\brri_rice_disease_pest\Rice Blast\RB_445.jpg,brri_rice_disease_pest,0.12957379676201122,1,0.12957379676201122
data\raw\brri_rice_disease_pest\Rice Blast\RB_446.jpg,brri_rice_disease_pest,0.12606585208894308,1,0.12606585208894308
data\raw\brri_rice_disease_pest\Rice Blast\RB_447.jpg,brri_rice_disease_pest,0.154548,1,0.154548
data\raw\brri_rice_disease_pest\Rice Blast\RB_448.jpg,brri_rice_disease_pest,0.08212366807212902,1,0.08212366807212902
data\raw\brri_rice_disease_pest\Rice Blast\RB_449.jpg,brri_rice_disease_pest,0.115792,1,0.115792
data\raw\brri_rice_disease_pest\Rice Blast\RB_45.jpg,brri_rice_disease_pest,0.12569152026689323,1,0.12569152026689323
data\raw\brri_rice_disease_pest\Rice Blast\RB_450.jpg,brri_rice_disease_pest,0.067609589686551,1,0.067609589686551
data\raw\brri_rice_disease_pest\Rice Blast\RB_451.jpg,brri_rice_disease_pest,0.116136,1,0.116136
data\raw\brri_rice_disease_pest\Rice Blast\RB_452.jpg,brri_rice_disease_pest,0.0823685434761834,1,0.0823685434761834
data\raw\brri_rice_disease_pest\Rice Blast\RB_453.jpg,brri_rice_disease_pest,0.110852,1,0.110852
data\raw\brri_rice_disease_pest\Rice Blast\RB_454.jpg,brri_rice_disease_pest,0.092629,1,0.092629
data\raw\brri_rice_disease_pest\Rice Blast\RB_455.jpg,brri_rice_disease_pest,0.08504218953750275,1,0.08504218953750275
data\raw\brri_rice_disease_pest\Rice Blast\RB_456.jpg,brri_rice_disease_pest,0.09928,1,0.09928
data\raw\brri_rice_disease_pest\Rice Blast\RB_457.jpg,brri_rice_disease_pest,0.22871682839675525,1,0.22871682839675525
data\raw\brri_rice_disease_pest\Rice Blast\RB_458.jpg,brri_rice_disease_pest,0.06796280284731372,1,0.06796280284731372
data\raw\brri_rice_disease_pest\Rice Blast\RB_459.jpg,brri_rice_disease_pest,0.08859870914066206,1,0.08859870914066206
data\raw\brri_rice_disease_pest\Rice Blast\RB_46.jpg,brri_rice_disease_pest,0.191238949855205,1,0.191238949855205
data\raw\brri_rice_disease_pest\Rice Blast\RB_460.jpg,brri_rice_disease_pest,0.139804,1,0.139804
data\raw\brri_rice_disease_pest\Rice Blast\RB_461.jpg,brri_rice_disease_pest,0.08823185882053133,1,0.08823185882053133
data\raw\brri_rice_disease_pest\Rice Blast\RB_462.jpg,brri_rice_disease_pest,0.132188,1,0.132188
data\raw\brri_rice_disease_pest\Rice Blast\RB_463.jpg,brri_rice_disease_pest,0.0769363685244458,1,0.0769363685244458
data\raw\brri_rice_disease_pest\Rice Blast\RB_464.jpg,brri_rice_disease_pest,0.132948,1,0.132948
data\raw\brri_rice_disease_pest\Rice Blast\RB_465.jpg,brri_rice_disease_pest,0.11899862825788751,1,0.11899862825788751
data\raw\brri_rice_disease_pest\Rice Blast\RB_466.jpg,brri_rice_disease_pest,0.090236,1,0.090236
data\raw\brri_rice_disease_pest\Rice Blast\RB_467.jpg,brri_rice_disease_pest,0.1934883597913585,1,0.1934883597913585
data\raw\brri_rice_disease_pest\Rice Blast\RB_468.jpg,brri_rice_disease_pest,0.16481577777777778,1,0.16481577777777778
data\raw\brri_rice_disease_pest\Rice Blast\RB_469.jpg,brri_rice_disease_pest,0.10195587079785087,1,0.10195587079785087
data\raw\brri_rice_disease_pest\Rice Blast\RB_47.jpg,brri_rice_disease_pest,0.085544,1,0.085544
data\raw\brri_rice_disease_pest\Rice Blast\RB_470.jpg,brri_rice_disease_pest,0.115176,1,0.115176
data\raw\brri_rice_disease_pest\Rice Blast\RB_471.jpg,brri_rice_disease_pest,0.117219852300962,1,0.117219852300962
data\raw\brri_rice_disease_pest\Rice Blast\RB_472.jpg,brri_rice_disease_pest,0.14844398296330166,1,0.14844398296330166
data\raw\brri_rice_disease_pest\Rice Blast\RB_473.jpg,brri_rice_disease_pest,0.1895669812152747,1,0.1895669812152747
data\raw\brri_rice_disease_pest\Rice Blast\RB_474.jpg,brri_rice_disease_pest,0.1824821864045115,1,0.1824821864045115
data\raw\brri_rice_disease_pest\Rice Blast\RB_475.jpg,brri_rice_disease_pest,0.144116,1,0.144116
data\raw\brri_rice_disease_pest\Rice Blast\RB_476.jpg,brri_rice_disease_pest,0.19023025368761537,1,0.19023025368761537
data\raw\brri_rice_disease_pest\Rice Blast\RB_477.jpg,brri_rice_disease_pest,0.242652,1,0.242652
data\raw\brri_rice_disease_pest\Rice Blast\RB_478.jpg,brri_rice_disease_pest,0.13905834726508917,1,0.13905834726508917
data\raw\brri_rice_disease_pest\Rice Blast\RB_479.jpg,brri_rice_disease_pest,0.24270600475875967,1,0.24270600475875967
data\raw\brri_rice_disease_pest\Rice Blast\RB_48.jpg,brri_rice_disease_pest,0.27947340344459687,1,0.27947340344459687
data\raw\brri_rice_disease_pest\Rice Blast\RB_480.jpg,brri_rice_disease_pest,0.19494969613125837,1,0.19494969613125837
data\raw\brri_rice_disease_pest\Rice Blast\RB_481.jpg,brri_rice_disease_pest,0.225504,1,0.225504
data\raw\brri_rice_disease_pest\Rice Blast\RB_482.jpg,brri_rice_disease_pest,0.28899780267235686,1,0.28899780267235686
data\raw\brri_rice_disease_pest\Rice Blast\RB_483.jpg,brri_rice_disease_pest,0.144476,1,0.144476
data\raw\brri_rice_disease_pest\Rice Blast\RB_484.jpg,brri_rice_disease_pest,0.11429622222222222,1,0.11429622222222222
data\raw\brri_rice_disease_pest\Rice Blast\RB_485.jpg,brri_rice_disease_pest,0.09467621958251643,1,0.09467621958251643
data\raw\brri_rice_disease_pest\Rice Blast\RB_486.jpg,brri_rice_disease_pest,0.09928,1,0.09928
data\raw\brri_rice_disease_pest\Rice Blast\RB_487.jpg,brri_rice_disease_pest,0.16758724745550305,1,0.16758724745550305
data\raw\brri_rice_disease_pest\Rice Blast\RB_488.jpg,brri_rice_disease_pest,0.165572,1,0.165572
data\raw\brri_rice_disease_pest\Rice Blast\RB_489.jpg,brri_rice_disease_pest,0.19643193576521195,1,0.19643193576521195
data\raw\brri_rice_disease_pest\Rice Blast\RB_49.jpg,brri_rice_disease_pest,0.15346778507188516,1,0.15346778507188516
data\raw\brri_rice_disease_pest\Rice Blast\RB_490.jpg,brri_rice_disease_pest,0.257556,1,0.257556
data\raw\brri_rice_disease_pest\Rice Blast\RB_491.jpg,brri_rice_disease_pest,0.141192,1,0.141192
data\raw\brri_rice_disease_pest\Rice Blast\RB_492.jpg,brri_rice_disease_pest,0.15683955274433098,1,0.15683955274433098
data\raw\brri_rice_disease_pest\Rice Blast\RB_493.jpg,brri_rice_disease_pest,0.2364461083168216,1,0.2364461083168216
data\raw\brri_rice_disease_pest\Rice Blast\RB_494.jpg,brri_rice_disease_pest,0.217136,1,0.217136
data\raw\brri_rice_disease_pest\Rice Blast\RB_495.jpg,brri_rice_disease_pest,0.16054455663014403,1,0.16054455663014403
data\raw\brri_rice_disease_pest\Rice Blast\RB_496.jpg,brri_rice_disease_pest,0.165288,1,0.165288
data\raw\brri_rice_disease_pest\Rice Blast\RB_497.jpg,brri_rice_disease_pest,0.1579231337533235,1,0.1579231337533235
data\raw\brri_rice_disease_pest\Rice Blast\RB_498.jpg,brri_rice_disease_pest,0.1136884197869566,1,0.1136884197869566
data\raw\brri_rice_disease_pest\Rice Blast\RB_499.jpg,brri_rice_disease_pest,0.109276,1,0.109276
data\raw\brri_rice_disease_pest\Rice Blast\RB_5.jpg,brri_rice_disease_pest,0.2138110404071195,1,0.2138110404071195
data\raw\brri_rice_disease_pest\Rice Blast\RB_50.jpg,brri_rice_disease_pest,0.085456,1,0.085456
data\raw\brri_rice_disease_pest\Rice Blast\RB_500.jpg,brri_rice_disease_pest,0.2465208978983556,1,0.2465208978983556
data\raw\brri_rice_disease_pest\Rice Blast\RB_501.jpg,brri_rice_disease_pest,0.10572718912916158,1,0.10572718912916158
data\raw\brri_rice_disease_pest\Rice Blast\RB_502.jpg,brri_rice_disease_pest,0.113288,1,0.113288
data\raw\brri_rice_disease_pest\Rice Blast\RB_503.jpg,brri_rice_disease_pest,0.23238962556520856,1,0.23238962556520856
data\raw\brri_rice_disease_pest\Rice Blast\RB_504.jpg,brri_rice_disease_pest,0.11312479889583227,1,0.11312479889583227
data\raw\brri_rice_disease_pest\Rice Blast\RB_505.jpg,brri_rice_disease_pest,0.229328,1,0.229328
data\raw\brri_rice_disease_pest\Rice Blast\RB_506.jpg,brri_rice_disease_pest,0.2741626657521719,1,0.2741626657521719
data\raw\brri_rice_disease_pest\Rice Blast\RB_507.jpg,brri_rice_disease_pest,0.150936,1,0.150936
data\raw\brri_rice_disease_pest\Rice Blast\RB_508.jpg,brri_rice_disease_pest,0.2234381086047181,1,0.2234381086047181
data\raw\brri_rice_disease_pest\Rice Blast\RB_509.jpg,brri_rice_disease_pest,0.12407491164380546,1,0.12407491164380546
data\raw\brri_rice_disease_pest\Rice Blast\RB_51.jpg,brri_rice_disease_pest,0.12035451391618839,1,0.12035451391618839
data\raw\brri_rice_disease_pest\Rice Blast\RB_510.jpg,brri_rice_disease_pest,0.2627449766295788,1,0.2627449766295788
data\raw\brri_rice_disease_pest\Rice Blast\RB_511.jpg,brri_rice_disease_pest,0.311362088990348,1,0.311362088990348
data\raw\brri_rice_disease_pest\Rice Blast\RB_512.jpg,brri_rice_disease_pest,0.05133660180528036,1,0.05133660180528036
data\raw\brri_rice_disease_pest\Rice Blast\RB_513.jpg,brri_rice_disease_pest,0.1356032510060759,1,0.1356032510060759
data\raw\brri_rice_disease_pest\Rice Blast\RB_514.jpg,brri_rice_disease_pest,0.173076,1,0.173076
data\raw\brri_rice_disease_pest\Rice Blast\RB_515.jpg,brri_rice_disease_pest,0.14451867885915462,1,0.14451867885915462
data\raw\brri_rice_disease_pest\Rice Blast\RB_516.jpg,brri_rice_disease_pest,0.11935744043082863,1,0.11935744043082863
data\raw\brri_rice_disease_pest\Rice Blast\RB_517.jpg,brri_rice_disease_pest,0.126668,1,0.126668
data\raw\brri_rice_disease_pest\Rice Blast\RB_518.jpg,brri_rice_disease_pest,0.16112960223537146,1,0.16112960223537146
data\raw\brri_rice_disease_pest\Rice Blast\RB_519.jpg,brri_rice_disease_pest,0.1504,1,0.1504
data\raw\brri_rice_disease_pest\Rice Blast\RB_52.jpg,brri_rice_disease_pest,0.25062,1,0.25062
data\raw\brri_rice_disease_pest\Rice Blast\RB_520.jpg,brri_rice_disease_pest,0.1275803100163805,1,0.1275803100163805
data\raw\brri_rice_disease_pest\Rice Blast\RB_521.jpg,brri_rice_disease_pest,0.142824,1,0.142824
data\raw\brri_rice_disease_pest\Rice Blast\RB_522.jpg,brri_rice_disease_pest,0.1442056350248048,1,0.1442056350248048
data\raw\brri_rice_disease_pest\Rice Blast\RB_523.jpg,brri_rice_disease_pest,0.2680064967230605,1,0.2680064967230605
data\raw\brri_rice_disease_pest\Rice Blast\RB_524.jpg,brri_rice_disease_pest,0.174788,1,0.174788
data\raw\brri_rice_disease_pest\Rice Blast\RB_525.jpg,brri_rice_disease_pest,0.15265182306220257,1,0.15265182306220257
data\raw\brri_rice_disease_pest\Rice Blast\RB_526.jpg,brri_rice_disease_pest,0.17833917593862725,1,0.17833917593862725
data\raw\brri_rice_disease_pest\Rice Blast\RB_527.jpg,brri_rice_disease_pest,0.242884,1,0.242884
data\raw\brri_rice_disease_pest\Rice Blast\RB_528.jpg,brri_rice_disease_pest,0.21422436239394402,1,0.21422436239394402
data\raw\brri_rice_disease_pest\Rice Blast\RB_529.jpg,brri_rice_disease_pest,0.2322578494131992,1,0.2322578494131992
data\raw\brri_rice_disease_pest\Rice Blast\RB_53.jpg,brri_rice_disease_pest,0.2091600337315707,1,0.2091600337315707
data\raw\brri_rice_disease_pest\Rice Blast\RB_530.jpg,brri_rice_disease_pest,0.251092,1,0.251092
data\raw\brri_rice_disease_pest\Rice Blast\RB_531.jpg,brri_rice_disease_pest,0.1573025234251316,1,0.1573025234251316
data\raw\brri_rice_disease_pest\Rice Blast\RB_532.jpg,brri_rice_disease_pest,0.180568,1,0.180568
data\raw\brri_rice_disease_pest\Rice Blast\RB_533.jpg,brri_rice_disease_pest,0.11729903342986334,1,0.11729903342986334
data\raw\brri_rice_disease_pest\Rice Blast\RB_534.jpg,brri_rice_disease_pest,0.24142981576937764,1,0.24142981576937764
data\raw\brri_rice_disease_pest\Rice Blast\RB_535.jpg,brri_rice_disease_pest,0.230496,1,0.230496
data\raw\brri_rice_disease_pest\Rice Blast\RB_536.jpg,brri_rice_disease_pest,0.07982327177428915,1,0.07982327177428915
data\raw\brri_rice_disease_pest\Rice Blast\RB_537.jpg,brri_rice_disease_pest,0.178792,1,0.178792
data\raw\brri_rice_disease_pest\Rice Blast\RB_538.jpg,brri_rice_disease_pest,0.10567759403207505,1,0.10567759403207505
data\raw\brri_rice_disease_pest\Rice Blast\RB_539.jpg,brri_rice_disease_pest,0.16003949050788327,1,0.16003949050788327
data\raw\brri_rice_disease_pest\Rice Blast\RB_54.jpg,brri_rice_disease_pest,0.307078048355731,1,0.307078048355731
data\raw\brri_rice_disease_pest\Rice Blast\RB_540.jpg,brri_rice_disease_pest,0.09100095894934715,1,0.09100095894934715
data\raw\brri_rice_disease_pest\Rice Blast\RB_541.jpg,brri_rice_disease_pest,0.09773634512721036,1,0.09773634512721036
data\raw\brri_rice_disease_pest\Rice Blast\RB_542.jpg,brri_rice_disease_pest,0.11566029907365069,1,0.11566029907365069
data\raw\brri_rice_disease_pest\Rice Blast\RB_543.jpg,brri_rice_disease_pest,0.124536,1,0.124536
data\raw\brri_rice_disease_pest\Rice Blast\RB_544.jpg,brri_rice_disease_pest,0.12750786805981185,1,0.12750786805981185
data\raw\brri_rice_disease_pest\Rice Blast\RB_545.jpg,brri_rice_disease_pest,0.22810478373892867,1,0.22810478373892867
data\raw\brri_rice_disease_pest\Rice Blast\RB_546.jpg,brri_rice_disease_pest,0.147672,1,0.147672
data\raw\brri_rice_disease_pest\Rice Blast\RB_547.jpg,brri_rice_disease_pest,0.12319270859794408,1,0.12319270859794408
data\raw\brri_rice_disease_pest\Rice Blast\RB_548.jpg,brri_rice_disease_pest,0.13128,1,0.13128
data\raw\brri_rice_disease_pest\Rice Blast\RB_549.jpg,brri_rice_disease_pest,0.18562099908550525,1,0.18562099908550525
data\raw\brri_rice_disease_pest\Rice Blast\RB_55.jpg,brri_rice_disease_pest,0.2266020593066775,1,0.2266020593066775
data\raw\brri_rice_disease_pest\Rice Blast\RB_550.jpg,brri_rice_disease_pest,0.304864,1,0.304864
data\raw\brri_rice_disease_pest\Rice Blast\RB_551.jpg,brri_rice_disease_pest,0.1377089895679859,1,0.1377089895679859
data\raw\brri_rice_disease_pest\Rice Blast\RB_552.jpg,brri_rice_disease_pest,0.14682959279581365,1,0.14682959279581365
data\raw\brri_rice_disease_pest\Rice Blast\RB_553.jpg,brri_rice_disease_pest,0.13738744840915043,1,0.13738744840915043
data\raw\brri_rice_disease_pest\Rice Blast\RB_554.jpg,brri_rice_disease_pest,0.09735756369298935,1,0.09735756369298935
data\raw\brri_rice_disease_pest\Rice Blast\RB_555.jpg,brri_rice_disease_pest,0.15505210714830056,1,0.15505210714830056
data\raw\brri_rice_disease_pest\Rice Blast\RB_556.jpg,brri_rice_disease_pest,0.10647486621280632,1,0.10647486621280632
data\raw\brri_rice_disease_pest\Rice Blast\RB_557.jpg,brri_rice_disease_pest,0.12425882529763417,1,0.12425882529763417
data\raw\brri_rice_disease_pest\Rice Blast\RB_558.jpg,brri_rice_disease_pest,0.09826943876937869,1,0.09826943876937869
data\raw\brri_rice_disease_pest\Rice Blast\RB_559.jpg,brri_rice_disease_pest,0.13987959152568205,1,0.13987959152568205
data\raw\brri_rice_disease_pest\Rice Blast\RB_56.jpg,brri_rice_disease_pest,0.21282192543480838,1,0.21282192543480838
data\raw\brri_rice_disease_pest\Rice Blast\RB_560.jpg,brri_rice_disease_pest,0.1937004903809883,1,0.1937004903809883
data\raw\brri_rice_disease_pest\Rice Blast\RB_561.jpg,brri_rice_disease_pest,0.16966444181950582,1,0.16966444181950582
data\raw\brri_rice_disease_pest\Rice Blast\RB_562.jpg,brri_rice_disease_pest,0.13277115277683327,1,0.13277115277683327
data\raw\brri_rice_disease_pest\Rice Blast\RB_563.jpg,brri_rice_disease_pest,0.03106600665760581,1,0.03106600665760581
data\raw\brri_rice_disease_pest\Rice Blast\RB_564.jpg,brri_rice_disease_pest,0.1833,1,0.1833
data\raw\brri_rice_disease_pest\Rice Blast\RB_565.jpg,brri_rice_disease_pest,0.2051184553375947,1,0.2051184553375947
data\raw\brri_rice_disease_pest\Rice Blast\RB_566.jpg,brri_rice_disease_pest,0.2962374950816984,1,0.2962374950816984
data\raw\brri_rice_disease_pest\Rice Blast\RB_567.jpg,brri_rice_disease_pest,0.12097517434951634,1,0.12097517434951634
data\raw\brri_rice_disease_pest\Rice Blast\RB_568.jpg,brri_rice_disease_pest,0.29206040745821266,1,0.29206040745821266
data\raw\brri_rice_disease_pest\Rice Blast\RB_569.jpg,brri_rice_disease_pest,0.15519684922691324,1,0.15519684922691324
data\raw\brri_rice_disease_pest\Rice Blast\RB_57.jpg,brri_rice_disease_pest,0.13160733035275787,1,0.13160733035275787
data\raw\brri_rice_disease_pest\Rice Blast\RB_570.jpg,brri_rice_disease_pest,0.2516367925285235,1,0.2516367925285235
data\raw\brri_rice_disease_pest\Rice Blast\RB_571.jpg,brri_rice_disease_pest,0.06001932510777464,1,0.06001932510777464
data\raw\brri_rice_disease_pest\Rice Blast\RB_572.jpg,brri_rice_disease_pest,0.147768,1,0.147768
data\raw\brri_rice_disease_pest\Rice Blast\RB_573.jpg,brri_rice_disease_pest,0.1527793446983372,1,0.1527793446983372
data\raw\brri_rice_disease_pest\Rice Blast\RB_574.jpg,brri_rice_disease_pest,0.063636,1,0.063636
data\raw\brri_rice_disease_pest\Rice Blast\RB_575.jpg,brri_rice_disease_pest,0.17675812672526206,1,0.17675812672526206
data\raw\brri_rice_disease_pest\Rice Blast\RB_576.jpg,brri_rice_disease_pest,0.21839118782705888,1,0.21839118782705888
data\raw\brri_rice_disease_pest\Rice Blast\RB_577.jpg,brri_rice_disease_pest,0.20138031646279878,1,0.20138031646279878
data\raw\brri_rice_disease_pest\Rice Blast\RB_578.jpg,brri_rice_disease_pest,0.06592,1,0.06592
data\raw\brri_rice_disease_pest\Rice Blast\RB_579.jpg,brri_rice_disease_pest,0.29618383672881843,1,0.29618383672881843
data\raw\brri_rice_disease_pest\Rice Blast\RB_58.jpg,brri_rice_disease_pest,0.22898593752646107,1,0.22898593752646107
data\raw\brri_rice_disease_pest\Rice Blast\RB_580.jpg,brri_rice_disease_pest,0.18644023395823808,1,0.18644023395823808
data\raw\brri_rice_disease_pest\Rice Blast\RB_581.jpg,brri_rice_disease_pest,0.2094462861352436,1,0.2094462861352436
data\raw\brri_rice_disease_pest\Rice Blast\RB_582.jpg,brri_rice_disease_pest,0.1918888338498535,1,0.1918888338498535
data\raw\brri_rice_disease_pest\Rice Blast\RB_583.jpg,brri_rice_disease_pest,0.1774678127487341,1,0.1774678127487341
data\raw\brri_rice_disease_pest\Rice Blast\RB_584.jpg,brri_rice_disease_pest,0.20267489711934156,1,0.20267489711934156
data\raw\brri_rice_disease_pest\Rice Blast\RB_585.jpg,brri_rice_disease_pest,0.21460090348693459,1,0.21460090348693459
data\raw\brri_rice_disease_pest\Rice Blast\RB_586.jpg,brri_rice_disease_pest,0.13939747074463582,1,0.13939747074463582
data\raw\brri_rice_disease_pest\Rice Blast\RB_587.jpg,brri_rice_disease_pest,0.14922444209026758,1,0.14922444209026758
data\raw\brri_rice_disease_pest\Rice Blast\RB_588.jpg,brri_rice_disease_pest,0.11093759082190188,1,0.11093759082190188
data\raw\brri_rice_disease_pest\Rice Blast\RB_589.jpg,brri_rice_disease_pest,0.11824238578680203,1,0.11824238578680203
data\raw\brri_rice_disease_pest\Rice Blast\RB_59.jpg,brri_rice_disease_pest,0.21011125294247152,1,0.21011125294247152
data\raw\brri_rice_disease_pest\Rice Blast\RB_590.jpg,brri_rice_disease_pest,0.13620097292079458,1,0.13620097292079458
data\raw\brri_rice_disease_pest\Rice Blast\RB_591.jpg,brri_rice_disease_pest,0.4365785001062248,1,0.4365785001062248
data\raw\brri_rice_disease_pest\Rice Blast\RB_592.jpg,brri_rice_disease_pest,0.13380248040943746,1,0.13380248040943746
data\raw\brri_rice_disease_pest\Rice Blast\RB_593.jpg,brri_rice_disease_pest,0.23269339870277228,1,0.23269339870277228
data\raw\brri_rice_disease_pest\Rice Blast\RB_594.jpg,brri_rice_disease_pest,0.20138031646279878,1,0.20138031646279878
data\raw\brri_rice_disease_pest\Rice Blast\RB_595.jpg,brri_rice_disease_pest,0.094052,1,0.094052
data\raw\brri_rice_disease_pest\Rice Blast\RB_596.jpg,brri_rice_disease_pest,0.13380248040943746,1,0.13380248040943746
data\raw\brri_rice_disease_pest\Rice Blast\RB_597.jpg,brri_rice_disease_pest,0.1584377777777778,1,0.1584377777777778
data\raw\brri_rice_disease_pest\Rice Blast\RB_598.jpg,brri_rice_disease_pest,0.06574736189547563,1,0.06574736189547563
data\raw\brri_rice_disease_pest\Rice Blast\RB_599.jpg,brri_rice_disease_pest,0.10958552125867224,1,0.10958552125867224
data\raw\brri_rice_disease_pest\Rice Blast\RB_6.jpg,brri_rice_disease_pest,0.1648987557185256,1,0.1648987557185256
data\raw\brri_rice_disease_pest\Rice Blast\RB_60.jpg,brri_rice_disease_pest,0.25415543575920935,1,0.25415543575920935
data\raw\brri_rice_disease_pest\Rice Blast\RB_600.jpg,brri_rice_disease_pest,0.20031115223422916,1,0.20031115223422916
data\raw\brri_rice_disease_pest\Rice Blast\RB_601.jpg,brri_rice_disease_pest,0.18719040542600213,1,0.18719040542600213
data\raw\brri_rice_disease_pest\Rice Blast\RB_602.jpg,brri_rice_disease_pest,0.18380805390983268,1,0.18380805390983268
data\raw\brri_rice_disease_pest\Rice Blast\RB_603.jpg,brri_rice_disease_pest,0.21831536444398905,1,0.21831536444398905
data\raw\brri_rice_disease_pest\Rice Blast\RB_604.jpg,brri_rice_disease_pest,0.2460721180714322,1,0.2460721180714322
data\raw\brri_rice_disease_pest\Rice Blast\RB_605.jpg,brri_rice_disease_pest,0.22903496238505808,1,0.22903496238505808
data\raw\brri_rice_disease_pest\Rice Blast\RB_606.jpg,brri_rice_disease_pest,0.25753876018222155,1,0.25753876018222155
data\raw\brri_rice_disease_pest\Rice Blast\RB_607.jpg,brri_rice_disease_pest,0.1364968077359481,1,0.1364968077359481
data\raw\brri_rice_disease_pest\Rice Blast\RB_608.jpg,brri_rice_disease_pest,0.1727667621419015,1,0.1727667621419015
data\raw\brri_rice_disease_pest\Rice Blast\RB_609.jpg,brri_rice_disease_pest,0.14644087960846078,1,0.14644087960846078
data\raw\brri_rice_disease_pest\Rice Blast\RB_61.jpg,brri_rice_disease_pest,0.29804510872326373,1,0.29804510872326373
data\raw\brri_rice_disease_pest\Rice Blast\RB_610.jpg,brri_rice_disease_pest,0.17648024209043167,1,0.17648024209043167
data\raw\brri_rice_disease_pest\Rice Blast\RB_611.jpg,brri_rice_disease_pest,0.18854521245067657,1,0.18854521245067657
data\raw\brri_rice_disease_pest\Rice Blast\RB_612.jpg,brri_rice_disease_pest,0.18865423207844334,1,0.18865423207844334
data\raw\brri_rice_disease_pest\Rice Blast\RB_613.jpg,brri_rice_disease_pest,0.15212956117670792,1,0.15212956117670792
data\raw\brri_rice_disease_pest\Rice Blast\RB_614.jpg,brri_rice_disease_pest,0.1379244750600736,1,0.1379244750600736
data\raw\brri_rice_disease_pest\Rice Blast\RB_615.jpg,brri_rice_disease_pest,0.27413276473776016,1,0.27413276473776016
data\raw\brri_rice_disease_pest\Rice Blast\RB_616.jpg,brri_rice_disease_pest,0.16529970943066202,1,0.16529970943066202
data\raw\brri_rice_disease_pest\Rice Blast\RB_617.jpg,brri_rice_disease_pest,0.11716850339251206,1,0.11716850339251206
data\raw\brri_rice_disease_pest\Rice Blast\RB_618.jpg,brri_rice_disease_pest,0.11747128340358344,1,0.11747128340358344
data\raw\brri_rice_disease_pest\Rice Blast\RB_619.jpg,brri_rice_disease_pest,0.23490395688326643,1,0.23490395688326643
data\raw\brri_rice_disease_pest\Rice Blast\RB_62.jpg,brri_rice_disease_pest,0.2680094074412776,1,0.2680094074412776
data\raw\brri_rice_disease_pest\Rice Blast\RB_620.jpg,brri_rice_disease_pest,0.2460864294232775,1,0.2460864294232775
data\raw\brri_rice_disease_pest\Rice Blast\RB_621.jpg,brri_rice_disease_pest,0.20949365145895782,1,0.20949365145895782
data\raw\brri_rice_disease_pest\Rice Blast\RB_622.jpg,brri_rice_disease_pest,0.16795346872936037,1,0.16795346872936037
data\raw\brri_rice_disease_pest\Rice Blast\RB_623.jpg,brri_rice_disease_pest,0.18865423207844334,1,0.18865423207844334
data\raw\brri_rice_disease_pest\Rice Blast\RB_624.jpg,brri_rice_disease_pest,0.1771688026046165,1,0.1771688026046165
data\raw\brri_rice_disease_pest\Rice Blast\RB_625.jpg,brri_rice_disease_pest,0.13382648746006634,1,0.13382648746006634
data\raw\brri_rice_disease_pest\Rice Blast\RB_626.jpg,brri_rice_disease_pest,0.16254217895307288,1,0.16254217895307288
data\raw\brri_rice_disease_pest\Rice Blast\RB_627.jpg,brri_rice_disease_pest,0.15247315779374984,1,0.15247315779374984
data\raw\brri_rice_disease_pest\Rice Blast\RB_628.jpg,brri_rice_disease_pest,0.155539095829028,1,0.155539095829028
data\raw\brri_rice_disease_pest\Rice Blast\RB_629.jpg,brri_rice_disease_pest,0.3462733280834561,1,0.3462733280834561
data\raw\brri_rice_disease_pest\Rice Blast\RB_63.jpg,brri_rice_disease_pest,0.15880111221189183,1,0.15880111221189183
data\raw\brri_rice_disease_pest\Rice Blast\RB_630.jpg,brri_rice_disease_pest,0.11291602101644398,1,0.11291602101644398
data\raw\brri_rice_disease_pest\Rice Blast\RB_631.jpg,brri_rice_disease_pest,0.20423202614379085,1,0.20423202614379085
data\raw\brri_rice_disease_pest\Rice Blast\RB_632.jpg,brri_rice_disease_pest,0.10072,1,0.10072
data\raw\brri_rice_disease_pest\Rice Blast\RB_633.jpg,brri_rice_disease_pest,0.1737693739439217,1,0.1737693739439217
data\raw\brri_rice_disease_pest\Rice Blast\RB_634.jpg,brri_rice_disease_pest,0.11384931331022975,1,0.11384931331022975
data\raw\brri_rice_disease_pest\Rice Blast\RB_635.jpg,brri_rice_disease_pest,0.15390914024747185,1,0.15390914024747185
data\raw\brri_rice_disease_pest\Rice Blast\RB_636.jpg,brri_rice_disease_pest,0.2228353253230368,1,0.2228353253230368
data\raw\brri_rice_disease_pest\Rice Blast\RB_637.jpg,brri_rice_disease_pest,0.2228353253230368,1,0.2228353253230368
data\raw\brri_rice_disease_pest\Rice Blast\RB_638.jpg,brri_rice_disease_pest,0.29967034793137903,1,0.29967034793137903
data\raw\brri_rice_disease_pest\Rice Blast\RB_639.jpg,brri_rice_disease_pest,0.2813995050720588,1,0.2813995050720588
data\raw\brri_rice_disease_pest\Rice Blast\RB_64.jpg,brri_rice_disease_pest,0.181321374518437,1,0.181321374518437
data\raw\brri_rice_disease_pest\Rice Blast\RB_640.jpg,brri_rice_disease_pest,0.2672811986655151,1,0.2672811986655151
data\raw\brri_rice_disease_pest\Rice Blast\RB_641.jpg,brri_rice_disease_pest,0.17480847474131653,1,0.17480847474131653
data\raw\brri_rice_disease_pest\Rice Blast\RB_642.jpg,brri_rice_disease_pest,0.17480847474131653,1,0.17480847474131653
data\raw\brri_rice_disease_pest\Rice Blast\RB_643.jpg,brri_rice_disease_pest,0.1751614654778235,1,0.1751614654778235
data\raw\brri_rice_disease_pest\Rice Blast\RB_644.jpg,brri_rice_disease_pest,0.1751614654778235,1,0.1751614654778235
data\raw\brri_rice_disease_pest\Rice Blast\RB_645.jpg,brri_rice_disease_pest,0.1799659147869674,1,0.1799659147869674
data\raw\brri_rice_disease_pest\Rice Blast\RB_646.jpg,brri_rice_disease_pest,0.14755806618232314,1,0.14755806618232314
data\raw\brri_rice_disease_pest\Rice Blast\RB_647.jpg,brri_rice_disease_pest,0.2054548976273942,1,0.2054548976273942
data\raw\brri_rice_disease_pest\Rice Blast\RB_648.jpg,brri_rice_disease_pest,0.12657447617522863,1,0.12657447617522863
data\raw\brri_rice_disease_pest\Rice Blast\RB_649.jpg,brri_rice_disease_pest,0.14755806618232314,1,0.14755806618232314
data\raw\brri_rice_disease_pest\Rice Blast\RB_65.jpg,brri_rice_disease_pest,0.18496185371471152,1,0.18496185371471152
data\raw\brri_rice_disease_pest\Rice Blast\RB_650.jpg,brri_rice_disease_pest,0.1687457133058985,1,0.1687457133058985
data\raw\brri_rice_disease_pest\Rice Blast\RB_651.jpg,brri_rice_disease_pest,0.19312717302201995,1,0.19312717302201995
data\raw\brri_rice_disease_pest\Rice Blast\RB_652.jpg,brri_rice_disease_pest,0.04231173183461745,1,0.04231173183461745
data\raw\brri_rice_disease_pest\Rice Blast\RB_653.jpg,brri_rice_disease_pest,0.16407522223052215,1,0.16407522223052215
data\raw\brri_rice_disease_pest\Rice Blast\RB_654.jpg,brri_rice_disease_pest,0.15554666463445613,1,0.15554666463445613
data\raw\brri_rice_disease_pest\Rice Blast\RB_655.jpg,brri_rice_disease_pest,0.06174806495036177,1,0.06174806495036177
data\raw\brri_rice_disease_pest\Rice Blast\RB_656.jpg,brri_rice_disease_pest,0.1917830471424299,1,0.1917830471424299
data\raw\brri_rice_disease_pest\Rice Blast\RB_657.jpg,brri_rice_disease_pest,0.22859590128537316,1,0.22859590128537316
data\raw\brri_rice_disease_pest\Rice Blast\RB_658.jpg,brri_rice_disease_pest,0.3127328574573659,1,0.3127328574573659
data\raw\brri_rice_disease_pest\Rice Blast\RB_659.jpg,brri_rice_disease_pest,0.16772140510423547,1,0.16772140510423547
data\raw\brri_rice_disease_pest\Rice Blast\RB_66.jpg,brri_rice_disease_pest,0.05401103076639646,1,0.05401103076639646
data\raw\brri_rice_disease_pest\Rice Blast\RB_660.jpg,brri_rice_disease_pest,0.16772140510423547,1,0.16772140510423547
data\raw\brri_rice_disease_pest\Rice Blast\RB_661.jpg,brri_rice_disease_pest,0.10884260317702248,1,0.10884260317702248
data\raw\brri_rice_disease_pest\Rice Blast\RB_662.jpg,brri_rice_disease_pest,0.27567278186895916,1,0.27567278186895916
data\raw\brri_rice_disease_pest\Rice Blast\RB_663.jpg,brri_rice_disease_pest,0.18319278686250284,1,0.18319278686250284
data\raw\brri_rice_disease_pest\Rice Blast\RB_664.jpg,brri_rice_disease_pest,0.06204037113244932,1,0.06204037113244932
data\raw\brri_rice_disease_pest\Rice Blast\RB_665.jpg,brri_rice_disease_pest,0.08821855663492674,1,0.08821855663492674
data\raw\brri_rice_disease_pest\Rice Blast\RB_666.jpg,brri_rice_disease_pest,0.07313893969415232,1,0.07313893969415232
data\raw\brri_rice_disease_pest\Rice Blast\RB_667.jpg,brri_rice_disease_pest,0.07558711832545852,1,0.07558711832545852
data\raw\brri_rice_disease_pest\Rice Blast\RB_668.jpg,brri_rice_disease_pest,0.2788999919558333,1,0.2788999919558333
data\raw\brri_rice_disease_pest\Rice Blast\RB_669.jpg,brri_rice_disease_pest,0.2788999919558333,1,0.2788999919558333
data\raw\brri_rice_disease_pest\Rice Blast\RB_67.jpg,brri_rice_disease_pest,0.298812,1,0.298812
data\raw\brri_rice_disease_pest\Rice Blast\RB_670.jpg,brri_rice_disease_pest,0.21927974976959813,1,0.21927974976959813
data\raw\brri_rice_disease_pest\Rice Blast\RB_671.jpg,brri_rice_disease_pest,0.27995340733966706,1,0.27995340733966706
data\raw\brri_rice_disease_pest\Rice Blast\RB_672.jpg,brri_rice_disease_pest,0.1947143474063913,1,0.1947143474063913
data\raw\brri_rice_disease_pest\Rice Blast\RB_673.jpg,brri_rice_disease_pest,0.1947143474063913,1,0.1947143474063913
data\raw\brri_rice_disease_pest\Rice Blast\RB_674.jpg,brri_rice_disease_pest,0.1646450405595353,1,0.1646450405595353
data\raw\brri_rice_disease_pest\Rice Blast\RB_675.jpg,brri_rice_disease_pest,0.19058765068793723,1,0.19058765068793723
data\raw\brri_rice_disease_pest\Rice Blast\RB_676.jpg,brri_rice_disease_pest,0.06744050750671556,1,0.06744050750671556
data\raw\brri_rice_disease_pest\Rice Blast\RB_677.jpg,brri_rice_disease_pest,0.1646450405595353,1,0.1646450405595353
data\raw\brri_rice_disease_pest\Rice Blast\RB_678.jpg,brri_rice_disease_pest,0.10819245457162695,1,0.10819245457162695
data\raw\brri_rice_disease_pest\Rice Blast\RB_679.jpg,brri_rice_disease_pest,0.22021753120289927,1,0.22021753120289927
data\raw\brri_rice_disease_pest\Rice Blast\RB_68.jpg,brri_rice_disease_pest,0.06281012379549188,1,0.06281012379549188
data\raw\brri_rice_disease_pest\Rice Blast\RB_680.jpg,brri_rice_disease_pest,0.12906483295865742,1,0.12906483295865742
data\raw\brri_rice_disease_pest\Rice Blast\RB_681.jpg,brri_rice_disease_pest,0.20054927898863656,1,0.20054927898863656
data\raw\brri_rice_disease_pest\Rice Blast\RB_682.jpg,brri_rice_disease_pest,0.21012527731206287,1,0.21012527731206287
data\raw\brri_rice_disease_pest\Rice Blast\RB_683.jpg,brri_rice_disease_pest,0.12413207674981795,1,0.12413207674981795
data\raw\brri_rice_disease_pest\Rice Blast\RB_684.jpg,brri_rice_disease_pest,0.12413207674981795,1,0.12413207674981795
data\raw\brri_rice_disease_pest\Rice Blast\RB_685.jpg,brri_rice_disease_pest,0.2909606851936527,1,0.2909606851936527
data\raw\brri_rice_disease_pest\Rice Blast\RB_686.jpg,brri_rice_disease_pest,0.13934237600173272,1,0.13934237600173272
data\raw\brri_rice_disease_pest\Rice Blast\RB_687.jpg,brri_rice_disease_pest,0.2909606851936527,1,0.2909606851936527
data\raw\brri_rice_disease_pest\Rice Blast\RB_688.jpg,brri_rice_disease_pest,0.17356930261308404,1,0.17356930261308404
data\raw\brri_rice_disease_pest\Rice Blast\RB_689.jpg,brri_rice_disease_pest,0.2089762301918265,1,0.2089762301918265
data\raw\brri_rice_disease_pest\Rice Blast\RB_69.jpg,brri_rice_disease_pest,0.1865873575335738,1,0.1865873575335738
data\raw\brri_rice_disease_pest\Rice Blast\RB_690.jpg,brri_rice_disease_pest,0.17356930261308404,1,0.17356930261308404
data\raw\brri_rice_disease_pest\Rice Blast\RB_691.jpg,brri_rice_disease_pest,0.18729757277853987,1,0.18729757277853987
data\raw\brri_rice_disease_pest\Rice Blast\RB_692.jpg,brri_rice_disease_pest,0.18729757277853987,1,0.18729757277853987
data\raw\brri_rice_disease_pest\Rice Blast\RB_693.jpg,brri_rice_disease_pest,0.1417694414808041,1,0.1417694414808041
data\raw\brri_rice_disease_pest\Rice Blast\RB_694.jpg,brri_rice_disease_pest,0.15486586245165782,1,0.15486586245165782
data\raw\brri_rice_disease_pest\Rice Blast\RB_695.jpg,brri_rice_disease_pest,0.1407480337028268,1,0.1407480337028268
data\raw\brri_rice_disease_pest\Rice Blast\RB_696.jpg,brri_rice_disease_pest,0.03886,1,0.03886
data\raw\brri_rice_disease_pest\Rice Blast\RB_7.jpg,brri_rice_disease_pest,0.19589556978102932,1,0.19589556978102932
data\raw\brri_rice_disease_pest\Rice Blast\RB_70.jpg,brri_rice_disease_pest,0.1274919419748346,1,0.1274919419748346
data\raw\brri_rice_disease_pest\Rice Blast\RB_71.jpg,brri_rice_disease_pest,0.17788245778929362,1,0.17788245778929362
data\raw\brri_rice_disease_pest\Rice Blast\RB_72.jpg,brri_rice_disease_pest,0.081472,1,0.081472
data\raw\brri_rice_disease_pest\Rice Blast\RB_73.jpg,brri_rice_disease_pest,0.08063739611308703,1,0.08063739611308703
data\raw\brri_rice_disease_pest\Rice Blast\RB_74.jpg,brri_rice_disease_pest,0.24292298557130518,1,0.24292298557130518
data\raw\brri_rice_disease_pest\Rice Blast\RB_75.jpg,brri_rice_disease_pest,0.13848,1,0.13848
data\raw\brri_rice_disease_pest\Rice Blast\RB_76.jpg,brri_rice_disease_pest,0.21598164236481565,1,0.21598164236481565
data\raw\brri_rice_disease_pest\Rice Blast\RB_77.jpg,brri_rice_disease_pest,0.1477830451265573,1,0.1477830451265573
data\raw\brri_rice_disease_pest\Rice Blast\RB_78.jpg,brri_rice_disease_pest,0.1611219406541044,1,0.1611219406541044
data\raw\brri_rice_disease_pest\Rice Blast\RB_79.jpg,brri_rice_disease_pest,0.14290276931023388,1,0.14290276931023388
data\raw\brri_rice_disease_pest\Rice Blast\RB_8.jpg,brri_rice_disease_pest,0.16078752522098386,1,0.16078752522098386
data\raw\brri_rice_disease_pest\Rice Blast\RB_80.jpg,brri_rice_disease_pest,0.15885469722693832,1,0.15885469722693832
data\raw\brri_rice_disease_pest\Rice Blast\RB_81.jpg,brri_rice_disease_pest,0.13499461252519093,1,0.13499461252519093
data\raw\brri_rice_disease_pest\Rice Blast\RB_82.jpg,brri_rice_disease_pest,0.16718082662053305,1,0.16718082662053305
data\raw\brri_rice_disease_pest\Rice Blast\RB_83.jpg,brri_rice_disease_pest,0.10430197399968033,1,0.10430197399968033
data\raw\brri_rice_disease_pest\Rice Blast\RB_84.jpg,brri_rice_disease_pest,0.10716520650813517,1,0.10716520650813517
data\raw\brri_rice_disease_pest\Rice Blast\RB_85.jpg,brri_rice_disease_pest,0.32258112899355146,1,0.32258112899355146
data\raw\brri_rice_disease_pest\Rice Blast\RB_86.jpg,brri_rice_disease_pest,0.14008360641162423,1,0.14008360641162423
data\raw\brri_rice_disease_pest\Rice Blast\RB_87.jpg,brri_rice_disease_pest,0.16348948542735695,1,0.16348948542735695
data\raw\brri_rice_disease_pest\Rice Blast\RB_88.jpg,brri_rice_disease_pest,0.19999730097038054,1,0.19999730097038054
data\raw\brri_rice_disease_pest\Rice Blast\RB_89.jpg,brri_rice_disease_pest,0.27815855264272044,1,0.27815855264272044
data\raw\brri_rice_disease_pest\Rice Blast\RB_9.jpg,brri_rice_disease_pest,0.1758814713204288,1,0.1758814713204288
data\raw\brri_rice_disease_pest\Rice Blast\RB_90.jpg,brri_rice_disease_pest,0.118128,1,0.118128
data\raw\brri_rice_disease_pest\Rice Blast\RB_91.jpg,brri_rice_disease_pest,0.354534475605006,1,0.354534475605006
data\raw\brri_rice_disease_pest\Rice Blast\RB_92.jpg,brri_rice_disease_pest,0.16110349032159732,1,0.16110349032159732
data\raw\brri_rice_disease_pest\Rice Blast\RB_93.jpg,brri_rice_disease_pest,0.13350042115236394,1,0.13350042115236394
data\raw\brri_rice_disease_pest\Rice Blast\RB_94.jpg,brri_rice_disease_pest,0.1842460816440583,1,0.1842460816440583
data\raw\brri_rice_disease_pest\Rice Blast\RB_95.jpg,brri_rice_disease_pest,0.2004804801944148,1,0.2004804801944148
data\raw\brri_rice_disease_pest\Rice Blast\RB_96.jpg,brri_rice_disease_pest,0.14928226980981896,1,0.14928226980981896
data\raw\brri_rice_disease_pest\Rice Blast\RB_97.jpg,brri_rice_disease_pest,0.29624656138386257,1,0.29624656138386257
data\raw\brri_rice_disease_pest\Rice Blast\RB_98.jpg,brri_rice_disease_pest,0.15502915969876455,1,0.15502915969876455
data\raw\brri_rice_disease_pest\Rice Blast\RB_99.jpg,brri_rice_disease_pest,0.08656377377717392,1,0.08656377377717392
data\raw\brri_rice_disease_pest\Rice Leaffolder\RLF_1.jpg,brri_rice_disease_pest,0.09543953961963793,1,0.09543953961963793
data\raw\brri_rice_disease_pest\Rice Leaffolder\RLF_10.jpg,brri_rice_disease_pest,0.0282863596335247,1,0.0282863596335247
data\raw\brri_rice_disease_pest\Rice Leaffolder\RLF_100.jpg,brri_rice_disease_pest,0.0465442365662416,1,0.0465442365662416
data\raw\brri_rice_disease_pest\Rice Leaffolder\RLF_101.jpg,brri_rice_disease_pest,0.15388358608951888,1,0.15388358608951888
data\raw\brri_rice_disease_pest\Rice Leaffolder\RLF_102.jpg,brri_rice_disease_pest,0.11364,1,0.11364
data\raw\brri_rice_disease_pest\Rice Leaffolder\RLF_103.jpg,brri_rice_disease_pest,0.08788003428436318,1,0.08788003428436318
data\raw\brri_rice_disease_pest\Rice Leaffolder\RLF_104.jpg,brri_rice_disease_pest,0.12178320977759968,1,0.12178320977759968
data\raw\brri_rice_disease_pest\Rice Leaffolder\RLF_105.jpg,brri_rice_disease_pest,0.12521963969084338,1,0.12521963969084338
data\raw\brri_rice_disease_pest\Rice Leaffolder\RLF_106.jpg,brri_rice_disease_pest,0.15986458280411184,1,0.15986458280411184
data\raw\brri_rice_disease_pest\Rice Leaffolder\RLF_107.jpg,brri_rice_disease_pest,0.0512724925943296,1,0.0512724925943296
data\raw\brri_rice_disease_pest\Rice Leaffolder\RLF_108.jpg,brri_rice_disease_pest,0.2274518364543951,1,0.2274518364543951
data\raw\brri_rice_disease_pest\Rice Leaffolder\RLF_109.jpg,brri_rice_disease_pest,0.038072,1,0.038072
data\raw\brri_rice_disease_pest\Rice Leaffolder\RLF_11.jpg,brri_rice_disease_pest,0.14207749826470936,1,0.14207749826470936
data\raw\brri_rice_disease_pest\Rice Leaffolder\RLF_110.jpg,brri_rice_disease_pest,0.030659269988720764,1,0.030659269988720764
data\raw\brri_rice_disease_pest\Rice Leaffolder\RLF_111.jpg,brri_rice_disease_pest,0.08651228070175439,1,0.08651228070175439
data\raw\brri_rice_disease_pest\Rice Leaffolder\RLF_112.jpg,brri_rice_disease_pest,0.106496,1,0.106496
data\raw\brri_rice_disease_pest\Rice Leaffolder\RLF_113.jpg,brri_rice_disease_pest,0.13149513539602703,1,0.13149513539602703
data\raw\brri_rice_disease_pest\Rice Leaffolder\RLF_114.jpg,brri_rice_disease_pest,0.023184359862358225,1,0.023184359862358225
data\raw\brri_rice_disease_pest\Rice Leaffolder\RLF_115.jpg,brri_rice_disease_pest,0.15937005046958758,1,0.15937005046958758
data\raw\brri_rice_disease_pest\Rice Leaffolder\RLF_116.jpg,brri_rice_disease_pest,0.088476,1,0.088476
data\raw\brri_rice_disease_pest\Rice Leaffolder\RLF_117.jpg,brri_rice_disease_pest,0.1427819985748464,1,0.1427819985748464
data\raw\brri_rice_disease_pest\Rice Leaffolder\RLF_118.jpg,brri_rice_disease_pest,0.17577088067276858,1,0.17577088067276858
data\raw\brri_rice_disease_pest\Rice Leaffolder\RLF_119.jpg,brri_rice_disease_pest,0.058784,1,0.058784
data\raw\brri_rice_disease_pest\Rice Leaffolder\RLF_12.jpg,brri_rice_disease_pest,0.08069516418567631,1,0.08069516418567631
data\raw\brri_rice_disease_pest\Rice Leaffolder\RLF_120.jpg,brri_rice_disease_pest,0.19973937795741326,1,0.19973937795741326
data\raw\brri_rice_disease_pest\Rice Leaffolder\RLF_121.jpg,brri_rice_disease_pest,0.044728,1,0.044728
data\raw\brri_rice_disease_pest\Rice Leaffolder\RLF_122.jpg,brri_rice_disease_pest,0.1532925915075481,1,0.1532925915075481
data\raw\brri_rice_disease_pest\Rice Leaffolder\RLF_123.jpg,brri_rice_disease_pest,0.1637183739524748,1,0.1637183739524748
data\raw\brri_rice_disease_pest\Rice Leaffolder\RLF_124.jpg,brri_rice_disease_pest,0.030802014005317617,1,0.030802014005317617
data\raw\brri_rice_disease_pest\Rice Leaffolder\RLF_125.jpg,brri_rice_disease_pest,0.02366804849052227,1,0.02366804849052227
data\raw\brri_rice_disease_pest\Rice Leaffolder\RLF_126.jpg,brri_rice_disease_pest,0.10738203957382039,1,0.10738203957382039
data\raw\brri_rice_disease_pest\Rice Leaffolder\RLF_127.jpg,brri_rice_disease_pest,0.06311184930401091,1,0.06311184930401091
data\raw\brri_rice_disease_pest\Rice Leaffolder\RLF_128.jpg,brri_rice_disease_pest,0.10534419708731635,1,0.10534419708731635
data\raw\brri_rice_disease_pest\Rice Leaffolder\RLF_129.jpg,brri_rice_disease_pest,0.02124124124124124,1,0.02124124124124124
data\raw\brri_rice_disease_pest\Rice Leaffolder\RLF_13.jpg,brri_rice_disease_pest,0.04016208995918644,1,0.04016208995918644
data\raw\brri_rice_disease_pest\Rice Leaffolder\RLF_130.jpg,brri_rice_disease_pest,0.012587866595064242,1,0.012587866595064242
data\raw\brri_rice_disease_pest\Rice Leaffolder\RLF_131.jpg,brri_rice_disease_pest,0.12439146788732659,1,0.12439146788732659
data\raw\brri_rice_disease_pest\Rice Leaffolder\RLF_132.jpg,brri_rice_disease_pest,0.076492,1,0.076492
data\raw\brri_rice_disease_pest\Rice Leaffolder\RLF_133.jpg,brri_rice_disease_pest,0.06014887183713471,1,0.06014887183713471
data\raw\brri_rice_disease_pest\Rice Leaffolder\RLF_134.jpg,brri_rice_disease_pest,0.029888,1,0.029888
data\raw\brri_rice_disease_pest\Rice Leaffolder\RLF_135.jpg,brri_rice_disease_pest,0.1899776350573015,1,0.1899776350573015
data\raw\brri_rice_disease_pest\Rice Leaffolder\RLF_136.jpg,brri_rice_disease_pest,0.03640655513038414,1,0.03640655513038414
data\raw\brri_rice_disease_pest\Rice Leaffolder\RLF_137.jpg,brri_rice_disease_pest,0.05865005296190703,1,0.05865005296190703
data\raw\brri_rice_disease_pest\Rice Leaffolder\RLF_138.jpg,brri_rice_disease_pest,0.1007396928821826,1,0.1007396928821826
data\raw\brri_rice_disease_pest\Rice Leaffolder\RLF_139.jpg,brri_rice_disease_pest,0.217348,1,0.217348
data\raw\brri_rice_disease_pest\Rice Leaffolder\RLF_14.jpg,brri_rice_disease_pest,0.12258155404507325,1,0.12258155404507325
data\raw\brri_rice_disease_pest\Rice Leaffolder\RLF_140.jpg,brri_rice_disease_pest,0.12086023275074859,1,0.12086023275074859
data\raw\brri_rice_disease_pest\Rice Leaffolder\RLF_141.jpg,brri_rice_disease_pest,0.04720364654778235,1,0.04720364654778235
data\raw\brri_rice_disease_pest\Rice Leaffolder\RLF_142.jpg,brri_rice_disease_pest,0.15775498995113493,1,0.15775498995113493
data\raw\brri_rice_disease_pest\Rice Leaffolder\RLF_143.jpg,brri_rice_disease_pest,0.18715341560661725,1,0.18715341560661725
data\raw\brri_rice_disease_pest\Rice Leaffolder\RLF_144.jpg,brri_rice_disease_pest,0.14888537198177917,1,0.14888537198177917
data\raw\brri_rice_disease_pest\Rice Leaffolder\RLF_145.jpg,brri_rice_disease_pest,0.07029964203423304,1,0.07029964203423304
data\raw\brri_rice_disease_pest\Rice Leaffolder\RLF_146.jpg,brri_rice_disease_pest,0.1821812440889029,1,0.1821812440889029
data\raw\brri_rice_disease_pest\Rice Leaffolder\RLF_147.jpg,brri_rice_disease_pest,0.10009030439699293,1,0.10009030439699293
data\raw\brri_rice_disease_pest\Rice Leaffolder\RLF_148.jpg,brri_rice_disease_pest,0.11491965359277888,1,0.11491965359277888
data\raw\brri_rice_disease_pest\Rice Leaffolder\RLF_149.jpg,brri_rice_disease_pest,0.15384362986672087,1,0.15384362986672087
data\raw\brri_rice_disease_pest\Rice Leaffolder\RLF_15.jpg,brri_rice_disease_pest,0.060728,1,0.060728
data\raw\brri_rice_disease_pest\Rice Leaffolder\RLF_150.jpg,brri_rice_disease_pest,0.1501769187454487,1,0.1501769187454487
data\raw\brri_rice_disease_pest\Rice Leaffolder\RLF_151.jpg,brri_rice_disease_pest,0.22864353121983438,1,0.22864353121983438
data\raw\brri_rice_disease_pest\Rice Leaffolder\RLF_152.jpg,brri_rice_disease_pest,0.14105905303742616,1,0.14105905303742616
data\raw\brri_rice_disease_pest\Rice Leaffolder\RLF_153.jpg,brri_rice_disease_pest,0.10273591635760132,1,0.10273591635760132
data\raw\brri_rice_disease_pest\Rice Leaffolder\RLF_154.jpg,brri_rice_disease_pest,0.10708810803671134,1,0.10708810803671134
data\raw\brri_rice_disease_pest\Rice Leaffolder\RLF_155.jpg,brri_rice_disease_pest,0.06253122406814679,1,0.06253122406814679
data\raw\brri_rice_disease_pest\Rice Leaffolder\RLF_156.jpg,brri_rice_disease_pest,0.285912,1,0.285912
data\raw\brri_rice_disease_pest\Rice Leaffolder\RLF_157.jpg,brri_rice_disease_pest,0.15172542083693205,1,0.15172542083693205
data\raw\brri_rice_disease_pest\Rice Leaffolder\RLF_158.jpg,brri_rice_disease_pest,0.12988963828411582,1,0.12988963828411582
data\raw\brri_rice_disease_pest\Rice Leaffolder\RLF_159.jpg,brri_rice_disease_pest,0.14492248454025314,1,0.14492248454025314
data\raw\brri_rice_disease_pest\Rice Leaffolder\RLF_16.jpg,brri_rice_disease_pest,0.14750524279300567,1,0.14750524279300567
data\raw\brri_rice_disease_pest\Rice Leaffolder\RLF_160.jpg,brri_rice_disease_pest,0.14026980547583254,1,0.14026980547583254
data\raw\brri_rice_disease_pest\Rice Leaffolder\RLF_161.jpg,brri_rice_disease_pest,0.11748636782340266,1,0.11748636782340266
data\raw\brri_rice_disease_pest\Rice Leaffolder\RLF_162.jpg,brri_rice_disease_pest,0.07320965080044896,1,0.07320965080044896
data\raw\brri_rice_disease_pest\Rice Leaffolder\RLF_163.jpg,brri_rice_disease_pest,0.17938412377855678,1,0.17938412377855678
data\raw\brri_rice_disease_pest\Rice Leaffolder\RLF_164.jpg,brri_rice_disease_pest,0.1839137305458179,1,0.1839137305458179
data\raw\brri_rice_disease_pest\Rice Leaffolder\RLF_165.jpg,brri_rice_disease_pest,0.2794273611746177,1,0.2794273611746177
data\raw\brri_rice_disease_pest\Rice Leaffolder\RLF_166.jpg,brri_rice_disease_pest,0.11712703644430897,1,0.11712703644430897
data\raw\brri_rice_disease_pest\Rice Leaffolder\RLF_167.jpg,brri_rice_disease_pest,0.17177550635912547,1,0.17177550635912547
data\raw\brri_rice_disease_pest\Rice Leaffolder\RLF_168.jpg,brri_rice_disease_pest,0.06553931904011923,1,0.06553931904011923
data\raw\brri_rice_disease_pest\Rice Leaffolder\RLF_169.jpg,brri_rice_disease_pest,0.12984,1,0.12984
data\raw\brri_rice_disease_pest\Rice Leaffolder\RLF_17.jpg,brri_rice_disease_pest,0.032477529255364186,1,0.032477529255364186
data\raw\brri_rice_disease_pest\Rice Leaffolder\RLF_170.jpg,brri_rice_disease_pest,0.11768166057003505,1,0.11768166057003505
data\raw\brri_rice_disease_pest\Rice Leaffolder\RLF_171.jpg,brri_rice_disease_pest,0.035004,1,0.035004
data\raw\brri_rice_disease_pest\Rice Leaffolder\RLF_172.jpg,brri_rice_disease_pest,0.12317979087901701,1,0.12317979087901701
data\raw\brri_rice_disease_pest\Rice Leaffolder\RLF_173.jpg,brri_rice_disease_pest,0.07611003233239186,1,0.07611003233239186
data\raw\brri_rice_disease_pest\Rice Leaffolder\RLF_174.jpg,brri_rice_disease_pest,0.16328539033282902,1,0.16328539033282902
data\raw\brri_rice_disease_pest\Rice Leaffolder\RLF_175.jpg,brri_rice_disease_pest,0.13432534115075614,1,0.13432534115075614
data\raw\brri_rice_disease_pest\Rice Leaffolder\RLF_176.jpg,brri_rice_disease_pest,0.14539851239139495,1,0.14539851239139495
data\raw\brri_rice_disease_pest\Rice Leaffolder\RLF_177.jpg,brri_rice_disease_pest,0.10339215101017799,1,0.10339215101017799
data\raw\brri_rice_disease_pest\Rice Leaffolder\RLF_178.jpg,brri_rice_disease_pest,0.19243940941068707,1,0.19243940941068707
data\raw\brri_rice_disease_pest\Rice Leaffolder\RLF_179.jpg,brri_rice_disease_pest,0.02238662336100084,1,0.02238662336100084
data\raw\brri_rice_disease_pest\Rice Leaffolder\RLF_18.jpg,brri_rice_disease_pest,0.11384983459357279,1,0.11384983459357279
data\raw\brri_rice_disease_pest\Rice Leaffolder\RLF_180.jpg,brri_rice_disease_pest,0.23121792917746278,1,0.23121792917746278
data\raw\brri_rice_disease_pest\Rice Leaffolder\RLF_181.jpg,brri_rice_disease_pest,0.12081450357809935,1,0.12081450357809935
data\raw\brri_rice_disease_pest\Rice Leaffolder\RLF_182.jpg,brri_rice_disease_pest,0.057964,1,0.057964
data\raw\brri_rice_disease_pest\Rice Leaffolder\RLF_183.jpg,brri_rice_disease_pest,0.1625159824891192,1,0.1625159824891192
data\raw\brri_rice_disease_pest\Rice Leaffolder\RLF_184.jpg,brri_rice_disease_pest,0.15416883647479213,1,0.15416883647479213
data\raw\brri_rice_disease_pest\Rice Leaffolder\RLF_185.jpg,brri_rice_disease_pest,0.018438341462175482,1,0.018438341462175482
data\raw\brri_rice_disease_pest\Rice Leaffolder\RLF_186.jpg,brri_rice_disease_pest,0.145496,1,0.145496
data\raw\brri_rice_disease_pest\Rice Leaffolder\RLF_187.jpg,brri_rice_disease_pest,0.1737952801910278,1,0.1737952801910278
data\raw\brri_rice_disease_pest\Rice Leaffolder\RLF_188.jpg,brri_rice_disease_pest,0.13049498049337957,1,0.13049498049337957
data\raw\brri_rice_disease_pest\Rice Leaffolder\RLF_189.jpg,brri_rice_disease_pest,0.23624526875984353,1,0.23624526875984353
data\raw\brri_rice_disease_pest\Rice Leaffolder\RLF_19.jpg,brri_rice_disease_pest,0.15324282158190383,1,0.15324282158190383
data\raw\brri_rice_disease_pest\Rice Leaffolder\RLF_190.jpg,brri_rice_disease_pest,0.04866524360784897,1,0.04866524360784897
data\raw\brri_rice_disease_pest\Rice Leaffolder\RLF_191.jpg,brri_rice_disease_pest,0.04866524360784897,1,0.04866524360784897
data\raw\brri_rice_disease_pest\Rice Leaffolder\RLF_192.jpg,brri_rice_disease_pest,0.09668592983499331,1,0.09668592983499331
data\raw\brri_rice_disease_pest\Rice Leaffolder\RLF_193.jpg,brri_rice_disease_pest,0.10698027273958916,1,0.10698027273958916
data\raw\brri_rice_disease_pest\Rice Leaffolder\RLF_194.jpg,brri_rice_disease_pest,0.2296606949313282,1,0.2296606949313282
data\raw\brri_rice_disease_pest\Rice Leaffolder\RLF_195.jpg,brri_rice_disease_pest,0.28096977721891986,1,0.28096977721891986
data\raw\brri_rice_disease_pest\Rice Leaffolder\RLF_196.jpg,brri_rice_disease_pest,0.17869382211457596,1,0.17869382211457596
data\raw\brri_rice_disease_pest\Rice Leaffolder\RLF_197.jpg,brri_rice_disease_pest,0.07778512639623751,1,0.07778512639623751
data\raw\brri_rice_disease_pest\Rice Leaffolder\RLF_198.jpg,brri_rice_disease_pest,0.0761729665193314,1,0.0761729665193314
data\raw\brri_rice_disease_pest\Rice Leaffolder\RLF_199.jpg,brri_rice_disease_pest,0.18347303921568628,1,0.18347303921568628
data\raw\brri_rice_disease_pest\Rice Leaffolder\RLF_2.jpg,brri_rice_disease_pest,0.13869466460058597,1,0.13869466460058597
data\raw\brri_rice_disease_pest\Rice Leaffolder\RLF_20.jpg,brri_rice_disease_pest,0.05550334043448724,1,0.05550334043448724
data\raw\brri_rice_disease_pest\Rice Leaffolder\RLF_200.jpg,brri_rice_disease_pest,0.08948976697319176,1,0.08948976697319176
data\raw\brri_rice_disease_pest\Rice Leaffolder\RLF_201.jpg,brri_rice_disease_pest,0.07837849709563244,1,0.07837849709563244
data\raw\brri_rice_disease_pest\Rice Leaffolder\RLF_202.jpg,brri_rice_disease_pest,0.118904,1,0.118904
data\raw\brri_rice_disease_pest\Rice Leaffolder\RLF_203.jpg,brri_rice_disease_pest,0.1650461904519975,1,0.1650461904519975
data\raw\brri_rice_disease_pest\Rice Leaffolder\RLF_204.jpg,brri_rice_disease_pest,0.03302553811241511,1,0.03302553811241511
data\raw\brri_rice_disease_pest\Rice Leaffolder\RLF_205.jpg,brri_rice_disease_pest,0.20710950862842722,1,0.20710950862842722
data\raw\brri_rice_disease_pest\Rice Leaffolder\RLF_206.jpg,brri_rice_disease_pest,0.1124837414365659,1,0.1124837414365659
data\raw\brri_rice_disease_pest\Rice Leaffolder\RLF_207.jpg,brri_rice_disease_pest,0.08165781808328676,1,0.08165781808328676
data\raw\brri_rice_disease_pest\Rice Leaffolder\RLF_208.jpg,brri_rice_disease_pest,0.08241130779284221,1,0.08241130779284221
data\raw\brri_rice_disease_pest\Rice Leaffolder\RLF_209.jpg,brri_rice_disease_pest,0.10844780394248844,1,0.10844780394248844
data\raw\brri_rice_disease_pest\Rice Leaffolder\RLF_21.jpg,brri_rice_disease_pest,0.08775550813730969,1,0.08775550813730969
data\raw\brri_rice_disease_pest\Rice Leaffolder\RLF_210.jpg,brri_rice_disease_pest,0.11861520728547477,1,0.11861520728547477
data\raw\brri_rice_disease_pest\Rice Leaffolder\RLF_211.jpg,brri_rice_disease_pest,0.07555959880776981,1,0.07555959880776981
data\raw\brri_rice_disease_pest\Rice Leaffolder\RLF_212.jpg,brri_rice_disease_pest,0.04730453563714903,1,0.04730453563714903
data\raw\brri_rice_disease_pest\Rice Leaffolder\RLF_213.jpg,brri_rice_disease_pest,0.08606210863657845,1,0.08606210863657845
data\raw\brri_rice_disease_pest\Rice Leaffolder\RLF_214.jpg,brri_rice_disease_pest,0.056870612545289856,1,0.056870612545289856
data\raw\brri_rice_disease_pest\Rice Leaffolder\RLF_215.jpg,brri_rice_disease_pest,0.03267545809412522,1,0.03267545809412522
data\raw\brri_rice_disease_pest\Rice Leaffolder\RLF_216.jpg,brri_rice_disease_pest,0.13816306160984945,1,0.13816306160984945
data\raw\brri_rice_disease_pest\Rice Leaffolder\RLF_217.jpg,brri_rice_disease_pest,0.08138500440312282,1,0.08138500440312282
data\raw\brri_rice_disease_pest\Rice Leaffolder\RLF_218.jpg,brri_rice_disease_pest,0.11931592454869057,1,0.11931592454869057
data\raw\brri_rice_disease_pest\Rice Leaffolder\RLF_219.jpg,brri_rice_disease_pest,0.07056285225442833,1,0.07056285225442833
data\raw\brri_rice_disease_pest\Rice Leaffolder\RLF_22.jpg,brri_rice_disease_pest,0.10656112931633051,1,0.10656112931633051
data\raw\brri_rice_disease_pest\Rice Leaffolder\RLF_220.jpg,brri_rice_disease_pest,0.08719982556859557,1,0.08719982556859557
data\raw\brri_rice_disease_pest\Rice Leaffolder\RLF_221.jpg,brri_rice_disease_pest,0.037463613495217776,1,0.037463613495217776
data\raw\brri_rice_disease_pest\Rice Leaffolder\RLF_222.jpg,brri_rice_disease_pest,0.09401309073440221,1,0.09401309073440221
data\raw\brri_rice_disease_pest\Rice Leaffolder\RLF_223.jpg,brri_rice_disease_pest,0.12620265584514556,1,0.12620265584514556
data\raw\brri_rice_disease_pest\Rice Leaffolder\RLF_224.jpg,brri_rice_disease_pest,0.08461841841674736,1,0.08461841841674736
data\raw\brri_rice_disease_pest\Rice Leaffolder\RLF_225.jpg,brri_rice_disease_pest,0.014439279242662873,1,0.014439279242662873
data\raw\brri_rice_disease_pest\Rice Leaffolder\RLF_226.jpg,brri_rice_disease_pest,0.13137394367389796,1,0.13137394367389796
data\raw\brri_rice_disease_pest\Rice Leaffolder\RLF_227.jpg,brri_rice_disease_pest,0.03870673085064946,1,0.03870673085064946
data\raw\brri_rice_disease_pest\Rice Leaffolder\RLF_228.jpg,brri_rice_disease_pest,0.06603731646598587,1,0.06603731646598587
data\raw\brri_rice_disease_pest\Rice Leaffolder\RLF_229.jpg,brri_rice_disease_pest,0.023823434774509305,1,0.023823434774509305
data\raw\brri_rice_disease_pest\Rice Leaffolder\RLF_23.jpg,brri_rice_disease_pest,0.09168665766866331,1,0.09168665766866331
data\raw\brri_rice_disease_pest\Rice Leaffolder\RLF_230.jpg,brri_rice_disease_pest,0.050797607742052185,1,0.050797607742052185
data\raw\brri_rice_disease_pest\Rice Leaffolder\RLF_231.jpg,brri_rice_disease_pest,0.17772977738827075,1,0.17772977738827075
data\raw\brri_rice_disease_pest\Rice Leaffolder\RLF_232.jpg,brri_rice_disease_pest,0.24648702772273876,1,0.24648702772273876
data\raw\brri_rice_disease_pest\Rice Leaffolder\RLF_233.jpg,brri_rice_disease_pest,0.1898338667885993,1,0.1898338667885993
data\raw\brri_rice_disease_pest\Rice Leaffolder\RLF_234.jpg,brri_rice_disease_pest,0.2726829624549103,1,0.2726829624549103
data\raw\brri_rice_disease_pest\Rice Leaffolder\RLF_235.jpg,brri_rice_disease_pest,0.10363554709349856,1,0.10363554709349856
data\raw\brri_rice_disease_pest\Rice Leaffolder\RLF_236.jpg,brri_rice_disease_pest,0.04585168539325843,1,0.04585168539325843
data\raw\brri_rice_disease_pest\Rice Leaffolder\RLF_237.jpg,brri_rice_disease_pest,0.10254539661975648,1,0.10254539661975648
data\raw\brri_rice_disease_pest\Rice Leaffolder\RLF_238.jpg,brri_rice_disease_pest,0.1225632733685372,1,0.1225632733685372
data\raw\brri_rice_disease_pest\Rice Leaffolder\RLF_239.jpg,brri_rice_disease_pest,0.076019878980101,1,0.076019878980101
data\raw\brri_rice_disease_pest\Rice Leaffolder\RLF_24.jpg,brri_rice_disease_pest,0.13800588282612744,1,0.13800588282612744
data\raw\brri_rice_disease_pest\Rice Leaffolder\RLF_240.jpg,brri_rice_disease_pest,0.039124,1,0.039124
data\raw\brri_rice_disease_pest\Rice Leaffolder\RLF_241.jpg,brri_rice_disease_pest,0.10915008086504428,1,0.10915008086504428
data\raw\brri_rice_disease_pest\Rice Leaffolder\RLF_242.jpg,brri_rice_disease_pest,0.05820933673728598,1,0.05820933673728598
data\raw\brri_rice_disease_pest\Rice Leaffolder\RLF_243.jpg,brri_rice_disease_pest,0.04025655599586784,1,0.04025655599586784
data\raw\brri_rice_disease_pest\Rice Leaffolder\RLF_244.jpg,brri_rice_disease_pest,0.16787911310945147,1,0.16787911310945147
data\raw\brri_rice_disease_pest\Rice Leaffolder\RLF_245.jpg,brri_rice_disease_pest,0.030001011604602782,1,0.030001011604602782
data\raw\brri_rice_disease_pest\Rice Leaffolder\RLF_246.jpg,brri_rice_disease_pest,0.06380717709021322,1,0.06380717709021322
data\raw\brri_rice_disease_pest\Rice Leaffolder\RLF_247.jpg,brri_rice_disease_pest,0.0757477370488916,1,0.0757477370488916
data\raw\brri_rice_disease_pest\Rice Leaffolder\RLF_25.jpg,brri_rice_disease_pest,0.014461633983546334,1,0.014461633983546334
data\raw\brri_rice_disease_pest\Rice Leaffolder\RLF_26.jpg,brri_rice_disease_pest,0.13882648201205103,1,0.13882648201205103
data\raw\brri_rice_disease_pest\Rice Leaffolder\RLF_27.jpg,brri_rice_disease_pest,0.09678411688209332,1,0.09678411688209332
data\raw\brri_rice_disease_pest\Rice Leaffolder\RLF_28.jpg,brri_rice_disease_pest,0.06867608861797023,1,0.06867608861797023
data\raw\brri_rice_disease_pest\Rice Leaffolder\RLF_29.jpg,brri_rice_disease_pest,0.1127008924791275,1,0.1127008924791275
data\raw\brri_rice_disease_pest\Rice Leaffolder\RLF_3.jpg,brri_rice_disease_pest,0.1144671638556116,1,0.1144671638556116
data\raw\brri_rice_disease_pest\Rice Leaffolder\RLF_30.jpg,brri_rice_disease_pest,0.05746419287371505,1,0.05746419287371505
data\raw\brri_rice_disease_pest\Rice Leaffolder\RLF_31.jpg,brri_rice_disease_pest,0.06018544979593219,1,0.06018544979593219
data\raw\brri_rice_disease_pest\Rice Leaffolder\RLF_32.jpg,brri_rice_disease_pest,0.05814166729903811,1,0.05814166729903811
data\raw\brri_rice_disease_pest\Rice Leaffolder\RLF_33.jpg,brri_rice_disease_pest,0.027825672322985995,1,0.027825672322985995
data\raw\brri_rice_disease_pest\Rice Leaffolder\RLF_34.jpg,brri_rice_disease_pest,0.02869886892279064,1,0.02869886892279064
data\raw\brri_rice_disease_pest\Rice Leaffolder\RLF_35.jpg,brri_rice_disease_pest,0.07171454004301513,1,0.07171454004301513
data\raw\brri_rice_disease_pest\Rice Leaffolder\RLF_36.jpg,brri_rice_disease_pest,0.07371815557065217,1,0.07371815557065217
data\raw\brri_rice_disease_pest\Rice Leaffolder\RLF_37.jpg,brri_rice_disease_pest,0.11865489889752578,1,0.11865489889752578
data\raw\brri_rice_disease_pest\Rice Leaffolder\RLF_38.jpg,brri_rice_disease_pest,0.06614739453674068,1,0.06614739453674068
data\raw\brri_rice_disease_pest\Rice Leaffolder\RLF_39.jpg,brri_rice_disease_pest,0.05725250427610967,1,0.05725250427610967
data\raw\brri_rice_disease_pest\Rice Leaffolder\RLF_4.jpg,brri_rice_disease_pest,0.03546339692458805,1,0.03546339692458805
data\raw\brri_rice_disease_pest\Rice Leaffolder\RLF_40.jpg,brri_rice_disease_pest,0.069168,1,0.069168
data\raw\brri_rice_disease_pest\Rice Leaffolder\RLF_41.jpg,brri_rice_disease_pest,0.09282355867749054,1,0.09282355867749054
data\raw\brri_rice_disease_pest\Rice Leaffolder\RLF_42.jpg,brri_rice_disease_pest,0.049224,1,0.049224
data\raw\brri_rice_disease_pest\Rice Leaffolder\RLF_43.jpg,brri_rice_disease_pest,0.08446472518457752,1,0.08446472518457752
data\raw\brri_rice_disease_pest\Rice Leaffolder\RLF_44.jpg,brri_rice_disease_pest,0.06078770385611949,1,0.06078770385611949
data\raw\brri_rice_disease_pest\Rice Leaffolder\RLF_45.jpg,brri_rice_disease_pest,0.07169972184118274,1,0.07169972184118274
data\raw\brri_rice_disease_pest\Rice Leaffolder\RLF_46.jpg,brri_rice_disease_pest,0.19264879591525683,1,0.19264879591525683
data\raw\brri_rice_disease_pest\Rice Leaffolder\RLF_47.jpg,brri_rice_disease_pest,0.12732152812647685,1,0.12732152812647685
data\raw\brri_rice_disease_pest\Rice Leaffolder\RLF_48.jpg,brri_rice_disease_pest,0.09864424037663636,1,0.09864424037663636
data\raw\brri_rice_disease_pest\Rice Leaffolder\RLF_49.jpg,brri_rice_disease_pest,0.1265551173601585,1,0.1265551173601585
data\raw\brri_rice_disease_pest\Rice Leaffolder\RLF_5.jpg,brri_rice_disease_pest,0.06740879396772172,1,0.06740879396772172
data\raw\brri_rice_disease_pest\Rice Leaffolder\RLF_50.jpg,brri_rice_disease_pest,0.027822570223889415,1,0.027822570223889415
data\raw\brri_rice_disease_pest\Rice Leaffolder\RLF_51.jpg,brri_rice_disease_pest,0.058915582821046926,1,0.058915582821046926
data\raw\brri_rice_disease_pest\Rice Leaffolder\RLF_52.jpg,brri_rice_disease_pest,0.0674851483685372,1,0.0674851483685372
data\raw\brri_rice_disease_pest\Rice Leaffolder\RLF_53.jpg,brri_rice_disease_pest,0.06613045944893224,1,0.06613045944893224
data\raw\brri_rice_disease_pest\Rice Leaffolder\RLF_54.jpg,brri_rice_disease_pest,0.11065893047022685,1,0.11065893047022685
data\raw\brri_rice_disease_pest\Rice Leaffolder\RLF_55.jpg,brri_rice_disease_pest,0.12250009691782845,1,0.12250009691782845
data\raw\brri_rice_disease_pest\Rice Leaffolder\RLF_56.jpg,brri_rice_disease_pest,0.14603648624684742,1,0.14603648624684742
data\raw\brri_rice_disease_pest\Rice Leaffolder\RLF_57.jpg,brri_rice_disease_pest,0.31695260503988215,1,0.31695260503988215
data\raw\brri_rice_disease_pest\Rice Leaffolder\RLF_58.jpg,brri_rice_disease_pest,0.043108,1,0.043108
data\raw\brri_rice_disease_pest\Rice Leaffolder\RLF_59.jpg,brri_rice_disease_pest,0.07725469525309489,1,0.07725469525309489
data\raw\brri_rice_disease_pest\Rice Leaffolder\RLF_6.jpg,brri_rice_disease_pest,0.14162761012040848,1,0.14162761012040848
data\raw\brri_rice_disease_pest\Rice Leaffolder\RLF_60.jpg,brri_rice_disease_pest,0.09078504200114489,1,0.09078504200114489
data\raw\brri_rice_disease_pest\Rice Leaffolder\RLF_61.jpg,brri_rice_disease_pest,0.11991924802549266,1,0.11991924802549266
data\raw\brri_rice_disease_pest\Rice Leaffolder\RLF_62.jpg,brri_rice_disease_pest,0.06452281353379018,1,0.06452281353379018
data\raw\brri_rice_disease_pest\Rice Leaffolder\RLF_63.jpg,brri_rice_disease_pest,0.0813603247947188,1,0.0813603247947188
data\raw\brri_rice_disease_pest\Rice Leaffolder\RLF_64.jpg,brri_rice_disease_pest,0.019794039331429855,1,0.019794039331429855
data\raw\brri_rice_disease_pest\Rice Leaffolder\RLF_65.jpg,brri_rice_disease_pest,0.0891821704424622,1,0.0891821704424622
data\raw\brri_rice_disease_pest\Rice Leaffolder\RLF_66.jpg,brri_rice_disease_pest,0.07029553938002127,1,0.07029553938002127
data\raw\brri_rice_disease_pest\Rice Leaffolder\RLF_67.jpg,brri_rice_disease_pest,0.06799781749055869,1,0.06799781749055869
data\raw\brri_rice_disease_pest\Rice Leaffolder\RLF_68.jpg,brri_rice_disease_pest,0.16228894646818745,1,0.16228894646818745
data\raw\brri_rice_disease_pest\Rice Leaffolder\RLF_69.jpg,brri_rice_disease_pest,0.03539092959888941,1,0.03539092959888941
data\raw\brri_rice_disease_pest\Rice Leaffolder\RLF_7.jpg,brri_rice_disease_pest,0.08422718843672204,1,0.08422718843672204
data\raw\brri_rice_disease_pest\Rice Leaffolder\RLF_70.jpg,brri_rice_disease_pest,0.16550830631941163,1,0.16550830631941163
data\raw\brri_rice_disease_pest\Rice Leaffolder\RLF_71.jpg,brri_rice_disease_pest,0.05638165818776005,1,0.05638165818776005
data\raw\brri_rice_disease_pest\Rice Leaffolder\RLF_72.jpg,brri_rice_disease_pest,0.13951026560529634,1,0.13951026560529634
data\raw\brri_rice_disease_pest\Rice Leaffolder\RLF_73.jpg,brri_rice_disease_pest,0.10582686396595208,1,0.10582686396595208
data\raw\brri_rice_disease_pest\Rice Leaffolder\RLF_74.jpg,brri_rice_disease_pest,0.03728709419295839,1,0.03728709419295839
data\raw\brri_rice_disease_pest\Rice Leaffolder\RLF_75.jpg,brri_rice_disease_pest,0.075244,1,0.075244
data\raw\brri_rice_disease_pest\Rice Leaffolder\RLF_76.jpg,brri_rice_disease_pest,0.08107155875630517,1,0.08107155875630517
data\raw\brri_rice_disease_pest\Rice Leaffolder\RLF_77.jpg,brri_rice_disease_pest,0.025732,1,0.025732
data\raw\brri_rice_disease_pest\Rice Leaffolder\RLF_78.jpg,brri_rice_disease_pest,0.09904240226986129,1,0.09904240226986129
data\raw\brri_rice_disease_pest\Rice Leaffolder\RLF_79.jpg,brri_rice_disease_pest,0.13245196785720334,1,0.13245196785720334
data\raw\brri_rice_disease_pest\Rice Leaffolder\RLF_8.jpg,brri_rice_disease_pest,0.11984096685844893,1,0.11984096685844893
data\raw\brri_rice_disease_pest\Rice Leaffolder\RLF_80.jpg,brri_rice_disease_pest,0.01172,1,0.01172
data\raw\brri_rice_disease_pest\Rice Leaffolder\RLF_81.jpg,brri_rice_disease_pest,0.17099675393550298,1,0.17099675393550298
data\raw\brri_rice_disease_pest\Rice Leaffolder\RLF_82.jpg,brri_rice_disease_pest,0.0762084165091635,1,0.0762084165091635
data\raw\brri_rice_disease_pest\Rice Leaffolder\RLF_83.jpg,brri_rice_disease_pest,0.14423258220972354,1,0.14423258220972354
data\raw\brri_rice_disease_pest\Rice Leaffolder\RLF_84.jpg,brri_rice_disease_pest,0.09258834627206809,1,0.09258834627206809
data\raw\brri_rice_disease_pest\Rice Leaffolder\RLF_85.jpg,brri_rice_disease_pest,0.029432,1,0.029432
data\raw\brri_rice_disease_pest\Rice Leaffolder\RLF_86.jpg,brri_rice_disease_pest,0.16951474818726356,1,0.16951474818726356
data\raw\brri_rice_disease_pest\Rice Leaffolder\RLF_87.jpg,brri_rice_disease_pest,0.07176107540022449,1,0.07176107540022449
data\raw\brri_rice_disease_pest\Rice Leaffolder\RLF_88.jpg,brri_rice_disease_pest,0.031932,1,0.031932
data\raw\brri_rice_disease_pest\Rice Leaffolder\RLF_89.jpg,brri_rice_disease_pest,0.12087688662515762,1,0.12087688662515762
data\raw\brri_rice_disease_pest\Rice Leaffolder\RLF_9.jpg,brri_rice_disease_pest,0.037852,1,0.037852
data\raw\brri_rice_disease_pest\Rice Leaffolder\RLF_90.jpg,brri_rice_disease_pest,0.1704889689071788,1,0.1704889689071788
data\raw\brri_rice_disease_pest\Rice Leaffolder\RLF_91.jpg,brri_rice_disease_pest,0.030152,1,0.030152
data\raw\brri_rice_disease_pest\Rice Leaffolder\RLF_92.jpg,brri_rice_disease_pest,0.15344025851197982,1,0.15344025851197982
data\raw\brri_rice_disease_pest\Rice Leaffolder\RLF_93.jpg,brri_rice_disease_pest,0.1134888772856242,1,0.1134888772856242
data\raw\brri_rice_disease_pest\Rice Leaffolder\RLF_94.jpg,brri_rice_disease_pest,0.064604,1,0.064604
data\raw\brri_rice_disease_pest\Rice Leaffolder\RLF_95.jpg,brri_rice_disease_pest,0.10266110202553594,1,0.10266110202553594
data\raw\brri_rice_disease_pest\Rice Leaffolder\RLF_96.jpg,brri_rice_disease_pest,0.11547048802485219,1,0.11547048802485219
data\raw\brri_rice_disease_pest\Rice Leaffolder\RLF_97.jpg,brri_rice_disease_pest,0.20057867177648173,1,0.20057867177648173
data\raw\brri_rice_disease_pest\Rice Leaffolder\RLF_98.jpg,brri_rice_disease_pest,0.044468,1,0.044468
data\raw\brri_rice_disease_pest\Rice Leaffolder\RLF_99.jpg,brri_rice_disease_pest,0.06344109591740227,1,0.06344109591740227
data\raw\brri_rice_disease_pest\Rice Stripes\RS_1.jpg,brri_rice_disease_pest,0.06794277845518129,1,0.06794277845518129
data\raw\brri_rice_disease_pest\Rice Stripes\RS_10.jpg,brri_rice_disease_pest,0.12627754068654845,1,0.12627754068654845
data\raw\brri_rice_disease_pest\Rice Stripes\RS_100.jpg,brri_rice_disease_pest,0.14284,1,0.14284
data\raw\brri_rice_disease_pest\Rice Stripes\RS_101.jpg,brri_rice_disease_pest,0.23767936254318708,1,0.23767936254318708
data\raw\brri_rice_disease_pest\Rice Stripes\RS_102.jpg,brri_rice_disease_pest,0.11808839796719944,1,0.11808839796719944
data\raw\brri_rice_disease_pest\Rice Stripes\RS_103.jpg,brri_rice_disease_pest,0.26871406586055646,1,0.26871406586055646
data\raw\brri_rice_disease_pest\Rice Stripes\RS_104.jpg,brri_rice_disease_pest,0.175828,1,0.175828
data\raw\brri_rice_disease_pest\Rice Stripes\RS_105.jpg,brri_rice_disease_pest,0.1625418811094608,1,0.1625418811094608
data\raw\brri_rice_disease_pest\Rice Stripes\RS_106.jpg,brri_rice_disease_pest,0.20784960017451887,1,0.20784960017451887
data\raw\brri_rice_disease_pest\Rice Stripes\RS_107.jpg,brri_rice_disease_pest,0.21769993834500373,1,0.21769993834500373
data\raw\brri_rice_disease_pest\Rice Stripes\RS_108.jpg,brri_rice_disease_pest,0.24864757447204863,1,0.24864757447204863
data\raw\brri_rice_disease_pest\Rice Stripes\RS_109.jpg,brri_rice_disease_pest,0.15303805761349307,1,0.15303805761349307
data\raw\brri_rice_disease_pest\Rice Stripes\RS_11.jpg,brri_rice_disease_pest,0.16054754314213618,1,0.16054754314213618
data\raw\brri_rice_disease_pest\Rice Stripes\RS_110.jpg,brri_rice_disease_pest,0.04436055997154522,1,0.04436055997154522
data\raw\brri_rice_disease_pest\Rice Stripes\RS_111.jpg,brri_rice_disease_pest,0.10116970120303877,1,0.10116970120303877
data\raw\brri_rice_disease_pest\Rice Stripes\RS_112.jpg,brri_rice_disease_pest,0.2506774035123372,1,0.2506774035123372
data\raw\brri_rice_disease_pest\Rice Stripes\RS_113.jpg,brri_rice_disease_pest,0.09898229357425567,1,0.09898229357425567
data\raw\brri_rice_disease_pest\Rice Stripes\RS_114.jpg,brri_rice_disease_pest,0.10032183641747401,1,0.10032183641747401
data\raw\brri_rice_disease_pest\Rice Stripes\RS_115.jpg,brri_rice_disease_pest,0.08058837890625,1,0.08058837890625
data\raw\brri_rice_disease_pest\Rice Stripes\RS_116.jpg,brri_rice_disease_pest,0.15420318776583175,1,0.15420318776583175
data\raw\brri_rice_disease_pest\Rice Stripes\RS_117.jpg,brri_rice_disease_pest,0.06363894919820753,1,0.06363894919820753
data\raw\brri_rice_disease_pest\Rice Stripes\RS_118.jpg,brri_rice_disease_pest,0.20294636216618236,1,0.20294636216618236
data\raw\brri_rice_disease_pest\Rice Stripes\RS_119.jpg,brri_rice_disease_pest,0.27835251232027636,1,0.27835251232027636
data\raw\brri_rice_disease_pest\Rice Stripes\RS_12.jpg,brri_rice_disease_pest,0.19920320411861336,1,0.19920320411861336
data\raw\brri_rice_disease_pest\Rice Stripes\RS_120.jpg,brri_rice_disease_pest,0.249336,1,0.249336
data\raw\brri_rice_disease_pest\Rice Stripes\RS_121.jpg,brri_rice_disease_pest,0.1399111406169807,1,0.1399111406169807
data\raw\brri_rice_disease_pest\Rice Stripes\RS_122.jpg,brri_rice_disease_pest,0.1383419516429155,1,0.1383419516429155
data\raw\brri_rice_disease_pest\Rice Stripes\RS_123.jpg,brri_rice_disease_pest,0.030599524931134974,1,0.030599524931134974
data\raw\brri_rice_disease_pest\Rice Stripes\RS_124.jpg,brri_rice_disease_pest,0.19933581804281345,1,0.19933581804281345
data\raw\brri_rice_disease_pest\Rice Stripes\RS_125.jpg,brri_rice_disease_pest,0.11240055928127488,1,0.11240055928127488
data\raw\brri_rice_disease_pest\Rice Stripes\RS_126.jpg,brri_rice_disease_pest,0.16853027461164816,1,0.16853027461164816
data\raw\brri_rice_disease_pest\Rice Stripes\RS_127.jpg,brri_rice_disease_pest,0.04880475543478261,1,0.04880475543478261
data\raw\brri_rice_disease_pest\Rice Stripes\RS_128.jpg,brri_rice_disease_pest,0.1658182669241121,1,0.1658182669241121
data\raw\brri_rice_disease_pest\Rice Stripes\RS_129.jpg,brri_rice_disease_pest,0.08654686935943204,1,0.08654686935943204
data\raw\brri_rice_disease_pest\Rice Stripes\RS_13.jpg,brri_rice_disease_pest,0.09092872021541432,1,0.09092872021541432
data\raw\brri_rice_disease_pest\Rice Stripes\RS_130.jpg,brri_rice_disease_pest,0.13388801038120882,1,0.13388801038120882
data\raw\brri_rice_disease_pest\Rice Stripes\RS_131.jpg,brri_rice_disease_pest,0.1619045709703288,1,0.1619045709703288
data\raw\brri_rice_disease_pest\Rice Stripes\RS_132.jpg,brri_rice_disease_pest,0.15940038151982142,1,0.15940038151982142
data\raw\brri_rice_disease_pest\Rice Stripes\RS_133.jpg,brri_rice_disease_pest,0.082144,1,0.082144
data\raw\brri_rice_disease_pest\Rice Stripes\RS_134.jpg,brri_rice_disease_pest,0.18158514363265862,1,0.18158514363265862
data\raw\brri_rice_disease_pest\Rice Stripes\RS_135.jpg,brri_rice_disease_pest,0.1326809016164907,1,0.1326809016164907
data\raw\brri_rice_disease_pest\Rice Stripes\RS_136.jpg,brri_rice_disease_pest,0.061135260879482706,1,0.061135260879482706
data\raw\brri_rice_disease_pest\Rice Stripes\RS_137.jpg,brri_rice_disease_pest,0.043044,1,0.043044
data\raw\brri_rice_disease_pest\Rice Stripes\RS_138.jpg,brri_rice_disease_pest,0.1308579232941876,1,0.1308579232941876
data\raw\brri_rice_disease_pest\Rice Stripes\RS_139.jpg,brri_rice_disease_pest,0.027036266651405953,1,0.027036266651405953
data\raw\brri_rice_disease_pest\Rice Stripes\RS_14.jpg,brri_rice_disease_pest,0.2455429110207418,1,0.2455429110207418
data\raw\brri_rice_disease_pest\Rice Stripes\RS_140.jpg,brri_rice_disease_pest,0.126912,1,0.126912
data\raw\brri_rice_disease_pest\Rice Stripes\RS_141.jpg,brri_rice_disease_pest,0.1335766779396462,1,0.1335766779396462
data\raw\brri_rice_disease_pest\Rice Stripes\RS_142.jpg,brri_rice_disease_pest,0.064728,1,0.064728
data\raw\brri_rice_disease_pest\Rice Stripes\RS_143.jpg,brri_rice_disease_pest,0.1490906017063433,1,0.1490906017063433
data\raw\brri_rice_disease_pest\Rice Stripes\RS_144.jpg,brri_rice_disease_pest,0.15974,1,0.15974
data\raw\brri_rice_disease_pest\Rice Stripes\RS_145.jpg,brri_rice_disease_pest,0.15521377777777778,1,0.15521377777777778
data\raw\brri_rice_disease_pest\Rice Stripes\RS_146.jpg,brri_rice_disease_pest,0.187936,1,0.187936
data\raw\brri_rice_disease_pest\Rice Stripes\RS_147.jpg,brri_rice_disease_pest,0.14284,1,0.14284
data\raw\brri_rice_disease_pest\Rice Stripes\RS_148.jpg,brri_rice_disease_pest,0.174646353444916,1,0.174646353444916
data\raw\brri_rice_disease_pest\Rice Stripes\RS_149.jpg,brri_rice_disease_pest,0.09832463168362887,1,0.09832463168362887
data\raw\brri_rice_disease_pest\Rice Stripes\RS_15.jpg,brri_rice_disease_pest,0.1468007502243899,1,0.1468007502243899
data\raw\brri_rice_disease_pest\Rice Stripes\RS_150.jpg,brri_rice_disease_pest,0.07540466167039851,1,0.07540466167039851
data\raw\brri_rice_disease_pest\Rice Stripes\RS_151.jpg,brri_rice_disease_pest,0.14448778768480414,1,0.14448778768480414
data\raw\brri_rice_disease_pest\Rice Stripes\RS_152.jpg,brri_rice_disease_pest,0.184863153906078,1,0.184863153906078
data\raw\brri_rice_disease_pest\Rice Stripes\RS_153.jpg,brri_rice_disease_pest,0.1968,1,0.1968
data\raw\brri_rice_disease_pest\Rice Stripes\RS_154.jpg,brri_rice_disease_pest,0.23392674939457062,1,0.23392674939457062
data\raw\brri_rice_disease_pest\Rice Stripes\RS_155.jpg,brri_rice_disease_pest,0.214016,1,0.214016
data\raw\brri_rice_disease_pest\Rice Stripes\RS_156.jpg,brri_rice_disease_pest,0.11193643203102509,1,0.11193643203102509
data\raw\brri_rice_disease_pest\Rice Stripes\RS_157.jpg,brri_rice_disease_pest,0.21516530950939272,1,0.21516530950939272
data\raw\brri_rice_disease_pest\Rice Stripes\RS_158.jpg,brri_rice_disease_pest,0.1058983593437375,1,0.1058983593437375
data\raw\brri_rice_disease_pest\Rice Stripes\RS_159.jpg,brri_rice_disease_pest,0.20071545453775677,1,0.20071545453775677
data\raw\brri_rice_disease_pest\Rice Stripes\RS_16.jpg,brri_rice_disease_pest,0.1375162028517019,1,0.1375162028517019
data\raw\brri_rice_disease_pest\Rice Stripes\RS_160.jpg,brri_rice_disease_pest,0.12358146798542426,1,0.12358146798542426
data\raw\brri_rice_disease_pest\Rice Stripes\RS_161.jpg,brri_rice_disease_pest,0.04176500749497873,1,0.04176500749497873
data\raw\brri_rice_disease_pest\Rice Stripes\RS_162.jpg,brri_rice_disease_pest,0.16395705261731783,1,0.16395705261731783
data\raw\brri_rice_disease_pest\Rice Stripes\RS_163.jpg,brri_rice_disease_pest,0.1707181218140866,1,0.1707181218140866
data\raw\brri_rice_disease_pest\Rice Stripes\RS_164.jpg,brri_rice_disease_pest,0.18410550536589698,1,0.18410550536589698
data\raw\brri_rice_disease_pest\Rice Stripes\RS_165.jpg,brri_rice_disease_pest,0.3790813561618317,1,0.3790813561618317
data\raw\brri_rice_disease_pest\Rice Stripes\RS_166.jpg,brri_rice_disease_pest,0.21753676644441292,1,0.21753676644441292
data\raw\brri_rice_disease_pest\Rice Stripes\RS_167.jpg,brri_rice_disease_pest,0.06657887855974856,1,0.06657887855974856
data\raw\brri_rice_disease_pest\Rice Stripes\RS_168.jpg,brri_rice_disease_pest,0.12161453909087049,1,0.12161453909087049
data\raw\brri_rice_disease_pest\Rice Stripes\RS_169.jpg,brri_rice_disease_pest,0.06398511675647935,1,0.06398511675647935
data\raw\brri_rice_disease_pest\Rice Stripes\RS_17.jpg,brri_rice_disease_pest,0.071344,1,0.071344
data\raw\brri_rice_disease_pest\Rice Stripes\RS_170.jpg,brri_rice_disease_pest,0.20759877389964268,1,0.20759877389964268
data\raw\brri_rice_disease_pest\Rice Stripes\RS_171.jpg,brri_rice_disease_pest,0.062120434522282095,1,0.062120434522282095
data\raw\brri_rice_disease_pest\Rice Stripes\RS_172.jpg,brri_rice_disease_pest,0.19300813730969196,1,0.19300813730969196
data\raw\brri_rice_disease_pest\Rice Stripes\RS_173.jpg,brri_rice_disease_pest,0.06646576460842107,1,0.06646576460842107
data\raw\brri_rice_disease_pest\Rice Stripes\RS_174.jpg,brri_rice_disease_pest,0.07337677777777778,1,0.07337677777777778
data\raw\brri_rice_disease_pest\Rice Stripes\RS_175.jpg,brri_rice_disease_pest,0.2208113177191824,1,0.2208113177191824
data\raw\brri_rice_disease_pest\Rice Stripes\RS_176.jpg,brri_rice_disease_pest,0.1783284742468416,1,0.1783284742468416
data\raw\brri_rice_disease_pest\Rice Stripes\RS_177.jpg,brri_rice_disease_pest,0.193168,1,0.193168
data\raw\brri_rice_disease_pest\Rice Stripes\RS_178.jpg,brri_rice_disease_pest,0.17018043277616896,1,0.17018043277616896
data\raw\brri_rice_disease_pest\Rice Stripes\RS_179.jpg,brri_rice_disease_pest,0.09370312792793373,1,0.09370312792793373
data\raw\brri_rice_disease_pest\Rice Stripes\RS_18.jpg,brri_rice_disease_pest,0.1574343524813744,1,0.1574343524813744
data\raw\brri_rice_disease_pest\Rice Stripes\RS_180.jpg,brri_rice_disease_pest,0.19781056105874956,1,0.19781056105874956
data\raw\brri_rice_disease_pest\Rice Stripes\RS_181.jpg,brri_rice_disease_pest,0.2048669948088975,1,0.2048669948088975
data\raw\brri_rice_disease_pest\Rice Stripes\RS_182.jpg,brri_rice_disease_pest,0.24196006706294773,1,0.24196006706294773
data\raw\brri_rice_disease_pest\Rice Stripes\RS_183.jpg,brri_rice_disease_pest,0.25128944817016374,1,0.25128944817016374
data\raw\brri_rice_disease_pest\Rice Stripes\RS_184.jpg,brri_rice_disease_pest,0.10665418961145486,1,0.10665418961145486
data\raw\brri_rice_disease_pest\Rice Stripes\RS_185.jpg,brri_rice_disease_pest,0.1443546766763945,1,0.1443546766763945
data\raw\brri_rice_disease_pest\Rice Stripes\RS_186.jpg,brri_rice_disease_pest,0.09227228056496349,1,0.09227228056496349
data\raw\brri_rice_disease_pest\Rice Stripes\RS_187.jpg,brri_rice_disease_pest,0.15075751854844846,1,0.15075751854844846
data\raw\brri_rice_disease_pest\Rice Stripes\RS_188.jpg,brri_rice_disease_pest,0.1486265643787363,1,0.1486265643787363
data\raw\brri_rice_disease_pest\Rice Stripes\RS_189.jpg,brri_rice_disease_pest,0.0964019761780883,1,0.0964019761780883
data\raw\brri_rice_disease_pest\Rice Stripes\RS_19.jpg,brri_rice_disease_pest,0.16733824874256972,1,0.16733824874256972
data\raw\brri_rice_disease_pest\Rice Stripes\RS_190.jpg,brri_rice_disease_pest,0.17678485241070974,1,0.17678485241070974
data\raw\brri_rice_disease_pest\Rice Stripes\RS_191.jpg,brri_rice_disease_pest,0.09069465531596058,1,0.09069465531596058
data\raw\brri_rice_disease_pest\Rice Stripes\RS_192.jpg,brri_rice_disease_pest,0.09800502651547037,1,0.09800502651547037
data\raw\brri_rice_disease_pest\Rice Stripes\RS_193.jpg,brri_rice_disease_pest,0.18027321588849937,1,0.18027321588849937
data\raw\brri_rice_disease_pest\Rice Stripes\RS_194.jpg,brri_rice_disease_pest,0.21103425720201316,1,0.21103425720201316
data\raw\brri_rice_disease_pest\Rice Stripes\RS_195.jpg,brri_rice_disease_pest,0.15599302940261894,1,0.15599302940261894
data\raw\brri_rice_disease_pest\Rice Stripes\RS_196.jpg,brri_rice_disease_pest,0.1433056362135593,1,0.1433056362135593
data\raw\brri_rice_disease_pest\Rice Stripes\RS_197.jpg,brri_rice_disease_pest,0.12723637889148157,1,0.12723637889148157
data\raw\brri_rice_disease_pest\Rice Stripes\RS_198.jpg,brri_rice_disease_pest,0.14099077777777777,1,0.14099077777777777
data\raw\brri_rice_disease_pest\Rice Stripes\RS_199.jpg,brri_rice_disease_pest,0.18510071149413768,1,0.18510071149413768
data\raw\brri_rice_disease_pest\Rice Stripes\RS_2.jpg,brri_rice_disease_pest,0.07614147784043761,1,0.07614147784043761
data\raw\brri_rice_disease_pest\Rice Stripes\RS_20.jpg,brri_rice_disease_pest,0.2508594557062778,1,0.2508594557062778
data\raw\brri_rice_disease_pest\Rice Stripes\RS_200.jpg,brri_rice_disease_pest,0.13729884291012548,1,0.13729884291012548
data\raw\brri_rice_disease_pest\Rice Stripes\RS_201.jpg,brri_rice_disease_pest,0.18616900794255617,1,0.18616900794255617
data\raw\brri_rice_disease_pest\Rice Stripes\RS_202.jpg,brri_rice_disease_pest,0.1494482699435397,1,0.1494482699435397
data\raw\brri_rice_disease_pest\Rice Stripes\RS_203.jpg,brri_rice_disease_pest,0.10852314192831435,1,0.10852314192831435
data\raw\brri_rice_disease_pest\Rice Stripes\RS_204.jpg,brri_rice_disease_pest,0.11186814577629878,1,0.11186814577629878
data\raw\brri_rice_disease_pest\Rice Stripes\RS_205.jpg,brri_rice_disease_pest,0.12637298288429838,1,0.12637298288429838
data\raw\brri_rice_disease_pest\Rice Stripes\RS_206.jpg,brri_rice_disease_pest,0.2737890353773984,1,0.2737890353773984
data\raw\brri_rice_disease_pest\Rice Stripes\RS_207.jpg,brri_rice_disease_pest,0.12125230371258548,1,0.12125230371258548
data\raw\brri_rice_disease_pest\Rice Stripes\RS_208.jpg,brri_rice_disease_pest,0.2774302767827734,1,0.2774302767827734
data\raw\brri_rice_disease_pest\Rice Stripes\RS_209.jpg,brri_rice_disease_pest,0.12801711708300323,1,0.12801711708300323
data\raw\brri_rice_disease_pest\Rice Stripes\RS_21.jpg,brri_rice_disease_pest,0.2311545429951057,1,0.2311545429951057
data\raw\brri_rice_disease_pest\Rice Stripes\RS_210.jpg,brri_rice_disease_pest,0.07462160901805454,1,0.07462160901805454
data\raw\brri_rice_disease_pest\Rice Stripes\RS_211.jpg,brri_rice_disease_pest,0.2188518751375976,1,0.2188518751375976
data\raw\brri_rice_disease_pest\Rice Stripes\RS_212.jpg,brri_rice_disease_pest,0.19622712704702874,1,0.19622712704702874
data\raw\brri_rice_disease_pest\Rice Stripes\RS_213.jpg,brri_rice_disease_pest,0.1269914604819726,1,0.1269914604819726
data\raw\brri_rice_disease_pest\Rice Stripes\RS_214.jpg,brri_rice_disease_pest,0.11650965209268667,1,0.11650965209268667
data\raw\brri_rice_disease_pest\Rice Stripes\RS_215.jpg,brri_rice_disease_pest,0.17109671977531907,1,0.17109671977531907
data\raw\brri_rice_disease_pest\Rice Stripes\RS_216.jpg,brri_rice_disease_pest,0.084664,1,0.084664
data\raw\brri_rice_disease_pest\Rice Stripes\RS_217.jpg,brri_rice_disease_pest,0.12672378830703795,1,0.12672378830703795
data\raw\brri_rice_disease_pest\Rice Stripes\RS_218.jpg,brri_rice_disease_pest,0.1152949614488076,1,0.1152949614488076
data\raw\brri_rice_disease_pest\Rice Stripes\RS_219.jpg,brri_rice_disease_pest,0.13440135523040186,1,0.13440135523040186
data\raw\brri_rice_disease_pest\Rice Stripes\RS_22.jpg,brri_rice_disease_pest,0.18388254205310728,1,0.18388254205310728
data\raw\brri_rice_disease_pest\Rice Stripes\RS_220.jpg,brri_rice_disease_pest,0.0696010117083466,1,0.0696010117083466
data\raw\brri_rice_disease_pest\Rice Stripes\RS_221.jpg,brri_rice_disease_pest,0.17440441413063726,1,0.17440441413063726
data\raw\brri_rice_disease_pest\Rice Stripes\RS_222.jpg,brri_rice_disease_pest,0.12701473704808602,1,0.12701473704808602
data\raw\brri_rice_disease_pest\Rice Stripes\RS_223.jpg,brri_rice_disease_pest,0.20968364197530864,1,0.20968364197530864
data\raw\brri_rice_disease_pest\Rice Stripes\RS_224.jpg,brri_rice_disease_pest,0.10185959929554585,1,0.10185959929554585
data\raw\brri_rice_disease_pest\Rice Stripes\RS_225.jpg,brri_rice_disease_pest,0.15187227980152077,1,0.15187227980152077
data\raw\brri_rice_disease_pest\Rice Stripes\RS_226.jpg,brri_rice_disease_pest,0.3947854747751867,1,0.3947854747751867
data\raw\brri_rice_disease_pest\Rice Stripes\RS_227.jpg,brri_rice_disease_pest,0.18369487167916074,1,0.18369487167916074
data\raw\brri_rice_disease_pest\Rice Stripes\RS_228.jpg,brri_rice_disease_pest,0.262280055547088,1,0.262280055547088
data\raw\brri_rice_disease_pest\Rice Stripes\RS_229.jpg,brri_rice_disease_pest,0.26383507331076295,1,0.26383507331076295
data\raw\brri_rice_disease_pest\Rice Stripes\RS_23.jpg,brri_rice_disease_pest,0.11530439761892665,1,0.11530439761892665
data\raw\brri_rice_disease_pest\Rice Stripes\RS_230.jpg,brri_rice_disease_pest,0.13258651999479695,1,0.13258651999479695
data\raw\brri_rice_disease_pest\Rice Stripes\RS_231.jpg,brri_rice_disease_pest,0.16643036230665095,1,0.16643036230665095
data\raw\brri_rice_disease_pest\Rice Stripes\RS_232.jpg,brri_rice_disease_pest,0.08931877842922968,1,0.08931877842922968
data\raw\brri_rice_disease_pest\Rice Stripes\RS_233.jpg,brri_rice_disease_pest,0.3612410585396333,1,0.3612410585396333
data\raw\brri_rice_disease_pest\Rice Stripes\RS_234.jpg,brri_rice_disease_pest,0.2001613596335247,1,0.2001613596335247
data\raw\brri_rice_disease_pest\Rice Stripes\RS_235.jpg,brri_rice_disease_pest,0.19351129769707298,1,0.19351129769707298
data\raw\brri_rice_disease_pest\Rice Stripes\RS_236.jpg,brri_rice_disease_pest,0.21684321495706954,1,0.21684321495706954
data\raw\brri_rice_disease_pest\Rice Stripes\RS_237.jpg,brri_rice_disease_pest,0.0358995967571229,1,0.0358995967571229
data\raw\brri_rice_disease_pest\Rice Stripes\RS_238.jpg,brri_rice_disease_pest,0.24505521897068536,1,0.24505521897068536
data\raw\brri_rice_disease_pest\Rice Stripes\RS_239.jpg,brri_rice_disease_pest,0.12150708056930021,1,0.12150708056930021
data\raw\brri_rice_disease_pest\Rice Stripes\RS_24.jpg,brri_rice_disease_pest,0.09257909744449525,1,0.09257909744449525
data\raw\brri_rice_disease_pest\Rice Stripes\RS_240.jpg,brri_rice_disease_pest,0.21204619455009763,1,0.21204619455009763
data\raw\brri_rice_disease_pest\Rice Stripes\RS_241.jpg,brri_rice_disease_pest,0.26004541778861623,1,0.26004541778861623
data\raw\brri_rice_disease_pest\Rice Stripes\RS_242.jpg,brri_rice_disease_pest,0.13054562620325266,1,0.13054562620325266
data\raw\brri_rice_disease_pest\Rice Stripes\RS_243.jpg,brri_rice_disease_pest,0.05128446348733234,1,0.05128446348733234
data\raw\brri_rice_disease_pest\Rice Stripes\RS_244.jpg,brri_rice_disease_pest,0.13807441700960219,1,0.13807441700960219
data\raw\brri_rice_disease_pest\Rice Stripes\RS_245.jpg,brri_rice_disease_pest,0.17011242781418823,1,0.17011242781418823
data\raw\brri_rice_disease_pest\Rice Stripes\RS_246.jpg,brri_rice_disease_pest,0.16487207658046707,1,0.16487207658046707
data\raw\brri_rice_disease_pest\Rice Stripes\RS_247.jpg,brri_rice_disease_pest,0.20338572636390664,1,0.20338572636390664
data\raw\brri_rice_disease_pest\Rice Stripes\RS_248.jpg,brri_rice_disease_pest,0.1696479444029821,1,0.1696479444029821
data\raw\brri_rice_disease_pest\Rice Stripes\RS_249.jpg,brri_rice_disease_pest,0.166688,1,0.166688
data\raw\brri_rice_disease_pest\Rice Stripes\RS_25.jpg,brri_rice_disease_pest,0.16500596961845246,1,0.16500596961845246
data\raw\brri_rice_disease_pest\Rice Stripes\RS_250.jpg,brri_rice_disease_pest,0.12184779632158299,1,0.12184779632158299
data\raw\brri_rice_disease_pest\Rice Stripes\RS_251.jpg,brri_rice_disease_pest,0.243349008873986,1,0.243349008873986
data\raw\brri_rice_disease_pest\Rice Stripes\RS_252.jpg,brri_rice_disease_pest,0.2027394621416112,1,0.2027394621416112
data\raw\brri_rice_disease_pest\Rice Stripes\RS_253.jpg,brri_rice_disease_pest,0.3529079133431557,1,0.3529079133431557
data\raw\brri_rice_disease_pest\Rice Stripes\RS_254.jpg,brri_rice_disease_pest,0.16071186641602736,1,0.16071186641602736
data\raw\brri_rice_disease_pest\Rice Stripes\RS_255.jpg,brri_rice_disease_pest,0.12236354001059883,1,0.12236354001059883
data\raw\brri_rice_disease_pest\Rice Stripes\RS_256.jpg,brri_rice_disease_pest,0.10904688267371167,1,0.10904688267371167
data\raw\brri_rice_disease_pest\Rice Stripes\RS_257.jpg,brri_rice_disease_pest,0.13366785098381434,1,0.13366785098381434
data\raw\brri_rice_disease_pest\Rice Stripes\RS_258.jpg,brri_rice_disease_pest,0.26345086568528214,1,0.26345086568528214
data\raw\brri_rice_disease_pest\Rice Stripes\RS_259.jpg,brri_rice_disease_pest,0.16899973962302495,1,0.16899973962302495
data\raw\brri_rice_disease_pest\Rice Stripes\RS_26.jpg,brri_rice_disease_pest,0.09922585479855713,1,0.09922585479855713
data\raw\brri_rice_disease_pest\Rice Stripes\RS_260.jpg,brri_rice_disease_pest,0.1655809687716981,1,0.1655809687716981
data\raw\brri_rice_disease_pest\Rice Stripes\RS_261.jpg,brri_rice_disease_pest,0.075429184450319,1,0.075429184450319
data\raw\brri_rice_disease_pest\Rice Stripes\RS_262.jpg,brri_rice_disease_pest,0.07053622838659418,1,0.07053622838659418
data\raw\brri_rice_disease_pest\Rice Stripes\RS_263.jpg,brri_rice_disease_pest,0.15799828320547343,1,0.15799828320547343
data\raw\brri_rice_disease_pest\Rice Stripes\RS_264.jpg,brri_rice_disease_pest,0.05904594839837148,1,0.05904594839837148
data\raw\brri_rice_disease_pest\Rice Stripes\RS_265.jpg,brri_rice_disease_pest,0.06514902322596174,1,0.06514902322596174
data\raw\brri_rice_disease_pest\Rice Stripes\RS_266.jpg,brri_rice_disease_pest,0.15236880026030772,1,0.15236880026030772
data\raw\brri_rice_disease_pest\Rice Stripes\RS_27.jpg,brri_rice_disease_pest,0.17495328411977237,1,0.17495328411977237
data\raw\brri_rice_disease_pest\Rice Stripes\RS_28.jpg,brri_rice_disease_pest,0.17801688004877306,1,0.17801688004877306
data\raw\brri_rice_disease_pest\Rice Stripes\RS_29.jpg,brri_rice_disease_pest,0.1765784560280445,1,0.1765784560280445
data\raw\brri_rice_disease_pest\Rice Stripes\RS_3.jpg,brri_rice_disease_pest,0.17324109664677526,1,0.17324109664677526
data\raw\brri_rice_disease_pest\Rice Stripes\RS_30.jpg,brri_rice_disease_pest,0.12093796042269979,1,0.12093796042269979
data\raw\brri_rice_disease_pest\Rice Stripes\RS_31.jpg,brri_rice_disease_pest,0.2068407960199005,1,0.2068407960199005
data\raw\brri_rice_disease_pest\Rice Stripes\RS_32.jpg,brri_rice_disease_pest,0.24113395231079274,1,0.24113395231079274
data\raw\brri_rice_disease_pest\Rice Stripes\RS_33.jpg,brri_rice_disease_pest,0.2186513001913665,1,0.2186513001913665
data\raw\brri_rice_disease_pest\Rice Stripes\RS_34.jpg,brri_rice_disease_pest,0.1852759428936714,1,0.1852759428936714
data\raw\brri_rice_disease_pest\Rice Stripes\RS_35.jpg,brri_rice_disease_pest,0.08262232425612627,1,0.08262232425612627
data\raw\brri_rice_disease_pest\Rice Stripes\RS_36.jpg,brri_rice_disease_pest,0.1424116517637894,1,0.1424116517637894
data\raw\brri_rice_disease_pest\Rice Stripes\RS_37.jpg,brri_rice_disease_pest,0.07736924786799752,1,0.07736924786799752
data\raw\brri_rice_disease_pest\Rice Stripes\RS_38.jpg,brri_rice_disease_pest,0.0958203144845806,1,0.0958203144845806
data\raw\brri_rice_disease_pest\Rice Stripes\RS_39.jpg,brri_rice_disease_pest,0.24000115370285696,1,0.24000115370285696
data\raw\brri_rice_disease_pest\Rice Stripes\RS_4.jpg,brri_rice_disease_pest,0.09800037136198676,1,0.09800037136198676
data\raw\brri_rice_disease_pest\Rice Stripes\RS_40.jpg,brri_rice_disease_pest,0.15820018120543955,1,0.15820018120543955
data\raw\brri_rice_disease_pest\Rice Stripes\RS_41.jpg,brri_rice_disease_pest,0.13298066012972276,1,0.13298066012972276
data\raw\brri_rice_disease_pest\Rice Stripes\RS_42.jpg,brri_rice_disease_pest,0.11069459565315524,1,0.11069459565315524
data\raw\brri_rice_disease_pest\Rice Stripes\RS_43.jpg,brri_rice_disease_pest,0.23022696192992262,1,0.23022696192992262
data\raw\brri_rice_disease_pest\Rice Stripes\RS_44.jpg,brri_rice_disease_pest,0.06598610535605698,1,0.06598610535605698
data\raw\brri_rice_disease_pest\Rice Stripes\RS_45.jpg,brri_rice_disease_pest,0.07001493919098535,1,0.07001493919098535
data\raw\brri_rice_disease_pest\Rice Stripes\RS_46.jpg,brri_rice_disease_pest,0.04542440388490914,1,0.04542440388490914
data\raw\brri_rice_disease_pest\Rice Stripes\RS_47.jpg,brri_rice_disease_pest,0.16144960117868212,1,0.16144960117868212
data\raw\brri_rice_disease_pest\Rice Stripes\RS_48.jpg,brri_rice_disease_pest,0.19712971430506868,1,0.19712971430506868
data\raw\brri_rice_disease_pest\Rice Stripes\RS_49.jpg,brri_rice_disease_pest,0.18750264610747006,1,0.18750264610747006
data\raw\brri_rice_disease_pest\Rice Stripes\RS_5.jpg,brri_rice_disease_pest,0.1625040750055039,1,0.1625040750055039
data\raw\brri_rice_disease_pest\Rice Stripes\RS_50.jpg,brri_rice_disease_pest,0.089392,1,0.089392
data\raw\brri_rice_disease_pest\Rice Stripes\RS_51.jpg,brri_rice_disease_pest,0.19034800547003336,1,0.19034800547003336
data\raw\brri_rice_disease_pest\Rice Stripes\RS_52.jpg,brri_rice_disease_pest,0.23182230012362615,1,0.23182230012362615
data\raw\brri_rice_disease_pest\Rice Stripes\RS_53.jpg,brri_rice_disease_pest,0.1757397237136408,1,0.1757397237136408
data\raw\brri_rice_disease_pest\Rice Stripes\RS_54.jpg,brri_rice_disease_pest,0.23764631621204757,1,0.23764631621204757
data\raw\brri_rice_disease_pest\Rice Stripes\RS_55.jpg,brri_rice_disease_pest,0.20324195795017697,1,0.20324195795017697
data\raw\brri_rice_disease_pest\Rice Stripes\RS_56.jpg,brri_rice_disease_pest,0.2430650815424478,1,0.2430650815424478
data\raw\brri_rice_disease_pest\Rice Stripes\RS_57.jpg,brri_rice_disease_pest,0.12877625997053294,1,0.12877625997053294
data\raw\brri_rice_disease_pest\Rice Stripes\RS_58.jpg,brri_rice_disease_pest,0.14745793766245274,1,0.14745793766245274
data\raw\brri_rice_disease_pest\Rice Stripes\RS_59.jpg,brri_rice_disease_pest,0.2368779530559366,1,0.2368779530559366
data\raw\brri_rice_disease_pest\Rice Stripes\RS_6.jpg,brri_rice_disease_pest,0.1283572797288516,1,0.1283572797288516
data\raw\brri_rice_disease_pest\Rice Stripes\RS_60.jpg,brri_rice_disease_pest,0.31549327677014005,1,0.31549327677014005
data\raw\brri_rice_disease_pest\Rice Stripes\RS_61.jpg,brri_rice_disease_pest,0.16541294094734882,1,0.16541294094734882
data\raw\brri_rice_disease_pest\Rice Stripes\RS_62.jpg,brri_rice_disease_pest,0.216663808870599,1,0.216663808870599
data\raw\brri_rice_disease_pest\Rice Stripes\RS_63.jpg,brri_rice_disease_pest,0.21524417221290792,1,0.21524417221290792
data\raw\brri_rice_disease_pest\Rice Stripes\RS_64.jpg,brri_rice_disease_pest,0.10139645675625328,1,0.10139645675625328
data\raw\brri_rice_disease_pest\Rice Stripes\RS_65.jpg,brri_rice_disease_pest,0.11775937105152323,1,0.11775937105152323
data\raw\brri_rice_disease_pest\Rice Stripes\RS_66.jpg,brri_rice_disease_pest,0.24253231953029558,1,0.24253231953029558
data\raw\brri_rice_disease_pest\Rice Stripes\RS_67.jpg,brri_rice_disease_pest,0.11361988186854892,1,0.11361988186854892
data\raw\brri_rice_disease_pest\Rice Stripes\RS_68.jpg,brri_rice_disease_pest,0.15899855555555556,1,0.15899855555555556
data\raw\brri_rice_disease_pest\Rice Stripes\RS_69.jpg,brri_rice_disease_pest,0.250284638431888,1,0.250284638431888
data\raw\brri_rice_disease_pest\Rice Stripes\RS_7.jpg,brri_rice_disease_pest,0.14035145598204818,1,0.14035145598204818
data\raw\brri_rice_disease_pest\Rice Stripes\RS_70.jpg,brri_rice_disease_pest,0.13124208504400992,1,0.13124208504400992
data\raw\brri_rice_disease_pest\Rice Stripes\RS_71.jpg,brri_rice_disease_pest,0.08916302101505677,1,0.08916302101505677
data\raw\brri_rice_disease_pest\Rice Stripes\RS_72.jpg,brri_rice_disease_pest,0.16705247048229985,1,0.16705247048229985
data\raw\brri_rice_disease_pest\Rice Stripes\RS_73.jpg,brri_rice_disease_pest,0.08935800219209554,1,0.08935800219209554
data\raw\brri_rice_disease_pest\Rice Stripes\RS_74.jpg,brri_rice_disease_pest,0.22881665382550875,1,0.22881665382550875
data\raw\brri_rice_disease_pest\Rice Stripes\RS_75.jpg,brri_rice_disease_pest,0.23869300236873273,1,0.23869300236873273
data\raw\brri_rice_disease_pest\Rice Stripes\RS_76.jpg,brri_rice_disease_pest,0.061184283526356034,1,0.061184283526356034
data\raw\brri_rice_disease_pest\Rice Stripes\RS_77.jpg,brri_rice_disease_pest,0.1619020517043692,1,0.1619020517043692
data\raw\brri_rice_disease_pest\Rice Stripes\RS_78.jpg,brri_rice_disease_pest,0.17224042744161627,1,0.17224042744161627
data\raw\brri_rice_disease_pest\Rice Stripes\RS_79.jpg,brri_rice_disease_pest,0.2009760961235584,1,0.2009760961235584
data\raw\brri_rice_disease_pest\Rice Stripes\RS_8.jpg,brri_rice_disease_pest,0.26248671654050026,1,0.26248671654050026
data\raw\brri_rice_disease_pest\Rice Stripes\RS_80.jpg,brri_rice_disease_pest,0.12463695405510677,1,0.12463695405510677
data\raw\brri_rice_disease_pest\Rice Stripes\RS_81.jpg,brri_rice_disease_pest,0.1550312372184039,1,0.1550312372184039
data\raw\brri_rice_disease_pest\Rice Stripes\RS_82.jpg,brri_rice_disease_pest,0.18155629203164889,1,0.18155629203164889
data\raw\brri_rice_disease_pest\Rice Stripes\RS_83.jpg,brri_rice_disease_pest,0.2914453853237798,1,0.2914453853237798
data\raw\brri_rice_disease_pest\Rice Stripes\RS_84.jpg,brri_rice_disease_pest,0.1921605890870294,1,0.1921605890870294
data\raw\brri_rice_disease_pest\Rice Stripes\RS_85.jpg,brri_rice_disease_pest,0.24967188267371165,1,0.24967188267371165
data\raw\brri_rice_disease_pest\Rice Stripes\RS_86.jpg,brri_rice_disease_pest,0.15305164990092973,1,0.15305164990092973
data\raw\brri_rice_disease_pest\Rice Stripes\RS_87.jpg,brri_rice_disease_pest,0.286091847448729,1,0.286091847448729
data\raw\brri_rice_disease_pest\Rice Stripes\RS_88.jpg,brri_rice_disease_pest,0.19600591246253113,1,0.19600591246253113
data\raw\brri_rice_disease_pest\Rice Stripes\RS_89.jpg,brri_rice_disease_pest,0.07938867799140631,1,0.07938867799140631
data\raw\brri_rice_disease_pest\Rice Stripes\RS_9.jpg,brri_rice_disease_pest,0.4504050661315179,1,0.4504050661315179
data\raw\brri_rice_disease_pest\Rice Stripes\RS_90.jpg,brri_rice_disease_pest,0.0955911638641609,1,0.0955911638641609
data\raw\brri_rice_disease_pest\Rice Stripes\RS_91.jpg,brri_rice_disease_pest,0.13718816550045634,1,0.13718816550045634
data\raw\brri_rice_disease_pest\Rice Stripes\RS_92.jpg,brri_rice_disease_pest,0.2101864023946214,1,0.2101864023946214
data\raw\brri_rice_disease_pest\Rice Stripes\RS_93.jpg,brri_rice_disease_pest,0.23345653609713968,1,0.23345653609713968
data\raw\brri_rice_disease_pest\Rice Stripes\RS_94.jpg,brri_rice_disease_pest,0.37467528891523944,1,0.37467528891523944
data\raw\brri_rice_disease_pest\Rice Stripes\RS_95.jpg,brri_rice_disease_pest,0.2286623023715415,1,0.2286623023715415
data\raw\brri_rice_disease_pest\Rice Stripes\RS_96.jpg,brri_rice_disease_pest,0.1309698830632187,1,0.1309698830632187
data\raw\brri_rice_disease_pest\Rice Stripes\RS_97.jpg,brri_rice_disease_pest,0.18717214728445866,1,0.18717214728445866
data\raw\brri_rice_disease_pest\Rice Stripes\RS_98.jpg,brri_rice_disease_pest,0.16889627669393903,1,0.16889627669393903
data\raw\brri_rice_disease_pest\Rice Stripes\RS_99.jpg,brri_rice_disease_pest,0.11028693731013532,1,0.11028693731013532
data\raw\brri_rice_disease_pest\Rice Tungro\RT_1.jpg,brri_rice_disease_pest,0.21034940261477755,1,0.21034940261477755
data\raw\brri_rice_disease_pest\Rice Tungro\RT_10.jpg,brri_rice_disease_pest,0.07721121465724193,1,0.07721121465724193
data\raw\brri_rice_disease_pest\Rice Tungro\RT_100.jpg,brri_rice_disease_pest,0.18395924359430305,1,0.18395924359430305
data\raw\brri_rice_disease_pest\Rice Tungro\RT_101.jpg,brri_rice_disease_pest,0.11756708411658115,1,0.11756708411658115
data\raw\brri_rice_disease_pest\Rice Tungro\RT_102.jpg,brri_rice_disease_pest,0.25430442302155837,1,0.25430442302155837
data\raw\brri_rice_disease_pest\Rice Tungro\RT_103.jpg,brri_rice_disease_pest,0.14236216955409914,1,0.14236216955409914
data\raw\brri_rice_disease_pest\Rice Tungro\RT_104.jpg,brri_rice_disease_pest,0.11914,1,0.11914
data\raw\brri_rice_disease_pest\Rice Tungro\RT_105.jpg,brri_rice_disease_pest,0.06071521203774811,1,0.06071521203774811
data\raw\brri_rice_disease_pest\Rice Tungro\RT_106.jpg,brri_rice_disease_pest,0.05826053727551985,1,0.05826053727551985
data\raw\brri_rice_disease_pest\Rice Tungro\RT_107.jpg,brri_rice_disease_pest,0.1758910305422384,1,0.1758910305422384
data\raw\brri_rice_disease_pest\Rice Tungro\RT_108.jpg,brri_rice_disease_pest,0.200676,1,0.200676
data\raw\brri_rice_disease_pest\Rice Tungro\RT_109.jpg,brri_rice_disease_pest,0.04425856476695416,1,0.04425856476695416
data\raw\brri_rice_disease_pest\Rice Tungro\RT_11.jpg,brri_rice_disease_pest,0.08418870150028142,1,0.08418870150028142
data\raw\brri_rice_disease_pest\Rice Tungro\RT_110.jpg,brri_rice_disease_pest,0.1260751775070126,1,0.1260751775070126
data\raw\brri_rice_disease_pest\Rice Tungro\RT_111.jpg,brri_rice_disease_pest,0.1284923432487133,1,0.1284923432487133
data\raw\brri_rice_disease_pest\Rice Tungro\RT_112.jpg,brri_rice_disease_pest,0.13852584294399567,1,0.13852584294399567
data\raw\brri_rice_disease_pest\Rice Tungro\RT_113.jpg,brri_rice_disease_pest,0.08187665117106133,1,0.08187665117106133
data\raw\brri_rice_disease_pest\Rice Tungro\RT_114.jpg,brri_rice_disease_pest,0.1900415862249996,1,0.1900415862249996
data\raw\brri_rice_disease_pest\Rice Tungro\RT_115.jpg,brri_rice_disease_pest,0.21154147403004284,1,0.21154147403004284
data\raw\brri_rice_disease_pest\Rice Tungro\RT_116.jpg,brri_rice_disease_pest,0.1281964978238412,1,0.1281964978238412
data\raw\brri_rice_disease_pest\Rice Tungro\RT_117.jpg,brri_rice_disease_pest,0.2656953864587038,1,0.2656953864587038
data\raw\brri_rice_disease_pest\Rice Tungro\RT_118.jpg,brri_rice_disease_pest,0.1519033847581369,1,0.1519033847581369
data\raw\brri_rice_disease_pest\Rice Tungro\RT_119.jpg,brri_rice_disease_pest,0.1179591787662257,1,0.1179591787662257
data\raw\brri_rice_disease_pest\Rice Tungro\RT_12.jpg,brri_rice_disease_pest,0.17828360768175583,1,0.17828360768175583
data\raw\brri_rice_disease_pest\Rice Tungro\RT_120.jpg,brri_rice_disease_pest,0.06089487120865722,1,0.06089487120865722
data\raw\brri_rice_disease_pest\Rice Tungro\RT_121.jpg,brri_rice_disease_pest,0.10278963181261482,1,0.10278963181261482
data\raw\brri_rice_disease_pest\Rice Tungro\RT_122.jpg,brri_rice_disease_pest,0.139116,1,0.139116
data\raw\brri_rice_disease_pest\Rice Tungro\RT_123.jpg,brri_rice_disease_pest,0.16699319632847295,1,0.16699319632847295
data\raw\brri_rice_disease_pest\Rice Tungro\RT_124.jpg,brri_rice_disease_pest,0.17116769547325103,1,0.17116769547325103
data\raw\brri_rice_disease_pest\Rice Tungro\RT_125.jpg,brri_rice_disease_pest,0.19790740529052142,1,0.19790740529052142
data\raw\brri_rice_disease_pest\Rice Tungro\RT_126.jpg,brri_rice_disease_pest,0.19759304772307745,1,0.19759304772307745
data\raw\brri_rice_disease_pest\Rice Tungro\RT_127.jpg,brri_rice_disease_pest,0.11621451422938327,1,0.11621451422938327
data\raw\brri_rice_disease_pest\Rice Tungro\RT_128.jpg,brri_rice_disease_pest,0.12277354364809782,1,0.12277354364809782
data\raw\brri_rice_disease_pest\Rice Tungro\RT_129.jpg,brri_rice_disease_pest,0.16969365658967392,1,0.16969365658967392
data\raw\brri_rice_disease_pest\Rice Tungro\RT_13.jpg,brri_rice_disease_pest,0.20134311122965673,1,0.20134311122965673
data\raw\brri_rice_disease_pest\Rice Tungro\RT_130.jpg,brri_rice_disease_pest,0.10164189921684738,1,0.10164189921684738
data\raw\brri_rice_disease_pest\Rice Tungro\RT_131.jpg,brri_rice_disease_pest,0.10433215770469045,1,0.10433215770469045
data\raw\brri_rice_disease_pest\Rice Tungro\RT_132.jpg,brri_rice_disease_pest,0.09306439355450558,1,0.09306439355450558
data\raw\brri_rice_disease_pest\Rice Tungro\RT_133.jpg,brri_rice_disease_pest,0.254616,1,0.254616
data\raw\brri_rice_disease_pest\Rice Tungro\RT_134.jpg,brri_rice_disease_pest,0.09884557020912098,1,0.09884557020912098
data\raw\brri_rice_disease_pest\Rice Tungro\RT_135.jpg,brri_rice_disease_pest,0.23526541516367763,1,0.23526541516367763
data\raw\brri_rice_disease_pest\Rice Tungro\RT_136.jpg,brri_rice_disease_pest,0.21614437797422478,1,0.21614437797422478
data\raw\brri_rice_disease_pest\Rice Tungro\RT_137.jpg,brri_rice_disease_pest,0.06500392143867091,1,0.06500392143867091
data\raw\brri_rice_disease_pest\Rice Tungro\RT_138.jpg,brri_rice_disease_pest,0.379116,1,0.379116
data\raw\brri_rice_disease_pest\Rice Tungro\RT_139.jpg,brri_rice_disease_pest,0.14455208809632678,1,0.14455208809632678
data\raw\brri_rice_disease_pest\Rice Tungro\RT_14.jpg,brri_rice_disease_pest,0.305008,1,0.305008
data\raw\brri_rice_disease_pest\Rice Tungro\RT_140.jpg,brri_rice_disease_pest,0.15127690562075563,1,0.15127690562075563
data\raw\brri_rice_disease_pest\Rice Tungro\RT_141.jpg,brri_rice_disease_pest,0.15771519204389575,1,0.15771519204389575
data\raw\brri_rice_disease_pest\Rice Tungro\RT_142.jpg,brri_rice_disease_pest,0.13339054217683619,1,0.13339054217683619
data\raw\brri_rice_disease_pest\Rice Tungro\RT_143.jpg,brri_rice_disease_pest,0.1821162297414012,1,0.1821162297414012
data\raw\brri_rice_disease_pest\Rice Tungro\RT_144.jpg,brri_rice_disease_pest,0.05992683165465501,1,0.05992683165465501
data\raw\brri_rice_disease_pest\Rice Tungro\RT_145.jpg,brri_rice_disease_pest,0.09575077875977978,1,0.09575077875977978
data\raw\brri_rice_disease_pest\Rice Tungro\RT_146.jpg,brri_rice_disease_pest,0.27924742586665313,1,0.27924742586665313
data\raw\brri_rice_disease_pest\Rice Tungro\RT_147.jpg,brri_rice_disease_pest,0.24081589019289065,1,0.24081589019289065
data\raw\brri_rice_disease_pest\Rice Tungro\RT_148.jpg,brri_rice_disease_pest,0.08921732012268223,1,0.08921732012268223
data\raw\brri_rice_disease_pest\Rice Tungro\RT_149.jpg,brri_rice_disease_pest,0.3294740347837458,1,0.3294740347837458
data\raw\brri_rice_disease_pest\Rice Tungro\RT_15.jpg,brri_rice_disease_pest,0.046172,1,0.046172
data\raw\brri_rice_disease_pest\Rice Tungro\RT_150.jpg,brri_rice_disease_pest,0.24111516494775526,1,0.24111516494775526
data\raw\brri_rice_disease_pest\Rice Tungro\RT_151.jpg,brri_rice_disease_pest,0.2017156831614422,1,0.2017156831614422
data\raw\brri_rice_disease_pest\Rice Tungro\RT_152.jpg,brri_rice_disease_pest,0.08487416171315348,1,0.08487416171315348
data\raw\brri_rice_disease_pest\Rice Tungro\RT_153.jpg,brri_rice_disease_pest,0.100096,1,0.100096
data\raw\brri_rice_disease_pest\Rice Tungro\RT_154.jpg,brri_rice_disease_pest,0.20158681772764991,1,0.20158681772764991
data\raw\brri_rice_disease_pest\Rice Tungro\RT_155.jpg,brri_rice_disease_pest,0.09750270961404935,1,0.09750270961404935
data\raw\brri_rice_disease_pest\Rice Tungro\RT_156.jpg,brri_rice_disease_pest,0.3069937149655371,1,0.3069937149655371
data\raw\brri_rice_disease_pest\Rice Tungro\RT_157.jpg,brri_rice_disease_pest,0.3977718716659046,1,0.3977718716659046
data\raw\brri_rice_disease_pest\Rice Tungro\RT_158.jpg,brri_rice_disease_pest,0.2588980655895951,1,0.2588980655895951
data\raw\brri_rice_disease_pest\Rice Tungro\RT_159.jpg,brri_rice_disease_pest,0.17679411378685497,1,0.17679411378685497
data\raw\brri_rice_disease_pest\Rice Tungro\RT_16.jpg,brri_rice_disease_pest,0.07270991430408068,1,0.07270991430408068
data\raw\brri_rice_disease_pest\Rice Tungro\RT_160.jpg,brri_rice_disease_pest,0.26585918051110097,1,0.26585918051110097
data\raw\brri_rice_disease_pest\Rice Tungro\RT_161.jpg,brri_rice_disease_pest,0.22429068443157377,1,0.22429068443157377
data\raw\brri_rice_disease_pest\Rice Tungro\RT_162.jpg,brri_rice_disease_pest,0.15974048036376567,1,0.15974048036376567
data\raw\brri_rice_disease_pest\Rice Tungro\RT_163.jpg,brri_rice_disease_pest,0.11913199207437891,1,0.11913199207437891
data\raw\brri_rice_disease_pest\Rice Tungro\RT_164.jpg,brri_rice_disease_pest,0.14775678885332522,1,0.14775678885332522
data\raw\brri_rice_disease_pest\Rice Tungro\RT_165.jpg,brri_rice_disease_pest,0.1310177776084269,1,0.1310177776084269
data\raw\brri_rice_disease_pest\Rice Tungro\RT_166.jpg,brri_rice_disease_pest,0.09063447306474284,1,0.09063447306474284
data\raw\brri_rice_disease_pest\Rice Tungro\RT_167.jpg,brri_rice_disease_pest,0.14864191180206268,1,0.14864191180206268
data\raw\brri_rice_disease_pest\Rice Tungro\RT_168.jpg,brri_rice_disease_pest,0.128384,1,0.128384
data\raw\brri_rice_disease_pest\Rice Tungro\RT_169.jpg,brri_rice_disease_pest,0.15431939998983896,1,0.15431939998983896
data\raw\brri_rice_disease_pest\Rice Tungro\RT_17.jpg,brri_rice_disease_pest,0.06827930241316163,1,0.06827930241316163
data\raw\brri_rice_disease_pest\Rice Tungro\RT_170.jpg,brri_rice_disease_pest,0.1287273069823367,1,0.1287273069823367
data\raw\brri_rice_disease_pest\Rice Tungro\RT_171.jpg,brri_rice_disease_pest,0.29258671823400906,1,0.29258671823400906
data\raw\brri_rice_disease_pest\Rice Tungro\RT_172.jpg,brri_rice_disease_pest,0.2590242849159173,1,0.2590242849159173
data\raw\brri_rice_disease_pest\Rice Tungro\RT_173.jpg,brri_rice_disease_pest,0.1488755571775145,1,0.1488755571775145
data\raw\brri_rice_disease_pest\Rice Tungro\RT_174.jpg,brri_rice_disease_pest,0.04686679706684279,1,0.04686679706684279
data\raw\brri_rice_disease_pest\Rice Tungro\RT_175.jpg,brri_rice_disease_pest,0.19925771393249675,1,0.19925771393249675
data\raw\brri_rice_disease_pest\Rice Tungro\RT_176.jpg,brri_rice_disease_pest,0.25369687674643093,1,0.25369687674643093
data\raw\brri_rice_disease_pest\Rice Tungro\RT_177.jpg,brri_rice_disease_pest,0.24629862487086995,1,0.24629862487086995
data\raw\brri_rice_disease_pest\Rice Tungro\RT_178.jpg,brri_rice_disease_pest,0.11837635869565218,1,0.11837635869565218
data\raw\brri_rice_disease_pest\Rice Tungro\RT_179.jpg,brri_rice_disease_pest,0.06174,1,0.06174
data\raw\brri_rice_disease_pest\Rice Tungro\RT_18.jpg,brri_rice_disease_pest,0.06670150324167061,1,0.06670150324167061
data\raw\brri_rice_disease_pest\Rice Tungro\RT_180.jpg,brri_rice_disease_pest,0.12356728614342934,1,0.12356728614342934
data\raw\brri_rice_disease_pest\Rice Tungro\RT_181.jpg,brri_rice_disease_pest,0.13990557685880411,1,0.13990557685880411
data\raw\brri_rice_disease_pest\Rice Tungro\RT_182.jpg,brri_rice_disease_pest,0.16735571305187216,1,0.16735571305187216
data\raw\brri_rice_disease_pest\Rice Tungro\RT_183.jpg,brri_rice_disease_pest,0.152964,1,0.152964
data\raw\brri_rice_disease_pest\Rice Tungro\RT_184.jpg,brri_rice_disease_pest,0.2776729919219631,1,0.2776729919219631
data\raw\brri_rice_disease_pest\Rice Tungro\RT_185.jpg,brri_rice_disease_pest,0.10540451574116412,1,0.10540451574116412
data\raw\brri_rice_disease_pest\Rice Tungro\RT_186.jpg,brri_rice_disease_pest,0.14708494216667514,1,0.14708494216667514
data\raw\brri_rice_disease_pest\Rice Tungro\RT_187.jpg,brri_rice_disease_pest,0.14907349193043065,1,0.14907349193043065
data\raw\brri_rice_disease_pest\Rice Tungro\RT_188.jpg,brri_rice_disease_pest,0.09151668529526326,1,0.09151668529526326
data\raw\brri_rice_disease_pest\Rice Tungro\RT_189.jpg,brri_rice_disease_pest,0.161444573574489,1,0.161444573574489
data\raw\brri_rice_disease_pest\Rice Tungro\RT_19.jpg,brri_rice_disease_pest,0.06755430566797718,1,0.06755430566797718
data\raw\brri_rice_disease_pest\Rice Tungro\RT_190.jpg,brri_rice_disease_pest,0.18254172382258801,1,0.18254172382258801
data\raw\brri_rice_disease_pest\Rice Tungro\RT_191.jpg,brri_rice_disease_pest,0.18835310504834968,1,0.18835310504834968
data\raw\brri_rice_disease_pest\Rice Tungro\RT_192.jpg,brri_rice_disease_pest,0.04242154480347104,1,0.04242154480347104
data\raw\brri_rice_disease_pest\Rice Tungro\RT_193.jpg,brri_rice_disease_pest,0.2569751392910972,1,0.2569751392910972
data\raw\brri_rice_disease_pest\Rice Tungro\RT_194.jpg,brri_rice_disease_pest,0.18294287371505022,1,0.18294287371505022
data\raw\brri_rice_disease_pest\Rice Tungro\RT_195.jpg,brri_rice_disease_pest,0.1960212598858575,1,0.1960212598858575
data\raw\brri_rice_disease_pest\Rice Tungro\RT_196.jpg,brri_rice_disease_pest,0.09035186878693965,1,0.09035186878693965
data\raw\brri_rice_disease_pest\Rice Tungro\RT_197.jpg,brri_rice_disease_pest,0.18667944207353215,1,0.18667944207353215
data\raw\brri_rice_disease_pest\Rice Tungro\RT_198.jpg,brri_rice_disease_pest,0.16871501845924572,1,0.16871501845924572
data\raw\brri_rice_disease_pest\Rice Tungro\RT_199.jpg,brri_rice_disease_pest,0.07875450896712899,1,0.07875450896712899
data\raw\brri_rice_disease_pest\Rice Tungro\RT_2.jpg,brri_rice_disease_pest,0.1711901873867466,1,0.1711901873867466
data\raw\brri_rice_disease_pest\Rice Tungro\RT_20.jpg,brri_rice_disease_pest,0.1044896809617329,1,0.1044896809617329
data\raw\brri_rice_disease_pest\Rice Tungro\RT_200.jpg,brri_rice_disease_pest,0.21580064861386306,1,0.21580064861386306
data\raw\brri_rice_disease_pest\Rice Tungro\RT_201.jpg,brri_rice_disease_pest,0.21419102143982116,1,0.21419102143982116
data\raw\brri_rice_disease_pest\Rice Tungro\RT_202.jpg,brri_rice_disease_pest,0.16152475063083202,1,0.16152475063083202
data\raw\brri_rice_disease_pest\Rice Tungro\RT_203.jpg,brri_rice_disease_pest,0.11820426685053195,1,0.11820426685053195
data\raw\brri_rice_disease_pest\Rice Tungro\RT_204.jpg,brri_rice_disease_pest,0.19735595649375942,1,0.19735595649375942
data\raw\brri_rice_disease_pest\Rice Tungro\RT_205.jpg,brri_rice_disease_pest,0.04924923588506549,1,0.04924923588506549
data\raw\brri_rice_disease_pest\Rice Tungro\RT_206.jpg,brri_rice_disease_pest,0.07616576766729206,1,0.07616576766729206
data\raw\brri_rice_disease_pest\Rice Tungro\RT_207.jpg,brri_rice_disease_pest,0.07936258446375044,1,0.07936258446375044
data\raw\brri_rice_disease_pest\Rice Tungro\RT_208.jpg,brri_rice_disease_pest,0.11521231307896831,1,0.11521231307896831
data\raw\brri_rice_disease_pest\Rice Tungro\RT_209.jpg,brri_rice_disease_pest,0.17799280047079544,1,0.17799280047079544
data\raw\brri_rice_disease_pest\Rice Tungro\RT_21.jpg,brri_rice_disease_pest,0.19827971261155988,1,0.19827971261155988
data\raw\brri_rice_disease_pest\Rice Tungro\RT_210.jpg,brri_rice_disease_pest,0.15842298345441921,1,0.15842298345441921
data\raw\brri_rice_disease_pest\Rice Tungro\RT_211.jpg,brri_rice_disease_pest,0.14251828989483312,1,0.14251828989483312
data\raw\brri_rice_disease_pest\Rice Tungro\RT_212.jpg,brri_rice_disease_pest,0.20356716455824825,1,0.20356716455824825
data\raw\brri_rice_disease_pest\Rice Tungro\RT_213.jpg,brri_rice_disease_pest,0.15914060780030145,1,0.15914060780030145
data\raw\brri_rice_disease_pest\Rice Tungro\RT_214.jpg,brri_rice_disease_pest,0.1436323011397314,1,0.1436323011397314
data\raw\brri_rice_disease_pest\Rice Tungro\RT_215.jpg,brri_rice_disease_pest,0.0866698102423411,1,0.0866698102423411
data\raw\brri_rice_disease_pest\Rice Tungro\RT_216.jpg,brri_rice_disease_pest,0.12708173939425918,1,0.12708173939425918
data\raw\brri_rice_disease_pest\Rice Tungro\RT_217.jpg,brri_rice_disease_pest,0.20376377034327423,1,0.20376377034327423
data\raw\brri_rice_disease_pest\Rice Tungro\RT_218.jpg,brri_rice_disease_pest,0.11690132347711223,1,0.11690132347711223
data\raw\brri_rice_disease_pest\Rice Tungro\RT_219.jpg,brri_rice_disease_pest,0.14437718039255534,1,0.14437718039255534
data\raw\brri_rice_disease_pest\Rice Tungro\RT_22.jpg,brri_rice_disease_pest,0.12661626762023218,1,0.12661626762023218
data\raw\brri_rice_disease_pest\Rice Tungro\RT_220.jpg,brri_rice_disease_pest,0.115784,1,0.115784
data\raw\brri_rice_disease_pest\Rice Tungro\RT_221.jpg,brri_rice_disease_pest,0.13734,1,0.13734
data\raw\brri_rice_disease_pest\Rice Tungro\RT_222.jpg,brri_rice_disease_pest,0.1768380391708581,1,0.1768380391708581
data\raw\brri_rice_disease_pest\Rice Tungro\RT_223.jpg,brri_rice_disease_pest,0.36425758162849897,1,0.36425758162849897
data\raw\brri_rice_disease_pest\Rice Tungro\RT_224.jpg,brri_rice_disease_pest,0.05063406027197751,1,0.05063406027197751
data\raw\brri_rice_disease_pest\Rice Tungro\RT_225.jpg,brri_rice_disease_pest,0.06088005300682484,1,0.06088005300682484
data\raw\brri_rice_disease_pest\Rice Tungro\RT_226.jpg,brri_rice_disease_pest,0.13892937433318092,1,0.13892937433318092
data\raw\brri_rice_disease_pest\Rice Tungro\RT_227.jpg,brri_rice_disease_pest,0.048350112424681,1,0.048350112424681
data\raw\brri_rice_disease_pest\Rice Tungro\RT_228.jpg,brri_rice_disease_pest,0.078796,1,0.078796
data\raw\brri_rice_disease_pest\Rice Tungro\RT_229.jpg,brri_rice_disease_pest,0.089892769140883,1,0.089892769140883
data\raw\brri_rice_disease_pest\Rice Tungro\RT_23.jpg,brri_rice_disease_pest,0.07154135544815465,1,0.07154135544815465
data\raw\brri_rice_disease_pest\Rice Tungro\RT_230.jpg,brri_rice_disease_pest,0.02251735752156191,1,0.02251735752156191
data\raw\brri_rice_disease_pest\Rice Tungro\RT_231.jpg,brri_rice_disease_pest,0.19372134747499417,1,0.19372134747499417
data\raw\brri_rice_disease_pest\Rice Tungro\RT_232.jpg,brri_rice_disease_pest,0.14917139790682316,1,0.14917139790682316
data\raw\brri_rice_disease_pest\Rice Tungro\RT_233.jpg,brri_rice_disease_pest,0.08335002841716396,1,0.08335002841716396
data\raw\brri_rice_disease_pest\Rice Tungro\RT_234.jpg,brri_rice_disease_pest,0.09923993143127365,1,0.09923993143127365
data\raw\brri_rice_disease_pest\Rice Tungro\RT_235.jpg,brri_rice_disease_pest,0.15075668089214042,1,0.15075668089214042
data\raw\brri_rice_disease_pest\Rice Tungro\RT_236.jpg,brri_rice_disease_pest,0.25318,1,0.25318
data\raw\brri_rice_disease_pest\Rice Tungro\RT_237.jpg,brri_rice_disease_pest,0.13527890526481715,1,0.13527890526481715
data\raw\brri_rice_disease_pest\Rice Tungro\RT_238.jpg,brri_rice_disease_pest,0.08356739635876419,1,0.08356739635876419
data\raw\brri_rice_disease_pest\Rice Tungro\RT_239.jpg,brri_rice_disease_pest,0.08197552224864131,1,0.08197552224864131
data\raw\brri_rice_disease_pest\Rice Tungro\RT_24.jpg,brri_rice_disease_pest,0.07027479296855155,1,0.07027479296855155
data\raw\brri_rice_disease_pest\Rice Tungro\RT_25.jpg,brri_rice_disease_pest,0.06773611057043497,1,0.06773611057043497
data\raw\brri_rice_disease_pest\Rice Tungro\RT_26.jpg,brri_rice_disease_pest,0.10637349161753869,1,0.10637349161753869
data\raw\brri_rice_disease_pest\Rice Tungro\RT_27.jpg,brri_rice_disease_pest,0.04989052900519849,1,0.04989052900519849
data\raw\brri_rice_disease_pest\Rice Tungro\RT_28.jpg,brri_rice_disease_pest,0.10012739852038377,1,0.10012739852038377
data\raw\brri_rice_disease_pest\Rice Tungro\RT_29.jpg,brri_rice_disease_pest,0.2354223293366526,1,0.2354223293366526
data\raw\brri_rice_disease_pest\Rice Tungro\RT_3.jpg,brri_rice_disease_pest,0.08689820422996333,1,0.08689820422996333
data\raw\brri_rice_disease_pest\Rice Tungro\RT_30.jpg,brri_rice_disease_pest,0.1899,1,0.1899
data\raw\brri_rice_disease_pest\Rice Tungro\RT_31.jpg,brri_rice_disease_pest,0.12758434213624234,1,0.12758434213624234
data\raw\brri_rice_disease_pest\Rice Tungro\RT_32.jpg,brri_rice_disease_pest,0.2746082621082621,1,0.2746082621082621
data\raw\brri_rice_disease_pest\Rice Tungro\RT_33.jpg,brri_rice_disease_pest,0.11008366666666666,1,0.11008366666666666
data\raw\brri_rice_disease_pest\Rice Tungro\RT_34.jpg,brri_rice_disease_pest,0.14513423173974158,1,0.14513423173974158
data\raw\brri_rice_disease_pest\Rice Tungro\RT_35.jpg,brri_rice_disease_pest,0.11975356271909769,1,0.11975356271909769
data\raw\brri_rice_disease_pest\Rice Tungro\RT_36.jpg,brri_rice_disease_pest,0.11765288888888889,1,0.11765288888888889
data\raw\brri_rice_disease_pest\Rice Tungro\RT_37.jpg,brri_rice_disease_pest,0.15630186370641333,1,0.15630186370641333
data\raw\brri_rice_disease_pest\Rice Tungro\RT_38.jpg,brri_rice_disease_pest,0.19337594624803128,1,0.19337594624803128
data\raw\brri_rice_disease_pest\Rice Tungro\RT_39.jpg,brri_rice_disease_pest,0.079152,1,0.079152
data\raw\brri_rice_disease_pest\Rice Tungro\RT_4.jpg,brri_rice_disease_pest,0.07744318749167887,1,0.07744318749167887
data\raw\brri_rice_disease_pest\Rice Tungro\RT_40.jpg,brri_rice_disease_pest,0.19411075024372154,1,0.19411075024372154
data\raw\brri_rice_disease_pest\Rice Tungro\RT_41.jpg,brri_rice_disease_pest,0.20373922682977413,1,0.20373922682977413
data\raw\brri_rice_disease_pest\Rice Tungro\RT_42.jpg,brri_rice_disease_pest,0.21847882779096026,1,0.21847882779096026
data\raw\brri_rice_disease_pest\Rice Tungro\RT_43.jpg,brri_rice_disease_pest,0.15137477282754322,1,0.15137477282754322
data\raw\brri_rice_disease_pest\Rice Tungro\RT_44.jpg,brri_rice_disease_pest,0.20667369472810718,1,0.20667369472810718
data\raw\brri_rice_disease_pest\Rice Tungro\RT_45.jpg,brri_rice_disease_pest,0.239828,1,0.239828
data\raw\brri_rice_disease_pest\Rice Tungro\RT_46.jpg,brri_rice_disease_pest,0.2300967261904762,1,0.2300967261904762
data\raw\brri_rice_disease_pest\Rice Tungro\RT_47.jpg,brri_rice_disease_pest,0.12033851169927119,1,0.12033851169927119
data\raw\brri_rice_disease_pest\Rice Tungro\RT_48.jpg,brri_rice_disease_pest,0.1532261454392602,1,0.1532261454392602
data\raw\brri_rice_disease_pest\Rice Tungro\RT_49.jpg,brri_rice_disease_pest,0.1013941936632958,1,0.1013941936632958
data\raw\brri_rice_disease_pest\Rice Tungro\RT_5.jpg,brri_rice_disease_pest,0.07455242105509745,1,0.07455242105509745
data\raw\brri_rice_disease_pest\Rice Tungro\RT_50.jpg,brri_rice_disease_pest,0.05523402980483632,1,0.05523402980483632
data\raw\brri_rice_disease_pest\Rice Tungro\RT_51.jpg,brri_rice_disease_pest,0.13079306869115787,1,0.13079306869115787
data\raw\brri_rice_disease_pest\Rice Tungro\RT_52.jpg,brri_rice_disease_pest,0.13262422945350472,1,0.13262422945350472
data\raw\brri_rice_disease_pest\Rice Tungro\RT_53.jpg,brri_rice_disease_pest,0.09473626550278345,1,0.09473626550278345
data\raw\brri_rice_disease_pest\Rice Tungro\RT_54.jpg,brri_rice_disease_pest,0.333478340022693,1,0.333478340022693
data\raw\brri_rice_disease_pest\Rice Tungro\RT_55.jpg,brri_rice_disease_pest,0.2210597872106217,1,0.2210597872106217
data\raw\brri_rice_disease_pest\Rice Tungro\RT_56.jpg,brri_rice_disease_pest,0.23395162280478923,1,0.23395162280478923
data\raw\brri_rice_disease_pest\Rice Tungro\RT_57.jpg,brri_rice_disease_pest,0.021062750850988163,1,0.021062750850988163
data\raw\brri_rice_disease_pest\Rice Tungro\RT_58.jpg,brri_rice_disease_pest,0.2329146132872699,1,0.2329146132872699
data\raw\brri_rice_disease_pest\Rice Tungro\RT_59.jpg,brri_rice_disease_pest,0.16250725033446797,1,0.16250725033446797
data\raw\brri_rice_disease_pest\Rice Tungro\RT_6.jpg,brri_rice_disease_pest,0.10320187189586387,1,0.10320187189586387
data\raw\brri_rice_disease_pest\Rice Tungro\RT_60.jpg,brri_rice_disease_pest,0.14294597186700767,1,0.14294597186700767
data\raw\brri_rice_disease_pest\Rice Tungro\RT_61.jpg,brri_rice_disease_pest,0.12422337855863867,1,0.12422337855863867
data\raw\brri_rice_disease_pest\Rice Tungro\RT_62.jpg,brri_rice_disease_pest,0.049368710385659535,1,0.049368710385659535
data\raw\brri_rice_disease_pest\Rice Tungro\RT_63.jpg,brri_rice_disease_pest,0.06846002574370709,1,0.06846002574370709
data\raw\brri_rice_disease_pest\Rice Tungro\RT_64.jpg,brri_rice_disease_pest,0.108844,1,0.108844
data\raw\brri_rice_disease_pest\Rice Tungro\RT_65.jpg,brri_rice_disease_pest,0.3152796565807341,1,0.3152796565807341
data\raw\brri_rice_disease_pest\Rice Tungro\RT_66.jpg,brri_rice_disease_pest,0.14825964569196615,1,0.14825964569196615
data\raw\brri_rice_disease_pest\Rice Tungro\RT_67.jpg,brri_rice_disease_pest,0.13368,1,0.13368
data\raw\brri_rice_disease_pest\Rice Tungro\RT_68.jpg,brri_rice_disease_pest,0.19778965350810343,1,0.19778965350810343
data\raw\brri_rice_disease_pest\Rice Tungro\RT_69.jpg,brri_rice_disease_pest,0.03536202515209972,1,0.03536202515209972
data\raw\brri_rice_disease_pest\Rice Tungro\RT_7.jpg,brri_rice_disease_pest,0.11259126683869132,1,0.11259126683869132
data\raw\brri_rice_disease_pest\Rice Tungro\RT_70.jpg,brri_rice_disease_pest,0.20968168910138138,1,0.20968168910138138
data\raw\brri_rice_disease_pest\Rice Tungro\RT_71.jpg,brri_rice_disease_pest,0.1632317545597724,1,0.1632317545597724
data\raw\brri_rice_disease_pest\Rice Tungro\RT_72.jpg,brri_rice_disease_pest,0.0936683121160208,1,0.0936683121160208
data\raw\brri_rice_disease_pest\Rice Tungro\RT_73.jpg,brri_rice_disease_pest,0.128648,1,0.128648
data\raw\brri_rice_disease_pest\Rice Tungro\RT_74.jpg,brri_rice_disease_pest,0.07382270311864801,1,0.07382270311864801
data\raw\brri_rice_disease_pest\Rice Tungro\RT_75.jpg,brri_rice_disease_pest,0.22788245640680416,1,0.22788245640680416
data\raw\brri_rice_disease_pest\Rice Tungro\RT_76.jpg,brri_rice_disease_pest,0.09966264204545454,1,0.09966264204545454
data\raw\brri_rice_disease_pest\Rice Tungro\RT_77.jpg,brri_rice_disease_pest,0.15440248776439905,1,0.15440248776439905
data\raw\brri_rice_disease_pest\Rice Tungro\RT_78.jpg,brri_rice_disease_pest,0.28849186692408,1,0.28849186692408
data\raw\brri_rice_disease_pest\Rice Tungro\RT_79.jpg,brri_rice_disease_pest,0.2047859616589612,1,0.2047859616589612
data\raw\brri_rice_disease_pest\Rice Tungro\RT_8.jpg,brri_rice_disease_pest,0.18919350878084304,1,0.18919350878084304
data\raw\brri_rice_disease_pest\Rice Tungro\RT_80.jpg,brri_rice_disease_pest,0.18172910421853036,1,0.18172910421853036
data\raw\brri_rice_disease_pest\Rice Tungro\RT_81.jpg,brri_rice_disease_pest,0.1771770055377737,1,0.1771770055377737
data\raw\brri_rice_disease_pest\Rice Tungro\RT_82.jpg,brri_rice_disease_pest,0.2504635980287558,1,0.2504635980287558
data\raw\brri_rice_disease_pest\Rice Tungro\RT_83.jpg,brri_rice_disease_pest,0.20731484656810445,1,0.20731484656810445
data\raw\brri_rice_disease_pest\Rice Tungro\RT_84.jpg,brri_rice_disease_pest,0.256956,1,0.256956
data\raw\brri_rice_disease_pest\Rice Tungro\RT_85.jpg,brri_rice_disease_pest,0.0820923358888975,1,0.0820923358888975
data\raw\brri_rice_disease_pest\Rice Tungro\RT_86.jpg,brri_rice_disease_pest,0.19072586961675897,1,0.19072586961675897
data\raw\brri_rice_disease_pest\Rice Tungro\RT_87.jpg,brri_rice_disease_pest,0.15267907796914426,1,0.15267907796914426
data\raw\brri_rice_disease_pest\Rice Tungro\RT_88.jpg,brri_rice_disease_pest,0.157284,1,0.157284
data\raw\brri_rice_disease_pest\Rice Tungro\RT_89.jpg,brri_rice_disease_pest,0.18731741858456535,1,0.18731741858456535
data\raw\brri_rice_disease_pest\Rice Tungro\RT_9.jpg,brri_rice_disease_pest,0.021848590449890373,1,0.021848590449890373
data\raw\brri_rice_disease_pest\Rice Tungro\RT_90.jpg,brri_rice_disease_pest,0.2262406010262663,1,0.2262406010262663
data\raw\brri_rice_disease_pest\Rice Tungro\RT_91.jpg,brri_rice_disease_pest,0.18671145997391997,1,0.18671145997391997
data\raw\brri_rice_disease_pest\Rice Tungro\RT_92.jpg,brri_rice_disease_pest,0.18094532718589645,1,0.18094532718589645
data\raw\brri_rice_disease_pest\Rice Tungro\RT_93.jpg,brri_rice_disease_pest,0.26892257912919776,1,0.26892257912919776
data\raw\brri_rice_disease_pest\Rice Tungro\RT_94.jpg,brri_rice_disease_pest,0.2692819205236329,1,0.2692819205236329
data\raw\brri_rice_disease_pest\Rice Tungro\RT_95.jpg,brri_rice_disease_pest,0.1245080886213145,1,0.1245080886213145
data\raw\brri_rice_disease_pest\Rice Tungro\RT_96.jpg,brri_rice_disease_pest,0.15412358803705398,1,0.15412358803705398
data\raw\brri_rice_disease_pest\Rice Tungro\RT_97.jpg,brri_rice_disease_pest,0.2096508302426798,1,0.2096508302426798
data\raw\brri_rice_disease_pest\Rice Tungro\RT_98.jpg,brri_rice_disease_pest,0.16734221790377482,1,0.16734221790377482
data\raw\brri_rice_disease_pest\Rice Tungro\RT_99.jpg,brri_rice_disease_pest,0.3333804340463005,1,0.3333804340463005
