image_path,dataset,original_class,mapped_class,background,split,is_duplicate
data\raw\riceleafbd\Bacterial Leaf Blight\287707627_871778014004060_726758636943332730_n.jpg,riceleafbd,Bacterial Leaf Blight,bacterial_leaf_blight,,train,False
data\raw\riceleafbd\Bacterial Leaf Blight\306374173_668849494858593_3766180290570057808_n.jpg,riceleafbd,Bacterial Leaf Blight,bacterial_leaf_blight,,val,False
data\raw\riceleafbd\Bacterial Leaf Blight\306768571_5705896816098704_5324870073207477777_n.jpg,riceleafbd,Bacterial Leaf Blight,bacterial_leaf_blight,,train,False
data\raw\riceleafbd\Bacterial Leaf Blight\308023277_813205076492610_8884314140399816635_n.jpg,riceleafbd,Bacterial Leaf Blight,bacterial_leaf_blight,,train,False
data\raw\riceleafbd\Bacterial Leaf Blight\308400042_1457149698084155_2460803779325392734_n.jpg,riceleafbd,Bacterial Leaf Blight,bacterial_leaf_blight,,val,False
data\raw\riceleafbd\Bacterial Leaf Blight\309887257_1206708786950023_3999718091796316686_n.jpg,riceleafbd,Bacterial Leaf Blight,bacterial_leaf_blight,,train,False
data\raw\riceleafbd\Bacterial Leaf Blight\309889467_1034938934566619_5421307974573115033_n.jpg,riceleafbd,Bacterial Leaf Blight,bacterial_leaf_blight,,train,False
data\raw\riceleafbd\Bacterial Leaf Blight\309906799_2995311924109055_1548035455363112562_n (1).jpg,riceleafbd,Bacterial Leaf Blight,bacterial_leaf_blight,,train,False
data\raw\riceleafbd\Bacterial Leaf Blight\309906799_2995311924109055_1548035455363112562_n (2).jpg,riceleafbd,Bacterial Leaf Blight,bacterial_leaf_blight,,val,False
data\raw\riceleafbd\Bacterial Leaf Blight\309906799_2995311924109055_1548035455363112562_n (3).jpg,riceleafbd,Bacterial Leaf Blight,bacterial_leaf_blight,,train,False
data\raw\riceleafbd\Bacterial Leaf Blight\309906799_2995311924109055_1548035455363112562_n.jpg,riceleafbd,Bacterial Leaf Blight,bacterial_leaf_blight,,train,False
data\raw\riceleafbd\Bacterial Leaf Blight\309914121_499573125434843_7502151446289468963_n.jpg,riceleafbd,Bacterial Leaf Blight,bacterial_leaf_blight,,train,False
data\raw\riceleafbd\Bacterial Leaf Blight\309917130_705181374368022_7708826739424719878_n.jpg,riceleafbd,Bacterial Leaf Blight,bacterial_leaf_blight,,train,False
data\raw\riceleafbd\Bacterial Leaf Blight\309927186_1142612546377118_9049401921745677073_n.jpg,riceleafbd,Bacterial Leaf Blight,bacterial_leaf_blight,,test,False
data\raw\riceleafbd\Bacterial Leaf Blight\309930035_609965000916713_6053113369076935018_n (1).jpg,riceleafbd,Bacterial Leaf Blight,bacterial_leaf_blight,,val,False
data\raw\riceleafbd\Bacterial Leaf Blight\309935720_624667676025618_6020341465910782064_n.jpg,riceleafbd,Bacterial Leaf Blight,bacterial_leaf_blight,,train,False
data\raw\riceleafbd\Bacterial Leaf Blight\309944835_403163421908295_9126692865745592080_n (1).jpg,riceleafbd,Bacterial Leaf Blight,bacterial_leaf_blight,,train,False
data\raw\riceleafbd\Bacterial Leaf Blight\309944835_403163421908295_9126692865745592080_n.jpg,riceleafbd,Bacterial Leaf Blight,bacterial_leaf_blight,,train,False
data\raw\riceleafbd\Bacterial Leaf Blight\309949841_5556370191117231_3092019620081404905_n (1).jpg,riceleafbd,Bacterial Leaf Blight,bacterial_leaf_blight,,train,False
data\raw\riceleafbd\Bacterial Leaf Blight\309949841_5556370191117231_3092019620081404905_n.jpg,riceleafbd,Bacterial Leaf Blight,bacterial_leaf_blight,,train,False
data\raw\riceleafbd\Bacterial Leaf Blight\309950589_1096526231050520_832987334448539271_n.jpg,riceleafbd,Bacterial Leaf Blight,bacterial_leaf_blight,,test,False
data\raw\riceleafbd\Bacterial Leaf Blight\309981324_5716773368401002_4567453957138815972_n.jpg,riceleafbd,Bacterial Leaf Blight,bacterial_leaf_blight,,test,False
data\raw\riceleafbd\Bacterial Leaf Blight\310002278_817225236263649_3961895793977925231_n (1).jpg,riceleafbd,Bacterial Leaf Blight,bacterial_leaf_blight,,train,False
data\raw\riceleafbd\Bacterial Leaf Blight\310002278_817225236263649_3961895793977925231_n.jpg,riceleafbd,Bacterial Leaf Blight,bacterial_leaf_blight,,train,False
data\raw\riceleafbd\Bacterial Leaf Blight\310006532_887017432263227_516046070358667000_n (1).jpg,riceleafbd,Bacterial Leaf Blight,bacterial_leaf_blight,,train,False
data\raw\riceleafbd\Bacterial Leaf Blight\310011901_727491482067925_2927973224257730841_n.jpg,riceleafbd,Bacterial Leaf Blight,bacterial_leaf_blight,,train,False
data\raw\riceleafbd\Bacterial Leaf Blight\310061159_1771194393257497_6100627014383132732_n (1).jpg,riceleafbd,Bacterial Leaf Blight,bacterial_leaf_blight,,train,False
data\raw\riceleafbd\Bacterial Leaf Blight\310067670_1460212497800616_8263437998853540163_n.jpg,riceleafbd,Bacterial Leaf Blight,bacterial_leaf_blight,,val,False
data\raw\riceleafbd\Bacterial Leaf Blight\310068205_3277307199265837_3560960330579466291_n.jpg,riceleafbd,Bacterial Leaf Blight,bacterial_leaf_blight,,train,False
data\raw\riceleafbd\Bacterial Leaf Blight\310068205_818588019449923_3913899021171820655_n.jpg,riceleafbd,Bacterial Leaf Blight,bacterial_leaf_blight,,train,False
data\raw\riceleafbd\Bacterial Leaf Blight\310068882_691272839033182_5139952364170529372_n.jpg,riceleafbd,Bacterial Leaf Blight,bacterial_leaf_blight,,train,False
data\raw\riceleafbd\Bacterial Leaf Blight\310071915_444203177660926_6518706998211739864_n (1).jpg,riceleafbd,Bacterial Leaf Blight,bacterial_leaf_blight,,train,False
data\raw\riceleafbd\Bacterial Leaf Blight\310071915_444203177660926_6518706998211739864_n.jpg,riceleafbd,Bacterial Leaf Blight,bacterial_leaf_blight,,val,False
data\raw\riceleafbd\Bacterial Leaf Blight\310073451_670400287776430_8623490334686936705_n.jpg,riceleafbd,Bacterial Leaf Blight,bacterial_leaf_blight,,train,False
data\raw\riceleafbd\Bacterial Leaf Blight\310073971_435370668776339_6035196133024949050_n.jpg,riceleafbd,Bacterial Leaf Blight,bacterial_leaf_blight,,test,False
data\raw\riceleafbd\Bacterial Leaf Blight\310077906_1096335294401000_358816161487578227_n (1).jpg,riceleafbd,Bacterial Leaf Blight,bacterial_leaf_blight,,train,False
data\raw\riceleafbd\Bacterial Leaf Blight\310077906_1096335294401000_358816161487578227_n.jpg,riceleafbd,Bacterial Leaf Blight,bacterial_leaf_blight,,train,False
data\raw\riceleafbd\Bacterial Leaf Blight\310078353_660589472106425_3907303379127533192_n.jpg,riceleafbd,Bacterial Leaf Blight,bacterial_leaf_blight,,train,False
data\raw\riceleafbd\Bacterial Leaf Blight\310090711_874207533939594_3235125099262747986_n (1).jpg,riceleafbd,Bacterial Leaf Blight,bacterial_leaf_blight,,train,False
data\raw\riceleafbd\Bacterial Leaf Blight\310099266_1114310669474495_1151059898472155262_n.jpg,riceleafbd,Bacterial Leaf Blight,bacterial_leaf_blight,,train,False
data\raw\riceleafbd\Bacterial Leaf Blight\310103066_1336526506753515_6186056900445065534_n.jpg,riceleafbd,Bacterial Leaf Blight,bacterial_leaf_blight,,val,False
data\raw\riceleafbd\Bacterial Leaf Blight\310106462_1093880197983588_1411787509327726484_n.jpg,riceleafbd,Bacterial Leaf Blight,bacterial_leaf_blight,,train,False
data\raw\riceleafbd\Bacterial Leaf Blight\310108465_1274344353360521_4050189809060602811_n.jpg,riceleafbd,Bacterial Leaf Blight,bacterial_leaf_blight,,train,False
data\raw\riceleafbd\Bacterial Leaf Blight\310111298_562164032386723_1187157458750245682_n (1).jpg,riceleafbd,Bacterial Leaf Blight,bacterial_leaf_blight,,val,False
data\raw\riceleafbd\Bacterial Leaf Blight\310111298_562164032386723_1187157458750245682_n.jpg,riceleafbd,Bacterial Leaf Blight,bacterial_leaf_blight,,train,False
data\raw\riceleafbd\Bacterial Leaf Blight\310114150_1326246238112132_6368990570522175941_n.jpg,riceleafbd,Bacterial Leaf Blight,bacterial_leaf_blight,,train,False
data\raw\riceleafbd\Bacterial Leaf Blight\310116581_5529911123723324_4187199742885998953_n.jpg,riceleafbd,Bacterial Leaf Blight,bacterial_leaf_blight,,train,False
data\raw\riceleafbd\Bacterial Leaf Blight\310117662_659620325688598_7388704243788229374_n.jpg,riceleafbd,Bacterial Leaf Blight,bacterial_leaf_blight,,val,False
data\raw\riceleafbd\Bacterial Leaf Blight\310118366_792036068554166_3778291304245694531_n.jpg,riceleafbd,Bacterial Leaf Blight,bacterial_leaf_blight,,test,False
data\raw\riceleafbd\Bacterial Leaf Blight\310155672_615122330405118_141836114081908699_n (1).jpg,riceleafbd,Bacterial Leaf Blight,bacterial_leaf_blight,,test,False
data\raw\riceleafbd\Bacterial Leaf Blight\310186129_1587918904994279_3358023107928269316_n.jpg,riceleafbd,Bacterial Leaf Blight,bacterial_leaf_blight,,test,False
data\raw\riceleafbd\Bacterial Leaf Blight\310204379_844905173419386_2433971113517325536_n.jpg,riceleafbd,Bacterial Leaf Blight,bacterial_leaf_blight,,train,False
data\raw\riceleafbd\Bacterial Leaf Blight\310206284_656083739226753_3914532778220688758_n.jpg,riceleafbd,Bacterial Leaf Blight,bacterial_leaf_blight,,test,False
data\raw\riceleafbd\Bacterial Leaf Blight\310227896_2359522557534803_874180533767999718_n.jpg,riceleafbd,Bacterial Leaf Blight,bacterial_leaf_blight,,val,False
data\raw\riceleafbd\Bacterial Leaf Blight\310242655_462324529121851_7634462214048329274_n.jpg,riceleafbd,Bacterial Leaf Blight,bacterial_leaf_blight,,test,False
data\raw\riceleafbd\Bacterial Leaf Blight\310245436_530123098626208_7344551422469112740_n.jpg,riceleafbd,Bacterial Leaf Blight,bacterial_leaf_blight,,train,False
data\raw\riceleafbd\Bacterial Leaf Blight\310246564_645862093898606_4326219695700720633_n.jpg,riceleafbd,Bacterial Leaf Blight,bacterial_leaf_blight,,train,False
data\raw\riceleafbd\Bacterial Leaf Blight\310252428_829038964986259_6100403909234475320_n.jpg,riceleafbd,Bacterial Leaf Blight,bacterial_leaf_blight,,train,False
data\raw\riceleafbd\Bacterial Leaf Blight\310271125_854878082364909_969723976098953938_n.jpg,riceleafbd,Bacterial Leaf Blight,bacterial_leaf_blight,,test,False
data\raw\riceleafbd\Bacterial Leaf Blight\310287299_803094234309195_4665509542057031227_n.jpg,riceleafbd,Bacterial Leaf Blight,bacterial_leaf_blight,,train,False
data\raw\riceleafbd\Bacterial Leaf Blight\310290439_684785263013773_6826715026678719745_n.jpg,riceleafbd,Bacterial Leaf Blight,bacterial_leaf_blight,,train,False
data\raw\riceleafbd\Bacterial Leaf Blight\310298902_1613877562348531_1007280443627564728_n.jpg,riceleafbd,Bacterial Leaf Blight,bacterial_leaf_blight,,val,False
data\raw\riceleafbd\Bacterial Leaf Blight\310301288_829532258098749_271686150820095018_n.jpg,riceleafbd,Bacterial Leaf Blight,bacterial_leaf_blight,,val,False
data\raw\riceleafbd\Bacterial Leaf Blight\310321695_687983289408936_7725850286696211803_n.jpg,riceleafbd,Bacterial Leaf Blight,bacterial_leaf_blight,,train,False
data\raw\riceleafbd\Bacterial Leaf Blight\310335563_689649512083368_5156866007167643059_n.jpg,riceleafbd,Bacterial Leaf Blight,bacterial_leaf_blight,,val,False
data\raw\riceleafbd\Bacterial Leaf Blight\310346992_1108086863410406_8151012851109379531_n (1).jpg,riceleafbd,Bacterial Leaf Blight,bacterial_leaf_blight,,train,False
data\raw\riceleafbd\Bacterial Leaf Blight\310348568_1576915136115241_4061210897780894592_n.jpg,riceleafbd,Bacterial Leaf Blight,bacterial_leaf_blight,,train,False
data\raw\riceleafbd\Bacterial Leaf Blight\310348569_496418645770619_1973838462801256641_n.jpg,riceleafbd,Bacterial Leaf Blight,bacterial_leaf_blight,,train,False
data\raw\riceleafbd\Bacterial Leaf Blight\310398982_1743511802696734_8223560625839530939_n (1).jpg,riceleafbd,Bacterial Leaf Blight,bacterial_leaf_blight,,train,False
data\raw\riceleafbd\Bacterial Leaf Blight\310398982_1743511802696734_8223560625839530939_n.jpg,riceleafbd,Bacterial Leaf Blight,bacterial_leaf_blight,,train,False
data\raw\riceleafbd\Bacterial Leaf Blight\310399369_540025967958207_1299660027449913615_n.jpg,riceleafbd,Bacterial Leaf Blight,bacterial_leaf_blight,,train,False
data\raw\riceleafbd\Bacterial Leaf Blight\310399965_525487952452987_1097327620810210042_n.jpg,riceleafbd,Bacterial Leaf Blight,bacterial_leaf_blight,,test,False
data\raw\riceleafbd\Bacterial Leaf Blight\310406638_441712651261553_8445621227755511487_n.jpg,riceleafbd,Bacterial Leaf Blight,bacterial_leaf_blight,,train,False
data\raw\riceleafbd\Bacterial Leaf Blight\310408699_496897225830087_237703061076680073_n.jpg,riceleafbd,Bacterial Leaf Blight,bacterial_leaf_blight,,train,False
data\raw\riceleafbd\Bacterial Leaf Blight\310408699_822627472279758_1254045115159679670_n (1).jpg,riceleafbd,Bacterial Leaf Blight,bacterial_leaf_blight,,train,False
data\raw\riceleafbd\Bacterial Leaf Blight\310408699_822627472279758_1254045115159679670_n.jpg,riceleafbd,Bacterial Leaf Blight,bacterial_leaf_blight,,train,False
data\raw\riceleafbd\Bacterial Leaf Blight\310415196_863381368363076_2835015746818951626_n.jpg,riceleafbd,Bacterial Leaf Blight,bacterial_leaf_blight,,train,False
data\raw\riceleafbd\Bacterial Leaf Blight\310421506_682212046823295_7959506462679908202_n.jpg,riceleafbd,Bacterial Leaf Blight,bacterial_leaf_blight,,train,False
data\raw\riceleafbd\Bacterial Leaf Blight\310425396_1159231851666855_6998416759931708991_n.jpg,riceleafbd,Bacterial Leaf Blight,bacterial_leaf_blight,,train,False
data\raw\riceleafbd\Bacterial Leaf Blight\310431608_945940750126887_1669829760117063812_n (1).jpg,riceleafbd,Bacterial Leaf Blight,bacterial_leaf_blight,,train,False
data\raw\riceleafbd\Bacterial Leaf Blight\310431608_945940750126887_1669829760117063812_n.jpg,riceleafbd,Bacterial Leaf Blight,bacterial_leaf_blight,,test,False
data\raw\riceleafbd\Bacterial Leaf Blight\310448020_682310889868060_4681830072878013283_n.jpg,riceleafbd,Bacterial Leaf Blight,bacterial_leaf_blight,,train,False
data\raw\riceleafbd\Bacterial Leaf Blight\310464016_1164415064492054_7219545344180247598_n.jpg,riceleafbd,Bacterial Leaf Blight,bacterial_leaf_blight,,train,False
data\raw\riceleafbd\Bacterial Leaf Blight\310464616_851545286273413_4316228521924337719_n.jpg,riceleafbd,Bacterial Leaf Blight,bacterial_leaf_blight,,train,False
data\raw\riceleafbd\Bacterial Leaf Blight\310469690_2436748673143286_2677182688110486122_n.jpg,riceleafbd,Bacterial Leaf Blight,bacterial_leaf_blight,,train,False
data\raw\riceleafbd\Bacterial Leaf Blight\310487840_1291281128080362_8434485632634687911_n (1).jpg,riceleafbd,Bacterial Leaf Blight,bacterial_leaf_blight,,train,False
data\raw\riceleafbd\Bacterial Leaf Blight\310487840_1291281128080362_8434485632634687911_n.jpg,riceleafbd,Bacterial Leaf Blight,bacterial_leaf_blight,,train,False
data\raw\riceleafbd\Bacterial Leaf Blight\310488167_3283636195219120_6710492829285452029_n (1).jpg,riceleafbd,Bacterial Leaf Blight,bacterial_leaf_blight,,test,False
data\raw\riceleafbd\Bacterial Leaf Blight\310488167_3283636195219120_6710492829285452029_n.jpg,riceleafbd,Bacterial Leaf Blight,bacterial_leaf_blight,,test,False
data\raw\riceleafbd\Bacterial Leaf Blight\310543147_457255739652955_3429368353373351621_n.jpg,riceleafbd,Bacterial Leaf Blight,bacterial_leaf_blight,,train,False
data\raw\riceleafbd\Bacterial Leaf Blight\310551734_1878080685878412_6304500458457326559_n.jpg,riceleafbd,Bacterial Leaf Blight,bacterial_leaf_blight,,train,False
data\raw\riceleafbd\Bacterial Leaf Blight\310553566_2995830284047527_316969068202881531_n.jpg,riceleafbd,Bacterial Leaf Blight,bacterial_leaf_blight,,test,False
data\raw\riceleafbd\Bacterial Leaf Blight\310559329_690131362347145_6658353345499358807_n (1).jpg,riceleafbd,Bacterial Leaf Blight,bacterial_leaf_blight,,train,False
data\raw\riceleafbd\Bacterial Leaf Blight\310559329_690131362347145_6658353345499358807_n.jpg,riceleafbd,Bacterial Leaf Blight,bacterial_leaf_blight,,train,False
data\raw\riceleafbd\Bacterial Leaf Blight\310559970_1213671542697262_8535261898640007138_n.jpg,riceleafbd,Bacterial Leaf Blight,bacterial_leaf_blight,,train,False
data\raw\riceleafbd\Bacterial Leaf Blight\310572527_877480326964706_6234914540895705397_n.jpg,riceleafbd,Bacterial Leaf Blight,bacterial_leaf_blight,,train,False
data\raw\riceleafbd\Bacterial Leaf Blight\310600434_509085124429604_8918712258124914972_n.jpg,riceleafbd,Bacterial Leaf Blight,bacterial_leaf_blight,,train,False
data\raw\riceleafbd\Bacterial Leaf Blight\310614783_415402003974119_8541969504061395281_n.jpg,riceleafbd,Bacterial Leaf Blight,bacterial_leaf_blight,,train,False
data\raw\riceleafbd\Bacterial Leaf Blight\310618161_749865946301961_566346251077039014_n (1).jpg,riceleafbd,Bacterial Leaf Blight,bacterial_leaf_blight,,val,False
data\raw\riceleafbd\Bacterial Leaf Blight\310640932_1155806921733557_1536466671256326621_n.jpg,riceleafbd,Bacterial Leaf Blight,bacterial_leaf_blight,,test,False
data\raw\riceleafbd\Bacterial Leaf Blight\310644021_808218650294002_2396455372290571328_n (1).jpg,riceleafbd,Bacterial Leaf Blight,bacterial_leaf_blight,,val,False
data\raw\riceleafbd\Bacterial Leaf Blight\310644021_808218650294002_2396455372290571328_n.jpg,riceleafbd,Bacterial Leaf Blight,bacterial_leaf_blight,,train,False
data\raw\riceleafbd\Bacterial Leaf Blight\310646560_492327916186305_3033082180337223512_n.jpg,riceleafbd,Bacterial Leaf Blight,bacterial_leaf_blight,,test,False
data\raw\riceleafbd\Bacterial Leaf Blight\310648809_1276299019880335_3987705849652034683_n.jpg,riceleafbd,Bacterial Leaf Blight,bacterial_leaf_blight,,train,False
data\raw\riceleafbd\Bacterial Leaf Blight\310670396_429378569378476_2079842306408630720_n (1).jpg,riceleafbd,Bacterial Leaf Blight,bacterial_leaf_blight,,train,False
data\raw\riceleafbd\Bacterial Leaf Blight\310670396_429378569378476_2079842306408630720_n.jpg,riceleafbd,Bacterial Leaf Blight,bacterial_leaf_blight,,val,False
data\raw\riceleafbd\Bacterial Leaf Blight\310671193_651962683328428_2392190712301200676_n.jpg,riceleafbd,Bacterial Leaf Blight,bacterial_leaf_blight,,test,False
data\raw\riceleafbd\Bacterial Leaf Blight\310674255_5604488246310964_3622111877303547733_n (1).jpg,riceleafbd,Bacterial Leaf Blight,bacterial_leaf_blight,,train,False
data\raw\riceleafbd\Bacterial Leaf Blight\310674255_5604488246310964_3622111877303547733_n.jpg,riceleafbd,Bacterial Leaf Blight,bacterial_leaf_blight,,train,False
data\raw\riceleafbd\Bacterial Leaf Blight\310719042_561579772636310_4450666158229352919_n (1).jpg,riceleafbd,Bacterial Leaf Blight,bacterial_leaf_blight,,train,False
data\raw\riceleafbd\Bacterial Leaf Blight\310719042_561579772636310_4450666158229352919_n.jpg,riceleafbd,Bacterial Leaf Blight,bacterial_leaf_blight,,train,False
data\raw\riceleafbd\Bacterial Leaf Blight\310732056_882974596404588_3333536589152760246_n.jpg,riceleafbd,Bacterial Leaf Blight,bacterial_leaf_blight,,train,False
data\raw\riceleafbd\Bacterial Leaf Blight\310773473_503921111704958_8483945229256166615_n.jpg,riceleafbd,Bacterial Leaf Blight,bacterial_leaf_blight,,train,False
data\raw\riceleafbd\Bacterial Leaf Blight\310776944_2271192576395292_6697039548256478756_n.jpg,riceleafbd,Bacterial Leaf Blight,bacterial_leaf_blight,,train,False
data\raw\riceleafbd\Bacterial Leaf Blight\310786053_1525316674560353_7049264138852649689_n.jpg,riceleafbd,Bacterial Leaf Blight,bacterial_leaf_blight,,train,False
data\raw\riceleafbd\Bacterial Leaf Blight\310793904_3186523691659403_5383376354122925282_n (1).jpg,riceleafbd,Bacterial Leaf Blight,bacterial_leaf_blight,,train,False
data\raw\riceleafbd\Bacterial Leaf Blight\310800911_1086292778725443_5354534637381279077_n.jpg,riceleafbd,Bacterial Leaf Blight,bacterial_leaf_blight,,train,False
data\raw\riceleafbd\Bacterial Leaf Blight\310806656_1155600812023590_376145728074683356_n (1).jpg,riceleafbd,Bacterial Leaf Blight,bacterial_leaf_blight,,train,False
data\raw\riceleafbd\Bacterial Leaf Blight\310806656_1155600812023590_376145728074683356_n.jpg,riceleafbd,Bacterial Leaf Blight,bacterial_leaf_blight,,train,False
data\raw\riceleafbd\Bacterial Leaf Blight\310807976_811879566593115_3526807662723242232_n.jpg,riceleafbd,Bacterial Leaf Blight,bacterial_leaf_blight,,train,False
data\raw\riceleafbd\Bacterial Leaf Blight\310816588_683444686539952_5848690206784441184_n (1).jpg,riceleafbd,Bacterial Leaf Blight,bacterial_leaf_blight,,train,False
data\raw\riceleafbd\Bacterial Leaf Blight\310816588_683444686539952_5848690206784441184_n.jpg,riceleafbd,Bacterial Leaf Blight,bacterial_leaf_blight,,test,False
data\raw\riceleafbd\Bacterial Leaf Blight\310824213_855040892191393_2275687619532873530_n.jpg,riceleafbd,Bacterial Leaf Blight,bacterial_leaf_blight,,train,False
data\raw\riceleafbd\Bacterial Leaf Blight\310828816_690325272284589_9142632844752404553_n.jpg,riceleafbd,Bacterial Leaf Blight,bacterial_leaf_blight,,train,False
data\raw\riceleafbd\Bacterial Leaf Blight\310828818_502045418606703_6319544330287836103_n.jpg,riceleafbd,Bacterial Leaf Blight,bacterial_leaf_blight,,train,False
data\raw\riceleafbd\Bacterial Leaf Blight\310828818_801077407864911_6593082883199240119_n.jpg,riceleafbd,Bacterial Leaf Blight,bacterial_leaf_blight,,train,False
data\raw\riceleafbd\Bacterial Leaf Blight\310839695_5693966490642265_4289994576722985164_n.jpg,riceleafbd,Bacterial Leaf Blight,bacterial_leaf_blight,,train,False
data\raw\riceleafbd\Bacterial Leaf Blight\310852417_3265459660435599_1909107167551415250_n.jpg,riceleafbd,Bacterial Leaf Blight,bacterial_leaf_blight,,train,False
data\raw\riceleafbd\Bacterial Leaf Blight\310853518_1159479021645279_1488304423547265573_n.jpg,riceleafbd,Bacterial Leaf Blight,bacterial_leaf_blight,,val,False
data\raw\riceleafbd\Bacterial Leaf Blight\310854028_435802855205808_7539885840348190946_n.jpg,riceleafbd,Bacterial Leaf Blight,bacterial_leaf_blight,,train,False
data\raw\riceleafbd\Bacterial Leaf Blight\310860211_1195211697757300_6481156105053704010_n.jpg,riceleafbd,Bacterial Leaf Blight,bacterial_leaf_blight,,test,False
data\raw\riceleafbd\Bacterial Leaf Blight\310899607_1814307275582501_3557432218080740998_n.jpg,riceleafbd,Bacterial Leaf Blight,bacterial_leaf_blight,,train,False
data\raw\riceleafbd\Bacterial Leaf Blight\310910786_497041972358154_3724793616908977131_n.jpg,riceleafbd,Bacterial Leaf Blight,bacterial_leaf_blight,,train,False
data\raw\riceleafbd\Bacterial Leaf Blight\310939144_520951129667148_9028737506706713083_n.jpg,riceleafbd,Bacterial Leaf Blight,bacterial_leaf_blight,,train,False
data\raw\riceleafbd\Bacterial Leaf Blight\310957993_531393051801796_7180472141142317761_n (1).jpg,riceleafbd,Bacterial Leaf Blight,bacterial_leaf_blight,,test,False
data\raw\riceleafbd\Bacterial Leaf Blight\310959560_1164934114442829_2311022066141502967_n (1).jpg,riceleafbd,Bacterial Leaf Blight,bacterial_leaf_blight,,val,False
data\raw\riceleafbd\Bacterial Leaf Blight\310959560_1164934114442829_2311022066141502967_n (2).jpg,riceleafbd,Bacterial Leaf Blight,bacterial_leaf_blight,,train,False
data\raw\riceleafbd\Bacterial Leaf Blight\310959560_1164934114442829_2311022066141502967_n.jpg,riceleafbd,Bacterial Leaf Blight,bacterial_leaf_blight,,train,False
data\raw\riceleafbd\Bacterial Leaf Blight\310962820_3246774055651160_4343341207776874939_n.jpg,riceleafbd,Bacterial Leaf Blight,bacterial_leaf_blight,,val,False
data\raw\riceleafbd\Bacterial Leaf Blight\310973863_659588705790448_79279918050844787_n.jpg,riceleafbd,Bacterial Leaf Blight,bacterial_leaf_blight,,train,False
data\raw\riceleafbd\Bacterial Leaf Blight\310974891_450883127170242_460585121222718338_n (1).jpg,riceleafbd,Bacterial Leaf Blight,bacterial_leaf_blight,,train,False
data\raw\riceleafbd\Bacterial Leaf Blight\310974891_450883127170242_460585121222718338_n (2).jpg,riceleafbd,Bacterial Leaf Blight,bacterial_leaf_blight,,train,False
data\raw\riceleafbd\Bacterial Leaf Blight\310974891_450883127170242_460585121222718338_n.jpg,riceleafbd,Bacterial Leaf Blight,bacterial_leaf_blight,,train,False
data\raw\riceleafbd\Bacterial Leaf Blight\310974927_491049266314337_8022843233606053562_n (1).jpg,riceleafbd,Bacterial Leaf Blight,bacterial_leaf_blight,,train,False
data\raw\riceleafbd\Bacterial Leaf Blight\310974927_491049266314337_8022843233606053562_n.jpg,riceleafbd,Bacterial Leaf Blight,bacterial_leaf_blight,,train,False
data\raw\riceleafbd\Bacterial Leaf Blight\310974928_1248138435919353_5243267489632069214_n.jpg,riceleafbd,Bacterial Leaf Blight,bacterial_leaf_blight,,train,False
data\raw\riceleafbd\Bacterial Leaf Blight\310986458_1422967054894315_2215338726885638584_n.jpg,riceleafbd,Bacterial Leaf Blight,bacterial_leaf_blight,,train,False
data\raw\riceleafbd\Bacterial Leaf Blight\310986470_827527985246219_5182457811937271935_n.jpg,riceleafbd,Bacterial Leaf Blight,bacterial_leaf_blight,,train,False
data\raw\riceleafbd\Bacterial Leaf Blight\310987026_3261889310716732_1126130837070880892_n.jpg,riceleafbd,Bacterial Leaf Blight,bacterial_leaf_blight,,train,False
data\raw\riceleafbd\Bacterial Leaf Blight\310989352_452640626791616_6700188349420952797_n.jpg,riceleafbd,Bacterial Leaf Blight,bacterial_leaf_blight,,test,False
data\raw\riceleafbd\Bacterial Leaf Blight\310989352_840479063762307_7205381542363703990_n.jpg,riceleafbd,Bacterial Leaf Blight,bacterial_leaf_blight,,train,False
data\raw\riceleafbd\Bacterial Leaf Blight\311006291_1283093285821857_4533140281566325969_n.jpg,riceleafbd,Bacterial Leaf Blight,bacterial_leaf_blight,,test,False
data\raw\riceleafbd\Bacterial Leaf Blight\311024973_1610391142753270_631261596346559709_n.jpg,riceleafbd,Bacterial Leaf Blight,bacterial_leaf_blight,,train,False
data\raw\riceleafbd\Bacterial Leaf Blight\311039233_647379983529818_3179780877140814952_n (1).jpg,riceleafbd,Bacterial Leaf Blight,bacterial_leaf_blight,,train,False
data\raw\riceleafbd\Bacterial Leaf Blight\311039233_647379983529818_3179780877140814952_n.jpg,riceleafbd,Bacterial Leaf Blight,bacterial_leaf_blight,,train,False
data\raw\riceleafbd\Bacterial Leaf Blight\311120128_827872505301907_5738768674890653677_n.jpg,riceleafbd,Bacterial Leaf Blight,bacterial_leaf_blight,,train,False
data\raw\riceleafbd\Bacterial Leaf Blight\311127088_3070769586478834_593695714921536743_n.jpg,riceleafbd,Bacterial Leaf Blight,bacterial_leaf_blight,,val,False
data\raw\riceleafbd\Bacterial Leaf Blight\311146649_1109249426367992_2020093549392706267_n.jpg,riceleafbd,Bacterial Leaf Blight,bacterial_leaf_blight,,train,False
data\raw\riceleafbd\Bacterial Leaf Blight\311150408_1181671116062665_4258769257725963297_n.jpg,riceleafbd,Bacterial Leaf Blight,bacterial_leaf_blight,,train,False
data\raw\riceleafbd\Bacterial Leaf Blight\311155755_667001898417987_5463193008355939533_n.jpg,riceleafbd,Bacterial Leaf Blight,bacterial_leaf_blight,,train,False
data\raw\riceleafbd\Bacterial Leaf Blight\311162571_5469448139777618_6986294095882567716_n (1).jpg,riceleafbd,Bacterial Leaf Blight,bacterial_leaf_blight,,test,False
data\raw\riceleafbd\Bacterial Leaf Blight\311162571_5469448139777618_6986294095882567716_n.jpg,riceleafbd,Bacterial Leaf Blight,bacterial_leaf_blight,,val,False
data\raw\riceleafbd\Bacterial Leaf Blight\311173558_1078001522862587_6821030613800710079_n.jpg,riceleafbd,Bacterial Leaf Blight,bacterial_leaf_blight,,val,False
data\raw\riceleafbd\Bacterial Leaf Blight\311176948_1173457476855843_8876369629576747934_n (1).jpg,riceleafbd,Bacterial Leaf Blight,bacterial_leaf_blight,,train,False
data\raw\riceleafbd\Bacterial Leaf Blight\311176948_1173457476855843_8876369629576747934_n.jpg,riceleafbd,Bacterial Leaf Blight,bacterial_leaf_blight,,train,False
data\raw\riceleafbd\Bacterial Leaf Blight\311215805_2327211210781483_4316745845371875045_n (1).jpg,riceleafbd,Bacterial Leaf Blight,bacterial_leaf_blight,,train,False
data\raw\riceleafbd\Bacterial Leaf Blight\311215805_2327211210781483_4316745845371875045_n.jpg,riceleafbd,Bacterial Leaf Blight,bacterial_leaf_blight,,test,False
data\raw\riceleafbd\Bacterial Leaf Blight\311228557_3354837764782169_1347128547830875125_n.jpg,riceleafbd,Bacterial Leaf Blight,bacterial_leaf_blight,,train,False
data\raw\riceleafbd\Bacterial Leaf Blight\311241844_867069184651555_26029076582327398_n.jpg,riceleafbd,Bacterial Leaf Blight,bacterial_leaf_blight,,train,False
data\raw\riceleafbd\Bacterial Leaf Blight\311265233_657558655877043_5865489749184376197_n.jpg,riceleafbd,Bacterial Leaf Blight,bacterial_leaf_blight,,test,False
data\raw\riceleafbd\Bacterial Leaf Blight\311279607_8500016796705278_1785616972798444820_n.jpg,riceleafbd,Bacterial Leaf Blight,bacterial_leaf_blight,,train,False
data\raw\riceleafbd\Bacterial Leaf Blight\311296765_525129705864898_613330793096347451_n.jpg,riceleafbd,Bacterial Leaf Blight,bacterial_leaf_blight,,val,False
data\raw\riceleafbd\Bacterial Leaf Blight\311311853_5451057041609361_5671669149495919327_n (1).jpg,riceleafbd,Bacterial Leaf Blight,bacterial_leaf_blight,,train,False
data\raw\riceleafbd\Bacterial Leaf Blight\311316953_2333723993468631_1150700993852292418_n.jpg,riceleafbd,Bacterial Leaf Blight,bacterial_leaf_blight,,train,False
data\raw\riceleafbd\Bacterial Leaf Blight\311332387_657230612713643_6199394551710473389_n (1).jpg,riceleafbd,Bacterial Leaf Blight,bacterial_leaf_blight,,test,False
data\raw\riceleafbd\Bacterial Leaf Blight\311332387_657230612713643_6199394551710473389_n.jpg,riceleafbd,Bacterial Leaf Blight,bacterial_leaf_blight,,train,False
data\raw\riceleafbd\Bacterial Leaf Blight\311441515_1079990362543994_6288708335709485111_n.jpg,riceleafbd,Bacterial Leaf Blight,bacterial_leaf_blight,,train,False
data\raw\riceleafbd\Bacterial Leaf Blight\311442085_3290982681175106_6220041470786268097_n.jpg,riceleafbd,Bacterial Leaf Blight,bacterial_leaf_blight,,train,False
data\raw\riceleafbd\Bacterial Leaf Blight\311453915_3375316629450850_968877061441042640_n.jpg,riceleafbd,Bacterial Leaf Blight,bacterial_leaf_blight,,train,False
data\raw\riceleafbd\Bacterial Leaf Blight\311466345_1063398244336523_5655169926138422138_n.jpg,riceleafbd,Bacterial Leaf Blight,bacterial_leaf_blight,,train,False
data\raw\riceleafbd\Bacterial Leaf Blight\311866964_567071142085825_622814194050866011_n.jpg,riceleafbd,Bacterial Leaf Blight,bacterial_leaf_blight,,train,False
data\raw\riceleafbd\Bacterial Leaf Blight\311877206_813451169874270_1813155305506983296_n (1).jpg,riceleafbd,Bacterial Leaf Blight,bacterial_leaf_blight,,train,False
data\raw\riceleafbd\Bacterial Leaf Blight\311877206_850779099448782_7344538294085096936_n.jpg,riceleafbd,Bacterial Leaf Blight,bacterial_leaf_blight,,train,False
data\raw\riceleafbd\Bacterial Leaf Blight\311900983_689802402358732_3634352778830511459_n (1).jpg,riceleafbd,Bacterial Leaf Blight,bacterial_leaf_blight,,train,False
data\raw\riceleafbd\Bacterial Leaf Blight\311900983_689802402358732_3634352778830511459_n.jpg,riceleafbd,Bacterial Leaf Blight,bacterial_leaf_blight,,train,False
data\raw\riceleafbd\Bacterial Leaf Blight\311903426_838983637128251_2126702621483037354_n.jpg,riceleafbd,Bacterial Leaf Blight,bacterial_leaf_blight,,train,False
data\raw\riceleafbd\Bacterial Leaf Blight\311905670_494313549327013_3366459603905626498_n (1).jpg,riceleafbd,Bacterial Leaf Blight,bacterial_leaf_blight,,train,False
data\raw\riceleafbd\Bacterial Leaf Blight\311905670_494313549327013_3366459603905626498_n.jpg,riceleafbd,Bacterial Leaf Blight,bacterial_leaf_blight,,test,False
data\raw\riceleafbd\Bacterial Leaf Blight\311922711_862621194774744_1639676549932614409_n.jpg,riceleafbd,Bacterial Leaf Blight,bacterial_leaf_blight,,test,False
data\raw\riceleafbd\Bacterial Leaf Blight\311950185_1181251602817107_2793916819747041864_n.jpg,riceleafbd,Bacterial Leaf Blight,bacterial_leaf_blight,,test,False
data\raw\riceleafbd\Bacterial Leaf Blight\311958416_856690878677156_2200993711463183195_n.jpg,riceleafbd,Bacterial Leaf Blight,bacterial_leaf_blight,,val,False
data\raw\riceleafbd\Bacterial Leaf Blight\311994481_1554859204947566_3246896678956371692_n.jpg,riceleafbd,Bacterial Leaf Blight,bacterial_leaf_blight,,test,False
data\raw\riceleafbd\Bacterial Leaf Blight\311996253_708829197508056_1204240679350468183_n.jpg,riceleafbd,Bacterial Leaf Blight,bacterial_leaf_blight,,train,False
data\raw\riceleafbd\Bacterial Leaf Blight\312005263_671890507987285_3104310052928250043_n.jpg,riceleafbd,Bacterial Leaf Blight,bacterial_leaf_blight,,train,False
data\raw\riceleafbd\Bacterial Leaf Blight\312109408_775761866918297_6977507205127226856_n.jpg,riceleafbd,Bacterial Leaf Blight,bacterial_leaf_blight,,train,False
data\raw\riceleafbd\Bacterial Leaf Blight\312115862_868821337579765_6672153462436386912_n.jpg,riceleafbd,Bacterial Leaf Blight,bacterial_leaf_blight,,train,False
data\raw\riceleafbd\Bacterial Leaf Blight\312117365_3213264032297783_6825796052983078457_n.jpg,riceleafbd,Bacterial Leaf Blight,bacterial_leaf_blight,,train,False
data\raw\riceleafbd\Bacterial Leaf Blight\312124793_2094179050769487_8295648045246142761_n (1).jpg,riceleafbd,Bacterial Leaf Blight,bacterial_leaf_blight,,train,False
data\raw\riceleafbd\Bacterial Leaf Blight\312124793_2094179050769487_8295648045246142761_n (2).jpg,riceleafbd,Bacterial Leaf Blight,bacterial_leaf_blight,,train,False
data\raw\riceleafbd\Bacterial Leaf Blight\312124793_2094179050769487_8295648045246142761_n.jpg,riceleafbd,Bacterial Leaf Blight,bacterial_leaf_blight,,train,False
data\raw\riceleafbd\Bacterial Leaf Blight\312134552_1074778793216195_7727199800077020230_n.jpg,riceleafbd,Bacterial Leaf Blight,bacterial_leaf_blight,,val,False
data\raw\riceleafbd\Bacterial Leaf Blight\312144415_509177034425217_5689135141004163658_n.jpg,riceleafbd,Bacterial Leaf Blight,bacterial_leaf_blight,,val,False
data\raw\riceleafbd\Bacterial Leaf Blight\312156860_1303276270474197_3862165336192323356_n.jpg,riceleafbd,Bacterial Leaf Blight,bacterial_leaf_blight,,train,False
data\raw\riceleafbd\Bacterial Leaf Blight\312168283_695866688628163_6057433753176077367_n.jpg,riceleafbd,Bacterial Leaf Blight,bacterial_leaf_blight,,train,False
data\raw\riceleafbd\Bacterial Leaf Blight\312183275_656322959375215_4017854485040632635_n.jpg,riceleafbd,Bacterial Leaf Blight,bacterial_leaf_blight,,train,False
data\raw\riceleafbd\Bacterial Leaf Blight\312203278_5366371953471241_8735366072359109211_n.jpg,riceleafbd,Bacterial Leaf Blight,bacterial_leaf_blight,,test,False
data\raw\riceleafbd\Bacterial Leaf Blight\312203280_1112869256098748_5917544327451324383_n.jpg,riceleafbd,Bacterial Leaf Blight,bacterial_leaf_blight,,train,False
data\raw\riceleafbd\Bacterial Leaf Blight\312216982_865720758115042_5955277785360983136_n.jpg,riceleafbd,Bacterial Leaf Blight,bacterial_leaf_blight,,val,False
data\raw\riceleafbd\Bacterial Leaf Blight\312240092_427147422938967_679263528616862535_n.jpg,riceleafbd,Bacterial Leaf Blight,bacterial_leaf_blight,,train,False
data\raw\riceleafbd\Bacterial Leaf Blight\312262792_903324473966751_5231161925546916462_n.jpg,riceleafbd,Bacterial Leaf Blight,bacterial_leaf_blight,,train,False
data\raw\riceleafbd\Bacterial Leaf Blight\312265952_860714698675407_8304289516212089109_n.jpg,riceleafbd,Bacterial Leaf Blight,bacterial_leaf_blight,,train,False
data\raw\riceleafbd\Bacterial Leaf Blight\312270228_804664440820807_2302721452737006100_n.jpg,riceleafbd,Bacterial Leaf Blight,bacterial_leaf_blight,,train,False
data\raw\riceleafbd\Bacterial Leaf Blight\312305620_840412667306112_5109935503413715418_n.jpg,riceleafbd,Bacterial Leaf Blight,bacterial_leaf_blight,,val,False
data\raw\riceleafbd\Bacterial Leaf Blight\312307012_1137047957009667_5775483781927203184_n.jpg,riceleafbd,Bacterial Leaf Blight,bacterial_leaf_blight,,val,False
data\raw\riceleafbd\Bacterial Leaf Blight\312319966_688919419618010_4242118936767372404_n (1).jpg,riceleafbd,Bacterial Leaf Blight,bacterial_leaf_blight,,test,False
data\raw\riceleafbd\Bacterial Leaf Blight\312358944_1165312637746496_9080282855795945222_n.jpg,riceleafbd,Bacterial Leaf Blight,bacterial_leaf_blight,,val,False
data\raw\riceleafbd\Bacterial Leaf Blight\312362021_897971174434056_4612567614879769508_n.jpg,riceleafbd,Bacterial Leaf Blight,bacterial_leaf_blight,,val,False
data\raw\riceleafbd\Bacterial Leaf Blight\312366899_848781659487265_7905190979807373086_n.jpg,riceleafbd,Bacterial Leaf Blight,bacterial_leaf_blight,,val,False
data\raw\riceleafbd\Bacterial Leaf Blight\312372571_868246384178924_1560286390148884930_n.jpg,riceleafbd,Bacterial Leaf Blight,bacterial_leaf_blight,,train,False
data\raw\riceleafbd\Bacterial Leaf Blight\312376726_506582041393533_6134942179223141876_n.jpg,riceleafbd,Bacterial Leaf Blight,bacterial_leaf_blight,,train,False
data\raw\riceleafbd\Bacterial Leaf Blight\312380040_666514341810864_640069108703250035_n (1).jpg,riceleafbd,Bacterial Leaf Blight,bacterial_leaf_blight,,train,False
data\raw\riceleafbd\Bacterial Leaf Blight\312380040_666514341810864_640069108703250035_n.jpg,riceleafbd,Bacterial Leaf Blight,bacterial_leaf_blight,,train,False
data\raw\riceleafbd\Bacterial Leaf Blight\312430212_856443215361815_4156088728725466798_n.jpg,riceleafbd,Bacterial Leaf Blight,bacterial_leaf_blight,,train,False
data\raw\riceleafbd\Bacterial Leaf Blight\312460599_615434820370384_4814049240850019307_n.jpg,riceleafbd,Bacterial Leaf Blight,bacterial_leaf_blight,,train,False
data\raw\riceleafbd\Bacterial Leaf Blight\312468370_5637100656380348_703247384194259115_n.jpg,riceleafbd,Bacterial Leaf Blight,bacterial_leaf_blight,,train,False
data\raw\riceleafbd\Bacterial Leaf Blight\312472792_444886301126098_1501912677559689732_n (1).jpg,riceleafbd,Bacterial Leaf Blight,bacterial_leaf_blight,,train,False
data\raw\riceleafbd\Bacterial Leaf Blight\312472792_444886301126098_1501912677559689732_n.jpg,riceleafbd,Bacterial Leaf Blight,bacterial_leaf_blight,,val,False
data\raw\riceleafbd\Bacterial Leaf Blight\312492836_921608635883654_5040495292452316542_n.jpg,riceleafbd,Bacterial Leaf Blight,bacterial_leaf_blight,,train,False
data\raw\riceleafbd\Bacterial Leaf Blight\312497633_493821666106853_2003525939535835671_n.jpg,riceleafbd,Bacterial Leaf Blight,bacterial_leaf_blight,,train,False
data\raw\riceleafbd\Bacterial Leaf Blight\312501455_701030871075552_5552237118172408186_n.jpg,riceleafbd,Bacterial Leaf Blight,bacterial_leaf_blight,,train,False
data\raw\riceleafbd\Bacterial Leaf Blight\312533724_527055925932704_529721116070509117_n.jpg,riceleafbd,Bacterial Leaf Blight,bacterial_leaf_blight,,val,False
data\raw\riceleafbd\Bacterial Leaf Blight\312544784_688879059321101_6372406967365528103_n.jpg,riceleafbd,Bacterial Leaf Blight,bacterial_leaf_blight,,train,False
data\raw\riceleafbd\Bacterial Leaf Blight\312562418_839362653763759_9061241516002192433_n.jpg,riceleafbd,Bacterial Leaf Blight,bacterial_leaf_blight,,train,False
data\raw\riceleafbd\Bacterial Leaf Blight\312567234_1137342777156531_6664665408580704339_n.jpg,riceleafbd,Bacterial Leaf Blight,bacterial_leaf_blight,,train,False
data\raw\riceleafbd\Bacterial Leaf Blight\312602648_1233624923888692_5205660825053270302_n (1).jpg,riceleafbd,Bacterial Leaf Blight,bacterial_leaf_blight,,train,False
data\raw\riceleafbd\Bacterial Leaf Blight\312602648_1233624923888692_5205660825053270302_n.jpg,riceleafbd,Bacterial Leaf Blight,bacterial_leaf_blight,,test,False
data\raw\riceleafbd\Bacterial Leaf Blight\312646122_640566951102447_2555335777393358146_n.jpg,riceleafbd,Bacterial Leaf Blight,bacterial_leaf_blight,,val,False
data\raw\riceleafbd\Bacterial Leaf Blight\312656411_465523942147125_5077802567650565707_n.jpg,riceleafbd,Bacterial Leaf Blight,bacterial_leaf_blight,,train,False
data\raw\riceleafbd\Bacterial Leaf Blight\312662581_465466095568796_6078116808070006939_n.jpg,riceleafbd,Bacterial Leaf Blight,bacterial_leaf_blight,,train,False
data\raw\riceleafbd\Bacterial Leaf Blight\312665151_823751822349646_2099650976172566029_n.jpg,riceleafbd,Bacterial Leaf Blight,bacterial_leaf_blight,,train,False
data\raw\riceleafbd\Bacterial Leaf Blight\312665151_8320432917998191_1604786143188951266_n (1).jpg,riceleafbd,Bacterial Leaf Blight,bacterial_leaf_blight,,train,False
data\raw\riceleafbd\Bacterial Leaf Blight\312665151_8320432917998191_1604786143188951266_n.jpg,riceleafbd,Bacterial Leaf Blight,bacterial_leaf_blight,,test,False
data\raw\riceleafbd\Bacterial Leaf Blight\312701781_1737299809990745_2445287125465582583_n.jpg,riceleafbd,Bacterial Leaf Blight,bacterial_leaf_blight,,train,False
data\raw\riceleafbd\Bacterial Leaf Blight\312704681_795162698218208_1051476981153219409_n (1).jpg,riceleafbd,Bacterial Leaf Blight,bacterial_leaf_blight,,test,False
data\raw\riceleafbd\Bacterial Leaf Blight\312704681_795162698218208_1051476981153219409_n.jpg,riceleafbd,Bacterial Leaf Blight,bacterial_leaf_blight,,train,False
data\raw\riceleafbd\Bacterial Leaf Blight\312706214_427375179400683_5301068537977839772_n.jpg,riceleafbd,Bacterial Leaf Blight,bacterial_leaf_blight,,train,False
data\raw\riceleafbd\Bacterial Leaf Blight\312708295_658525155897001_2690667916063653321_n.jpg,riceleafbd,Bacterial Leaf Blight,bacterial_leaf_blight,,train,False
data\raw\riceleafbd\Bacterial Leaf Blight\312708644_1280225746108999_5061069931412327781_n.jpg,riceleafbd,Bacterial Leaf Blight,bacterial_leaf_blight,,train,False
data\raw\riceleafbd\Bacterial Leaf Blight\312709288_1547785992338261_1313766342061877705_n (1).jpg,riceleafbd,Bacterial Leaf Blight,bacterial_leaf_blight,,train,False
data\raw\riceleafbd\Bacterial Leaf Blight\312729215_2367073810112328_6929513737770592226_n.jpg,riceleafbd,Bacterial Leaf Blight,bacterial_leaf_blight,,train,False
data\raw\riceleafbd\Bacterial Leaf Blight\312735367_788952488860882_5846495993529613836_n.jpg,riceleafbd,Bacterial Leaf Blight,bacterial_leaf_blight,,train,False
data\raw\riceleafbd\Bacterial Leaf Blight\312785445_1599618183789246_6785072920701701173_n.jpg,riceleafbd,Bacterial Leaf Blight,bacterial_leaf_blight,,val,False
data\raw\riceleafbd\Bacterial Leaf Blight\312814131_5737346553026808_4825949185555821636_n.jpg,riceleafbd,Bacterial Leaf Blight,bacterial_leaf_blight,,test,False
data\raw\riceleafbd\Bacterial Leaf Blight\312814140_676724064091604_719715407509556462_n.jpg,riceleafbd,Bacterial Leaf Blight,bacterial_leaf_blight,,train,False
data\raw\riceleafbd\Bacterial Leaf Blight\312825899_918213142479666_8187078238093186601_n.jpg,riceleafbd,Bacterial Leaf Blight,bacterial_leaf_blight,,val,False
data\raw\riceleafbd\Bacterial Leaf Blight\312832518_549472323680260_2663611904166783782_n.jpg,riceleafbd,Bacterial Leaf Blight,bacterial_leaf_blight,,train,False
data\raw\riceleafbd\Bacterial Leaf Blight\312847473_1461819517659471_8659958642311574889_n (1).jpg,riceleafbd,Bacterial Leaf Blight,bacterial_leaf_blight,,val,False
data\raw\riceleafbd\Bacterial Leaf Blight\312890873_497867222269951_4022885594997532713_n (1).jpg,riceleafbd,Bacterial Leaf Blight,bacterial_leaf_blight,,test,False
data\raw\riceleafbd\Bacterial Leaf Blight\312899709_676667683828905_3129524143857991819_n.jpg,riceleafbd,Bacterial Leaf Blight,bacterial_leaf_blight,,train,False
data\raw\riceleafbd\Bacterial Leaf Blight\312912387_542087637738188_9057210992686544035_n.jpg,riceleafbd,Bacterial Leaf Blight,bacterial_leaf_blight,,val,False
data\raw\riceleafbd\Bacterial Leaf Blight\312915118_662477082240879_7201080361578101744_n.jpg,riceleafbd,Bacterial Leaf Blight,bacterial_leaf_blight,,val,False
data\raw\riceleafbd\Bacterial Leaf Blight\312918593_812923126632902_6109964321710625166_n.jpg,riceleafbd,Bacterial Leaf Blight,bacterial_leaf_blight,,train,False
data\raw\riceleafbd\Bacterial Leaf Blight\312925345_1156721908267660_1075663843189959229_n (1).jpg,riceleafbd,Bacterial Leaf Blight,bacterial_leaf_blight,,train,False
data\raw\riceleafbd\Bacterial Leaf Blight\312925345_1156721908267660_1075663843189959229_n.jpg,riceleafbd,Bacterial Leaf Blight,bacterial_leaf_blight,,test,False
data\raw\riceleafbd\Bacterial Leaf Blight\312964669_454960753440897_8478428658294630974_n.jpg,riceleafbd,Bacterial Leaf Blight,bacterial_leaf_blight,,test,False
data\raw\riceleafbd\Bacterial Leaf Blight\312974194_2709532582801460_3219081549650181894_n (1).jpg,riceleafbd,Bacterial Leaf Blight,bacterial_leaf_blight,,train,False
data\raw\riceleafbd\Bacterial Leaf Blight\312974194_2709532582801460_3219081549650181894_n.jpg,riceleafbd,Bacterial Leaf Blight,bacterial_leaf_blight,,train,False
data\raw\riceleafbd\Bacterial Leaf Blight\312975402_1528136661036791_1394897624014877779_n.jpg,riceleafbd,Bacterial Leaf Blight,bacterial_leaf_blight,,val,False
data\raw\riceleafbd\Bacterial Leaf Blight\312978871_660758595666798_3325351575029013031_n.jpg,riceleafbd,Bacterial Leaf Blight,bacterial_leaf_blight,,train,False
data\raw\riceleafbd\Bacterial Leaf Blight\312990018_1136540447236375_5043220856020100086_n.jpg,riceleafbd,Bacterial Leaf Blight,bacterial_leaf_blight,,val,False
data\raw\riceleafbd\Bacterial Leaf Blight\312990018_1337846716966826_4711896998053243296_n.jpg,riceleafbd,Bacterial Leaf Blight,bacterial_leaf_blight,,test,False
data\raw\riceleafbd\Bacterial Leaf Blight\313004913_3389591657947614_3495100598670456610_n.jpg,riceleafbd,Bacterial Leaf Blight,bacterial_leaf_blight,,train,False
data\raw\riceleafbd\Bacterial Leaf Blight\313016481_5867146806663135_5094170152353790410_n (1).jpg,riceleafbd,Bacterial Leaf Blight,bacterial_leaf_blight,,train,False
data\raw\riceleafbd\Bacterial Leaf Blight\313016481_5867146806663135_5094170152353790410_n.jpg,riceleafbd,Bacterial Leaf Blight,bacterial_leaf_blight,,test,False
data\raw\riceleafbd\Bacterial Leaf Blight\313075917_3424973521160379_7569098915164717131_n.jpg,riceleafbd,Bacterial Leaf Blight,bacterial_leaf_blight,,train,False
data\raw\riceleafbd\Bacterial Leaf Blight\313092833_3347182755503283_5311448066645106633_n.jpg,riceleafbd,Bacterial Leaf Blight,bacterial_leaf_blight,,train,False
data\raw\riceleafbd\Bacterial Leaf Blight\313097918_877942733376868_9194036881977719275_n.jpg,riceleafbd,Bacterial Leaf Blight,bacterial_leaf_blight,,test,False
data\raw\riceleafbd\Bacterial Leaf Blight\313116912_431918332474198_784020068876008549_n (1).jpg,riceleafbd,Bacterial Leaf Blight,bacterial_leaf_blight,,train,False
data\raw\riceleafbd\Bacterial Leaf Blight\313116912_431918332474198_784020068876008549_n.jpg,riceleafbd,Bacterial Leaf Blight,bacterial_leaf_blight,,train,False
data\raw\riceleafbd\Bacterial Leaf Blight\313125469_1532710907153871_4052787896055209520_n.jpg,riceleafbd,Bacterial Leaf Blight,bacterial_leaf_blight,,val,False
data\raw\riceleafbd\Bacterial Leaf Blight\313184079_3469583136607090_449427817064877970_n.jpg,riceleafbd,Bacterial Leaf Blight,bacterial_leaf_blight,,train,False
data\raw\riceleafbd\Bacterial Leaf Blight\313190303_841405017284368_6724129714613041782_n.jpg,riceleafbd,Bacterial Leaf Blight,bacterial_leaf_blight,,train,False
data\raw\riceleafbd\Bacterial Leaf Blight\313201251_810379590028458_3127202997446956919_n (1).jpg,riceleafbd,Bacterial Leaf Blight,bacterial_leaf_blight,,train,False
data\raw\riceleafbd\Bacterial Leaf Blight\313201251_810379590028458_3127202997446956919_n.jpg,riceleafbd,Bacterial Leaf Blight,bacterial_leaf_blight,,train,False
data\raw\riceleafbd\Bacterial Leaf Blight\313202214_984414079628034_5421652704516354868_n.jpg,riceleafbd,Bacterial Leaf Blight,bacterial_leaf_blight,,train,False
data\raw\riceleafbd\Bacterial Leaf Blight\313216803_856009255430748_230503132216514310_n (1).jpg,riceleafbd,Bacterial Leaf Blight,bacterial_leaf_blight,,train,False
data\raw\riceleafbd\Bacterial Leaf Blight\313216803_856009255430748_230503132216514310_n.jpg,riceleafbd,Bacterial Leaf Blight,bacterial_leaf_blight,,train,False
data\raw\riceleafbd\Bacterial Leaf Blight\313272390_828425448210000_7218589833982451236_n.jpg,riceleafbd,Bacterial Leaf Blight,bacterial_leaf_blight,,train,False
data\raw\riceleafbd\Bacterial Leaf Blight\313280596_458699843022179_8235591247668221753_n (1).jpg,riceleafbd,Bacterial Leaf Blight,bacterial_leaf_blight,,val,False
data\raw\riceleafbd\Bacterial Leaf Blight\313288395_1379966989200457_645103067676935316_n (1).jpg,riceleafbd,Bacterial Leaf Blight,bacterial_leaf_blight,,train,False
data\raw\riceleafbd\Bacterial Leaf Blight\313288395_1379966989200457_645103067676935316_n.jpg,riceleafbd,Bacterial Leaf Blight,bacterial_leaf_blight,,train,False
data\raw\riceleafbd\Bacterial Leaf Blight\313290041_487455263360439_5527203075568716606_n.jpg,riceleafbd,Bacterial Leaf Blight,bacterial_leaf_blight,,train,False
data\raw\riceleafbd\Bacterial Leaf Blight\313296761_807379907162244_3739428451411564338_n.jpg,riceleafbd,Bacterial Leaf Blight,bacterial_leaf_blight,,val,False
data\raw\riceleafbd\Bacterial Leaf Blight\313335724_680172380155038_5711655244716331428_n (1).jpg,riceleafbd,Bacterial Leaf Blight,bacterial_leaf_blight,,test,False
data\raw\riceleafbd\Bacterial Leaf Blight\313335724_680172380155038_5711655244716331428_n.jpg,riceleafbd,Bacterial Leaf Blight,bacterial_leaf_blight,,train,False
data\raw\riceleafbd\Bacterial Leaf Blight\313364190_666995381649861_2601386126776133066_n.jpg,riceleafbd,Bacterial Leaf Blight,bacterial_leaf_blight,,val,False
data\raw\riceleafbd\Bacterial Leaf Blight\313368565_2901629056648728_1986317717129065125_n.jpg,riceleafbd,Bacterial Leaf Blight,bacterial_leaf_blight,,train,False
data\raw\riceleafbd\Bacterial Leaf Blight\313377554_884564552529914_7976321575616993713_n.jpg,riceleafbd,Bacterial Leaf Blight,bacterial_leaf_blight,,train,False
data\raw\riceleafbd\Bacterial Leaf Blight\313387124_524718646179149_2682641858435266165_n.jpg,riceleafbd,Bacterial Leaf Blight,bacterial_leaf_blight,,train,False
data\raw\riceleafbd\Bacterial Leaf Blight\313390589_1512623025830711_8179220880642290492_n.jpg,riceleafbd,Bacterial Leaf Blight,bacterial_leaf_blight,,train,False
data\raw\riceleafbd\Bacterial Leaf Blight\313391547_893590681654312_977410686022984017_n.jpg,riceleafbd,Bacterial Leaf Blight,bacterial_leaf_blight,,val,False
data\raw\riceleafbd\Bacterial Leaf Blight\313443110_443164957984102_2372957647976202316_n.jpg,riceleafbd,Bacterial Leaf Blight,bacterial_leaf_blight,,train,False
data\raw\riceleafbd\Bacterial Leaf Blight\313455391_1101637010529676_1240998423287300582_n.jpg,riceleafbd,Bacterial Leaf Blight,bacterial_leaf_blight,,train,False
data\raw\riceleafbd\Bacterial Leaf Blight\313474843_811852343475263_5798374518245765759_n (1).jpg,riceleafbd,Bacterial Leaf Blight,bacterial_leaf_blight,,val,False
data\raw\riceleafbd\Bacterial Leaf Blight\313474843_811852343475263_5798374518245765759_n.jpg,riceleafbd,Bacterial Leaf Blight,bacterial_leaf_blight,,train,False
data\raw\riceleafbd\Bacterial Leaf Blight\313480265_703472411381217_4218896468161941377_n.jpg,riceleafbd,Bacterial Leaf Blight,bacterial_leaf_blight,,train,False
data\raw\riceleafbd\Bacterial Leaf Blight\313488018_1544669256051042_2288142598022210757_n.jpg,riceleafbd,Bacterial Leaf Blight,bacterial_leaf_blight,,test,False
data\raw\riceleafbd\Bacterial Leaf Blight\313517573_1530247807422505_3741303846692974961_n.jpg,riceleafbd,Bacterial Leaf Blight,bacterial_leaf_blight,,train,False
data\raw\riceleafbd\Bacterial Leaf Blight\313529323_632659951929018_5164044943661756511_n(1).jpg,riceleafbd,Bacterial Leaf Blight,bacterial_leaf_blight,,test,False
data\raw\riceleafbd\Bacterial Leaf Blight\313529323_632659951929018_5164044943661756511_n.jpg,riceleafbd,Bacterial Leaf Blight,bacterial_leaf_blight,,val,False
data\raw\riceleafbd\Bacterial Leaf Blight\313531062_1123370891907164_288597222568799908_n(1).jpg,riceleafbd,Bacterial Leaf Blight,bacterial_leaf_blight,,train,False
data\raw\riceleafbd\Bacterial Leaf Blight\313531062_1123370891907164_288597222568799908_n.jpg,riceleafbd,Bacterial Leaf Blight,bacterial_leaf_blight,,train,False
data\raw\riceleafbd\Bacterial Leaf Blight\313789844_438648228421486_791084882802911761_n (1)(1).jpg,riceleafbd,Bacterial Leaf Blight,bacterial_leaf_blight,,train,False
data\raw\riceleafbd\Bacterial Leaf Blight\313789844_438648228421486_791084882802911761_n (1).jpg,riceleafbd,Bacterial Leaf Blight,bacterial_leaf_blight,,test,False
data\raw\riceleafbd\Bacterial Leaf Blight\313789844_438648228421486_791084882802911761_n (2)(1).jpg,riceleafbd,Bacterial Leaf Blight,bacterial_leaf_blight,,train,False
data\raw\riceleafbd\Bacterial Leaf Blight\313789844_438648228421486_791084882802911761_n (2).jpg,riceleafbd,Bacterial Leaf Blight,bacterial_leaf_blight,,test,False
data\raw\riceleafbd\Bacterial Leaf Blight\313789844_438648228421486_791084882802911761_n(1).jpg,riceleafbd,Bacterial Leaf Blight,bacterial_leaf_blight,,train,False
data\raw\riceleafbd\Bacterial Leaf Blight\313789844_438648228421486_791084882802911761_n.jpg,riceleafbd,Bacterial Leaf Blight,bacterial_leaf_blight,,train,False
data\raw\riceleafbd\Bacterial Leaf Blight\313797027_521015683244868_2452302897003697668_n (1).jpg,riceleafbd,Bacterial Leaf Blight,bacterial_leaf_blight,,train,False
data\raw\riceleafbd\Bacterial Leaf Blight\313797027_521015683244868_2452302897003697668_n (2).jpg,riceleafbd,Bacterial Leaf Blight,bacterial_leaf_blight,,test,False
data\raw\riceleafbd\Bacterial Leaf Blight\313797027_521015683244868_2452302897003697668_n.jpg,riceleafbd,Bacterial Leaf Blight,bacterial_leaf_blight,,train,False
data\raw\riceleafbd\Bacterial Leaf Blight\313827047_434148212214126_4413127387676911482_n.jpg,riceleafbd,Bacterial Leaf Blight,bacterial_leaf_blight,,train,False
data\raw\riceleafbd\Bacterial Leaf Blight\313854034_491226366111736_6843130050787536538_n.jpg,riceleafbd,Bacterial Leaf Blight,bacterial_leaf_blight,,train,False
data\raw\riceleafbd\Bacterial Leaf Blight\313856946_1833550937021923_5512337559482885285_n.jpg,riceleafbd,Bacterial Leaf Blight,bacterial_leaf_blight,,train,False
data\raw\riceleafbd\Bacterial Leaf Blight\313857637_831454774572196_484695248932998142_n.jpg,riceleafbd,Bacterial Leaf Blight,bacterial_leaf_blight,,train,False
data\raw\riceleafbd\Bacterial Leaf Blight\313918636_1533100613781539_3758552531449923107_n.jpg,riceleafbd,Bacterial Leaf Blight,bacterial_leaf_blight,,train,False
data\raw\riceleafbd\Bacterial Leaf Blight\313927021_678147093672689_6312163041575514342_n.jpg,riceleafbd,Bacterial Leaf Blight,bacterial_leaf_blight,,val,False
data\raw\riceleafbd\Bacterial Leaf Blight\313987825_643470467424649_5538335259530142053_n (1).jpg,riceleafbd,Bacterial Leaf Blight,bacterial_leaf_blight,,train,False
data\raw\riceleafbd\Bacterial Leaf Blight\313987825_643470467424649_5538335259530142053_n (2).jpg,riceleafbd,Bacterial Leaf Blight,bacterial_leaf_blight,,test,False
data\raw\riceleafbd\Bacterial Leaf Blight\313987825_643470467424649_5538335259530142053_n.jpg,riceleafbd,Bacterial Leaf Blight,bacterial_leaf_blight,,train,False
data\raw\riceleafbd\Bacterial Leaf Blight\314028895_801848780916809_8811364587906290773_n.jpg,riceleafbd,Bacterial Leaf Blight,bacterial_leaf_blight,,test,False
data\raw\riceleafbd\Bacterial Leaf Blight\314029427_1474908556324251_8704600103163320252_n (1).jpg,riceleafbd,Bacterial Leaf Blight,bacterial_leaf_blight,,val,False
data\raw\riceleafbd\Bacterial Leaf Blight\314029427_1474908556324251_8704600103163320252_n.jpg,riceleafbd,Bacterial Leaf Blight,bacterial_leaf_blight,,train,False
data\raw\riceleafbd\Bacterial Leaf Blight\314072790_834891124599416_4941628278594523902_n.jpg,riceleafbd,Bacterial Leaf Blight,bacterial_leaf_blight,,train,False
data\raw\riceleafbd\Bacterial Leaf Blight\314121731_1145899412694737_3396488001877568627_n.jpg,riceleafbd,Bacterial Leaf Blight,bacterial_leaf_blight,,train,False
data\raw\riceleafbd\Bacterial Leaf Blight\314351327_808863677041455_5740930604287503069_n (1).jpg,riceleafbd,Bacterial Leaf Blight,bacterial_leaf_blight,,train,False
data\raw\riceleafbd\Bacterial Leaf Blight\314351327_808863677041455_5740930604287503069_n.jpg,riceleafbd,Bacterial Leaf Blight,bacterial_leaf_blight,,train,False
data\raw\riceleafbd\Bacterial Leaf Blight\314355869_1099539654040045_6996823663406357561_n.jpg,riceleafbd,Bacterial Leaf Blight,bacterial_leaf_blight,,val,False
data\raw\riceleafbd\Bacterial Leaf Blight\314357746_694845125075823_5816002003456285487_n.jpg,riceleafbd,Bacterial Leaf Blight,bacterial_leaf_blight,,train,False
data\raw\riceleafbd\Bacterial Leaf Blight\314376862_786742659055499_1521945375934901831_n.jpg,riceleafbd,Bacterial Leaf Blight,bacterial_leaf_blight,,test,False
data\raw\riceleafbd\Bacterial Leaf Blight\314393577_661221312389182_6637831798883137321_n.jpg,riceleafbd,Bacterial Leaf Blight,bacterial_leaf_blight,,train,False
data\raw\riceleafbd\Bacterial Leaf Blight\314394408_666716938414137_4252503226096246667_n (1).jpg,riceleafbd,Bacterial Leaf Blight,bacterial_leaf_blight,,train,False
data\raw\riceleafbd\Bacterial Leaf Blight\314397624_435216292139693_3187008454940169565_n.jpg,riceleafbd,Bacterial Leaf Blight,bacterial_leaf_blight,,train,False
data\raw\riceleafbd\Bacterial Leaf Blight\314401729_523319616043432_4076016159667800144_n.jpg,riceleafbd,Bacterial Leaf Blight,bacterial_leaf_blight,,test,False
data\raw\riceleafbd\Bacterial Leaf Blight\314402079_3286041288337304_8955342581891349412_n.jpg,riceleafbd,Bacterial Leaf Blight,bacterial_leaf_blight,,test,False
data\raw\riceleafbd\Bacterial Leaf Blight\314404506_780148943082485_5897280051167182181_n (1).jpg,riceleafbd,Bacterial Leaf Blight,bacterial_leaf_blight,,test,False
data\raw\riceleafbd\Bacterial Leaf Blight\314404506_780148943082485_5897280051167182181_n.jpg,riceleafbd,Bacterial Leaf Blight,bacterial_leaf_blight,,train,False
data\raw\riceleafbd\Bacterial Leaf Blight\314409345_841701453811073_7061125291719242458_n (1).jpg,riceleafbd,Bacterial Leaf Blight,bacterial_leaf_blight,,train,False
data\raw\riceleafbd\Bacterial Leaf Blight\314410540_822820188940428_2126467225077651625_n.jpg,riceleafbd,Bacterial Leaf Blight,bacterial_leaf_blight,,test,False
data\raw\riceleafbd\Bacterial Leaf Blight\314410853_1119103932308053_5933860079944818362_n.jpg,riceleafbd,Bacterial Leaf Blight,bacterial_leaf_blight,,train,False
data\raw\riceleafbd\Bacterial Leaf Blight\314415059_640803711164560_6347233167110396111_n.jpg,riceleafbd,Bacterial Leaf Blight,bacterial_leaf_blight,,train,False
data\raw\riceleafbd\Bacterial Leaf Blight\314429060_589187009361649_7522663317960405558_n (1).jpg,riceleafbd,Bacterial Leaf Blight,bacterial_leaf_blight,,val,False
data\raw\riceleafbd\Bacterial Leaf Blight\314429060_589187009361649_7522663317960405558_n.jpg,riceleafbd,Bacterial Leaf Blight,bacterial_leaf_blight,,train,False
data\raw\riceleafbd\Bacterial Leaf Blight\314439181_819540292697799_4616355629563509887_n.jpg,riceleafbd,Bacterial Leaf Blight,bacterial_leaf_blight,,train,False
data\raw\riceleafbd\Bacterial Leaf Blight\314441579_508227617897984_5101677207747213181_n.jpg,riceleafbd,Bacterial Leaf Blight,bacterial_leaf_blight,,train,False
data\raw\riceleafbd\Bacterial Leaf Blight\314441983_2244418075720062_4174869389399198009_n (1).jpg,riceleafbd,Bacterial Leaf Blight,bacterial_leaf_blight,,train,False
data\raw\riceleafbd\Bacterial Leaf Blight\314441983_2244418075720062_4174869389399198009_n.jpg,riceleafbd,Bacterial Leaf Blight,bacterial_leaf_blight,,train,False
data\raw\riceleafbd\Bacterial Leaf Blight\314451539_1835505676788232_3371884482373564247_n.jpg,riceleafbd,Bacterial Leaf Blight,bacterial_leaf_blight,,train,False
data\raw\riceleafbd\Bacterial Leaf Blight\314463837_5702007336511438_8700558555560432166_n.jpg,riceleafbd,Bacterial Leaf Blight,bacterial_leaf_blight,,train,False
data\raw\riceleafbd\Bacterial Leaf Blight\314472624_964919151565455_3531763840417720217_n.jpg,riceleafbd,Bacterial Leaf Blight,bacterial_leaf_blight,,test,False
data\raw\riceleafbd\Bacterial Leaf Blight\314477102_664878278644574_8181446894341452010_n (1).jpg,riceleafbd,Bacterial Leaf Blight,bacterial_leaf_blight,,train,False
data\raw\riceleafbd\Bacterial Leaf Blight\314496509_810216386943549_7270184481671125128_n.jpg,riceleafbd,Bacterial Leaf Blight,bacterial_leaf_blight,,val,False
data\raw\riceleafbd\Bacterial Leaf Blight\314502779_544122287528925_5404724053188449320_n.jpg,riceleafbd,Bacterial Leaf Blight,bacterial_leaf_blight,,train,False
data\raw\riceleafbd\Bacterial Leaf Blight\314506181_2214276502088148_8611441168398325446_n.jpg,riceleafbd,Bacterial Leaf Blight,bacterial_leaf_blight,,test,False
data\raw\riceleafbd\Bacterial Leaf Blight\314548529_1364720347607678_1648343751211277692_n.jpg,riceleafbd,Bacterial Leaf Blight,bacterial_leaf_blight,,train,False
data\raw\riceleafbd\Bacterial Leaf Blight\314551869_1138758503423341_1674044700241260944_n (1).jpg,riceleafbd,Bacterial Leaf Blight,bacterial_leaf_blight,,val,False
data\raw\riceleafbd\Bacterial Leaf Blight\314551869_1138758503423341_1674044700241260944_n.jpg,riceleafbd,Bacterial Leaf Blight,bacterial_leaf_blight,,train,False
data\raw\riceleafbd\Bacterial Leaf Blight\314574999_1353767665365023_4727371206751064709_n.jpg,riceleafbd,Bacterial Leaf Blight,bacterial_leaf_blight,,train,False
data\raw\riceleafbd\Bacterial Leaf Blight\314585873_500957292090998_2790838066914251733_n.jpg,riceleafbd,Bacterial Leaf Blight,bacterial_leaf_blight,,train,False
data\raw\riceleafbd\Bacterial Leaf Blight\314593313_2288775861301246_3006187957377964012_n.jpg,riceleafbd,Bacterial Leaf Blight,bacterial_leaf_blight,,train,False
data\raw\riceleafbd\Bacterial Leaf Blight\314598396_535855474615564_5258295899288853222_n.jpg,riceleafbd,Bacterial Leaf Blight,bacterial_leaf_blight,,train,False
data\raw\riceleafbd\Bacterial Leaf Blight\314635055_786524529119140_9186089258053961087_n.jpg,riceleafbd,Bacterial Leaf Blight,bacterial_leaf_blight,,train,False
data\raw\riceleafbd\Bacterial Leaf Blight\314644652_703448734631594_5743254173818613983_n.jpg,riceleafbd,Bacterial Leaf Blight,bacterial_leaf_blight,,test,False
data\raw\riceleafbd\Bacterial Leaf Blight\314675712_625650222639071_2589804356355308691_n.jpg,riceleafbd,Bacterial Leaf Blight,bacterial_leaf_blight,,train,False
data\raw\riceleafbd\Bacterial Leaf Blight\314678583_438510178466480_3607749174548309620_n.jpg,riceleafbd,Bacterial Leaf Blight,bacterial_leaf_blight,,train,False
data\raw\riceleafbd\Bacterial Leaf Blight\314697782_5612750502150745_5814902332967440189_n.jpg,riceleafbd,Bacterial Leaf Blight,bacterial_leaf_blight,,train,False
data\raw\riceleafbd\Bacterial Leaf Blight\314702573_523287219813784_9055721019609953534_n.jpg,riceleafbd,Bacterial Leaf Blight,bacterial_leaf_blight,,val,False
data\raw\riceleafbd\Bacterial Leaf Blight\314860880_1269561237234922_2030127976134928341_n.jpg,riceleafbd,Bacterial Leaf Blight,bacterial_leaf_blight,,train,False
data\raw\riceleafbd\Bacterial Leaf Blight\314908866_1572489049861194_2745779637557302996_n.jpg,riceleafbd,Bacterial Leaf Blight,bacterial_leaf_blight,,val,False
data\raw\riceleafbd\Bacterial Leaf Blight\314923345_1130901067547900_8004910236694075430_n.jpg,riceleafbd,Bacterial Leaf Blight,bacterial_leaf_blight,,train,False
data\raw\riceleafbd\Bacterial Leaf Blight\314989868_534931571427059_7838929276660168273_n.jpg,riceleafbd,Bacterial Leaf Blight,bacterial_leaf_blight,,train,False
data\raw\riceleafbd\Bacterial Leaf Blight\314990569_2958429804456984_2635856298122951277_n.jpg,riceleafbd,Bacterial Leaf Blight,bacterial_leaf_blight,,train,False
data\raw\riceleafbd\Bacterial Leaf Blight\314991235_1781177362259728_2375544211862643572_n.jpg,riceleafbd,Bacterial Leaf Blight,bacterial_leaf_blight,,train,False
data\raw\riceleafbd\Bacterial Leaf Blight\314994201_1390162368477722_8862583186667038312_n.jpg,riceleafbd,Bacterial Leaf Blight,bacterial_leaf_blight,,train,False
data\raw\riceleafbd\Bacterial Leaf Blight\314999191_865432541298738_5106694513451358739_n.jpg,riceleafbd,Bacterial Leaf Blight,bacterial_leaf_blight,,train,False
data\raw\riceleafbd\Bacterial Leaf Blight\315009589_1782680888761755_205823445997496934_n.jpg,riceleafbd,Bacterial Leaf Blight,bacterial_leaf_blight,,test,False
data\raw\riceleafbd\Bacterial Leaf Blight\315016546_2218749368305006_5076810308451690999_n.jpg,riceleafbd,Bacterial Leaf Blight,bacterial_leaf_blight,,val,False
data\raw\riceleafbd\Bacterial Leaf Blight\315027221_1538525549906371_9169566106709057222_n.jpg,riceleafbd,Bacterial Leaf Blight,bacterial_leaf_blight,,val,False
data\raw\riceleafbd\Bacterial Leaf Blight\315071468_2401943333288552_3485159411988415665_n.jpg,riceleafbd,Bacterial Leaf Blight,bacterial_leaf_blight,,train,False
data\raw\riceleafbd\Bacterial Leaf Blight\315074520_5751664111539900_3631585951625988479_n.jpg,riceleafbd,Bacterial Leaf Blight,bacterial_leaf_blight,,train,False
data\raw\riceleafbd\Bacterial Leaf Blight\315077827_621088336473764_8668136715430723613_n.jpg,riceleafbd,Bacterial Leaf Blight,bacterial_leaf_blight,,train,False
data\raw\riceleafbd\Bacterial Leaf Blight\315086347_507127591472883_5806831084092326784_n.jpg,riceleafbd,Bacterial Leaf Blight,bacterial_leaf_blight,,train,False
data\raw\riceleafbd\Bacterial Leaf Blight\315089161_651317073354981_3643435809460826645_n.jpg,riceleafbd,Bacterial Leaf Blight,bacterial_leaf_blight,,train,False
data\raw\riceleafbd\Bacterial Leaf Blight\315101941_371070788540716_8224649232538059011_n.jpg,riceleafbd,Bacterial Leaf Blight,bacterial_leaf_blight,,train,False
data\raw\riceleafbd\Bacterial Leaf Blight\315101944_1297318541097689_5451123898314564856_n.jpg,riceleafbd,Bacterial Leaf Blight,bacterial_leaf_blight,,train,False
data\raw\riceleafbd\Bacterial Leaf Blight\315103055_793382671749644_9052517081369098851_n.jpg,riceleafbd,Bacterial Leaf Blight,bacterial_leaf_blight,,train,False
data\raw\riceleafbd\Bacterial Leaf Blight\315103057_1111400676175700_5432031046975784486_n.jpg,riceleafbd,Bacterial Leaf Blight,bacterial_leaf_blight,,train,False
data\raw\riceleafbd\Bacterial Leaf Blight\315103063_624143302825103_7132876366463172174_n.jpg,riceleafbd,Bacterial Leaf Blight,bacterial_leaf_blight,,train,False
data\raw\riceleafbd\Bacterial Leaf Blight\315103065_5765950963474243_5937345883256512876_n.jpg,riceleafbd,Bacterial Leaf Blight,bacterial_leaf_blight,,train,False
data\raw\riceleafbd\Bacterial Leaf Blight\315103069_682543376486399_2331184656930360648_n.jpg,riceleafbd,Bacterial Leaf Blight,bacterial_leaf_blight,,val,False
data\raw\riceleafbd\Bacterial Leaf Blight\315104143_1206895939923217_5543788513976286344_n.jpg,riceleafbd,Bacterial Leaf Blight,bacterial_leaf_blight,,train,False
data\raw\riceleafbd\Bacterial Leaf Blight\315106325_522197449759150_6261279372278398762_n.jpg,riceleafbd,Bacterial Leaf Blight,bacterial_leaf_blight,,val,False
data\raw\riceleafbd\Bacterial Leaf Blight\315107087_1171245770130671_2229195706849003534_n.jpg,riceleafbd,Bacterial Leaf Blight,bacterial_leaf_blight,,train,False
data\raw\riceleafbd\Bacterial Leaf Blight\315107778_5614062285347913_4261856392199548789_n.jpg,riceleafbd,Bacterial Leaf Blight,bacterial_leaf_blight,,train,False
data\raw\riceleafbd\Bacterial Leaf Blight\315109192_653319659728355_4967674981338515450_n.jpg,riceleafbd,Bacterial Leaf Blight,bacterial_leaf_blight,,train,False
data\raw\riceleafbd\Bacterial Leaf Blight\315109280_1334075877408768_3043399210035198683_n.jpg,riceleafbd,Bacterial Leaf Blight,bacterial_leaf_blight,,test,False
data\raw\riceleafbd\Bacterial Leaf Blight\315109344_490554359521669_3605999754783295753_n.jpg,riceleafbd,Bacterial Leaf Blight,bacterial_leaf_blight,,train,False
data\raw\riceleafbd\Bacterial Leaf Blight\315110834_825434625377548_7799740694883268375_n.jpg,riceleafbd,Bacterial Leaf Blight,bacterial_leaf_blight,,val,False
data\raw\riceleafbd\Bacterial Leaf Blight\315112385_1760978674281935_194414106869409992_n.jpg,riceleafbd,Bacterial Leaf Blight,bacterial_leaf_blight,,train,False
data\raw\riceleafbd\Bacterial Leaf Blight\315112603_5904872452931613_6623045049893129241_n.jpg,riceleafbd,Bacterial Leaf Blight,bacterial_leaf_blight,,train,False
data\raw\riceleafbd\Bacterial Leaf Blight\315176547_961944554678531_2072620674157332322_n.jpg,riceleafbd,Bacterial Leaf Blight,bacterial_leaf_blight,,train,False
data\raw\riceleafbd\Bacterial Leaf Blight\315183999_790535685577645_6340853242658624367_n.jpg,riceleafbd,Bacterial Leaf Blight,bacterial_leaf_blight,,train,False
data\raw\riceleafbd\Bacterial Leaf Blight\315203775_830516898283616_2907511732247535087_n.jpg,riceleafbd,Bacterial Leaf Blight,bacterial_leaf_blight,,val,False
data\raw\riceleafbd\Bacterial Leaf Blight\315208022_798774971206720_1687696613883098690_n.jpg,riceleafbd,Bacterial Leaf Blight,bacterial_leaf_blight,,train,False
data\raw\riceleafbd\Bacterial Leaf Blight\315262988_659326702239981_4957574645755378364_n.jpg,riceleafbd,Bacterial Leaf Blight,bacterial_leaf_blight,,train,False
data\raw\riceleafbd\Bacterial Leaf Blight\315288471_652278516358984_6474206586868454970_n.jpg,riceleafbd,Bacterial Leaf Blight,bacterial_leaf_blight,,test,False
data\raw\riceleafbd\Bacterial Leaf Blight\315518389_1748571678849511_9171680535233049298_n.jpg,riceleafbd,Bacterial Leaf Blight,bacterial_leaf_blight,,train,False
data\raw\riceleafbd\Bacterial Leaf Blight\315531765_1673445079719873_5494100703377762286_n.jpg,riceleafbd,Bacterial Leaf Blight,bacterial_leaf_blight,,train,False
data\raw\riceleafbd\Bacterial Leaf Blight\315930074_1075350293144099_1989168563865613542_n.jpg,riceleafbd,Bacterial Leaf Blight,bacterial_leaf_blight,,train,False
data\raw\riceleafbd\Bacterial Leaf Blight\316050249_3162601460622353_2004653722111855928_n.jpg,riceleafbd,Bacterial Leaf Blight,bacterial_leaf_blight,,test,False
data\raw\riceleafbd\Bacterial Leaf Blight\316100811_1187208431886572_9196050605949563222_n.jpg,riceleafbd,Bacterial Leaf Blight,bacterial_leaf_blight,,train,False
data\raw\riceleafbd\Bacterial Leaf Blight\316177080_845639723533726_8267250599617390004_n.jpg,riceleafbd,Bacterial Leaf Blight,bacterial_leaf_blight,,test,False
data\raw\riceleafbd\Brown Spot\306636683_1075699563116434_3688220584841276761_n.png,riceleafbd,Brown Spot,brown_spot,,train,False
data\raw\riceleafbd\Brown Spot\308278744_606334647906871_7109375032890807056_n.jpg,riceleafbd,Brown Spot,brown_spot,,val,False
data\raw\riceleafbd\Brown Spot\308308969_1158070344844591_368051609697725308_n.jpg,riceleafbd,Brown Spot,brown_spot,,train,False
data\raw\riceleafbd\Brown Spot\309493078_674517544280445_2780755483028955674_n.jpg,riceleafbd,Brown Spot,brown_spot,,train,False
data\raw\riceleafbd\Brown Spot\309856581_1540544999720159_3167110615008965834_n.jpg,riceleafbd,Brown Spot,brown_spot,,train,False
data\raw\riceleafbd\Brown Spot\309909525_2499918870173412_1188415515568731275_n.jpg,riceleafbd,Brown Spot,brown_spot,,train,False
data\raw\riceleafbd\Brown Spot\309914645_512032790836766_3232278334211904072_n.jpg,riceleafbd,Brown Spot,brown_spot,,train,False
data\raw\riceleafbd\Brown Spot\309914653_1176550713259738_1105670629556489780_n.jpg,riceleafbd,Brown Spot,brown_spot,,train,False
data\raw\riceleafbd\Brown Spot\309926482_543090584297337_3614563266431093962_n.jpg,riceleafbd,Brown Spot,brown_spot,,val,False
data\raw\riceleafbd\Brown Spot\309933374_813227523318866_5419753912257273000_n.jpg,riceleafbd,Brown Spot,brown_spot,,train,False
data\raw\riceleafbd\Brown Spot\309939907_1298534884255323_1747386383395765499_n.jpg,riceleafbd,Brown Spot,brown_spot,,train,False
data\raw\riceleafbd\Brown Spot\309946730_2973301759636647_3744589297634946481_n.jpg,riceleafbd,Brown Spot,brown_spot,,train,False
data\raw\riceleafbd\Brown Spot\309949831_1336776450479892_2221528534198295843_n.jpg,riceleafbd,Brown Spot,brown_spot,,train,False
data\raw\riceleafbd\Brown Spot\309953022_725741598999109_8842452746849133819_n.jpg,riceleafbd,Brown Spot,brown_spot,,test,False
data\raw\riceleafbd\Brown Spot\309953967_1351192915416250_8181016055482165956_n.jpg,riceleafbd,Brown Spot,brown_spot,,val,False
data\raw\riceleafbd\Brown Spot\309958158_1574264802991543_3732718783421117392_n.jpg,riceleafbd,Brown Spot,brown_spot,,train,False
data\raw\riceleafbd\Brown Spot\309962532_861398241722730_4166811756916713153_n.jpg,riceleafbd,Brown Spot,brown_spot,,train,False
data\raw\riceleafbd\Brown Spot\309964523_2318278248336267_948119003886079338_n.jpg,riceleafbd,Brown Spot,brown_spot,,train,False
data\raw\riceleafbd\Brown Spot\309993664_1567873237000612_7794085351818485330_n.jpg,riceleafbd,Brown Spot,brown_spot,,train,False
data\raw\riceleafbd\Brown Spot\309996257_480800110695748_6992653624216699035_n.jpg,riceleafbd,Brown Spot,brown_spot,,train,False
data\raw\riceleafbd\Brown Spot\310008198_1320242232080932_4364812681009576646_n.jpg,riceleafbd,Brown Spot,brown_spot,,test,False
data\raw\riceleafbd\Brown Spot\310009622_1110367876295321_5321306325847120324_n.jpg,riceleafbd,Brown Spot,brown_spot,,test,False
data\raw\riceleafbd\Brown Spot\310011903_461069906169423_6180653117817214589_n.jpg,riceleafbd,Brown Spot,brown_spot,,train,False
data\raw\riceleafbd\Brown Spot\310015336_557923699425815_1708555633980798458_n.jpg,riceleafbd,Brown Spot,brown_spot,,train,False
data\raw\riceleafbd\Brown Spot\310062871_1876024519400996_8219913860789849669_n.jpg,riceleafbd,Brown Spot,brown_spot,,train,False
data\raw\riceleafbd\Brown Spot\310068201_974682670600775_2172701830537907723_n.jpg,riceleafbd,Brown Spot,brown_spot,,train,False
data\raw\riceleafbd\Brown Spot\310069559_844675403226330_7800477233685291706_n.jpg,riceleafbd,Brown Spot,brown_spot,,train,False
data\raw\riceleafbd\Brown Spot\310070338_1221984858350826_7709976709562904139_n.jpg,riceleafbd,Brown Spot,brown_spot,,val,False
data\raw\riceleafbd\Brown Spot\310071915_490449669710602_3589257402027487119_n.jpg,riceleafbd,Brown Spot,brown_spot,,train,False
data\raw\riceleafbd\Brown Spot\310076727_857027329056921_1136202015508284715_n.jpg,riceleafbd,Brown Spot,brown_spot,,train,False
data\raw\riceleafbd\Brown Spot\310077906_692868602038815_1527612901872866553_n.jpg,riceleafbd,Brown Spot,brown_spot,,train,False
data\raw\riceleafbd\Brown Spot\310082918_871415177202516_5002521107004828589_n.jpg,riceleafbd,Brown Spot,brown_spot,,train,False
data\raw\riceleafbd\Brown Spot\310090427_533931768138521_5214171824331083059_n.jpg,riceleafbd,Brown Spot,brown_spot,,val,False
data\raw\riceleafbd\Brown Spot\310091333_655570942821741_6999184718027168547_n.jpg,riceleafbd,Brown Spot,brown_spot,,train,False
data\raw\riceleafbd\Brown Spot\310104735_514443447243614_5741446641291179102_n.jpg,riceleafbd,Brown Spot,brown_spot,,test,False
data\raw\riceleafbd\Brown Spot\310108464_434577971983783_3352364910713725183_n.jpg,riceleafbd,Brown Spot,brown_spot,,train,False
data\raw\riceleafbd\Brown Spot\310108465_513514257115787_8697196049310722085_n.jpg,riceleafbd,Brown Spot,brown_spot,,train,False
data\raw\riceleafbd\Brown Spot\310115075_498868342299013_3194400662650127897_n.jpg,riceleafbd,Brown Spot,brown_spot,,train,False
data\raw\riceleafbd\Brown Spot\310116800_2633953446742264_5075079932730326382_n.jpg,riceleafbd,Brown Spot,brown_spot,,train,False
data\raw\riceleafbd\Brown Spot\310125872_562390022555910_4194683443636044021_n.jpg,riceleafbd,Brown Spot,brown_spot,,train,False
data\raw\riceleafbd\Brown Spot\310138548_585933979969601_3292203972379903687_n.jpg,riceleafbd,Brown Spot,brown_spot,,val,False
data\raw\riceleafbd\Brown Spot\310166255_8397939406945445_2537616112883189039_n.jpg,riceleafbd,Brown Spot,brown_spot,,train,False
data\raw\riceleafbd\Brown Spot\310184338_712786060181148_6045441015911569486_n.jpg,riceleafbd,Brown Spot,brown_spot,,train,False
data\raw\riceleafbd\Brown Spot\310227896_1156794111890459_7330375921245463272_n.jpg,riceleafbd,Brown Spot,brown_spot,,val,False
data\raw\riceleafbd\Brown Spot\310230697_687200202593410_773732709845143863_n.jpg,riceleafbd,Brown Spot,brown_spot,,train,False
data\raw\riceleafbd\Brown Spot\310232432_916004359371667_480001528006557110_n.jpg,riceleafbd,Brown Spot,brown_spot,,train,False
data\raw\riceleafbd\Brown Spot\310235593_1080264705967044_7076671397801331634_n.jpg,riceleafbd,Brown Spot,brown_spot,,train,False
data\raw\riceleafbd\Brown Spot\310235967_705575307176920_6174025801346000024_n.jpg,riceleafbd,Brown Spot,brown_spot,,val,False
data\raw\riceleafbd\Brown Spot\310240154_653748513071128_7809190233150817814_n.jpg,riceleafbd,Brown Spot,brown_spot,,test,False
data\raw\riceleafbd\Brown Spot\310240474_1067068477295579_1067343616679042913_n.jpg,riceleafbd,Brown Spot,brown_spot,,test,False
data\raw\riceleafbd\Brown Spot\310243653_1175890976471607_174154916313519198_n.jpg,riceleafbd,Brown Spot,brown_spot,,test,False
data\raw\riceleafbd\Brown Spot\310246263_629224232229317_3057882260199121970_n.jpg,riceleafbd,Brown Spot,brown_spot,,train,False
data\raw\riceleafbd\Brown Spot\310252934_458496419686388_869526501005796402_n.jpg,riceleafbd,Brown Spot,brown_spot,,test,False
data\raw\riceleafbd\Brown Spot\310273432_860229471821624_5544502880723430289_n.jpg,riceleafbd,Brown Spot,brown_spot,,val,False
data\raw\riceleafbd\Brown Spot\310279124_1308745899888984_1786932448113474810_n.jpg,riceleafbd,Brown Spot,brown_spot,,test,False
data\raw\riceleafbd\Brown Spot\310301753_3256048104662186_7766892706666530682_n.jpg,riceleafbd,Brown Spot,brown_spot,,train,False
data\raw\riceleafbd\Brown Spot\310310726_521973126475182_1577311798757957966_n.jpg,riceleafbd,Brown Spot,brown_spot,,train,False
data\raw\riceleafbd\Brown Spot\310360089_591896359375980_4721300831126999238_n.jpg,riceleafbd,Brown Spot,brown_spot,,train,False
data\raw\riceleafbd\Brown Spot\310367674_1269873143864271_5071878590540429049_n.jpg,riceleafbd,Brown Spot,brown_spot,,test,False
data\raw\riceleafbd\Brown Spot\310397769_1160405084550868_5795423925770958169_n.jpg,riceleafbd,Brown Spot,brown_spot,,train,False
data\raw\riceleafbd\Brown Spot\310401093_1145771346047730_890553304188097791_n.jpg,riceleafbd,Brown Spot,brown_spot,,train,False
data\raw\riceleafbd\Brown Spot\310408699_581222973762479_3034583721755206178_n.jpg,riceleafbd,Brown Spot,brown_spot,,val,False
data\raw\riceleafbd\Brown Spot\310412950_3299455947038250_6118699778973115620_n.jpg,riceleafbd,Brown Spot,brown_spot,,val,False
data\raw\riceleafbd\Brown Spot\310413706_406779671529288_6083541172236119468_n.jpg,riceleafbd,Brown Spot,brown_spot,,train,False
data\raw\riceleafbd\Brown Spot\310413706_542920307667959_7271112821702146072_n.jpg,riceleafbd,Brown Spot,brown_spot,,val,False
data\raw\riceleafbd\Brown Spot\310426342_1297660331049973_5517302091758027512_n.jpg,riceleafbd,Brown Spot,brown_spot,,train,False
data\raw\riceleafbd\Brown Spot\310433287_1170527013537104_2288436462912475998_n.jpg,riceleafbd,Brown Spot,brown_spot,,train,False
data\raw\riceleafbd\Brown Spot\310440595_437763975176397_3421827152598261933_n.jpg,riceleafbd,Brown Spot,brown_spot,,train,False
data\raw\riceleafbd\Brown Spot\310448023_2785363404931753_357066214047467928_n.jpg,riceleafbd,Brown Spot,brown_spot,,train,False
data\raw\riceleafbd\Brown Spot\310448892_865948157757587_1575096072039838138_n.jpg,riceleafbd,Brown Spot,brown_spot,,train,False
data\raw\riceleafbd\Brown Spot\310456200_860362441810426_2125457529938607800_n.jpg,riceleafbd,Brown Spot,brown_spot,,train,False
data\raw\riceleafbd\Brown Spot\310464731_2095864390596693_7529287577372319351_n.jpg,riceleafbd,Brown Spot,brown_spot,,test,False
data\raw\riceleafbd\Brown Spot\310466281_445412417740074_3454842528657237988_n.jpg,riceleafbd,Brown Spot,brown_spot,,train,False
data\raw\riceleafbd\Brown Spot\310479672_1548736808895214_1122183377644120885_n.jpg,riceleafbd,Brown Spot,brown_spot,,train,False
data\raw\riceleafbd\Brown Spot\310503754_3406179269667322_6868493276527715507_n.jpg,riceleafbd,Brown Spot,brown_spot,,train,False
data\raw\riceleafbd\Brown Spot\310509792_5559735287442458_3971883232493130140_n.jpg,riceleafbd,Brown Spot,brown_spot,,train,False
data\raw\riceleafbd\Brown Spot\310515645_429000562741465_2293056403644865098_n.jpg,riceleafbd,Brown Spot,brown_spot,,train,False
data\raw\riceleafbd\Brown Spot\310531220_463358079230548_4330153429928501160_n.jpg,riceleafbd,Brown Spot,brown_spot,,train,False
data\raw\riceleafbd\Brown Spot\310538123_800092631250475_2661903395682189719_n.jpg,riceleafbd,Brown Spot,brown_spot,,train,False
data\raw\riceleafbd\Brown Spot\310549204_862490201570514_2698855657437861283_n.jpg,riceleafbd,Brown Spot,brown_spot,,train,False
data\raw\riceleafbd\Brown Spot\310551734_6208035492545976_1642254191197766220_n.jpg,riceleafbd,Brown Spot,brown_spot,,test,False
data\raw\riceleafbd\Brown Spot\310552937_2304234059764535_643117186335999333_n.jpg,riceleafbd,Brown Spot,brown_spot,,train,False
data\raw\riceleafbd\Brown Spot\310552937_663060611980047_7867110391988752020_n.jpg,riceleafbd,Brown Spot,brown_spot,,train,False
data\raw\riceleafbd\Brown Spot\310552940_1513055385866693_5202646752382774347_n.jpg,riceleafbd,Brown Spot,brown_spot,,train,False
data\raw\riceleafbd\Brown Spot\310568407_1600675443720770_3405254753128624442_n.jpg,riceleafbd,Brown Spot,brown_spot,,train,False
data\raw\riceleafbd\Brown Spot\310572005_585774859972846_8887018455851724965_n.jpg,riceleafbd,Brown Spot,brown_spot,,train,False
data\raw\riceleafbd\Brown Spot\310574100_3177827532469376_3606010084420014810_n.jpg,riceleafbd,Brown Spot,brown_spot,,train,False
data\raw\riceleafbd\Brown Spot\310591531_647596893482328_2416547431702864403_n.jpg,riceleafbd,Brown Spot,brown_spot,,test,False
data\raw\riceleafbd\Brown Spot\310600431_1176906219620409_5572658965513226166_n.jpg,riceleafbd,Brown Spot,brown_spot,,test,False
data\raw\riceleafbd\Brown Spot\310600434_673533360790656_5382092698552622711_n.jpg,riceleafbd,Brown Spot,brown_spot,,train,False
data\raw\riceleafbd\Brown Spot\310618169_1095591744338175_6293196138231764647_n.jpg,riceleafbd,Brown Spot,brown_spot,,train,False
data\raw\riceleafbd\Brown Spot\310633591_435998688516676_4687821410676363321_n.jpg,riceleafbd,Brown Spot,brown_spot,,test,False
data\raw\riceleafbd\Brown Spot\310644021_563178102237151_1801329210829339387_n.jpg,riceleafbd,Brown Spot,brown_spot,,train,False
data\raw\riceleafbd\Brown Spot\310646878_652622709743689_4280957580249613305_n.jpg,riceleafbd,Brown Spot,brown_spot,,train,False
data\raw\riceleafbd\Brown Spot\310658174_1811366175890472_634044558163658478_n.jpg,riceleafbd,Brown Spot,brown_spot,,train,False
data\raw\riceleafbd\Brown Spot\310658884_446068057647401_6642037205738559820_n.jpg,riceleafbd,Brown Spot,brown_spot,,train,False
data\raw\riceleafbd\Brown Spot\310661186_680508230184016_1666128555220764955_n.jpg,riceleafbd,Brown Spot,brown_spot,,train,False
data\raw\riceleafbd\Brown Spot\310690626_807803723801286_3580362136413475553_n.jpg,riceleafbd,Brown Spot,brown_spot,,train,False
data\raw\riceleafbd\Brown Spot\310776944_2271192576395292_6697039548256478756_n.jpg,riceleafbd,Brown Spot,brown_spot,,val,False
data\raw\riceleafbd\Brown Spot\310789414_904359843869479_2426029954085555124_n.jpg,riceleafbd,Brown Spot,brown_spot,,test,False
data\raw\riceleafbd\Brown Spot\310804511_648697216660190_3587973030833937162_n.jpg,riceleafbd,Brown Spot,brown_spot,,val,False
data\raw\riceleafbd\Brown Spot\310807976_1267804150453137_2952585295063268243_n.jpg,riceleafbd,Brown Spot,brown_spot,,train,False
data\raw\riceleafbd\Brown Spot\310818069_530673785156674_5674307323228277295_n.jpg,riceleafbd,Brown Spot,brown_spot,,test,False
data\raw\riceleafbd\Brown Spot\310823410_418061953701303_2392965091483809066_n.jpg,riceleafbd,Brown Spot,brown_spot,,train,False
data\raw\riceleafbd\Brown Spot\310824212_668508701381573_7641199740375120880_n.jpg,riceleafbd,Brown Spot,brown_spot,,train,False
data\raw\riceleafbd\Brown Spot\310824228_524471822554248_358818164046999562_n.jpg,riceleafbd,Brown Spot,brown_spot,,val,False
data\raw\riceleafbd\Brown Spot\310828063_1446078215877474_1905737522057351903_n.jpg,riceleafbd,Brown Spot,brown_spot,,test,False
data\raw\riceleafbd\Brown Spot\310828816_3348217798776258_724187761063625091_n.jpg,riceleafbd,Brown Spot,brown_spot,,train,False
data\raw\riceleafbd\Brown Spot\310828818_502045418606703_6319544330287836103_n.jpg,riceleafbd,Brown Spot,brown_spot,,train,False
data\raw\riceleafbd\Brown Spot\310835321_3253575268305521_4194507410517847799_n (1).jpg,riceleafbd,Brown Spot,brown_spot,,train,False
data\raw\riceleafbd\Brown Spot\310835321_3253575268305521_4194507410517847799_n.jpg,riceleafbd,Brown Spot,brown_spot,,train,False
data\raw\riceleafbd\Brown Spot\310844257_509440641199570_5702343190639353102_n.jpg,riceleafbd,Brown Spot,brown_spot,,train,False
data\raw\riceleafbd\Brown Spot\310853531_652581173058231_1063835090034377594_n.jpg,riceleafbd,Brown Spot,brown_spot,,train,False
data\raw\riceleafbd\Brown Spot\310862149_2316976765132110_2200817704905796416_n.jpg,riceleafbd,Brown Spot,brown_spot,,train,False
data\raw\riceleafbd\Brown Spot\310885383_815755239635944_8200766767589677304_n.jpg,riceleafbd,Brown Spot,brown_spot,,train,False
data\raw\riceleafbd\Brown Spot\310907388_3266484753614015_2615133480251311747_n.jpg,riceleafbd,Brown Spot,brown_spot,,train,False
data\raw\riceleafbd\Brown Spot\310910786_1513395185739435_204951998156743921_n.jpg,riceleafbd,Brown Spot,brown_spot,,train,False
data\raw\riceleafbd\Brown Spot\310943241_449647463945146_639634782995154368_n.jpg,riceleafbd,Brown Spot,brown_spot,,train,False
data\raw\riceleafbd\Brown Spot\310949660_1699018083827986_56126341270983836_n.jpg,riceleafbd,Brown Spot,brown_spot,,train,False
data\raw\riceleafbd\Brown Spot\310949660_683939402972570_2384416694152309614_n.jpg,riceleafbd,Brown Spot,brown_spot,,train,False
data\raw\riceleafbd\Brown Spot\310958148_807649880308425_292737329862633011_n.jpg,riceleafbd,Brown Spot,brown_spot,,train,False
data\raw\riceleafbd\Brown Spot\310966908_460000666237274_4340544923399777166_n.jpg,riceleafbd,Brown Spot,brown_spot,,test,False
data\raw\riceleafbd\Brown Spot\310968022_509822557521186_5444277443482914274_n.jpg,riceleafbd,Brown Spot,brown_spot,,train,False
data\raw\riceleafbd\Brown Spot\310977568_1514622672347385_8736818964133698049_n.jpg,riceleafbd,Brown Spot,brown_spot,,train,False
data\raw\riceleafbd\Brown Spot\310984154_694067871853184_2163653223673718597_n.jpg,riceleafbd,Brown Spot,brown_spot,,train,False
data\raw\riceleafbd\Brown Spot\310987026_495529472618032_469706044882835937_n (1).jpg,riceleafbd,Brown Spot,brown_spot,,train,False
data\raw\riceleafbd\Brown Spot\310987026_495529472618032_469706044882835937_n.jpg,riceleafbd,Brown Spot,brown_spot,,train,False
data\raw\riceleafbd\Brown Spot\310996256_842961983582812_6278524794023676205_n.jpg,riceleafbd,Brown Spot,brown_spot,,train,False
data\raw\riceleafbd\Brown Spot\310997509_578806160671820_2590837107383300728_n.jpg,riceleafbd,Brown Spot,brown_spot,,val,False
data\raw\riceleafbd\Brown Spot\311021703_1507971309689477_3485279124224682658_n.jpg,riceleafbd,Brown Spot,brown_spot,,train,False
data\raw\riceleafbd\Brown Spot\311026301_667593804714222_1324197971946391729_n.jpg,riceleafbd,Brown Spot,brown_spot,,test,False
data\raw\riceleafbd\Brown Spot\311040835_1082378245793340_3748689263983894360_n.jpg,riceleafbd,Brown Spot,brown_spot,,train,False
data\raw\riceleafbd\Brown Spot\311043994_3234524246878187_6853227440626132597_n.jpg,riceleafbd,Brown Spot,brown_spot,,train,False
data\raw\riceleafbd\Brown Spot\311052757_1662312644170393_664664330632009953_n.jpg,riceleafbd,Brown Spot,brown_spot,,train,False
data\raw\riceleafbd\Brown Spot\311052757_578359977380937_3643681530688443368_n.jpg,riceleafbd,Brown Spot,brown_spot,,test,False
data\raw\riceleafbd\Brown Spot\311057508_665142201662772_2586560655691049853_n.jpg,riceleafbd,Brown Spot,brown_spot,,val,False
data\raw\riceleafbd\Brown Spot\311057508_913574306621065_7934301880931283898_n.jpg,riceleafbd,Brown Spot,brown_spot,,train,False
data\raw\riceleafbd\Brown Spot\311073757_672101004374904_1475839309996704675_n.jpg,riceleafbd,Brown Spot,brown_spot,,train,False
data\raw\riceleafbd\Brown Spot\311124288_475510674646539_1867154576088742452_n.jpg,riceleafbd,Brown Spot,brown_spot,,val,False
data\raw\riceleafbd\Brown Spot\311130886_426783756282010_6214404032701960436_n.jpg,riceleafbd,Brown Spot,brown_spot,,train,False
data\raw\riceleafbd\Brown Spot\311140425_1168751807079842_3950150907155685313_n.jpg,riceleafbd,Brown Spot,brown_spot,,train,False
data\raw\riceleafbd\Brown Spot\311161314_829598394755680_4737991771902303326_n.jpg,riceleafbd,Brown Spot,brown_spot,,train,False
data\raw\riceleafbd\Brown Spot\311202622_681717036612752_636487386220260721_n.jpg,riceleafbd,Brown Spot,brown_spot,,train,False
data\raw\riceleafbd\Brown Spot\311213447_1111101009548880_9186270975712037966_n.jpg,riceleafbd,Brown Spot,brown_spot,,train,False
data\raw\riceleafbd\Brown Spot\311215314_451765910395630_6401476738363950100_n.jpg,riceleafbd,Brown Spot,brown_spot,,train,False
data\raw\riceleafbd\Brown Spot\311216422_438794945077183_6633890714686824563_n.jpg,riceleafbd,Brown Spot,brown_spot,,train,False
data\raw\riceleafbd\Brown Spot\311238271_3583923715161873_9176656190329904768_n.jpg,riceleafbd,Brown Spot,brown_spot,,train,False
data\raw\riceleafbd\Brown Spot\311271897_1056552061707110_5402107187246718929_n.jpg,riceleafbd,Brown Spot,brown_spot,,train,False
data\raw\riceleafbd\Brown Spot\311277018_1953567501515058_7969272057765421987_n.jpg,riceleafbd,Brown Spot,brown_spot,,train,False
data\raw\riceleafbd\Brown Spot\311285716_1159560954663132_2971789968105334662_n.jpg,riceleafbd,Brown Spot,brown_spot,,test,False
data\raw\riceleafbd\Brown Spot\311296765_978416633114600_8053663257899152685_n.jpg,riceleafbd,Brown Spot,brown_spot,,train,False
data\raw\riceleafbd\Brown Spot\311300529_496557825753120_7006532035661778892_n.jpg,riceleafbd,Brown Spot,brown_spot,,test,False
data\raw\riceleafbd\Brown Spot\311316953_1222914088643370_3433756191131106554_n.jpg,riceleafbd,Brown Spot,brown_spot,,train,False
data\raw\riceleafbd\Brown Spot\311330755_540922951205269_9047410166727285240_n.jpg,riceleafbd,Brown Spot,brown_spot,,train,False
data\raw\riceleafbd\Brown Spot\311377246_810766993317222_9100351975254516487_n.jpg,riceleafbd,Brown Spot,brown_spot,,train,False
data\raw\riceleafbd\Brown Spot\311380503_1351490178930581_846371559059730686_n.jpg,riceleafbd,Brown Spot,brown_spot,,train,False
data\raw\riceleafbd\Brown Spot\311386232_685870439447238_1373729858025101687_n.jpg,riceleafbd,Brown Spot,brown_spot,,val,False
data\raw\riceleafbd\Brown Spot\311396297_829005278365176_1374891973416584192_n.jpg,riceleafbd,Brown Spot,brown_spot,,train,False
data\raw\riceleafbd\Brown Spot\311406569_1095409827827436_6560628508321962026_n.jpg,riceleafbd,Brown Spot,brown_spot,,train,False
data\raw\riceleafbd\Brown Spot\311408901_519141103418762_4335388543255097599_n.jpg,riceleafbd,Brown Spot,brown_spot,,train,False
data\raw\riceleafbd\Brown Spot\311416513_1109471589709308_8180735797175148639_n.jpg,riceleafbd,Brown Spot,brown_spot,,test,False
data\raw\riceleafbd\Brown Spot\311417279_802982790934579_6928591112788404232_n.jpg,riceleafbd,Brown Spot,brown_spot,,val,False
data\raw\riceleafbd\Brown Spot\311428112_1137683283546380_8377865949876745685_n.jpg,riceleafbd,Brown Spot,brown_spot,,val,False
data\raw\riceleafbd\Brown Spot\311431730_432763282267257_5061788090332940654_n.jpg,riceleafbd,Brown Spot,brown_spot,,train,False
data\raw\riceleafbd\Brown Spot\311453915_3375316629450850_968877061441042640_n.jpg,riceleafbd,Brown Spot,brown_spot,,train,False
data\raw\riceleafbd\Brown Spot\311462290_1523806308136409_1620723249680699873_n.jpg,riceleafbd,Brown Spot,brown_spot,,train,False
data\raw\riceleafbd\Brown Spot\311486043_1306022510155226_6152244108715750966_n.jpg,riceleafbd,Brown Spot,brown_spot,,test,False
data\raw\riceleafbd\Brown Spot\311486043_851216852725879_4856467563986000375_n.jpg,riceleafbd,Brown Spot,brown_spot,,train,False
data\raw\riceleafbd\Brown Spot\311869507_654707029438611_4227447126501839018_n.jpg,riceleafbd,Brown Spot,brown_spot,,train,False
data\raw\riceleafbd\Brown Spot\311873170_1292561338206591_2970536920858156407_n.jpg,riceleafbd,Brown Spot,brown_spot,,test,False
data\raw\riceleafbd\Brown Spot\311922711_653462639606123_2554408956699866739_n.jpg,riceleafbd,Brown Spot,brown_spot,,train,False
data\raw\riceleafbd\Brown Spot\311953561_412065494318391_2659692527148639224_n.jpg,riceleafbd,Brown Spot,brown_spot,,val,False
data\raw\riceleafbd\Brown Spot\311966500_1218844282308245_2136710182395461767_n.jpg,riceleafbd,Brown Spot,brown_spot,,train,False
data\raw\riceleafbd\Brown Spot\311977195_1310726413011036_3359377035045024594_n.jpg,riceleafbd,Brown Spot,brown_spot,,train,False
data\raw\riceleafbd\Brown Spot\311977195_1557255631363450_3642511899748077977_n.jpg,riceleafbd,Brown Spot,brown_spot,,test,False
data\raw\riceleafbd\Brown Spot\311982221_1269766160475674_6749695651504417821_n.jpg,riceleafbd,Brown Spot,brown_spot,,train,False
data\raw\riceleafbd\Brown Spot\311994477_808004087120124_4789279673069325208_n.jpg,riceleafbd,Brown Spot,brown_spot,,train,False
data\raw\riceleafbd\Brown Spot\312016287_5257096791062384_969213634235200911_n.jpg,riceleafbd,Brown Spot,brown_spot,,train,False
data\raw\riceleafbd\Brown Spot\312109407_1220699645455560_2742647944434764488_n.jpg,riceleafbd,Brown Spot,brown_spot,,train,False
data\raw\riceleafbd\Brown Spot\312112038_3412358252419684_455379211809313426_n.jpg,riceleafbd,Brown Spot,brown_spot,,train,False
data\raw\riceleafbd\Brown Spot\312122856_1167298270561140_2414166199220239812_n.jpg,riceleafbd,Brown Spot,brown_spot,,train,False
data\raw\riceleafbd\Brown Spot\312127844_572747297942794_8506920159216579211_n.jpg,riceleafbd,Brown Spot,brown_spot,,train,False
data\raw\riceleafbd\Brown Spot\312149269_1304740540260222_2269084485641565875_n.jpg,riceleafbd,Brown Spot,brown_spot,,train,False
data\raw\riceleafbd\Brown Spot\312168694_869198991062369_2282186203934686543_n.jpg,riceleafbd,Brown Spot,brown_spot,,train,False
data\raw\riceleafbd\Brown Spot\312182903_888814375834945_724937048690758269_n.jpg,riceleafbd,Brown Spot,brown_spot,,train,False
data\raw\riceleafbd\Brown Spot\312200158_2052677011592758_4127150590826511509_n.jpg,riceleafbd,Brown Spot,brown_spot,,train,False
data\raw\riceleafbd\Brown Spot\312207002_2741301756002006_8386953099903781042_n.jpg,riceleafbd,Brown Spot,brown_spot,,train,False
data\raw\riceleafbd\Brown Spot\312216426_427424412918302_4487343712450077075_n.jpg,riceleafbd,Brown Spot,brown_spot,,test,False
data\raw\riceleafbd\Brown Spot\312217600_2173196119533853_7591157869470821724_n.jpg,riceleafbd,Brown Spot,brown_spot,,test,False
data\raw\riceleafbd\Brown Spot\312250047_1501595143682656_6875401553277024264_n.jpg,riceleafbd,Brown Spot,brown_spot,,test,False
data\raw\riceleafbd\Brown Spot\312285453_1846453892358024_562901013174433459_n.jpg,riceleafbd,Brown Spot,brown_spot,,val,False
data\raw\riceleafbd\Brown Spot\312316744_578052897456678_8878432331654448719_n.jpg,riceleafbd,Brown Spot,brown_spot,,test,False
data\raw\riceleafbd\Brown Spot\312326382_3211361932446366_6682615499917169209_n.jpg,riceleafbd,Brown Spot,brown_spot,,val,False
data\raw\riceleafbd\Brown Spot\312411158_398111535753549_7820183711646867822_n.jpg,riceleafbd,Brown Spot,brown_spot,,train,False
data\raw\riceleafbd\Brown Spot\312415299_824724295458341_4435560014065582603_n.jpg,riceleafbd,Brown Spot,brown_spot,,train,False
data\raw\riceleafbd\Brown Spot\312418780_528454468732938_8639071520617950282_n.jpg,riceleafbd,Brown Spot,brown_spot,,train,False
data\raw\riceleafbd\Brown Spot\312450370_1200425843914858_2691683223786668142_n.jpg,riceleafbd,Brown Spot,brown_spot,,train,False
data\raw\riceleafbd\Brown Spot\312462597_1340965113373984_7107727838575005015_n.jpg,riceleafbd,Brown Spot,brown_spot,,train,False
data\raw\riceleafbd\Brown Spot\312468370_467936182144882_9198694886679060052_n.jpg,riceleafbd,Brown Spot,brown_spot,,train,False
data\raw\riceleafbd\Brown Spot\312468839_1155393468739536_7446444415184539186_n.jpg,riceleafbd,Brown Spot,brown_spot,,train,False
data\raw\riceleafbd\Brown Spot\312468839_883410106373406_7427785833496039760_n.jpg,riceleafbd,Brown Spot,brown_spot,,val,False
data\raw\riceleafbd\Brown Spot\312473726_1347140749453800_8586112422622010727_n.jpg,riceleafbd,Brown Spot,brown_spot,,val,False
data\raw\riceleafbd\Brown Spot\312483884_1135763497066114_1872967696229782204_n.jpg,riceleafbd,Brown Spot,brown_spot,,train,False
data\raw\riceleafbd\Brown Spot\312491989_1463091247434685_6471606596499252519_n.jpg,riceleafbd,Brown Spot,brown_spot,,train,False
data\raw\riceleafbd\Brown Spot\312493995_518891206821158_2451505034306284224_n.jpg,riceleafbd,Brown Spot,brown_spot,,train,False
data\raw\riceleafbd\Brown Spot\312503446_540164490875263_2001101002353738981_n.jpg,riceleafbd,Brown Spot,brown_spot,,test,False
data\raw\riceleafbd\Brown Spot\312503446_666739771742720_6762388731615910390_n.jpg,riceleafbd,Brown Spot,brown_spot,,train,False
data\raw\riceleafbd\Brown Spot\312507714_625422329328078_3227556915707526033_n.jpg,riceleafbd,Brown Spot,brown_spot,,val,False
data\raw\riceleafbd\Brown Spot\312508600_850099849677212_4932547305293176252_n.jpg,riceleafbd,Brown Spot,brown_spot,,train,False
data\raw\riceleafbd\Brown Spot\312542524_535800327990654_1398698022178015049_n.jpg,riceleafbd,Brown Spot,brown_spot,,train,False
data\raw\riceleafbd\Brown Spot\312543158_1535564896911975_8790435692373126595_n.jpg,riceleafbd,Brown Spot,brown_spot,,train,False
data\raw\riceleafbd\Brown Spot\312568870_539931711306532_4791649090066758558_n.jpg,riceleafbd,Brown Spot,brown_spot,,train,False
data\raw\riceleafbd\Brown Spot\312599184_5789777247745082_6383773596011309887_n.jpg,riceleafbd,Brown Spot,brown_spot,,val,False
data\raw\riceleafbd\Brown Spot\312605447_859952318778629_4075546059769046499_n.jpg,riceleafbd,Brown Spot,brown_spot,,val,False
data\raw\riceleafbd\Brown Spot\312605472_3216861428528922_2417221825122347717_n.jpg,riceleafbd,Brown Spot,brown_spot,,test,False
data\raw\riceleafbd\Brown Spot\312624476_1542725682816824_8317943095646573923_n.jpg,riceleafbd,Brown Spot,brown_spot,,val,False
data\raw\riceleafbd\Brown Spot\312626918_1064003364271971_6918153625436859637_n (1).jpg,riceleafbd,Brown Spot,brown_spot,,val,False
data\raw\riceleafbd\Brown Spot\312626918_1064003364271971_6918153625436859637_n.jpg,riceleafbd,Brown Spot,brown_spot,,val,False
data\raw\riceleafbd\Brown Spot\312650022_1590933194698091_8842488122149296381_n.jpg,riceleafbd,Brown Spot,brown_spot,,val,False
data\raw\riceleafbd\Brown Spot\312656423_1886260965042253_4104566990259317701_n.jpg,riceleafbd,Brown Spot,brown_spot,,train,False
data\raw\riceleafbd\Brown Spot\312657031_3058400534452532_1328461594379077604_n.jpg,riceleafbd,Brown Spot,brown_spot,,train,False
data\raw\riceleafbd\Brown Spot\312657031_501514062025673_1489350545664885358_n.jpg,riceleafbd,Brown Spot,brown_spot,,train,False
data\raw\riceleafbd\Brown Spot\312673622_1400262767178257_3465454752664560964_n.jpg,riceleafbd,Brown Spot,brown_spot,,train,False
data\raw\riceleafbd\Brown Spot\312673622_804776877418000_5769243431422334528_n.jpg,riceleafbd,Brown Spot,brown_spot,,train,False
data\raw\riceleafbd\Brown Spot\312701781_3203358663309803_8048151636091502591_n.jpg,riceleafbd,Brown Spot,brown_spot,,train,False
data\raw\riceleafbd\Brown Spot\312704681_1564966897290914_2672687311402357149_n.jpg,riceleafbd,Brown Spot,brown_spot,,train,False
data\raw\riceleafbd\Brown Spot\312705278_904176174300596_1023886317679089896_n.jpg,riceleafbd,Brown Spot,brown_spot,,val,False
data\raw\riceleafbd\Brown Spot\312713315_800827291014467_3360469540928375428_n.jpg,riceleafbd,Brown Spot,brown_spot,,train,False
data\raw\riceleafbd\Brown Spot\312713631_2630739317057681_4271562754030695868_n.jpg,riceleafbd,Brown Spot,brown_spot,,train,False
data\raw\riceleafbd\Brown Spot\312743599_2996132730681639_1015794871523886221_n.jpg,riceleafbd,Brown Spot,brown_spot,,train,False
data\raw\riceleafbd\Brown Spot\312754257_1461968737658444_7812299738048516497_n.jpg,riceleafbd,Brown Spot,brown_spot,,val,False
data\raw\riceleafbd\Brown Spot\312785445_494747079380367_5564936186963074528_n.jpg,riceleafbd,Brown Spot,brown_spot,,train,False
data\raw\riceleafbd\Brown Spot\312814751_497951362394840_2572588937313993891_n.jpg,riceleafbd,Brown Spot,brown_spot,,train,False
data\raw\riceleafbd\Brown Spot\312837208_452364840339763_5950782252438415365_n.jpg,riceleafbd,Brown Spot,brown_spot,,train,False
data\raw\riceleafbd\Brown Spot\312851479_1584426495351573_7607532617817906551_n.jpg,riceleafbd,Brown Spot,brown_spot,,train,False
data\raw\riceleafbd\Brown Spot\312894972_1104945293497646_1918185069297066553_n.jpg,riceleafbd,Brown Spot,brown_spot,,test,False
data\raw\riceleafbd\Brown Spot\312915611_5393961817379901_3138009470531982446_n.jpg,riceleafbd,Brown Spot,brown_spot,,val,False
data\raw\riceleafbd\Brown Spot\312918593_3019054218387911_6260339169932920433_n.jpg,riceleafbd,Brown Spot,brown_spot,,train,False
data\raw\riceleafbd\Brown Spot\312926107_1174445859865737_8382402113262465598_n.jpg,riceleafbd,Brown Spot,brown_spot,,train,False
data\raw\riceleafbd\Brown Spot\312926591_709349247371085_1561864667575996091_n.jpg,riceleafbd,Brown Spot,brown_spot,,train,False
data\raw\riceleafbd\Brown Spot\312960922_525831542403279_2981497864395214871_n.jpg,riceleafbd,Brown Spot,brown_spot,,train,False
data\raw\riceleafbd\Brown Spot\312966504_673218164375266_4041043239838845621_n.jpg,riceleafbd,Brown Spot,brown_spot,,test,False
data\raw\riceleafbd\Brown Spot\312983874_859760771819001_131939447506262278_n.jpg,riceleafbd,Brown Spot,brown_spot,,train,False
data\raw\riceleafbd\Brown Spot\312990612_815521916323792_8011887704274325683_n.jpg,riceleafbd,Brown Spot,brown_spot,,test,False
data\raw\riceleafbd\Brown Spot\313008866_496520642436904_2924966479548296923_n.jpg,riceleafbd,Brown Spot,brown_spot,,train,False
data\raw\riceleafbd\Brown Spot\313013515_449283840610204_7718562001052880566_n.jpg,riceleafbd,Brown Spot,brown_spot,,train,False
data\raw\riceleafbd\Brown Spot\313021143_670068854703164_5946638557118877665_n.jpg,riceleafbd,Brown Spot,brown_spot,,train,False
data\raw\riceleafbd\Brown Spot\313026176_2993191530826747_2009825573964015015_n.jpg,riceleafbd,Brown Spot,brown_spot,,train,False
data\raw\riceleafbd\Brown Spot\313037588_1389630804901347_61214276780093632_n.jpg,riceleafbd,Brown Spot,brown_spot,,train,False
data\raw\riceleafbd\Brown Spot\313044741_940161667365135_8176943767780723505_n.jpg,riceleafbd,Brown Spot,brown_spot,,train,False
data\raw\riceleafbd\Brown Spot\313079003_681191920262202_6988357429358526175_n.jpg,riceleafbd,Brown Spot,brown_spot,,train,False
data\raw\riceleafbd\Brown Spot\313088562_5276220615823216_3949357152659744167_n.jpg,riceleafbd,Brown Spot,brown_spot,,val,False
data\raw\riceleafbd\Brown Spot\313100040_2997063293772408_2121424917163754721_n.jpg,riceleafbd,Brown Spot,brown_spot,,test,False
data\raw\riceleafbd\Brown Spot\313122966_3357308827891884_5607156245178439381_n.jpg,riceleafbd,Brown Spot,brown_spot,,train,False
data\raw\riceleafbd\Brown Spot\313137344_453066063659459_4539515531255138182_n.jpg,riceleafbd,Brown Spot,brown_spot,,train,False
data\raw\riceleafbd\Brown Spot\313190730_867262601121613_4659600057425030114_n.jpg,riceleafbd,Brown Spot,brown_spot,,train,False
data\raw\riceleafbd\Brown Spot\313196278_785443535888737_6085952194869446721_n.jpg,riceleafbd,Brown Spot,brown_spot,,train,False
data\raw\riceleafbd\Brown Spot\313200257_1800922796935491_8912526736572429090_n.jpg,riceleafbd,Brown Spot,brown_spot,,test,False
data\raw\riceleafbd\Brown Spot\313201251_1279540446137615_4527461508937194296_n.jpg,riceleafbd,Brown Spot,brown_spot,,train,False
data\raw\riceleafbd\Brown Spot\313201251_1360785834659276_1671577078989613552_n.jpg,riceleafbd,Brown Spot,brown_spot,,val,False
data\raw\riceleafbd\Brown Spot\313203978_1481994085643046_5405086585397455603_n.jpg,riceleafbd,Brown Spot,brown_spot,,val,False
data\raw\riceleafbd\Brown Spot\313218339_2107899189412026_6678791404989715775_n.jpg,riceleafbd,Brown Spot,brown_spot,,train,False
data\raw\riceleafbd\Brown Spot\313288716_691003395531457_4469374338787993945_n.jpg,riceleafbd,Brown Spot,brown_spot,,train,False
data\raw\riceleafbd\Brown Spot\313292780_616438710166241_8433472569148000157_n.jpg,riceleafbd,Brown Spot,brown_spot,,test,False
data\raw\riceleafbd\Brown Spot\313343929_527753235548244_7427689794941281736_n.jpg,riceleafbd,Brown Spot,brown_spot,,test,False
data\raw\riceleafbd\Brown Spot\313367123_671899961314140_4138694422553878803_n.jpg,riceleafbd,Brown Spot,brown_spot,,train,False
data\raw\riceleafbd\Brown Spot\313443110_623853019516830_3637481474544736728_n.jpg,riceleafbd,Brown Spot,brown_spot,,train,False
data\raw\riceleafbd\Brown Spot\313465036_823869582222083_6764479244017405113_n.jpg,riceleafbd,Brown Spot,brown_spot,,train,False
data\raw\riceleafbd\Brown Spot\313471489_507105181355779_6643479046716805490_n.jpg,riceleafbd,Brown Spot,brown_spot,,train,False
data\raw\riceleafbd\Brown Spot\313476491_3175701916074728_527524997302136500_n.jpg,riceleafbd,Brown Spot,brown_spot,,val,False
data\raw\riceleafbd\Brown Spot\313497222_1182350742356260_5290045930983092519_n.jpg,riceleafbd,Brown Spot,brown_spot,,test,False
data\raw\riceleafbd\Brown Spot\313498066_535157491452250_1329302867298406929_n.jpg,riceleafbd,Brown Spot,brown_spot,,train,False
data\raw\riceleafbd\Brown Spot\313507057_1514928955694609_1492636158783579161_n.jpg,riceleafbd,Brown Spot,brown_spot,,train,False
data\raw\riceleafbd\Brown Spot\313507059_687911266004453_2238914050500173857_n.jpg,riceleafbd,Brown Spot,brown_spot,,test,False
data\raw\riceleafbd\Brown Spot\313512745_1168304934102850_7313338003394803090_n.jpg,riceleafbd,Brown Spot,brown_spot,,train,False
data\raw\riceleafbd\Brown Spot\313521607_2935141333457692_6365098809202735581_n.jpg,riceleafbd,Brown Spot,brown_spot,,train,False
data\raw\riceleafbd\Brown Spot\313527189_843167327134071_8289772897838938874_n.jpg,riceleafbd,Brown Spot,brown_spot,,test,False
data\raw\riceleafbd\Brown Spot\313549376_556381899657306_7967741370575984897_n.jpg,riceleafbd,Brown Spot,brown_spot,,train,False
data\raw\riceleafbd\Brown Spot\313780514_868414660828438_7501140312432378251_n.jpg,riceleafbd,Brown Spot,brown_spot,,train,False
data\raw\riceleafbd\Brown Spot\313781090_507682281373522_2089694049691707996_n.jpg,riceleafbd,Brown Spot,brown_spot,,val,False
data\raw\riceleafbd\Brown Spot\313787284_5605262332924023_8290024618087006306_n.jpg,riceleafbd,Brown Spot,brown_spot,,train,False
data\raw\riceleafbd\Brown Spot\313788732_658467679019784_6012187736439260086_n (1).jpg,riceleafbd,Brown Spot,brown_spot,,train,False
data\raw\riceleafbd\Brown Spot\313788732_658467679019784_6012187736439260086_n.jpg,riceleafbd,Brown Spot,brown_spot,,train,False
data\raw\riceleafbd\Brown Spot\313792446_1180428119542131_6726753210234874025_n.jpg,riceleafbd,Brown Spot,brown_spot,,val,False
data\raw\riceleafbd\Brown Spot\313839151_1512509475894873_2957257885488620837_n.jpg,riceleafbd,Brown Spot,brown_spot,,train,False
data\raw\riceleafbd\Brown Spot\313841367_886737832496256_3356739023714713080_n.jpg,riceleafbd,Brown Spot,brown_spot,,train,False
data\raw\riceleafbd\Brown Spot\313843566_448312090764650_153050250218982431_n.jpg,riceleafbd,Brown Spot,brown_spot,,train,False
data\raw\riceleafbd\Brown Spot\313848161_1283580309108341_2525421339042143756_n.jpg,riceleafbd,Brown Spot,brown_spot,,train,False
data\raw\riceleafbd\Brown Spot\313873555_679701266830562_7608209160872213402_n.jpg,riceleafbd,Brown Spot,brown_spot,,train,False
data\raw\riceleafbd\Brown Spot\313886118_459647506271197_7186982696650057808_n.jpg,riceleafbd,Brown Spot,brown_spot,,val,False
data\raw\riceleafbd\Brown Spot\313904672_526861012614721_3175874261717514500_n.jpg,riceleafbd,Brown Spot,brown_spot,,train,False
data\raw\riceleafbd\Brown Spot\313905884_1541156186329606_6073291171599025418_n.jpg,riceleafbd,Brown Spot,brown_spot,,train,False
data\raw\riceleafbd\Brown Spot\313916932_2020659934783822_4577738886421413429_n.jpg,riceleafbd,Brown Spot,brown_spot,,train,False
data\raw\riceleafbd\Brown Spot\313920622_540390544155560_4529905783466902933_n.jpg,riceleafbd,Brown Spot,brown_spot,,test,False
data\raw\riceleafbd\Brown Spot\313921450_5196670513767037_4792001202803130901_n.jpg,riceleafbd,Brown Spot,brown_spot,,train,False
data\raw\riceleafbd\Brown Spot\313933080_876168170054115_3203624880911853400_n.jpg,riceleafbd,Brown Spot,brown_spot,,train,False
data\raw\riceleafbd\Brown Spot\313981249_1160269761589507_4774587326214898658_n.jpg,riceleafbd,Brown Spot,brown_spot,,train,False
data\raw\riceleafbd\Brown Spot\313982795_1148588266065201_978676265172239895_n.jpg,riceleafbd,Brown Spot,brown_spot,,train,False
data\raw\riceleafbd\Brown Spot\314002624_3136045473374649_708243515860012079_n.jpg,riceleafbd,Brown Spot,brown_spot,,train,False
data\raw\riceleafbd\Brown Spot\314066540_808080653609255_4419829392342996875_n.jpg,riceleafbd,Brown Spot,brown_spot,,train,False
data\raw\riceleafbd\Brown Spot\314078646_569039298559942_1240593749695925494_n.jpg,riceleafbd,Brown Spot,brown_spot,,train,False
data\raw\riceleafbd\Brown Spot\314080532_557378226226410_3977761834456156449_n.jpg,riceleafbd,Brown Spot,brown_spot,,train,False
data\raw\riceleafbd\Brown Spot\314113258_493930932804086_7003408735421398601_n.jpg,riceleafbd,Brown Spot,brown_spot,,train,False
data\raw\riceleafbd\Brown Spot\314382668_1142392413131890_4642286598799239154_n.jpg,riceleafbd,Brown Spot,brown_spot,,val,False
data\raw\riceleafbd\Brown Spot\314392161_523010439434403_4571452848046606078_n.jpg,riceleafbd,Brown Spot,brown_spot,,val,False
data\raw\riceleafbd\Brown Spot\314403959_412809837726615_3425650493758437022_n.jpg,riceleafbd,Brown Spot,brown_spot,,val,False
data\raw\riceleafbd\Brown Spot\314411012_787021242366649_5043583151562013626_n.jpg,riceleafbd,Brown Spot,brown_spot,,test,False
data\raw\riceleafbd\Brown Spot\314441577_2092691457598438_8028060264829702049_n.jpg,riceleafbd,Brown Spot,brown_spot,,train,False
data\raw\riceleafbd\Brown Spot\314441983_854258495994149_9085209384012503446_n.jpg,riceleafbd,Brown Spot,brown_spot,,test,False
data\raw\riceleafbd\Brown Spot\314449111_3385199401747010_1733313334172839935_n.jpg,riceleafbd,Brown Spot,brown_spot,,train,False
data\raw\riceleafbd\Brown Spot\314460390_1283878442463186_6741471866538760147_n.jpg,riceleafbd,Brown Spot,brown_spot,,train,False
data\raw\riceleafbd\Brown Spot\314468783_787196999050898_4238190933447609878_n.jpg,riceleafbd,Brown Spot,brown_spot,,train,False
data\raw\riceleafbd\Brown Spot\314475046_449615730696969_2020808720417944523_n.jpg,riceleafbd,Brown Spot,brown_spot,,train,False
data\raw\riceleafbd\Brown Spot\314493944_434540202166130_6724789783015710950_n.jpg,riceleafbd,Brown Spot,brown_spot,,test,False
data\raw\riceleafbd\Brown Spot\314493944_896629368719715_6174451010360346064_n.jpg,riceleafbd,Brown Spot,brown_spot,,train,False
data\raw\riceleafbd\Brown Spot\314496508_832188851450129_3949600698718863168_n (1).jpg,riceleafbd,Brown Spot,brown_spot,,train,False
data\raw\riceleafbd\Brown Spot\314496508_832188851450129_3949600698718863168_n.jpg,riceleafbd,Brown Spot,brown_spot,,val,False
data\raw\riceleafbd\Brown Spot\314503450_3450819201904812_8236415469040261609_n.jpg,riceleafbd,Brown Spot,brown_spot,,train,False
data\raw\riceleafbd\Brown Spot\314517615_3247310182157760_4133044286808674124_n.jpg,riceleafbd,Brown Spot,brown_spot,,train,False
data\raw\riceleafbd\Brown Spot\314529399_537487667824391_2423738442387014019_n.jpg,riceleafbd,Brown Spot,brown_spot,,test,False
data\raw\riceleafbd\Brown Spot\314580999_5503515786370001_3031398001200277706_n.jpg,riceleafbd,Brown Spot,brown_spot,,train,False
data\raw\riceleafbd\Brown Spot\314589722_2117316805128700_9017813880459002249_n.jpg,riceleafbd,Brown Spot,brown_spot,,train,False
data\raw\riceleafbd\Brown Spot\314598876_699510691701820_1277708613828209943_n.jpg,riceleafbd,Brown Spot,brown_spot,,train,False
data\raw\riceleafbd\Brown Spot\314640601_709961973358128_4798426186434847938_n.jpg,riceleafbd,Brown Spot,brown_spot,,val,False
data\raw\riceleafbd\Brown Spot\314657099_484002436885994_2177909731256155998_n.jpg,riceleafbd,Brown Spot,brown_spot,,val,False
data\raw\riceleafbd\Brown Spot\314679770_472008061475256_3088224257870849867_n.jpg,riceleafbd,Brown Spot,brown_spot,,val,False
data\raw\riceleafbd\Brown Spot\314691830_3284950125103632_3153144999633685146_n.jpg,riceleafbd,Brown Spot,brown_spot,,val,False
data\raw\riceleafbd\Brown Spot\314717655_875312090546753_4643848658424466249_n.jpg,riceleafbd,Brown Spot,brown_spot,,train,False
data\raw\riceleafbd\Brown Spot\314762837_830823594906665_3631159329207564654_n.jpg,riceleafbd,Brown Spot,brown_spot,,train,False
data\raw\riceleafbd\Brown Spot\314836160_686022666252685_2388751079063871472_n.jpg,riceleafbd,Brown Spot,brown_spot,,train,False
data\raw\riceleafbd\Brown Spot\314897354_1068355603852774_6702650815049470796_n.jpg,riceleafbd,Brown Spot,brown_spot,,test,False
data\raw\riceleafbd\Brown Spot\314909411_840232823692333_8663297012923790195_n.jpg,riceleafbd,Brown Spot,brown_spot,,train,False
data\raw\riceleafbd\Brown Spot\314914670_3288213108083345_3503386539476326102_n.jpg,riceleafbd,Brown Spot,brown_spot,,train,False
data\raw\riceleafbd\Brown Spot\314923157_539197087571514_8591771152756420979_n.jpg,riceleafbd,Brown Spot,brown_spot,,train,False
data\raw\riceleafbd\Brown Spot\314928674_1132940953994475_5783303463284993329_n.jpg,riceleafbd,Brown Spot,brown_spot,,train,False
data\raw\riceleafbd\Brown Spot\315016712_445045054471624_6038365941329369149_n.jpg,riceleafbd,Brown Spot,brown_spot,,train,False
data\raw\riceleafbd\Brown Spot\315077830_792639481827514_8300753796232755874_n.jpg,riceleafbd,Brown Spot,brown_spot,,train,False
data\raw\riceleafbd\Brown Spot\315090181_511040484415475_501719187235376817_n.jpg,riceleafbd,Brown Spot,brown_spot,,train,False
data\raw\riceleafbd\Brown Spot\315092006_5840330365988599_5190716989043173993_n.jpg,riceleafbd,Brown Spot,brown_spot,,train,False
data\raw\riceleafbd\Brown Spot\315097556_651623386416300_315809802883710010_n.jpg,riceleafbd,Brown Spot,brown_spot,,val,False
data\raw\riceleafbd\Brown Spot\315101357_875258810168304_6328451652199300794_n.jpg,riceleafbd,Brown Spot,brown_spot,,train,False
data\raw\riceleafbd\Brown Spot\315111727_1257256914842639_765387376634031605_n.jpg,riceleafbd,Brown Spot,brown_spot,,test,False
data\raw\riceleafbd\Brown Spot\315111874_660996902279870_7720110767850067310_n.jpg,riceleafbd,Brown Spot,brown_spot,,train,False
data\raw\riceleafbd\Brown Spot\315181632_619130999956574_6092454196105885976_n.jpg,riceleafbd,Brown Spot,brown_spot,,train,False
data\raw\riceleafbd\Brown Spot\315231791_678232013697601_8184602897231972298_n.jpg,riceleafbd,Brown Spot,brown_spot,,train,False
data\raw\riceleafbd\Brown Spot\315258105_1121822611851832_6151382853616864934_n.jpg,riceleafbd,Brown Spot,brown_spot,,train,False
data\raw\riceleafbd\Brown Spot\315285784_834642564406283_3135547978717655405_n.jpg,riceleafbd,Brown Spot,brown_spot,,val,False
data\raw\riceleafbd\Brown Spot\315310250_1257634864795249_3192148898317066974_n.jpg,riceleafbd,Brown Spot,brown_spot,,train,False
data\raw\riceleafbd\Brown Spot\315441571_1085626215414943_185580167438404121_n.jpg,riceleafbd,Brown Spot,brown_spot,,test,False
data\raw\riceleafbd\Brown Spot\315497380_1295206221267803_1595982017898207424_n.jpg,riceleafbd,Brown Spot,brown_spot,,test,False
data\raw\riceleafbd\Brown Spot\315518994_655956559597171_6356719280846853770_n.jpg,riceleafbd,Brown Spot,brown_spot,,train,False
data\raw\riceleafbd\Brown Spot\315526987_700198001332805_5532396989396921167_n.jpg,riceleafbd,Brown Spot,brown_spot,,train,False
data\raw\riceleafbd\Brown Spot\315528173_800099651085389_2576233260830535491_n.jpg,riceleafbd,Brown Spot,brown_spot,,train,False
data\raw\riceleafbd\Brown Spot\315532239_557495366186340_7408530394173486829_n.jpg,riceleafbd,Brown Spot,brown_spot,,test,False
data\raw\riceleafbd\Brown Spot\315532476_678564123619299_2314158013159928732_n.jpg,riceleafbd,Brown Spot,brown_spot,,train,False
data\raw\riceleafbd\Brown Spot\316041923_803682534254590_8305339248818396829_n.jpg,riceleafbd,Brown Spot,brown_spot,,test,False
data\raw\riceleafbd\Healthy Leaf\IMG20231027082814_01.jpg,riceleafbd,Healthy Leaf,healthy,,train,False
data\raw\riceleafbd\Healthy Leaf\IMG20231027082943.jpg,riceleafbd,Healthy Leaf,healthy,,test,False
data\raw\riceleafbd\Healthy Leaf\IMG20231027082956_01.jpg,riceleafbd,Healthy Leaf,healthy,,train,False
data\raw\riceleafbd\Healthy Leaf\IMG20231027083007_01.jpg,riceleafbd,Healthy Leaf,healthy,,train,False
data\raw\riceleafbd\Healthy Leaf\IMG20231027083045_01.jpg,riceleafbd,Healthy Leaf,healthy,,train,False
data\raw\riceleafbd\Healthy Leaf\IMG20231027083100.jpg,riceleafbd,Healthy Leaf,healthy,,train,False
data\raw\riceleafbd\Healthy Leaf\IMG20231027083121.jpg,riceleafbd,Healthy Leaf,healthy,,train,False
data\raw\riceleafbd\Healthy Leaf\IMG20231027083123_01.jpg,riceleafbd,Healthy Leaf,healthy,,val,False
data\raw\riceleafbd\Healthy Leaf\IMG20231027083140_01.jpg,riceleafbd,Healthy Leaf,healthy,,val,False
data\raw\riceleafbd\Healthy Leaf\IMG20231027083218_01.jpg,riceleafbd,Healthy Leaf,healthy,,train,False
data\raw\riceleafbd\Healthy Leaf\IMG20231027083228_01.jpg,riceleafbd,Healthy Leaf,healthy,,train,False
data\raw\riceleafbd\Healthy Leaf\IMG20231027083315_01.jpg,riceleafbd,Healthy Leaf,healthy,,train,False
data\raw\riceleafbd\Healthy Leaf\IMG20231027083324_01.jpg,riceleafbd,Healthy Leaf,healthy,,train,False
data\raw\riceleafbd\Healthy Leaf\IMG20231027083351_01.jpg,riceleafbd,Healthy Leaf,healthy,,val,False
data\raw\riceleafbd\Healthy Leaf\IMG20231027083408_01.jpg,riceleafbd,Healthy Leaf,healthy,,test,False
data\raw\riceleafbd\Healthy Leaf\IMG20231027083426_01.jpg,riceleafbd,Healthy Leaf,healthy,,train,False
data\raw\riceleafbd\Healthy Leaf\IMG20231027083440_01.jpg,riceleafbd,Healthy Leaf,healthy,,train,False
data\raw\riceleafbd\Healthy Leaf\IMG20231027083446_01.jpg,riceleafbd,Healthy Leaf,healthy,,val,False
data\raw\riceleafbd\Healthy Leaf\IMG20231027083456_01.jpg,riceleafbd,Healthy Leaf,healthy,,train,False
data\raw\riceleafbd\Healthy Leaf\IMG20231027083504_01.jpg,riceleafbd,Healthy Leaf,healthy,,train,False
data\raw\riceleafbd\Healthy Leaf\IMG20231027083512.jpg,riceleafbd,Healthy Leaf,healthy,,test,False
data\raw\riceleafbd\Healthy Leaf\IMG20231027083526_01.jpg,riceleafbd,Healthy Leaf,healthy,,test,False
data\raw\riceleafbd\Healthy Leaf\IMG20231027083535.jpg,riceleafbd,Healthy Leaf,healthy,,train,False
data\raw\riceleafbd\Healthy Leaf\IMG20231027083550_01.jpg,riceleafbd,Healthy Leaf,healthy,,train,False
data\raw\riceleafbd\Healthy Leaf\IMG20231027083600_01.jpg,riceleafbd,Healthy Leaf,healthy,,train,False
data\raw\riceleafbd\Healthy Leaf\IMG20231027083607_01.jpg,riceleafbd,Healthy Leaf,healthy,,train,False
data\raw\riceleafbd\Healthy Leaf\IMG20231027083617_01.jpg,riceleafbd,Healthy Leaf,healthy,,train,False
data\raw\riceleafbd\Healthy Leaf\IMG20231027083630_01.jpg,riceleafbd,Healthy Leaf,healthy,,train,False
data\raw\riceleafbd\Healthy Leaf\IMG20231027083641_01.jpg,riceleafbd,Healthy Leaf,healthy,,train,False
data\raw\riceleafbd\Healthy Leaf\IMG20231027083655_01.jpg,riceleafbd,Healthy Leaf,healthy,,train,False
data\raw\riceleafbd\Healthy Leaf\IMG20231027083701_01.jpg,riceleafbd,Healthy Leaf,healthy,,train,False
data\raw\riceleafbd\Healthy Leaf\IMG20231027083711_01.jpg,riceleafbd,Healthy Leaf,healthy,,train,False
data\raw\riceleafbd\Healthy Leaf\IMG20231027083727_01.jpg,riceleafbd,Healthy Leaf,healthy,,train,False
data\raw\riceleafbd\Healthy Leaf\IMG20231027083741_01.jpg,riceleafbd,Healthy Leaf,healthy,,train,False
data\raw\riceleafbd\Healthy Leaf\IMG20231027083809_01.jpg,riceleafbd,Healthy Leaf,healthy,,val,False
data\raw\riceleafbd\Healthy Leaf\IMG20231027083820_01.jpg,riceleafbd,Healthy Leaf,healthy,,train,False
data\raw\riceleafbd\Healthy Leaf\IMG20231027083843_01.jpg,riceleafbd,Healthy Leaf,healthy,,train,False
data\raw\riceleafbd\Healthy Leaf\IMG20231027083903_01.jpg,riceleafbd,Healthy Leaf,healthy,,test,False
data\raw\riceleafbd\Healthy Leaf\IMG20231027083906_01.jpg,riceleafbd,Healthy Leaf,healthy,,train,False
data\raw\riceleafbd\Healthy Leaf\IMG20231027083921.jpg,riceleafbd,Healthy Leaf,healthy,,train,False
data\raw\riceleafbd\Healthy Leaf\IMG20231027083930.jpg,riceleafbd,Healthy Leaf,healthy,,train,False
data\raw\riceleafbd\Healthy Leaf\IMG20231027083946.jpg,riceleafbd,Healthy Leaf,healthy,,train,False
data\raw\riceleafbd\Healthy Leaf\IMG20231027083959_01.jpg,riceleafbd,Healthy Leaf,healthy,,train,False
data\raw\riceleafbd\Healthy Leaf\IMG20231027084017_01.jpg,riceleafbd,Healthy Leaf,healthy,,train,False
data\raw\riceleafbd\Healthy Leaf\IMG20231027084032_01.jpg,riceleafbd,Healthy Leaf,healthy,,train,False
data\raw\riceleafbd\Healthy Leaf\IMG20231027084040_01.jpg,riceleafbd,Healthy Leaf,healthy,,train,False
data\raw\riceleafbd\Healthy Leaf\IMG20231027084048_01.jpg,riceleafbd,Healthy Leaf,healthy,,train,False
data\raw\riceleafbd\Healthy Leaf\IMG20231027084059_01.jpg,riceleafbd,Healthy Leaf,healthy,,train,False
data\raw\riceleafbd\Healthy Leaf\IMG20231027084115_01.jpg,riceleafbd,Healthy Leaf,healthy,,test,False
data\raw\riceleafbd\Healthy Leaf\IMG20231027084124_01.jpg,riceleafbd,Healthy Leaf,healthy,,val,False
data\raw\riceleafbd\Healthy Leaf\IMG20231027084139_01.jpg,riceleafbd,Healthy Leaf,healthy,,val,False
data\raw\riceleafbd\Healthy Leaf\IMG20231027084212_01.jpg,riceleafbd,Healthy Leaf,healthy,,train,False
data\raw\riceleafbd\Healthy Leaf\IMG20231027084226_01.jpg,riceleafbd,Healthy Leaf,healthy,,test,False
data\raw\riceleafbd\Healthy Leaf\IMG20231027084302_01.jpg,riceleafbd,Healthy Leaf,healthy,,train,False
data\raw\riceleafbd\Healthy Leaf\IMG20231027084313_01.jpg,riceleafbd,Healthy Leaf,healthy,,val,False
data\raw\riceleafbd\Healthy Leaf\IMG20231027084332_01.jpg,riceleafbd,Healthy Leaf,healthy,,train,False
data\raw\riceleafbd\Healthy Leaf\IMG20231027084349_01.jpg,riceleafbd,Healthy Leaf,healthy,,train,False
data\raw\riceleafbd\Healthy Leaf\IMG20231027084350_01.jpg,riceleafbd,Healthy Leaf,healthy,,test,False
data\raw\riceleafbd\Healthy Leaf\IMG20231027084401_01.jpg,riceleafbd,Healthy Leaf,healthy,,test,False
data\raw\riceleafbd\Healthy Leaf\IMG20231027084408_01.jpg,riceleafbd,Healthy Leaf,healthy,,val,False
data\raw\riceleafbd\Healthy Leaf\IMG20231027084417.jpg,riceleafbd,Healthy Leaf,healthy,,train,False
data\raw\riceleafbd\Healthy Leaf\IMG20231027084433.jpg,riceleafbd,Healthy Leaf,healthy,,train,False
data\raw\riceleafbd\Healthy Leaf\IMG20231027084450_01.jpg,riceleafbd,Healthy Leaf,healthy,,train,False
data\raw\riceleafbd\Healthy Leaf\IMG20231027084521_01.jpg,riceleafbd,Healthy Leaf,healthy,,val,False
data\raw\riceleafbd\Healthy Leaf\IMG20231027084539_01.jpg,riceleafbd,Healthy Leaf,healthy,,train,False
data\raw\riceleafbd\Healthy Leaf\IMG20231027084555_01.jpg,riceleafbd,Healthy Leaf,healthy,,train,False
data\raw\riceleafbd\Healthy Leaf\IMG20231027084603.jpg,riceleafbd,Healthy Leaf,healthy,,train,False
data\raw\riceleafbd\Healthy Leaf\IMG20231027084611.jpg,riceleafbd,Healthy Leaf,healthy,,train,False
data\raw\riceleafbd\Healthy Leaf\IMG20231027084620_01.jpg,riceleafbd,Healthy Leaf,healthy,,train,False
data\raw\riceleafbd\Healthy Leaf\IMG20231027084637_01.jpg,riceleafbd,Healthy Leaf,healthy,,train,False
data\raw\riceleafbd\Healthy Leaf\IMG20231027084655_01.jpg,riceleafbd,Healthy Leaf,healthy,,train,False
data\raw\riceleafbd\Healthy Leaf\IMG20231027084708_01.jpg,riceleafbd,Healthy Leaf,healthy,,test,False
data\raw\riceleafbd\Healthy Leaf\IMG20231027084720_01.jpg,riceleafbd,Healthy Leaf,healthy,,val,False
data\raw\riceleafbd\Healthy Leaf\IMG20231027084732_01.jpg,riceleafbd,Healthy Leaf,healthy,,train,False
data\raw\riceleafbd\Healthy Leaf\IMG20231027084743_01.jpg,riceleafbd,Healthy Leaf,healthy,,test,False
data\raw\riceleafbd\Healthy Leaf\IMG20231027084803_01.jpg,riceleafbd,Healthy Leaf,healthy,,train,False
data\raw\riceleafbd\Healthy Leaf\IMG20231027084815_01.jpg,riceleafbd,Healthy Leaf,healthy,,train,False
data\raw\riceleafbd\Healthy Leaf\IMG20231027084830.jpg,riceleafbd,Healthy Leaf,healthy,,train,False
data\raw\riceleafbd\Healthy Leaf\IMG20231027084837_01.jpg,riceleafbd,Healthy Leaf,healthy,,train,False
data\raw\riceleafbd\Healthy Leaf\IMG20231027084849_01.jpg,riceleafbd,Healthy Leaf,healthy,,train,False
data\raw\riceleafbd\Healthy Leaf\IMG20231027084901_01.jpg,riceleafbd,Healthy Leaf,healthy,,val,False
data\raw\riceleafbd\Healthy Leaf\IMG20231027084916_01.jpg,riceleafbd,Healthy Leaf,healthy,,train,False
data\raw\riceleafbd\Healthy Leaf\IMG20231027084926.jpg,riceleafbd,Healthy Leaf,healthy,,train,False
data\raw\riceleafbd\Healthy Leaf\IMG20231027085837_01.jpg,riceleafbd,Healthy Leaf,healthy,,val,False
data\raw\riceleafbd\Healthy Leaf\IMG20231027085849_01.jpg,riceleafbd,Healthy Leaf,healthy,,train,False
data\raw\riceleafbd\Healthy Leaf\IMG20231027085857_01.jpg,riceleafbd,Healthy Leaf,healthy,,train,False
data\raw\riceleafbd\Healthy Leaf\IMG20231027085904_01.jpg,riceleafbd,Healthy Leaf,healthy,,train,False
data\raw\riceleafbd\Healthy Leaf\IMG20231027085910_01.jpg,riceleafbd,Healthy Leaf,healthy,,test,False
data\raw\riceleafbd\Healthy Leaf\IMG20231027085919_01.jpg,riceleafbd,Healthy Leaf,healthy,,test,False
data\raw\riceleafbd\Healthy Leaf\IMG20231027090205.jpg,riceleafbd,Healthy Leaf,healthy,,val,False
data\raw\riceleafbd\Healthy Leaf\IMG20231027090212_01.jpg,riceleafbd,Healthy Leaf,healthy,,train,False
data\raw\riceleafbd\Healthy Leaf\IMG20231027090219_01.jpg,riceleafbd,Healthy Leaf,healthy,,val,False
data\raw\riceleafbd\Healthy Leaf\IMG20231027090223_01.jpg,riceleafbd,Healthy Leaf,healthy,,test,False
data\raw\riceleafbd\Healthy Leaf\IMG20231027090224_01.jpg,riceleafbd,Healthy Leaf,healthy,,train,False
data\raw\riceleafbd\Healthy Leaf\IMG20231027090227_01.jpg,riceleafbd,Healthy Leaf,healthy,,train,False
data\raw\riceleafbd\Healthy Leaf\IMG20231027090232_01.jpg,riceleafbd,Healthy Leaf,healthy,,train,False
data\raw\riceleafbd\Healthy Leaf\IMG20231027090239_01.jpg,riceleafbd,Healthy Leaf,healthy,,train,False
data\raw\riceleafbd\Healthy Leaf\IMG20231027090243_01.jpg,riceleafbd,Healthy Leaf,healthy,,train,False
data\raw\riceleafbd\Healthy Leaf\IMG20231027090248_01.jpg,riceleafbd,Healthy Leaf,healthy,,train,False
data\raw\riceleafbd\Healthy Leaf\IMG20231027090250_01.jpg,riceleafbd,Healthy Leaf,healthy,,test,False
data\raw\riceleafbd\Healthy Leaf\IMG20231027090252_01.jpg,riceleafbd,Healthy Leaf,healthy,,train,False
data\raw\riceleafbd\Healthy Leaf\IMG20231027090255_01.jpg,riceleafbd,Healthy Leaf,healthy,,train,False
data\raw\riceleafbd\Healthy Leaf\IMG20231027090257_01.jpg,riceleafbd,Healthy Leaf,healthy,,test,False
data\raw\riceleafbd\Healthy Leaf\IMG20231027090300_01.jpg,riceleafbd,Healthy Leaf,healthy,,test,False
data\raw\riceleafbd\Healthy Leaf\IMG20231027090303_01.jpg,riceleafbd,Healthy Leaf,healthy,,train,False
data\raw\riceleafbd\Healthy Leaf\IMG20231027090311_01.jpg,riceleafbd,Healthy Leaf,healthy,,train,False
data\raw\riceleafbd\Healthy Leaf\IMG20231027090315.jpg,riceleafbd,Healthy Leaf,healthy,,test,False
data\raw\riceleafbd\Healthy Leaf\IMG20231027090318_01.jpg,riceleafbd,Healthy Leaf,healthy,,val,False
data\raw\riceleafbd\Healthy Leaf\IMG20231027090321.jpg,riceleafbd,Healthy Leaf,healthy,,train,False
data\raw\riceleafbd\Healthy Leaf\IMG20231027090323_01.jpg,riceleafbd,Healthy Leaf,healthy,,train,False
data\raw\riceleafbd\Healthy Leaf\IMG20231027090331.jpg,riceleafbd,Healthy Leaf,healthy,,val,False
data\raw\riceleafbd\Healthy Leaf\IMG20231027090340_01.jpg,riceleafbd,Healthy Leaf,healthy,,train,False
data\raw\riceleafbd\Healthy Leaf\IMG20231027090354_01.jpg,riceleafbd,Healthy Leaf,healthy,,train,False
data\raw\riceleafbd\Healthy Leaf\IMG20231027090355_01.jpg,riceleafbd,Healthy Leaf,healthy,,train,False
data\raw\riceleafbd\Healthy Leaf\IMG20231027090402_01.jpg,riceleafbd,Healthy Leaf,healthy,,train,False
data\raw\riceleafbd\Healthy Leaf\IMG20231027090411_01.jpg,riceleafbd,Healthy Leaf,healthy,,train,False
data\raw\riceleafbd\Healthy Leaf\IMG20231027090415_01.jpg,riceleafbd,Healthy Leaf,healthy,,test,False
data\raw\riceleafbd\Healthy Leaf\IMG20231027090419_01.jpg,riceleafbd,Healthy Leaf,healthy,,train,False
data\raw\riceleafbd\Healthy Leaf\IMG20231027090422.jpg,riceleafbd,Healthy Leaf,healthy,,train,False
data\raw\riceleafbd\Healthy Leaf\IMG20231027090436.jpg,riceleafbd,Healthy Leaf,healthy,,train,False
data\raw\riceleafbd\Healthy Leaf\IMG20231027090438.jpg,riceleafbd,Healthy Leaf,healthy,,train,False
data\raw\riceleafbd\Healthy Leaf\IMG20231027090447_01.jpg,riceleafbd,Healthy Leaf,healthy,,test,False
data\raw\riceleafbd\Healthy Leaf\IMG20231027090452_01.jpg,riceleafbd,Healthy Leaf,healthy,,train,False
data\raw\riceleafbd\Healthy Leaf\IMG20231027090456_01.jpg,riceleafbd,Healthy Leaf,healthy,,train,False
data\raw\riceleafbd\Healthy Leaf\IMG20231027090500_01.jpg,riceleafbd,Healthy Leaf,healthy,,train,False
data\raw\riceleafbd\Healthy Leaf\IMG20231027090504_01.jpg,riceleafbd,Healthy Leaf,healthy,,train,False
data\raw\riceleafbd\Healthy Leaf\IMG20231027090510.jpg,riceleafbd,Healthy Leaf,healthy,,train,False
data\raw\riceleafbd\Healthy Leaf\IMG20231027090523_01.jpg,riceleafbd,Healthy Leaf,healthy,,train,False
data\raw\riceleafbd\Healthy Leaf\IMG20231027090736_01.jpg,riceleafbd,Healthy Leaf,healthy,,train,False
data\raw\riceleafbd\Healthy Leaf\IMG20231027090749.jpg,riceleafbd,Healthy Leaf,healthy,,test,False
data\raw\riceleafbd\Healthy Leaf\IMG20231027090755_01.jpg,riceleafbd,Healthy Leaf,healthy,,test,False
data\raw\riceleafbd\Healthy Leaf\IMG20231027090803_01.jpg,riceleafbd,Healthy Leaf,healthy,,val,False
data\raw\riceleafbd\Healthy Leaf\IMG20231027090808_01.jpg,riceleafbd,Healthy Leaf,healthy,,train,False
data\raw\riceleafbd\Healthy Leaf\IMG20231027090829_01.jpg,riceleafbd,Healthy Leaf,healthy,,train,False
data\raw\riceleafbd\Healthy Leaf\IMG20231027090836_01.jpg,riceleafbd,Healthy Leaf,healthy,,val,False
data\raw\riceleafbd\Healthy Leaf\IMG20231027090848.jpg,riceleafbd,Healthy Leaf,healthy,,train,False
data\raw\riceleafbd\Healthy Leaf\IMG20231027090859_01.jpg,riceleafbd,Healthy Leaf,healthy,,train,False
data\raw\riceleafbd\Healthy Leaf\IMG20231027090915.jpg,riceleafbd,Healthy Leaf,healthy,,train,False
data\raw\riceleafbd\Healthy Leaf\IMG20231027090925.jpg,riceleafbd,Healthy Leaf,healthy,,train,False
data\raw\riceleafbd\Healthy Leaf\IMG20231027090933_01.jpg,riceleafbd,Healthy Leaf,healthy,,train,False
data\raw\riceleafbd\Healthy Leaf\IMG20231027090939_01.jpg,riceleafbd,Healthy Leaf,healthy,,train,False
data\raw\riceleafbd\Healthy Leaf\IMG20231027091001_01.jpg,riceleafbd,Healthy Leaf,healthy,,train,False
data\raw\riceleafbd\Healthy Leaf\IMG20231027091016.jpg,riceleafbd,Healthy Leaf,healthy,,train,False
data\raw\riceleafbd\Healthy Leaf\IMG20231027091031_01.jpg,riceleafbd,Healthy Leaf,healthy,,train,False
data\raw\riceleafbd\Healthy Leaf\IMG20231027091112_01.jpg,riceleafbd,Healthy Leaf,healthy,,train,False
data\raw\riceleafbd\Healthy Leaf\IMG20231027091120_01.jpg,riceleafbd,Healthy Leaf,healthy,,train,False
data\raw\riceleafbd\Healthy Leaf\IMG20231027091126_01.jpg,riceleafbd,Healthy Leaf,healthy,,train,False
data\raw\riceleafbd\Healthy Leaf\IMG20231027091135_01.jpg,riceleafbd,Healthy Leaf,healthy,,train,False
data\raw\riceleafbd\Healthy Leaf\IMG20231027091146.jpg,riceleafbd,Healthy Leaf,healthy,,train,False
data\raw\riceleafbd\Healthy Leaf\IMG20231027091151_01.jpg,riceleafbd,Healthy Leaf,healthy,,test,False
data\raw\riceleafbd\Healthy Leaf\IMG20231027091201_01.jpg,riceleafbd,Healthy Leaf,healthy,,train,False
data\raw\riceleafbd\Healthy Leaf\IMG20231027091207_01.jpg,riceleafbd,Healthy Leaf,healthy,,test,False
data\raw\riceleafbd\Healthy Leaf\IMG20231027091217.jpg,riceleafbd,Healthy Leaf,healthy,,train,False
data\raw\riceleafbd\Healthy Leaf\IMG20231027091224_01.jpg,riceleafbd,Healthy Leaf,healthy,,train,False
data\raw\riceleafbd\Healthy Leaf\IMG20231027091230_01.jpg,riceleafbd,Healthy Leaf,healthy,,train,False
data\raw\riceleafbd\Healthy Leaf\IMG20231027091239_01.jpg,riceleafbd,Healthy Leaf,healthy,,train,False
data\raw\riceleafbd\Healthy Leaf\IMG20231027091247_01.jpg,riceleafbd,Healthy Leaf,healthy,,train,False
data\raw\riceleafbd\Healthy Leaf\IMG20231027091318.jpg,riceleafbd,Healthy Leaf,healthy,,test,False
data\raw\riceleafbd\Healthy Leaf\IMG20231027091335_01.jpg,riceleafbd,Healthy Leaf,healthy,,train,False
data\raw\riceleafbd\Healthy Leaf\IMG20231027091344_01.jpg,riceleafbd,Healthy Leaf,healthy,,train,False
data\raw\riceleafbd\Healthy Leaf\IMG20231027091353.jpg,riceleafbd,Healthy Leaf,healthy,,test,False
data\raw\riceleafbd\Healthy Leaf\IMG20231027091400_01.jpg,riceleafbd,Healthy Leaf,healthy,,train,False
data\raw\riceleafbd\Healthy Leaf\IMG20231027091419_01.jpg,riceleafbd,Healthy Leaf,healthy,,train,False
data\raw\riceleafbd\Healthy Leaf\IMG20231027091426_01.jpg,riceleafbd,Healthy Leaf,healthy,,val,False
data\raw\riceleafbd\Healthy Leaf\IMG20231027091433.jpg,riceleafbd,Healthy Leaf,healthy,,train,False
data\raw\riceleafbd\Healthy Leaf\IMG20231027091440.jpg,riceleafbd,Healthy Leaf,healthy,,train,False
data\raw\riceleafbd\Healthy Leaf\IMG20231027091450_01.jpg,riceleafbd,Healthy Leaf,healthy,,val,False
data\raw\riceleafbd\Healthy Leaf\IMG20231027091458_01.jpg,riceleafbd,Healthy Leaf,healthy,,train,False
data\raw\riceleafbd\Healthy Leaf\IMG20231027091524_01.jpg,riceleafbd,Healthy Leaf,healthy,,train,False
data\raw\riceleafbd\Healthy Leaf\IMG20231027091532_01.jpg,riceleafbd,Healthy Leaf,healthy,,test,False
data\raw\riceleafbd\Healthy Leaf\IMG20231027091550_01.jpg,riceleafbd,Healthy Leaf,healthy,,train,False
data\raw\riceleafbd\Healthy Leaf\IMG20231027091558_01.jpg,riceleafbd,Healthy Leaf,healthy,,val,False
data\raw\riceleafbd\Healthy Leaf\IMG20231027091621_01.jpg,riceleafbd,Healthy Leaf,healthy,,train,False
data\raw\riceleafbd\Healthy Leaf\IMG20231027091628_01.jpg,riceleafbd,Healthy Leaf,healthy,,train,False
data\raw\riceleafbd\Healthy Leaf\IMG20231027091640_01.jpg,riceleafbd,Healthy Leaf,healthy,,val,False
data\raw\riceleafbd\Healthy Leaf\IMG20231027091653.jpg,riceleafbd,Healthy Leaf,healthy,,train,False
data\raw\riceleafbd\Healthy Leaf\IMG20231027091700_01.jpg,riceleafbd,Healthy Leaf,healthy,,train,False
data\raw\riceleafbd\Healthy Leaf\IMG20231027091708_01.jpg,riceleafbd,Healthy Leaf,healthy,,train,False
data\raw\riceleafbd\Healthy Leaf\IMG20231027091754.jpg,riceleafbd,Healthy Leaf,healthy,,train,False
data\raw\riceleafbd\Healthy Leaf\IMG20231027091759_01.jpg,riceleafbd,Healthy Leaf,healthy,,test,False
data\raw\riceleafbd\Healthy Leaf\IMG20231027091806_01.jpg,riceleafbd,Healthy Leaf,healthy,,train,False
data\raw\riceleafbd\Healthy Leaf\IMG20231027091818_01.jpg,riceleafbd,Healthy Leaf,healthy,,train,False
data\raw\riceleafbd\Healthy Leaf\IMG20231027091846_01.jpg,riceleafbd,Healthy Leaf,healthy,,train,False
data\raw\riceleafbd\Healthy Leaf\IMG20231027091902_01.jpg,riceleafbd,Healthy Leaf,healthy,,train,False
data\raw\riceleafbd\Healthy Leaf\IMG20231027091933.jpg,riceleafbd,Healthy Leaf,healthy,,train,False
data\raw\riceleafbd\Healthy Leaf\IMG20231027091940.jpg,riceleafbd,Healthy Leaf,healthy,,train,False
data\raw\riceleafbd\Healthy Leaf\IMG20231027091949_01.jpg,riceleafbd,Healthy Leaf,healthy,,train,False
data\raw\riceleafbd\Healthy Leaf\IMG20231027091956_01.jpg,riceleafbd,Healthy Leaf,healthy,,test,False
data\raw\riceleafbd\Healthy Leaf\IMG20231027092031_01.jpg,riceleafbd,Healthy Leaf,healthy,,test,False
data\raw\riceleafbd\Healthy Leaf\IMG20231027092100_01.jpg,riceleafbd,Healthy Leaf,healthy,,val,False
data\raw\riceleafbd\Healthy Leaf\IMG20231027092121_01.jpg,riceleafbd,Healthy Leaf,healthy,,train,False
data\raw\riceleafbd\Healthy Leaf\IMG20231027092134_01.jpg,riceleafbd,Healthy Leaf,healthy,,test,False
data\raw\riceleafbd\Healthy Leaf\IMG20231027092141.jpg,riceleafbd,Healthy Leaf,healthy,,train,False
data\raw\riceleafbd\Healthy Leaf\IMG20231027092155_01.jpg,riceleafbd,Healthy Leaf,healthy,,train,False
data\raw\riceleafbd\Healthy Leaf\IMG20231027092203_01.jpg,riceleafbd,Healthy Leaf,healthy,,train,False
data\raw\riceleafbd\Healthy Leaf\IMG20231027092220_01.jpg,riceleafbd,Healthy Leaf,healthy,,val,False
data\raw\riceleafbd\Healthy Leaf\IMG20231027092230.jpg,riceleafbd,Healthy Leaf,healthy,,train,False
data\raw\riceleafbd\Healthy Leaf\IMG20231027092236_01.jpg,riceleafbd,Healthy Leaf,healthy,,train,False
data\raw\riceleafbd\Healthy Leaf\IMG20231027092242.jpg,riceleafbd,Healthy Leaf,healthy,,train,False
data\raw\riceleafbd\Healthy Leaf\IMG20231027092250_01.jpg,riceleafbd,Healthy Leaf,healthy,,train,False
data\raw\riceleafbd\Healthy Leaf\IMG20231027092329_01.jpg,riceleafbd,Healthy Leaf,healthy,,train,False
data\raw\riceleafbd\Healthy Leaf\IMG20231027092339_01.jpg,riceleafbd,Healthy Leaf,healthy,,train,False
data\raw\riceleafbd\Healthy Leaf\IMG20231027092406_01.jpg,riceleafbd,Healthy Leaf,healthy,,test,False
data\raw\riceleafbd\Healthy Leaf\IMG20231027092414_01.jpg,riceleafbd,Healthy Leaf,healthy,,test,False
data\raw\riceleafbd\Healthy Leaf\IMG20231027092418.jpg,riceleafbd,Healthy Leaf,healthy,,train,False
data\raw\riceleafbd\Healthy Leaf\IMG20231027092427_01.jpg,riceleafbd,Healthy Leaf,healthy,,train,False
data\raw\riceleafbd\Healthy Leaf\IMG20231027092433_01.jpg,riceleafbd,Healthy Leaf,healthy,,val,False
data\raw\riceleafbd\Healthy Leaf\IMG20231027092438_01.jpg,riceleafbd,Healthy Leaf,healthy,,val,False
data\raw\riceleafbd\Healthy Leaf\IMG20231027092449_01.jpg,riceleafbd,Healthy Leaf,healthy,,val,False
data\raw\riceleafbd\Healthy Leaf\IMG20231027092612_01.jpg,riceleafbd,Healthy Leaf,healthy,,val,False
data\raw\riceleafbd\Healthy Leaf\IMG20231027092616_01.jpg,riceleafbd,Healthy Leaf,healthy,,test,False
data\raw\riceleafbd\Healthy Leaf\IMG20231027092621_01.jpg,riceleafbd,Healthy Leaf,healthy,,train,False
data\raw\riceleafbd\Healthy Leaf\IMG20231027092623_01.jpg,riceleafbd,Healthy Leaf,healthy,,train,False
data\raw\riceleafbd\Healthy Leaf\IMG20231027092630_01.jpg,riceleafbd,Healthy Leaf,healthy,,train,False
data\raw\riceleafbd\Healthy Leaf\IMG20231027092637_01.jpg,riceleafbd,Healthy Leaf,healthy,,test,False
data\raw\riceleafbd\Healthy Leaf\IMG20231027092643_01.jpg,riceleafbd,Healthy Leaf,healthy,,train,False
data\raw\riceleafbd\Healthy Leaf\IMG20231027092648_01.jpg,riceleafbd,Healthy Leaf,healthy,,train,False
data\raw\riceleafbd\Healthy Leaf\IMG20231027092658_01.jpg,riceleafbd,Healthy Leaf,healthy,,val,False
data\raw\riceleafbd\Healthy Leaf\IMG20231027092711_01.jpg,riceleafbd,Healthy Leaf,healthy,,train,False
data\raw\riceleafbd\Healthy Leaf\IMG20231027092721_01.jpg,riceleafbd,Healthy Leaf,healthy,,train,False
data\raw\riceleafbd\Healthy Leaf\IMG20231027092737_01.jpg,riceleafbd,Healthy Leaf,healthy,,train,False
data\raw\riceleafbd\Healthy Leaf\IMG20231027092859_01.jpg,riceleafbd,Healthy Leaf,healthy,,train,False
data\raw\riceleafbd\Healthy Leaf\IMG20231027092907_01.jpg,riceleafbd,Healthy Leaf,healthy,,val,False
data\raw\riceleafbd\Healthy Leaf\IMG20231027092913_01.jpg,riceleafbd,Healthy Leaf,healthy,,val,False
data\raw\riceleafbd\Healthy Leaf\IMG20231027092919_01.jpg,riceleafbd,Healthy Leaf,healthy,,train,False
data\raw\riceleafbd\Healthy Leaf\IMG20231027092927_01.jpg,riceleafbd,Healthy Leaf,healthy,,val,False
data\raw\riceleafbd\Healthy Leaf\IMG20231027092937_01.jpg,riceleafbd,Healthy Leaf,healthy,,train,False
data\raw\riceleafbd\Healthy Leaf\IMG20231027092940_01.jpg,riceleafbd,Healthy Leaf,healthy,,train,False
data\raw\riceleafbd\Healthy Leaf\IMG20231027092945_01.jpg,riceleafbd,Healthy Leaf,healthy,,train,False
data\raw\riceleafbd\Healthy Leaf\IMG20231027092957_01.jpg,riceleafbd,Healthy Leaf,healthy,,train,False
data\raw\riceleafbd\Healthy Leaf\IMG20231027093006_01.jpg,riceleafbd,Healthy Leaf,healthy,,val,False
data\raw\riceleafbd\Healthy Leaf\IMG20231027093010.jpg,riceleafbd,Healthy Leaf,healthy,,train,False
data\raw\riceleafbd\Healthy Leaf\IMG20231027093025_01.jpg,riceleafbd,Healthy Leaf,healthy,,val,False
data\raw\riceleafbd\Healthy Leaf\IMG20231027093043_01.jpg,riceleafbd,Healthy Leaf,healthy,,train,False
data\raw\riceleafbd\Healthy Leaf\IMG20231027093053_01.jpg,riceleafbd,Healthy Leaf,healthy,,val,False
data\raw\riceleafbd\Healthy Leaf\IMG20231027093101_01.jpg,riceleafbd,Healthy Leaf,healthy,,train,False
data\raw\riceleafbd\Healthy Leaf\IMG20231027093110_01.jpg,riceleafbd,Healthy Leaf,healthy,,train,False
data\raw\riceleafbd\Healthy Leaf\IMG20231027093116_01.jpg,riceleafbd,Healthy Leaf,healthy,,test,False
data\raw\riceleafbd\Healthy Leaf\IMG20231027093122_01.jpg,riceleafbd,Healthy Leaf,healthy,,train,False
data\raw\riceleafbd\Healthy Leaf\IMG20231027093129_01.jpg,riceleafbd,Healthy Leaf,healthy,,train,False
data\raw\riceleafbd\Healthy Leaf\IMG20231027093139_01.jpg,riceleafbd,Healthy Leaf,healthy,,train,False
data\raw\riceleafbd\Healthy Leaf\IMG20231027093145_01.jpg,riceleafbd,Healthy Leaf,healthy,,val,False
data\raw\riceleafbd\Healthy Leaf\IMG20231027093149_01.jpg,riceleafbd,Healthy Leaf,healthy,,train,False
data\raw\riceleafbd\Healthy Leaf\IMG20231027093150_01.jpg,riceleafbd,Healthy Leaf,healthy,,train,False
data\raw\riceleafbd\Healthy Leaf\IMG20231027093151_01.jpg,riceleafbd,Healthy Leaf,healthy,,test,False
data\raw\riceleafbd\Healthy Leaf\IMG20231027093153_01.jpg,riceleafbd,Healthy Leaf,healthy,,train,False
data\raw\riceleafbd\Healthy Leaf\IMG20231027093200_01.jpg,riceleafbd,Healthy Leaf,healthy,,train,False
data\raw\riceleafbd\Healthy Leaf\IMG20231027093204_01.jpg,riceleafbd,Healthy Leaf,healthy,,train,False
data\raw\riceleafbd\Healthy Leaf\IMG20231027093521.jpg,riceleafbd,Healthy Leaf,healthy,,val,False
data\raw\riceleafbd\Healthy Leaf\IMG20231027093532_01.jpg,riceleafbd,Healthy Leaf,healthy,,train,False
data\raw\riceleafbd\Healthy Leaf\IMG20231027093535_01.jpg,riceleafbd,Healthy Leaf,healthy,,train,False
data\raw\riceleafbd\Healthy Leaf\IMG20231027093619_01.jpg,riceleafbd,Healthy Leaf,healthy,,test,False
data\raw\riceleafbd\Tungro Virus\0a854ee6-4eb7-4a97-8c9e-064b78f96d92.jpg,riceleafbd,Tungro Virus,tungro,,train,False
data\raw\riceleafbd\Tungro Virus\14fd1f33-d623-4c6e-9ab3-26a95ad4afae.jpg,riceleafbd,Tungro Virus,tungro,,val,False
data\raw\riceleafbd\Tungro Virus\20231027_082937.jpg,riceleafbd,Tungro Virus,tungro,,train,False
data\raw\riceleafbd\Tungro Virus\20231027_082950.jpg,riceleafbd,Tungro Virus,tungro,,train,False
data\raw\riceleafbd\Tungro Virus\20231027_083016.jpg,riceleafbd,Tungro Virus,tungro,,val,False
data\raw\riceleafbd\Tungro Virus\20231027_083032.jpg,riceleafbd,Tungro Virus,tungro,,train,False
data\raw\riceleafbd\Tungro Virus\20231027_083303.jpg,riceleafbd,Tungro Virus,tungro,,train,False
data\raw\riceleafbd\Tungro Virus\20231027_083634.jpg,riceleafbd,Tungro Virus,tungro,,train,False
data\raw\riceleafbd\Tungro Virus\20231027_083715.jpg,riceleafbd,Tungro Virus,tungro,,val,False
data\raw\riceleafbd\Tungro Virus\20231027_083734.jpg,riceleafbd,Tungro Virus,tungro,,train,False
data\raw\riceleafbd\Tungro Virus\20231027_083908.jpg,riceleafbd,Tungro Virus,tungro,,train,False
data\raw\riceleafbd\Tungro Virus\20231027_083941.jpg,riceleafbd,Tungro Virus,tungro,,train,False
data\raw\riceleafbd\Tungro Virus\20231027_084058.jpg,riceleafbd,Tungro Virus,tungro,,train,False
data\raw\riceleafbd\Tungro Virus\20231027_084127.jpg,riceleafbd,Tungro Virus,tungro,,test,False
data\raw\riceleafbd\Tungro Virus\20231027_084215.jpg,riceleafbd,Tungro Virus,tungro,,val,False
data\raw\riceleafbd\Tungro Virus\20231027_084232.jpg,riceleafbd,Tungro Virus,tungro,,train,False
data\raw\riceleafbd\Tungro Virus\20231027_084245.jpg,riceleafbd,Tungro Virus,tungro,,train,False
data\raw\riceleafbd\Tungro Virus\20231027_084306.jpg,riceleafbd,Tungro Virus,tungro,,train,False
data\raw\riceleafbd\Tungro Virus\20231027_084322.jpg,riceleafbd,Tungro Virus,tungro,,train,False
data\raw\riceleafbd\Tungro Virus\20231027_084339.jpg,riceleafbd,Tungro Virus,tungro,,train,False
data\raw\riceleafbd\Tungro Virus\20231027_084424.jpg,riceleafbd,Tungro Virus,tungro,,test,False
data\raw\riceleafbd\Tungro Virus\20231027_084437.jpg,riceleafbd,Tungro Virus,tungro,,test,False
data\raw\riceleafbd\Tungro Virus\20231027_084445.jpg,riceleafbd,Tungro Virus,tungro,,train,False
data\raw\riceleafbd\Tungro Virus\20231027_084453.jpg,riceleafbd,Tungro Virus,tungro,,train,False
data\raw\riceleafbd\Tungro Virus\20231027_084520.jpg,riceleafbd,Tungro Virus,tungro,,train,False
data\raw\riceleafbd\Tungro Virus\20231027_084556.jpg,riceleafbd,Tungro Virus,tungro,,train,False
data\raw\riceleafbd\Tungro Virus\20231027_084615.jpg,riceleafbd,Tungro Virus,tungro,,train,False
data\raw\riceleafbd\Tungro Virus\20231027_084702.jpg,riceleafbd,Tungro Virus,tungro,,val,False
data\raw\riceleafbd\Tungro Virus\20231027_084711.jpg,riceleafbd,Tungro Virus,tungro,,train,False
data\raw\riceleafbd\Tungro Virus\20231027_084731.jpg,riceleafbd,Tungro Virus,tungro,,train,False
data\raw\riceleafbd\Tungro Virus\20231027_084737.jpg,riceleafbd,Tungro Virus,tungro,,train,False
data\raw\riceleafbd\Tungro Virus\20231027_084800.jpg,riceleafbd,Tungro Virus,tungro,,train,False
data\raw\riceleafbd\Tungro Virus\20231027_084835.jpg,riceleafbd,Tungro Virus,tungro,,val,False
data\raw\riceleafbd\Tungro Virus\20231027_084842.jpg,riceleafbd,Tungro Virus,tungro,,train,False
data\raw\riceleafbd\Tungro Virus\20231027_084901.jpg,riceleafbd,Tungro Virus,tungro,,test,False
data\raw\riceleafbd\Tungro Virus\20231027_084914.jpg,riceleafbd,Tungro Virus,tungro,,train,False
data\raw\riceleafbd\Tungro Virus\20231027_084918.jpg,riceleafbd,Tungro Virus,tungro,,train,False
data\raw\riceleafbd\Tungro Virus\20231027_084935.jpg,riceleafbd,Tungro Virus,tungro,,train,False
data\raw\riceleafbd\Tungro Virus\20231027_084949.jpg,riceleafbd,Tungro Virus,tungro,,train,False
data\raw\riceleafbd\Tungro Virus\20231027_085008.jpg,riceleafbd,Tungro Virus,tungro,,train,False
data\raw\riceleafbd\Tungro Virus\20231027_085023.jpg,riceleafbd,Tungro Virus,tungro,,val,False
data\raw\riceleafbd\Tungro Virus\20231027_085049.jpg,riceleafbd,Tungro Virus,tungro,,train,False
data\raw\riceleafbd\Tungro Virus\20231027_085057.jpg,riceleafbd,Tungro Virus,tungro,,train,False
data\raw\riceleafbd\Tungro Virus\20231027_085108.jpg,riceleafbd,Tungro Virus,tungro,,val,False
data\raw\riceleafbd\Tungro Virus\20231027_085114.jpg,riceleafbd,Tungro Virus,tungro,,train,False
data\raw\riceleafbd\Tungro Virus\20231027_085126.jpg,riceleafbd,Tungro Virus,tungro,,train,False
data\raw\riceleafbd\Tungro Virus\20231027_085137.jpg,riceleafbd,Tungro Virus,tungro,,train,False
data\raw\riceleafbd\Tungro Virus\20231027_085148.jpg,riceleafbd,Tungro Virus,tungro,,val,False
data\raw\riceleafbd\Tungro Virus\20231027_090324.jpg,riceleafbd,Tungro Virus,tungro,,test,False
data\raw\riceleafbd\Tungro Virus\20231027_090338.jpg,riceleafbd,Tungro Virus,tungro,,test,False
data\raw\riceleafbd\Tungro Virus\20231027_090417.jpg,riceleafbd,Tungro Virus,tungro,,test,False
data\raw\riceleafbd\Tungro Virus\20231027_090422.jpg,riceleafbd,Tungro Virus,tungro,,train,False
data\raw\riceleafbd\Tungro Virus\20231027_090449.jpg,riceleafbd,Tungro Virus,tungro,,test,False
data\raw\riceleafbd\Tungro Virus\20231027_090454.jpg,riceleafbd,Tungro Virus,tungro,,val,False
data\raw\riceleafbd\Tungro Virus\20231027_090510.jpg,riceleafbd,Tungro Virus,tungro,,test,False
data\raw\riceleafbd\Tungro Virus\20231027_090526.jpg,riceleafbd,Tungro Virus,tungro,,train,False
data\raw\riceleafbd\Tungro Virus\20231027_090533.jpg,riceleafbd,Tungro Virus,tungro,,train,False
data\raw\riceleafbd\Tungro Virus\20231027_090557.jpg,riceleafbd,Tungro Virus,tungro,,train,False
data\raw\riceleafbd\Tungro Virus\20231027_090600.jpg,riceleafbd,Tungro Virus,tungro,,test,False
data\raw\riceleafbd\Tungro Virus\20231027_090612.jpg,riceleafbd,Tungro Virus,tungro,,train,False
data\raw\riceleafbd\Tungro Virus\20231027_090623.jpg,riceleafbd,Tungro Virus,tungro,,train,False
data\raw\riceleafbd\Tungro Virus\20231027_090629.jpg,riceleafbd,Tungro Virus,tungro,,val,False
data\raw\riceleafbd\Tungro Virus\20231027_090655.jpg,riceleafbd,Tungro Virus,tungro,,val,False
data\raw\riceleafbd\Tungro Virus\20231027_090701.jpg,riceleafbd,Tungro Virus,tungro,,train,False
data\raw\riceleafbd\Tungro Virus\20231027_090705.jpg,riceleafbd,Tungro Virus,tungro,,val,False
data\raw\riceleafbd\Tungro Virus\20231027_090714.jpg,riceleafbd,Tungro Virus,tungro,,train,False
data\raw\riceleafbd\Tungro Virus\20231027_090724.jpg,riceleafbd,Tungro Virus,tungro,,train,False
data\raw\riceleafbd\Tungro Virus\20231027_090729.jpg,riceleafbd,Tungro Virus,tungro,,train,False
data\raw\riceleafbd\Tungro Virus\20231027_090746.jpg,riceleafbd,Tungro Virus,tungro,,train,False
data\raw\riceleafbd\Tungro Virus\20231027_090755.jpg,riceleafbd,Tungro Virus,tungro,,train,False
data\raw\riceleafbd\Tungro Virus\20231027_090807.jpg,riceleafbd,Tungro Virus,tungro,,train,False
data\raw\riceleafbd\Tungro Virus\20231027_090814.jpg,riceleafbd,Tungro Virus,tungro,,test,False
data\raw\riceleafbd\Tungro Virus\20231027_090817.jpg,riceleafbd,Tungro Virus,tungro,,train,False
data\raw\riceleafbd\Tungro Virus\20231027_090821.jpg,riceleafbd,Tungro Virus,tungro,,train,False
data\raw\riceleafbd\Tungro Virus\20231027_090833.jpg,riceleafbd,Tungro Virus,tungro,,train,False
data\raw\riceleafbd\Tungro Virus\20231027_090901.jpg,riceleafbd,Tungro Virus,tungro,,train,False
data\raw\riceleafbd\Tungro Virus\20231027_090906.jpg,riceleafbd,Tungro Virus,tungro,,train,False
data\raw\riceleafbd\Tungro Virus\20231027_090914.jpg,riceleafbd,Tungro Virus,tungro,,train,False
data\raw\riceleafbd\Tungro Virus\20231027_090919.jpg,riceleafbd,Tungro Virus,tungro,,train,False
data\raw\riceleafbd\Tungro Virus\20231027_090934.jpg,riceleafbd,Tungro Virus,tungro,,train,False
data\raw\riceleafbd\Tungro Virus\20231027_090945.jpg,riceleafbd,Tungro Virus,tungro,,test,False
data\raw\riceleafbd\Tungro Virus\20231027_091002.jpg,riceleafbd,Tungro Virus,tungro,,train,False
data\raw\riceleafbd\Tungro Virus\20231027_091014.jpg,riceleafbd,Tungro Virus,tungro,,train,False
data\raw\riceleafbd\Tungro Virus\20231027_091020.jpg,riceleafbd,Tungro Virus,tungro,,train,False
data\raw\riceleafbd\Tungro Virus\20231027_091027.jpg,riceleafbd,Tungro Virus,tungro,,train,False
data\raw\riceleafbd\Tungro Virus\20231027_091032.jpg,riceleafbd,Tungro Virus,tungro,,train,False
data\raw\riceleafbd\Tungro Virus\20231027_091045.jpg,riceleafbd,Tungro Virus,tungro,,train,False
data\raw\riceleafbd\Tungro Virus\20231027_091053.jpg,riceleafbd,Tungro Virus,tungro,,test,False
data\raw\riceleafbd\Tungro Virus\20231027_091106.jpg,riceleafbd,Tungro Virus,tungro,,test,False
data\raw\riceleafbd\Tungro Virus\20231027_091112.jpg,riceleafbd,Tungro Virus,tungro,,train,False
data\raw\riceleafbd\Tungro Virus\20231027_091119.jpg,riceleafbd,Tungro Virus,tungro,,train,False
data\raw\riceleafbd\Tungro Virus\20231027_091125.jpg,riceleafbd,Tungro Virus,tungro,,test,False
data\raw\riceleafbd\Tungro Virus\20231027_091130.jpg,riceleafbd,Tungro Virus,tungro,,train,False
data\raw\riceleafbd\Tungro Virus\20231027_091138.jpg,riceleafbd,Tungro Virus,tungro,,train,False
data\raw\riceleafbd\Tungro Virus\20231027_091152.jpg,riceleafbd,Tungro Virus,tungro,,train,False
data\raw\riceleafbd\Tungro Virus\20231027_091156.jpg,riceleafbd,Tungro Virus,tungro,,train,False
data\raw\riceleafbd\Tungro Virus\20231027_091201.jpg,riceleafbd,Tungro Virus,tungro,,train,False
data\raw\riceleafbd\Tungro Virus\20231027_091205.jpg,riceleafbd,Tungro Virus,tungro,,train,False
data\raw\riceleafbd\Tungro Virus\20231027_091215.jpg,riceleafbd,Tungro Virus,tungro,,val,False
data\raw\riceleafbd\Tungro Virus\20231027_091218.jpg,riceleafbd,Tungro Virus,tungro,,test,False
data\raw\riceleafbd\Tungro Virus\20231027_091225.jpg,riceleafbd,Tungro Virus,tungro,,val,False
data\raw\riceleafbd\Tungro Virus\20231027_091233.jpg,riceleafbd,Tungro Virus,tungro,,train,False
data\raw\riceleafbd\Tungro Virus\20231027_091238.jpg,riceleafbd,Tungro Virus,tungro,,test,False
data\raw\riceleafbd\Tungro Virus\20231027_091244.jpg,riceleafbd,Tungro Virus,tungro,,train,False
data\raw\riceleafbd\Tungro Virus\20231027_091252.jpg,riceleafbd,Tungro Virus,tungro,,train,False
data\raw\riceleafbd\Tungro Virus\20231027_091256.jpg,riceleafbd,Tungro Virus,tungro,,val,False
data\raw\riceleafbd\Tungro Virus\20231027_091259.jpg,riceleafbd,Tungro Virus,tungro,,test,False
data\raw\riceleafbd\Tungro Virus\20231027_091307.jpg,riceleafbd,Tungro Virus,tungro,,train,False
data\raw\riceleafbd\Tungro Virus\20231027_091340.jpg,riceleafbd,Tungro Virus,tungro,,train,False
data\raw\riceleafbd\Tungro Virus\20231027_091345.jpg,riceleafbd,Tungro Virus,tungro,,train,False
data\raw\riceleafbd\Tungro Virus\20231027_091347.jpg,riceleafbd,Tungro Virus,tungro,,train,False
data\raw\riceleafbd\Tungro Virus\20231027_091354.jpg,riceleafbd,Tungro Virus,tungro,,train,False
data\raw\riceleafbd\Tungro Virus\20231027_091401.jpg,riceleafbd,Tungro Virus,tungro,,train,False
data\raw\riceleafbd\Tungro Virus\20231027_091405.jpg,riceleafbd,Tungro Virus,tungro,,train,False
data\raw\riceleafbd\Tungro Virus\20231027_091411.jpg,riceleafbd,Tungro Virus,tungro,,train,False
data\raw\riceleafbd\Tungro Virus\20231027_091416.jpg,riceleafbd,Tungro Virus,tungro,,train,False
data\raw\riceleafbd\Tungro Virus\20231027_091434.jpg,riceleafbd,Tungro Virus,tungro,,train,False
data\raw\riceleafbd\Tungro Virus\20231027_091445.jpg,riceleafbd,Tungro Virus,tungro,,train,False
data\raw\riceleafbd\Tungro Virus\20231027_091450.jpg,riceleafbd,Tungro Virus,tungro,,train,False
data\raw\riceleafbd\Tungro Virus\20231027_091453.jpg,riceleafbd,Tungro Virus,tungro,,train,False
data\raw\riceleafbd\Tungro Virus\20231027_091458.jpg,riceleafbd,Tungro Virus,tungro,,train,False
data\raw\riceleafbd\Tungro Virus\20231027_091505.jpg,riceleafbd,Tungro Virus,tungro,,test,False
data\raw\riceleafbd\Tungro Virus\20231027_091511.jpg,riceleafbd,Tungro Virus,tungro,,train,False
data\raw\riceleafbd\Tungro Virus\20231027_091527.jpg,riceleafbd,Tungro Virus,tungro,,train,False
data\raw\riceleafbd\Tungro Virus\20231027_091535.jpg,riceleafbd,Tungro Virus,tungro,,train,False
data\raw\riceleafbd\Tungro Virus\20231027_091542.jpg,riceleafbd,Tungro Virus,tungro,,train,False
data\raw\riceleafbd\Tungro Virus\20231027_091544.jpg,riceleafbd,Tungro Virus,tungro,,train,False
data\raw\riceleafbd\Tungro Virus\20231027_091552.jpg,riceleafbd,Tungro Virus,tungro,,train,False
data\raw\riceleafbd\Tungro Virus\20231027_091556.jpg,riceleafbd,Tungro Virus,tungro,,val,False
data\raw\riceleafbd\Tungro Virus\20231027_091608.jpg,riceleafbd,Tungro Virus,tungro,,train,False
data\raw\riceleafbd\Tungro Virus\20231027_091612.jpg,riceleafbd,Tungro Virus,tungro,,test,False
data\raw\riceleafbd\Tungro Virus\20231027_091616.jpg,riceleafbd,Tungro Virus,tungro,,train,False
data\raw\riceleafbd\Tungro Virus\20231027_091622.jpg,riceleafbd,Tungro Virus,tungro,,train,False
data\raw\riceleafbd\Tungro Virus\20231027_091629.jpg,riceleafbd,Tungro Virus,tungro,,train,False
data\raw\riceleafbd\Tungro Virus\20231027_091637.jpg,riceleafbd,Tungro Virus,tungro,,test,False
data\raw\riceleafbd\Tungro Virus\20231027_091645.jpg,riceleafbd,Tungro Virus,tungro,,val,False
data\raw\riceleafbd\Tungro Virus\20231027_091652.jpg,riceleafbd,Tungro Virus,tungro,,train,False
data\raw\riceleafbd\Tungro Virus\20231027_091703.jpg,riceleafbd,Tungro Virus,tungro,,train,False
data\raw\riceleafbd\Tungro Virus\20231027_091708.jpg,riceleafbd,Tungro Virus,tungro,,val,False
data\raw\riceleafbd\Tungro Virus\20231027_091729.jpg,riceleafbd,Tungro Virus,tungro,,train,False
data\raw\riceleafbd\Tungro Virus\20231027_091746.jpg,riceleafbd,Tungro Virus,tungro,,train,False
data\raw\riceleafbd\Tungro Virus\20231027_091800.jpg,riceleafbd,Tungro Virus,tungro,,train,False
data\raw\riceleafbd\Tungro Virus\20231027_091821.jpg,riceleafbd,Tungro Virus,tungro,,train,False
data\raw\riceleafbd\Tungro Virus\20231027_091902.jpg,riceleafbd,Tungro Virus,tungro,,train,False
data\raw\riceleafbd\Tungro Virus\20231027_091906.jpg,riceleafbd,Tungro Virus,tungro,,train,False
data\raw\riceleafbd\Tungro Virus\20231027_091910.jpg,riceleafbd,Tungro Virus,tungro,,train,False
data\raw\riceleafbd\Tungro Virus\20231027_091921.jpg,riceleafbd,Tungro Virus,tungro,,train,False
data\raw\riceleafbd\Tungro Virus\20231027_091927.jpg,riceleafbd,Tungro Virus,tungro,,train,False
data\raw\riceleafbd\Tungro Virus\20231027_091941.jpg,riceleafbd,Tungro Virus,tungro,,train,False
data\raw\riceleafbd\Tungro Virus\20231027_091945.jpg,riceleafbd,Tungro Virus,tungro,,train,False
data\raw\riceleafbd\Tungro Virus\20231027_091951.jpg,riceleafbd,Tungro Virus,tungro,,train,False
data\raw\riceleafbd\Tungro Virus\20231027_091956.jpg,riceleafbd,Tungro Virus,tungro,,train,False
data\raw\riceleafbd\Tungro Virus\20231027_091959.jpg,riceleafbd,Tungro Virus,tungro,,train,False
data\raw\riceleafbd\Tungro Virus\20231027_092005.jpg,riceleafbd,Tungro Virus,tungro,,train,False
data\raw\riceleafbd\Tungro Virus\20231027_092008.jpg,riceleafbd,Tungro Virus,tungro,,train,False
data\raw\riceleafbd\Tungro Virus\20231027_092012.jpg,riceleafbd,Tungro Virus,tungro,,train,False
data\raw\riceleafbd\Tungro Virus\20231027_092018.jpg,riceleafbd,Tungro Virus,tungro,,val,False
data\raw\riceleafbd\Tungro Virus\20231027_092022.jpg,riceleafbd,Tungro Virus,tungro,,train,False
data\raw\riceleafbd\Tungro Virus\20231027_092026.jpg,riceleafbd,Tungro Virus,tungro,,train,False
data\raw\riceleafbd\Tungro Virus\20231027_092031.jpg,riceleafbd,Tungro Virus,tungro,,train,False
data\raw\riceleafbd\Tungro Virus\20231027_092034.jpg,riceleafbd,Tungro Virus,tungro,,test,False
data\raw\riceleafbd\Tungro Virus\20231027_092038.jpg,riceleafbd,Tungro Virus,tungro,,val,False
data\raw\riceleafbd\Tungro Virus\20231027_092051.jpg,riceleafbd,Tungro Virus,tungro,,val,False
data\raw\riceleafbd\Tungro Virus\20231027_092106.jpg,riceleafbd,Tungro Virus,tungro,,train,False
data\raw\riceleafbd\Tungro Virus\20231027_092109.jpg,riceleafbd,Tungro Virus,tungro,,train,False
data\raw\riceleafbd\Tungro Virus\20231027_092113.jpg,riceleafbd,Tungro Virus,tungro,,train,False
data\raw\riceleafbd\Tungro Virus\20231027_092116.jpg,riceleafbd,Tungro Virus,tungro,,test,False
data\raw\riceleafbd\Tungro Virus\20231027_092129.jpg,riceleafbd,Tungro Virus,tungro,,train,False
data\raw\riceleafbd\Tungro Virus\20231027_092144.jpg,riceleafbd,Tungro Virus,tungro,,train,False
data\raw\riceleafbd\Tungro Virus\20231027_092148.jpg,riceleafbd,Tungro Virus,tungro,,test,False
data\raw\riceleafbd\Tungro Virus\20231027_092152.jpg,riceleafbd,Tungro Virus,tungro,,train,False
data\raw\riceleafbd\Tungro Virus\20231027_092201.jpg,riceleafbd,Tungro Virus,tungro,,val,False
data\raw\riceleafbd\Tungro Virus\20231027_092203.jpg,riceleafbd,Tungro Virus,tungro,,train,False
data\raw\riceleafbd\Tungro Virus\20231027_092211.jpg,riceleafbd,Tungro Virus,tungro,,train,False
data\raw\riceleafbd\Tungro Virus\20231027_092217.jpg,riceleafbd,Tungro Virus,tungro,,test,False
data\raw\riceleafbd\Tungro Virus\20231027_092220.jpg,riceleafbd,Tungro Virus,tungro,,train,False
data\raw\riceleafbd\Tungro Virus\20231027_092224.jpg,riceleafbd,Tungro Virus,tungro,,train,False
data\raw\riceleafbd\Tungro Virus\20231027_092227.jpg,riceleafbd,Tungro Virus,tungro,,train,False
data\raw\riceleafbd\Tungro Virus\20231027_092229.jpg,riceleafbd,Tungro Virus,tungro,,train,False
data\raw\riceleafbd\Tungro Virus\20231027_092232.jpg,riceleafbd,Tungro Virus,tungro,,train,False
data\raw\riceleafbd\Tungro Virus\20231027_092237.jpg,riceleafbd,Tungro Virus,tungro,,train,False
data\raw\riceleafbd\Tungro Virus\20231027_092243.jpg,riceleafbd,Tungro Virus,tungro,,train,False
data\raw\riceleafbd\Tungro Virus\20231027_092246.jpg,riceleafbd,Tungro Virus,tungro,,train,False
data\raw\riceleafbd\Tungro Virus\20231027_092249.jpg,riceleafbd,Tungro Virus,tungro,,train,False
data\raw\riceleafbd\Tungro Virus\20231027_092253.jpg,riceleafbd,Tungro Virus,tungro,,train,False
data\raw\riceleafbd\Tungro Virus\20231027_092301.jpg,riceleafbd,Tungro Virus,tungro,,train,False
data\raw\riceleafbd\Tungro Virus\20231027_092309.jpg,riceleafbd,Tungro Virus,tungro,,train,False
data\raw\riceleafbd\Tungro Virus\20231027_092316.jpg,riceleafbd,Tungro Virus,tungro,,test,False
data\raw\riceleafbd\Tungro Virus\20231027_092318.jpg,riceleafbd,Tungro Virus,tungro,,train,False
data\raw\riceleafbd\Tungro Virus\20231027_092323.jpg,riceleafbd,Tungro Virus,tungro,,test,False
data\raw\riceleafbd\Tungro Virus\20231027_092326.jpg,riceleafbd,Tungro Virus,tungro,,val,False
data\raw\riceleafbd\Tungro Virus\20231027_092334.jpg,riceleafbd,Tungro Virus,tungro,,test,False
data\raw\riceleafbd\Tungro Virus\20231027_092337.jpg,riceleafbd,Tungro Virus,tungro,,train,False
data\raw\riceleafbd\Tungro Virus\20231027_092344.jpg,riceleafbd,Tungro Virus,tungro,,train,False
data\raw\riceleafbd\Tungro Virus\20231027_092352.jpg,riceleafbd,Tungro Virus,tungro,,train,False
data\raw\riceleafbd\Tungro Virus\20231027_092358.jpg,riceleafbd,Tungro Virus,tungro,,train,False
data\raw\riceleafbd\Tungro Virus\20231027_092403.jpg,riceleafbd,Tungro Virus,tungro,,train,False
data\raw\riceleafbd\Tungro Virus\20231027_092410.jpg,riceleafbd,Tungro Virus,tungro,,train,False
data\raw\riceleafbd\Tungro Virus\20231027_092416.jpg,riceleafbd,Tungro Virus,tungro,,train,False
data\raw\riceleafbd\Tungro Virus\20231027_092420.jpg,riceleafbd,Tungro Virus,tungro,,train,False
data\raw\riceleafbd\Tungro Virus\20231027_092428.jpg,riceleafbd,Tungro Virus,tungro,,val,False
data\raw\riceleafbd\Tungro Virus\20231027_092432.jpg,riceleafbd,Tungro Virus,tungro,,val,False
data\raw\riceleafbd\Tungro Virus\20231027_092436.jpg,riceleafbd,Tungro Virus,tungro,,train,False
data\raw\riceleafbd\Tungro Virus\20231027_092447.jpg,riceleafbd,Tungro Virus,tungro,,train,False
data\raw\riceleafbd\Tungro Virus\20231027_092450.jpg,riceleafbd,Tungro Virus,tungro,,train,False
data\raw\riceleafbd\Tungro Virus\20231027_092500.jpg,riceleafbd,Tungro Virus,tungro,,test,False
data\raw\riceleafbd\Tungro Virus\20231027_092504.jpg,riceleafbd,Tungro Virus,tungro,,val,False
data\raw\riceleafbd\Tungro Virus\20231027_092514.jpg,riceleafbd,Tungro Virus,tungro,,val,False
data\raw\riceleafbd\Tungro Virus\20231027_092530.jpg,riceleafbd,Tungro Virus,tungro,,train,False
data\raw\riceleafbd\Tungro Virus\20231027_092533.jpg,riceleafbd,Tungro Virus,tungro,,train,False
data\raw\riceleafbd\Tungro Virus\20231027_092542.jpg,riceleafbd,Tungro Virus,tungro,,train,False
data\raw\riceleafbd\Tungro Virus\20231027_092549.jpg,riceleafbd,Tungro Virus,tungro,,train,False
data\raw\riceleafbd\Tungro Virus\20231027_092553.jpg,riceleafbd,Tungro Virus,tungro,,val,False
data\raw\riceleafbd\Tungro Virus\20231027_092707.jpg,riceleafbd,Tungro Virus,tungro,,val,False
data\raw\riceleafbd\Tungro Virus\20231027_092711.jpg,riceleafbd,Tungro Virus,tungro,,test,False
data\raw\riceleafbd\Tungro Virus\20231027_092718.jpg,riceleafbd,Tungro Virus,tungro,,val,False
data\raw\riceleafbd\Tungro Virus\20231027_092721.jpg,riceleafbd,Tungro Virus,tungro,,val,False
data\raw\riceleafbd\Tungro Virus\20231027_092729.jpg,riceleafbd,Tungro Virus,tungro,,val,False
data\raw\riceleafbd\Tungro Virus\20231027_092737.jpg,riceleafbd,Tungro Virus,tungro,,train,False
data\raw\riceleafbd\Tungro Virus\20231027_092741.jpg,riceleafbd,Tungro Virus,tungro,,train,False
data\raw\riceleafbd\Tungro Virus\20231027_092749.jpg,riceleafbd,Tungro Virus,tungro,,train,False
data\raw\riceleafbd\Tungro Virus\20231027_092753.jpg,riceleafbd,Tungro Virus,tungro,,train,False
data\raw\riceleafbd\Tungro Virus\20231027_092756.jpg,riceleafbd,Tungro Virus,tungro,,train,False
data\raw\riceleafbd\Tungro Virus\20231027_092759.jpg,riceleafbd,Tungro Virus,tungro,,train,False
data\raw\riceleafbd\Tungro Virus\20231027_092803.jpg,riceleafbd,Tungro Virus,tungro,,train,False
data\raw\riceleafbd\Tungro Virus\20231027_092805.jpg,riceleafbd,Tungro Virus,tungro,,train,False
data\raw\riceleafbd\Tungro Virus\20231027_092818.jpg,riceleafbd,Tungro Virus,tungro,,val,False
data\raw\riceleafbd\Tungro Virus\20231027_092823.jpg,riceleafbd,Tungro Virus,tungro,,train,False
data\raw\riceleafbd\Tungro Virus\20231027_092830.jpg,riceleafbd,Tungro Virus,tungro,,train,False
data\raw\riceleafbd\Tungro Virus\20231027_092837.jpg,riceleafbd,Tungro Virus,tungro,,train,False
data\raw\riceleafbd\Tungro Virus\20231027_092840.jpg,riceleafbd,Tungro Virus,tungro,,val,False
data\raw\riceleafbd\Tungro Virus\20231027_092844.jpg,riceleafbd,Tungro Virus,tungro,,train,False
data\raw\riceleafbd\Tungro Virus\20231027_092853.jpg,riceleafbd,Tungro Virus,tungro,,train,False
data\raw\riceleafbd\Tungro Virus\20231027_092855.jpg,riceleafbd,Tungro Virus,tungro,,train,False
data\raw\riceleafbd\Tungro Virus\20231027_092903.jpg,riceleafbd,Tungro Virus,tungro,,train,False
data\raw\riceleafbd\Tungro Virus\20231027_092908.jpg,riceleafbd,Tungro Virus,tungro,,test,False
data\raw\riceleafbd\Tungro Virus\20231027_092913.jpg,riceleafbd,Tungro Virus,tungro,,val,False
data\raw\riceleafbd\Tungro Virus\20231027_092916.jpg,riceleafbd,Tungro Virus,tungro,,train,False
data\raw\riceleafbd\Tungro Virus\20231027_092921.jpg,riceleafbd,Tungro Virus,tungro,,train,False
data\raw\riceleafbd\Tungro Virus\20231027_092926.jpg,riceleafbd,Tungro Virus,tungro,,train,False
data\raw\riceleafbd\Tungro Virus\20231027_092933.jpg,riceleafbd,Tungro Virus,tungro,,train,False
data\raw\riceleafbd\Tungro Virus\20231027_092938.jpg,riceleafbd,Tungro Virus,tungro,,test,False
data\raw\riceleafbd\Tungro Virus\285130074_1958566287669306_5779024507956012822_n.jpg,riceleafbd,Tungro Virus,tungro,,train,False
data\raw\riceleafbd\Tungro Virus\305281543_476048271149769_1345474471593407586_n.jpg,riceleafbd,Tungro Virus,tungro,,test,False
data\raw\riceleafbd\Tungro Virus\307087578_1497954137346716_8074518751848465199_n.jpg,riceleafbd,Tungro Virus,tungro,,train,False
data\raw\riceleafbd\Tungro Virus\307724583_619334003160590_6908966497817736856_n.jpg,riceleafbd,Tungro Virus,tungro,,train,False
data\raw\riceleafbd\Tungro Virus\309480331_1464580340692640_5619545751329618325_n.jpg,riceleafbd,Tungro Virus,tungro,,train,False
data\raw\riceleafbd\Tungro Virus\309821639_502462041941786_3523493796833777290_n.jpg,riceleafbd,Tungro Virus,tungro,,train,False
data\raw\riceleafbd\Tungro Virus\309834544_1734586700260709_991547985444882083_n.jpg,riceleafbd,Tungro Virus,tungro,,train,False
data\raw\riceleafbd\Tungro Virus\309926485_661575525361211_8667938868942051720_n.jpg,riceleafbd,Tungro Virus,tungro,,train,False
data\raw\riceleafbd\Tungro Virus\309930035_609965000916713_6053113369076935018_n.jpg,riceleafbd,Tungro Virus,tungro,,train,False
data\raw\riceleafbd\Tungro Virus\309930035_616661363588862_7059469319010392906_n.jpg,riceleafbd,Tungro Virus,tungro,,val,False
data\raw\riceleafbd\Tungro Virus\309930325_820783729253983_3223355523480106890_n.jpg,riceleafbd,Tungro Virus,tungro,,test,False
data\raw\riceleafbd\Tungro Virus\309935720_654882102743273_6639414839224862608_n (1).jpg,riceleafbd,Tungro Virus,tungro,,train,False
data\raw\riceleafbd\Tungro Virus\309935720_654882102743273_6639414839224862608_n.jpg,riceleafbd,Tungro Virus,tungro,,val,False
data\raw\riceleafbd\Tungro Virus\309950782_484950463598154_7805033458252585635_n.jpg,riceleafbd,Tungro Virus,tungro,,train,False
data\raw\riceleafbd\Tungro Virus\309950784_1400191223847825_1082688536218990528_n.jpg,riceleafbd,Tungro Virus,tungro,,val,False
data\raw\riceleafbd\Tungro Virus\309953022_1153827685530326_5148005179114895078_n.jpg,riceleafbd,Tungro Virus,tungro,,train,False
data\raw\riceleafbd\Tungro Virus\309953022_836481064334892_6320986830440369757_n.jpg,riceleafbd,Tungro Virus,tungro,,train,False
data\raw\riceleafbd\Tungro Virus\309953848_5646894845347853_448600926339126591_n.jpg,riceleafbd,Tungro Virus,tungro,,val,False
data\raw\riceleafbd\Tungro Virus\309953848_848882896547823_20400691071425205_n.jpg,riceleafbd,Tungro Virus,tungro,,val,False
data\raw\riceleafbd\Tungro Virus\309954763_812750029983606_6035929305074607338_n.jpg,riceleafbd,Tungro Virus,tungro,,train,False
data\raw\riceleafbd\Tungro Virus\309987036_1260428421402878_7563233421972400824_n.jpg,riceleafbd,Tungro Virus,tungro,,train,False
data\raw\riceleafbd\Tungro Virus\310000293_1098310987537090_6322717086135563663_n.jpg,riceleafbd,Tungro Virus,tungro,,test,False
data\raw\riceleafbd\Tungro Virus\310000293_3467146783513572_5799773669428981004_n.jpg,riceleafbd,Tungro Virus,tungro,,test,False
data\raw\riceleafbd\Tungro Virus\310006532_887017432263227_516046070358667000_n.jpg,riceleafbd,Tungro Virus,tungro,,train,False
data\raw\riceleafbd\Tungro Virus\310008197_560884219090009_8295696486399650342_n.jpg,riceleafbd,Tungro Virus,tungro,,train,False
data\raw\riceleafbd\Tungro Virus\310012597_815087263051277_2857872179504552006_n (1).jpg,riceleafbd,Tungro Virus,tungro,,val,False
data\raw\riceleafbd\Tungro Virus\310012597_815087263051277_2857872179504552006_n.jpg,riceleafbd,Tungro Virus,tungro,,train,False
data\raw\riceleafbd\Tungro Virus\310058458_5435377266574873_8991017856371085014_n.jpg,riceleafbd,Tungro Virus,tungro,,val,False
data\raw\riceleafbd\Tungro Virus\310059906_648718010165408_9111129139756640564_n.jpg,riceleafbd,Tungro Virus,tungro,,test,False
data\raw\riceleafbd\Tungro Virus\310061159_1771194393257497_6100627014383132732_n.jpg,riceleafbd,Tungro Virus,tungro,,train,False
data\raw\riceleafbd\Tungro Virus\310073746_641071220902093_1844154564457607035_n.jpg,riceleafbd,Tungro Virus,tungro,,train,False
data\raw\riceleafbd\Tungro Virus\310080827_457367869857837_7203426182418778053_n (1).jpg,riceleafbd,Tungro Virus,tungro,,test,False
data\raw\riceleafbd\Tungro Virus\310080827_457367869857837_7203426182418778053_n.jpg,riceleafbd,Tungro Virus,tungro,,train,False
data\raw\riceleafbd\Tungro Virus\310090427_798882844546270_2705517204061326425_n (1).jpg,riceleafbd,Tungro Virus,tungro,,train,False
data\raw\riceleafbd\Tungro Virus\310090427_798882844546270_2705517204061326425_n.jpg,riceleafbd,Tungro Virus,tungro,,test,False
data\raw\riceleafbd\Tungro Virus\310090711_874207533939594_3235125099262747986_n.jpg,riceleafbd,Tungro Virus,tungro,,train,False
data\raw\riceleafbd\Tungro Virus\310091332_520694346331411_2052371814305115005_n.jpg,riceleafbd,Tungro Virus,tungro,,train,False
data\raw\riceleafbd\Tungro Virus\310101275_849836282727887_931394239994161265_n.jpg,riceleafbd,Tungro Virus,tungro,,val,False
data\raw\riceleafbd\Tungro Virus\310104735_1563603237424825_2848177413329468665_n.jpg,riceleafbd,Tungro Virus,tungro,,train,False
data\raw\riceleafbd\Tungro Virus\310114150_2878360552307799_9030656098792189011_n.jpg,riceleafbd,Tungro Virus,tungro,,train,False
data\raw\riceleafbd\Tungro Virus\310115832_638971484630477_7092380302409656064_n.jpg,riceleafbd,Tungro Virus,tungro,,val,False
data\raw\riceleafbd\Tungro Virus\310115832_795098784901126_5828849780582886280_n.jpg,riceleafbd,Tungro Virus,tungro,,train,False
data\raw\riceleafbd\Tungro Virus\310124726_2227322190762154_164120697270318229_n.jpg,riceleafbd,Tungro Virus,tungro,,train,False
data\raw\riceleafbd\Tungro Virus\310155672_615122330405118_141836114081908699_n.jpg,riceleafbd,Tungro Virus,tungro,,train,False
data\raw\riceleafbd\Tungro Virus\310166255_3160429967601256_6298213693638421337_n.jpg,riceleafbd,Tungro Virus,tungro,,train,False
data\raw\riceleafbd\Tungro Virus\310166255_809485707004206_2941236105033104728_n.jpg,riceleafbd,Tungro Virus,tungro,,train,False
data\raw\riceleafbd\Tungro Virus\310180475_5721477531224330_1862080541967900866_n.jpg,riceleafbd,Tungro Virus,tungro,,val,False
data\raw\riceleafbd\Tungro Virus\310206884_584493210148153_4275495300891282291_n.jpg,riceleafbd,Tungro Virus,tungro,,train,False
data\raw\riceleafbd\Tungro Virus\310206884_643854170860834_5690548384887000617_n.jpg,riceleafbd,Tungro Virus,tungro,,train,False
data\raw\riceleafbd\Tungro Virus\310227896_861699958363810_4646590070449898376_n.jpg,riceleafbd,Tungro Virus,tungro,,train,False
data\raw\riceleafbd\Tungro Virus\310235593_1080264705967044_7076671397801331634_n.jpg,riceleafbd,Tungro Virus,tungro,,val,False
data\raw\riceleafbd\Tungro Virus\310235967_692038872077734_8233959099719107321_n.jpg,riceleafbd,Tungro Virus,tungro,,test,False
data\raw\riceleafbd\Tungro Virus\310240156_941625033387517_6502489587316622626_n.jpg,riceleafbd,Tungro Virus,tungro,,train,False
data\raw\riceleafbd\Tungro Virus\310253654_839268957321041_7259669799050819404_n.jpg,riceleafbd,Tungro Virus,tungro,,val,False
data\raw\riceleafbd\Tungro Virus\310268038_804696484123301_1985871416987943438_n.jpg,riceleafbd,Tungro Virus,tungro,,train,False
data\raw\riceleafbd\Tungro Virus\310268752_449730560606251_4593279629437682934_n.jpg,riceleafbd,Tungro Virus,tungro,,train,False
data\raw\riceleafbd\Tungro Virus\310274378_498973912279317_8565466750188486747_n.jpg,riceleafbd,Tungro Virus,tungro,,train,False
data\raw\riceleafbd\Tungro Virus\310287443_9038792376134549_6977333361332373890_n (1).jpg,riceleafbd,Tungro Virus,tungro,,train,False
data\raw\riceleafbd\Tungro Virus\310287443_9038792376134549_6977333361332373890_n.jpg,riceleafbd,Tungro Virus,tungro,,val,False
data\raw\riceleafbd\Tungro Virus\310303607_1165121824416340_747132358305290768_n.jpg,riceleafbd,Tungro Virus,tungro,,train,False
data\raw\riceleafbd\Tungro Virus\310304355_642685684071363_2949118793663218513_n.jpg,riceleafbd,Tungro Virus,tungro,,train,False
data\raw\riceleafbd\Tungro Virus\310310727_1837906706550600_2119869081175796951_n.jpg,riceleafbd,Tungro Virus,tungro,,val,False
data\raw\riceleafbd\Tungro Virus\310330766_3293283674245085_5197938768122015021_n.jpg,riceleafbd,Tungro Virus,tungro,,train,False
data\raw\riceleafbd\Tungro Virus\310346992_1108086863410406_8151012851109379531_n.jpg,riceleafbd,Tungro Virus,tungro,,train,False
data\raw\riceleafbd\Tungro Virus\310359156_859753515195754_4139812278162868234_n.jpg,riceleafbd,Tungro Virus,tungro,,test,False
data\raw\riceleafbd\Tungro Virus\310386967_640800180850901_489249241632020439_n.jpg,riceleafbd,Tungro Virus,tungro,,train,False
data\raw\riceleafbd\Tungro Virus\310405604_1547648199028432_13448007881822863_n.jpg,riceleafbd,Tungro Virus,tungro,,test,False
data\raw\riceleafbd\Tungro Virus\310414448_487949023286030_5183288363010753439_n.jpg,riceleafbd,Tungro Virus,tungro,,val,False
data\raw\riceleafbd\Tungro Virus\310414486_711033726562335_2654656506430722548_n.jpg,riceleafbd,Tungro Virus,tungro,,train,False
data\raw\riceleafbd\Tungro Virus\310430707_562678052339311_9134216316141936573_n (1).jpg,riceleafbd,Tungro Virus,tungro,,train,False
data\raw\riceleafbd\Tungro Virus\310443905_790751088677435_8922078220628597498_n.jpg,riceleafbd,Tungro Virus,tungro,,train,False
data\raw\riceleafbd\Tungro Virus\310448892_674315764255050_3698112518923791099_n.jpg,riceleafbd,Tungro Virus,tungro,,test,False
data\raw\riceleafbd\Tungro Virus\310464016_795714631508840_4328718470423110809_n.jpg,riceleafbd,Tungro Virus,tungro,,train,False
data\raw\riceleafbd\Tungro Virus\310470779_794875571608690_8000422143451305191_n.jpg,riceleafbd,Tungro Virus,tungro,,test,False
data\raw\riceleafbd\Tungro Virus\310470784_851149216096291_218887264537295503_n.jpg,riceleafbd,Tungro Virus,tungro,,train,False
data\raw\riceleafbd\Tungro Virus\310488167_826891445284261_8834833935576097200_n.jpg,riceleafbd,Tungro Virus,tungro,,train,False
data\raw\riceleafbd\Tungro Virus\310503754_3377964169111722_5053301515091256141_n (1).jpg,riceleafbd,Tungro Virus,tungro,,train,False
data\raw\riceleafbd\Tungro Virus\310503754_3377964169111722_5053301515091256141_n.jpg,riceleafbd,Tungro Virus,tungro,,test,False
data\raw\riceleafbd\Tungro Virus\310517900_535047628013452_188626495743857687_n.jpg,riceleafbd,Tungro Virus,tungro,,train,False
data\raw\riceleafbd\Tungro Virus\310532980_683162163178692_7597889448881133211_n.jpg,riceleafbd,Tungro Virus,tungro,,train,False
data\raw\riceleafbd\Tungro Virus\310542088_652404423164808_7307972691943922793_n.jpg,riceleafbd,Tungro Virus,tungro,,train,False
data\raw\riceleafbd\Tungro Virus\310554810_512720707445384_8489204493411512142_n.jpg,riceleafbd,Tungro Virus,tungro,,train,False
data\raw\riceleafbd\Tungro Virus\310613168_645574633772642_193586395774156356_n.jpg,riceleafbd,Tungro Virus,tungro,,train,False
data\raw\riceleafbd\Tungro Virus\310644021_3325504807726129_1969690517648212982_n.jpg,riceleafbd,Tungro Virus,tungro,,train,False
data\raw\riceleafbd\Tungro Virus\310687929_978876909743878_7668343769964729222_n (1).jpg,riceleafbd,Tungro Virus,tungro,,val,False
data\raw\riceleafbd\Tungro Virus\310687929_978876909743878_7668343769964729222_n.jpg,riceleafbd,Tungro Virus,tungro,,val,False
data\raw\riceleafbd\Tungro Virus\310705175_688693755811520_2723304770977161261_n.jpg,riceleafbd,Tungro Virus,tungro,,test,False
data\raw\riceleafbd\Tungro Virus\310727994_681313779998217_2631106456169043158_n.jpg,riceleafbd,Tungro Virus,tungro,,train,False
data\raw\riceleafbd\Tungro Virus\310754268_519232116767959_5981375087941134508_n.jpg,riceleafbd,Tungro Virus,tungro,,test,False
data\raw\riceleafbd\Tungro Virus\310766233_1144477363111023_990541891346526775_n.jpg,riceleafbd,Tungro Virus,tungro,,train,False
data\raw\riceleafbd\Tungro Virus\310793904_3186523691659403_5383376354122925282_n.jpg,riceleafbd,Tungro Virus,tungro,,train,False
data\raw\riceleafbd\Tungro Virus\310794444_5566048033503368_8677618128368401793_n.jpg,riceleafbd,Tungro Virus,tungro,,train,False
data\raw\riceleafbd\Tungro Virus\310816596_4932092406894303_4101681100577008840_n.jpg,riceleafbd,Tungro Virus,tungro,,train,False
data\raw\riceleafbd\Tungro Virus\310818053_5630234907045670_453401267910908838_n (1).jpg,riceleafbd,Tungro Virus,tungro,,train,False
data\raw\riceleafbd\Tungro Virus\310818053_5630234907045670_453401267910908838_n.jpg,riceleafbd,Tungro Virus,tungro,,train,False
data\raw\riceleafbd\Tungro Virus\310826482_903845010497475_946149415401065093_n.jpg,riceleafbd,Tungro Virus,tungro,,val,False
data\raw\riceleafbd\Tungro Virus\310831574_458152639761879_3761783135168318975_n (1).jpg,riceleafbd,Tungro Virus,tungro,,train,False
data\raw\riceleafbd\Tungro Virus\310831574_458152639761879_3761783135168318975_n.jpg,riceleafbd,Tungro Virus,tungro,,test,False
data\raw\riceleafbd\Tungro Virus\310832534_2182558585286556_3064366352706517468_n.jpg,riceleafbd,Tungro Virus,tungro,,train,False
data\raw\riceleafbd\Tungro Virus\310842908_896274255112692_2735851284286739229_n.jpg,riceleafbd,Tungro Virus,tungro,,train,False
data\raw\riceleafbd\Tungro Virus\310851825_516937643401410_5833091596939407809_n.jpg,riceleafbd,Tungro Virus,tungro,,train,False
data\raw\riceleafbd\Tungro Virus\310853987_808922100224499_1782628690862739867_n.jpg,riceleafbd,Tungro Virus,tungro,,test,False
data\raw\riceleafbd\Tungro Virus\310858682_1157260805227050_504034491669553958_n.jpg,riceleafbd,Tungro Virus,tungro,,test,False
data\raw\riceleafbd\Tungro Virus\310864115_680848040068733_297764260615056490_n.jpg,riceleafbd,Tungro Virus,tungro,,test,False
data\raw\riceleafbd\Tungro Virus\310887121_433725515418425_8329625995980831063_n.jpg,riceleafbd,Tungro Virus,tungro,,train,False
data\raw\riceleafbd\Tungro Virus\310905712_676731077353571_1226416667545354658_n (1).jpg,riceleafbd,Tungro Virus,tungro,,train,False
data\raw\riceleafbd\Tungro Virus\310905712_676731077353571_1226416667545354658_n.jpg,riceleafbd,Tungro Virus,tungro,,train,False
data\raw\riceleafbd\Tungro Virus\310935045_668649344644230_7340995907597209416_n.jpg,riceleafbd,Tungro Virus,tungro,,train,False
data\raw\riceleafbd\Tungro Virus\310949137_475181868050032_5643835808243661523_n.jpg,riceleafbd,Tungro Virus,tungro,,val,False
data\raw\riceleafbd\Tungro Virus\310957993_531393051801796_7180472141142317761_n.jpg,riceleafbd,Tungro Virus,tungro,,train,False
data\raw\riceleafbd\Tungro Virus\310965605_2097293530661359_342849557705737694_n.jpg,riceleafbd,Tungro Virus,tungro,,train,False
data\raw\riceleafbd\Tungro Virus\310977133_557053889758233_7902809781452832866_n.jpg,riceleafbd,Tungro Virus,tungro,,train,False
data\raw\riceleafbd\Tungro Virus\310992297_5757601620928763_6689482061341883117_n.jpg,riceleafbd,Tungro Virus,tungro,,train,False
data\raw\riceleafbd\Tungro Virus\310997509_948650016018116_1256797957062704030_n.jpg,riceleafbd,Tungro Virus,tungro,,train,False
data\raw\riceleafbd\Tungro Virus\311011284_618860806687490_6184160514985253202_n (1).jpg,riceleafbd,Tungro Virus,tungro,,train,False
data\raw\riceleafbd\Tungro Virus\311011284_618860806687490_6184160514985253202_n.jpg,riceleafbd,Tungro Virus,tungro,,train,False
data\raw\riceleafbd\Tungro Virus\311025707_1127815761219760_6638192155412520177_n.jpg,riceleafbd,Tungro Virus,tungro,,val,False
data\raw\riceleafbd\Tungro Virus\311039238_698668801694257_5281982016457142340_n.jpg,riceleafbd,Tungro Virus,tungro,,test,False
data\raw\riceleafbd\Tungro Virus\311074308_514751183892118_2717955295308456702_n.jpg,riceleafbd,Tungro Virus,tungro,,train,False
data\raw\riceleafbd\Tungro Virus\311124010_952353622391471_5418530257230415945_n.jpg,riceleafbd,Tungro Virus,tungro,,train,False
data\raw\riceleafbd\Tungro Virus\311124014_487515326672920_2288132983398637297_n.jpg,riceleafbd,Tungro Virus,tungro,,train,False
data\raw\riceleafbd\Tungro Virus\311151036_5554131108036912_1277920390382865385_n.jpg,riceleafbd,Tungro Virus,tungro,,test,False
data\raw\riceleafbd\Tungro Virus\311156425_5670613863029210_5647177995040242266_n.jpg,riceleafbd,Tungro Virus,tungro,,train,False
data\raw\riceleafbd\Tungro Virus\311228557_1256624291562373_5006144916115853738_n.jpg,riceleafbd,Tungro Virus,tungro,,train,False
data\raw\riceleafbd\Tungro Virus\311252736_872221660685039_72166961851318318_n.jpg,riceleafbd,Tungro Virus,tungro,,test,False
data\raw\riceleafbd\Tungro Virus\311289922_1245167219362347_6537231354775006236_n.jpg,riceleafbd,Tungro Virus,tungro,,train,False
data\raw\riceleafbd\Tungro Virus\311290581_1174947579773623_4915588994811508522_n.jpg,riceleafbd,Tungro Virus,tungro,,train,False
data\raw\riceleafbd\Tungro Virus\311294950_5540820316037623_2782916142505585909_n.jpg,riceleafbd,Tungro Virus,tungro,,train,False
data\raw\riceleafbd\Tungro Virus\311301160_1990546277804789_8529153620771004201_n.jpg,riceleafbd,Tungro Virus,tungro,,train,False
data\raw\riceleafbd\Tungro Virus\311307115_821670192489845_8017563545608434427_n.jpg,riceleafbd,Tungro Virus,tungro,,train,False
data\raw\riceleafbd\Tungro Virus\311311853_5451057041609361_5671669149495919327_n.jpg,riceleafbd,Tungro Virus,tungro,,test,False
data\raw\riceleafbd\Tungro Virus\311327088_5651260414921821_5734679146610198150_n (1).jpg,riceleafbd,Tungro Virus,tungro,,train,False
data\raw\riceleafbd\Tungro Virus\311328303_671228877910493_4748948475799566782_n.jpg,riceleafbd,Tungro Virus,tungro,,train,False
data\raw\riceleafbd\Tungro Virus\311378852_1005025434221404_1147904174313826797_n.jpg,riceleafbd,Tungro Virus,tungro,,train,False
data\raw\riceleafbd\Tungro Virus\311396297_501459351916871_5192016517817698735_n.jpg,riceleafbd,Tungro Virus,tungro,,train,False
data\raw\riceleafbd\Tungro Virus\311408901_801224157650005_3413420887903183641_n.jpg,riceleafbd,Tungro Virus,tungro,,train,False
data\raw\riceleafbd\Tungro Virus\311421857_1104574683529185_2639210763774619633_n (1).jpg,riceleafbd,Tungro Virus,tungro,,val,False
data\raw\riceleafbd\Tungro Virus\311450265_869361227772637_8060160036185063201_n.jpg,riceleafbd,Tungro Virus,tungro,,val,False
data\raw\riceleafbd\Tungro Virus\311450267_523683082982950_6831924632383006359_n.jpg,riceleafbd,Tungro Virus,tungro,,train,False
data\raw\riceleafbd\Tungro Virus\311471795_811109150121472_4164395137124423428_n.jpg,riceleafbd,Tungro Virus,tungro,,train,False
data\raw\riceleafbd\Tungro Virus\311477801_829411965149992_4505844150502370083_n.jpg,riceleafbd,Tungro Virus,tungro,,train,False
data\raw\riceleafbd\Tungro Virus\311877206_813451169874270_1813155305506983296_n.jpg,riceleafbd,Tungro Virus,tungro,,train,False
data\raw\riceleafbd\Tungro Virus\311887696_695884595261718_5685289833719088513_n.jpg,riceleafbd,Tungro Virus,tungro,,train,False
data\raw\riceleafbd\Tungro Virus\311905670_493385039521759_6639495290559951934_n.jpg,riceleafbd,Tungro Virus,tungro,,test,False
data\raw\riceleafbd\Tungro Virus\311945743_1130454914309359_1109530908743137201_n.jpg,riceleafbd,Tungro Virus,tungro,,train,False
data\raw\riceleafbd\Tungro Virus\311958416_702332527899167_8337027578548737849_n.jpg,riceleafbd,Tungro Virus,tungro,,test,False
data\raw\riceleafbd\Tungro Virus\311964463_665795595199651_8728135720238096675_n.jpg,riceleafbd,Tungro Virus,tungro,,train,False
data\raw\riceleafbd\Tungro Virus\311982774_497216262461714_3029253594789800980_n.jpg,riceleafbd,Tungro Virus,tungro,,val,False
data\raw\riceleafbd\Tungro Virus\312011898_660767788847500_3941963218308031261_n.jpg,riceleafbd,Tungro Virus,tungro,,train,False
data\raw\riceleafbd\Tungro Virus\312026965_822061342180180_7673092683367473646_n.jpg,riceleafbd,Tungro Virus,tungro,,val,False
data\raw\riceleafbd\Tungro Virus\312027383_1345748869523035_572647338936946650_n.jpg,riceleafbd,Tungro Virus,tungro,,train,False
data\raw\riceleafbd\Tungro Virus\312097851_799244964519043_4647236552895719733_n.jpg,riceleafbd,Tungro Virus,tungro,,train,False
data\raw\riceleafbd\Tungro Virus\312133344_3428750697409610_9134336873871728995_n.jpg,riceleafbd,Tungro Virus,tungro,,train,False
data\raw\riceleafbd\Tungro Virus\312193568_803821240698170_510594501575197999_n.jpg,riceleafbd,Tungro Virus,tungro,,train,False
data\raw\riceleafbd\Tungro Virus\312201200_682722439795341_8854308435112613352_n.jpg,riceleafbd,Tungro Virus,tungro,,train,False
data\raw\riceleafbd\Tungro Virus\312207002_1204119966810165_6916516093249879724_n.jpg,riceleafbd,Tungro Virus,tungro,,train,False
data\raw\riceleafbd\Tungro Virus\312218559_496435832529811_7452354127649073607_n.jpg,riceleafbd,Tungro Virus,tungro,,train,False
data\raw\riceleafbd\Tungro Virus\312229733_1558214171265614_8336671811768937959_n.jpg,riceleafbd,Tungro Virus,tungro,,train,False
data\raw\riceleafbd\Tungro Virus\312312812_506500381535641_2480379998116933346_n.jpg,riceleafbd,Tungro Virus,tungro,,train,False
data\raw\riceleafbd\Tungro Virus\312319966_682698013505066_4348395650474933352_n.jpg,riceleafbd,Tungro Virus,tungro,,val,False
data\raw\riceleafbd\Tungro Virus\312319966_688919419618010_4242118936767372404_n.jpg,riceleafbd,Tungro Virus,tungro,,train,False
data\raw\riceleafbd\Tungro Virus\312379173_660196672356452_7373936849988029036_n.jpg,riceleafbd,Tungro Virus,tungro,,train,False
data\raw\riceleafbd\Tungro Virus\312380040_491412266276635_8013958576201577137_n.jpg,riceleafbd,Tungro Virus,tungro,,train,False
data\raw\riceleafbd\Tungro Virus\312424914_659303268900332_8036795355042233890_n.jpg,riceleafbd,Tungro Virus,tungro,,train,False
data\raw\riceleafbd\Tungro Virus\312430528_1137183750248070_570644524148386317_n.jpg,riceleafbd,Tungro Virus,tungro,,train,False
data\raw\riceleafbd\Tungro Virus\312441817_517686766648970_828596623368045386_n.jpg,riceleafbd,Tungro Virus,tungro,,train,False
data\raw\riceleafbd\Tungro Virus\312470292_855767878929265_2110265727004027892_n.jpg,riceleafbd,Tungro Virus,tungro,,train,False
data\raw\riceleafbd\Tungro Virus\312481659_1269343737181405_1223348796224830154_n.jpg,riceleafbd,Tungro Virus,tungro,,val,False
data\raw\riceleafbd\Tungro Virus\312493993_536559831209033_2944407188601078758_n.jpg,riceleafbd,Tungro Virus,tungro,,train,False
data\raw\riceleafbd\Tungro Virus\312506789_516224180377390_4965560825398796231_n (1).jpg,riceleafbd,Tungro Virus,tungro,,train,False
data\raw\riceleafbd\Tungro Virus\312506789_516224180377390_4965560825398796231_n.jpg,riceleafbd,Tungro Virus,tungro,,train,False
data\raw\riceleafbd\Tungro Virus\312531062_1583975688689866_22141460678968472_n.jpg,riceleafbd,Tungro Virus,tungro,,test,False
data\raw\riceleafbd\Tungro Virus\312537215_1197917324271245_6821966797154988651_n.jpg,riceleafbd,Tungro Virus,tungro,,train,False
data\raw\riceleafbd\Tungro Virus\312545686_672993700881462_7107649582821136971_n (1).jpg,riceleafbd,Tungro Virus,tungro,,train,False
data\raw\riceleafbd\Tungro Virus\312551832_1418171448707219_4402475644198271515_n.jpg,riceleafbd,Tungro Virus,tungro,,val,False
data\raw\riceleafbd\Tungro Virus\312564696_5503339866409591_3912351667139695221_n.jpg,riceleafbd,Tungro Virus,tungro,,train,False
data\raw\riceleafbd\Tungro Virus\312570002_656634889304715_6252336098531220253_n.jpg,riceleafbd,Tungro Virus,tungro,,val,False
data\raw\riceleafbd\Tungro Virus\312584511_797351931346927_3523327868034010467_n.jpg,riceleafbd,Tungro Virus,tungro,,test,False
data\raw\riceleafbd\Tungro Virus\312624486_675060277291867_7528285692741017397_n.jpg,riceleafbd,Tungro Virus,tungro,,train,False
data\raw\riceleafbd\Tungro Virus\312629690_1950704055134883_7933430699209201621_n (1).jpg,riceleafbd,Tungro Virus,tungro,,train,False
data\raw\riceleafbd\Tungro Virus\312629699_1411737855902554_5296360051612735934_n.jpg,riceleafbd,Tungro Virus,tungro,,train,False
data\raw\riceleafbd\Tungro Virus\312665146_1059703718003281_3135594726137138436_n.jpg,riceleafbd,Tungro Virus,tungro,,train,False
data\raw\riceleafbd\Tungro Virus\312667199_1182424129359032_5166349958032193148_n.jpg,riceleafbd,Tungro Virus,tungro,,train,False
data\raw\riceleafbd\Tungro Virus\312700371_432518065710171_8063987810203739467_n.jpg,riceleafbd,Tungro Virus,tungro,,train,False
data\raw\riceleafbd\Tungro Virus\312709288_1547785992338261_1313766342061877705_n.jpg,riceleafbd,Tungro Virus,tungro,,train,False
data\raw\riceleafbd\Tungro Virus\312733642_5992270867460528_3274104348813363464_n.jpg,riceleafbd,Tungro Virus,tungro,,test,False
data\raw\riceleafbd\Tungro Virus\312786876_841817763798870_7613152504738535985_n.jpg,riceleafbd,Tungro Virus,tungro,,train,False
data\raw\riceleafbd\Tungro Virus\312811595_523964712917208_6773961654921321697_n.jpg,riceleafbd,Tungro Virus,tungro,,train,False
data\raw\riceleafbd\Tungro Virus\312830527_992982388324320_7406514724990505039_n.jpg,riceleafbd,Tungro Virus,tungro,,test,False
data\raw\riceleafbd\Tungro Virus\312847473_1461819517659471_8659958642311574889_n.jpg,riceleafbd,Tungro Virus,tungro,,train,False
data\raw\riceleafbd\Tungro Virus\312889488_574444127855327_2024543328451872117_n.jpg,riceleafbd,Tungro Virus,tungro,,train,False
data\raw\riceleafbd\Tungro Virus\312890873_497867222269951_4022885594997532713_n.jpg,riceleafbd,Tungro Virus,tungro,,val,False
data\raw\riceleafbd\Tungro Virus\312892745_1220328658516055_685874829593176905_n.jpg,riceleafbd,Tungro Virus,tungro,,train,False
data\raw\riceleafbd\Tungro Virus\312915150_498487428903457_5308885668375378577_n.jpg,riceleafbd,Tungro Virus,tungro,,test,False
data\raw\riceleafbd\Tungro Virus\312926105_517806066934989_5404921941017014336_n.jpg,riceleafbd,Tungro Virus,tungro,,train,False
data\raw\riceleafbd\Tungro Virus\312927053_825508138651506_8827131309970384464_n.jpg,riceleafbd,Tungro Virus,tungro,,train,False
data\raw\riceleafbd\Tungro Virus\313008522_529867318988872_3780625405221698725_n.jpg,riceleafbd,Tungro Virus,tungro,,train,False
data\raw\riceleafbd\Tungro Virus\313021143_1282445042549529_6438995739058750194_n.jpg,riceleafbd,Tungro Virus,tungro,,train,False
data\raw\riceleafbd\Tungro Virus\313027206_1765914717118418_1931279656672544143_n.jpg,riceleafbd,Tungro Virus,tungro,,train,False
data\raw\riceleafbd\Tungro Virus\313085369_820257655899205_7250061022939215882_n.jpg,riceleafbd,Tungro Virus,tungro,,train,False
data\raw\riceleafbd\Tungro Virus\313105712_656378519380332_5313047930818402880_n.jpg,riceleafbd,Tungro Virus,tungro,,val,False
data\raw\riceleafbd\Tungro Virus\313113847_1497363217428791_1754163908149482870_n.jpg,riceleafbd,Tungro Virus,tungro,,test,False
data\raw\riceleafbd\Tungro Virus\313199222_3243493292576710_7474365912712924818_n.jpg,riceleafbd,Tungro Virus,tungro,,train,False
data\raw\riceleafbd\Tungro Virus\313202978_1333936047416451_9197963406124724448_n.jpg,riceleafbd,Tungro Virus,tungro,,test,False
data\raw\riceleafbd\Tungro Virus\313276290_810675610261440_6365694331633909071_n.jpg,riceleafbd,Tungro Virus,tungro,,train,False
data\raw\riceleafbd\Tungro Virus\313280596_458699843022179_8235591247668221753_n.jpg,riceleafbd,Tungro Virus,tungro,,train,False
data\raw\riceleafbd\Tungro Virus\313290051_850042486148444_822354297154567821_n.jpg,riceleafbd,Tungro Virus,tungro,,train,False
data\raw\riceleafbd\Tungro Virus\313291681_1117183462320763_4544527238876029244_n.jpg,riceleafbd,Tungro Virus,tungro,,train,False
data\raw\riceleafbd\Tungro Virus\313297072_2018173358376655_7387558375491251387_n.jpg,riceleafbd,Tungro Virus,tungro,,train,False
data\raw\riceleafbd\Tungro Virus\313351797_1221711848408711_2416508152275846788_n.jpg,riceleafbd,Tungro Virus,tungro,,train,False
data\raw\riceleafbd\Tungro Virus\313398992_1315020555911491_3726555706906212414_n.jpg,riceleafbd,Tungro Virus,tungro,,val,False
data\raw\riceleafbd\Tungro Virus\313446882_450904437061335_297193400785572983_n.jpg,riceleafbd,Tungro Virus,tungro,,train,False
data\raw\riceleafbd\Tungro Virus\313473800_662257422148252_5996496500964280352_n.jpg,riceleafbd,Tungro Virus,tungro,,test,False
data\raw\riceleafbd\Tungro Virus\313474843_1238166350248747_3707222436565427985_n.jpg,riceleafbd,Tungro Virus,tungro,,val,False
data\raw\riceleafbd\Tungro Virus\313476972_518088056839420_8197203860285959253_n.jpg,riceleafbd,Tungro Virus,tungro,,train,False
data\raw\riceleafbd\Tungro Virus\313479416_896481901758297_3784707154000360244_n.jpg,riceleafbd,Tungro Virus,tungro,,val,False
data\raw\riceleafbd\Tungro Virus\313484323_518419956806699_174373109191847387_n.jpg,riceleafbd,Tungro Virus,tungro,,test,False
data\raw\riceleafbd\Tungro Virus\313495486_470382545192555_2756626687553123422_n.jpg,riceleafbd,Tungro Virus,tungro,,test,False
data\raw\riceleafbd\Tungro Virus\313518552_496330772456746_8117639314293867317_n.jpg,riceleafbd,Tungro Virus,tungro,,train,False
data\raw\riceleafbd\Tungro Virus\313521611_427973569486439_58910322981629660_n.jpg,riceleafbd,Tungro Virus,tungro,,train,False
data\raw\riceleafbd\Tungro Virus\313791326_506608397856473_3402084890261817697_n.jpg,riceleafbd,Tungro Virus,tungro,,train,False
data\raw\riceleafbd\Tungro Virus\313857273_845611629966309_5300173381159104037_n.jpg,riceleafbd,Tungro Virus,tungro,,test,False
data\raw\riceleafbd\Tungro Virus\313867371_788722312232114_7238672527911587421_n.jpg,riceleafbd,Tungro Virus,tungro,,train,False
data\raw\riceleafbd\Tungro Virus\313873854_820326195876699_5906180163809761447_n.jpg,riceleafbd,Tungro Virus,tungro,,train,False
data\raw\riceleafbd\Tungro Virus\313919787_653042286377809_8052498550560339053_n.jpg,riceleafbd,Tungro Virus,tungro,,test,False
data\raw\riceleafbd\Tungro Virus\313934186_388312766763583_1976798813798940065_n.jpg,riceleafbd,Tungro Virus,tungro,,val,False
data\raw\riceleafbd\Tungro Virus\313934765_514512747253323_7096188968606116547_n.jpg,riceleafbd,Tungro Virus,tungro,,val,False
data\raw\riceleafbd\Tungro Virus\314026876_672345550929921_7581328621022457094_n.jpg,riceleafbd,Tungro Virus,tungro,,train,False
data\raw\riceleafbd\Tungro Virus\314028358_5567512366635128_628155748766921754_n.jpg,riceleafbd,Tungro Virus,tungro,,train,False
data\raw\riceleafbd\Tungro Virus\314028893_1622067174877071_7808986505635627781_n.jpg,riceleafbd,Tungro Virus,tungro,,train,False
data\raw\riceleafbd\Tungro Virus\314135897_5489632167795385_8471131514195232333_n (1).jpg,riceleafbd,Tungro Virus,tungro,,train,False
data\raw\riceleafbd\Tungro Virus\314135897_5489632167795385_8471131514195232333_n.jpg,riceleafbd,Tungro Virus,tungro,,train,False
data\raw\riceleafbd\Tungro Virus\314201050_440125971423808_2497348725556524603_n.jpg,riceleafbd,Tungro Virus,tungro,,test,False
data\raw\riceleafbd\Tungro Virus\314382778_884843319601001_2862530816243692118_n.jpg,riceleafbd,Tungro Virus,tungro,,test,False
data\raw\riceleafbd\Tungro Virus\314392161_1892003577811837_4999010892914295676_n.jpg,riceleafbd,Tungro Virus,tungro,,train,False
data\raw\riceleafbd\Tungro Virus\314394073_671538744357470_7705598235426245776_n.jpg,riceleafbd,Tungro Virus,tungro,,train,False
data\raw\riceleafbd\Tungro Virus\314394408_666716938414137_4252503226096246667_n.jpg,riceleafbd,Tungro Virus,tungro,,train,False
data\raw\riceleafbd\Tungro Virus\314395070_1448074705684187_8049018624220246452_n.jpg,riceleafbd,Tungro Virus,tungro,,val,False
data\raw\riceleafbd\Tungro Virus\314395606_609116287620389_1268526298742992498_n.jpg,riceleafbd,Tungro Virus,tungro,,train,False
data\raw\riceleafbd\Tungro Virus\314404506_865258634888614_6971945189331854511_n.jpg,riceleafbd,Tungro Virus,tungro,,val,False
data\raw\riceleafbd\Tungro Virus\314409345_841701453811073_7061125291719242458_n.jpg,riceleafbd,Tungro Virus,tungro,,train,False
data\raw\riceleafbd\Tungro Virus\314411318_662438788806690_4503523376677602665_n.jpg,riceleafbd,Tungro Virus,tungro,,train,False
data\raw\riceleafbd\Tungro Virus\314412150_658301555665728_5783422646742614176_n.jpg,riceleafbd,Tungro Virus,tungro,,train,False
data\raw\riceleafbd\Tungro Virus\314416116_493741476053347_7753319753361491463_n.jpg,riceleafbd,Tungro Virus,tungro,,train,False
data\raw\riceleafbd\Tungro Virus\314437223_675004010809155_2113406423094481702_n.jpg,riceleafbd,Tungro Virus,tungro,,train,False
data\raw\riceleafbd\Tungro Virus\314466146_1066596810682934_1186717844039819600_n (1).jpg,riceleafbd,Tungro Virus,tungro,,train,False
data\raw\riceleafbd\Tungro Virus\314466146_1066596810682934_1186717844039819600_n.jpg,riceleafbd,Tungro Virus,tungro,,train,False
data\raw\riceleafbd\Tungro Virus\314477102_664878278644574_8181446894341452010_n.jpg,riceleafbd,Tungro Virus,tungro,,test,False
data\raw\riceleafbd\Tungro Virus\314477857_1176513739629605_4596039316625462930_n.jpg,riceleafbd,Tungro Virus,tungro,,val,False
data\raw\riceleafbd\Tungro Virus\314478760_1541757819664010_929515794713908471_n.jpg,riceleafbd,Tungro Virus,tungro,,test,False
data\raw\riceleafbd\Tungro Virus\314482390_520646716746233_5655409664379156959_n (1).jpg,riceleafbd,Tungro Virus,tungro,,val,False
data\raw\riceleafbd\Tungro Virus\314482390_520646716746233_5655409664379156959_n.jpg,riceleafbd,Tungro Virus,tungro,,val,False
data\raw\riceleafbd\Tungro Virus\314588491_547783773851268_472072504543659331_n.jpg,riceleafbd,Tungro Virus,tungro,,train,False
data\raw\riceleafbd\Tungro Virus\314589722_571824921370602_7539411785133746912_n.jpg,riceleafbd,Tungro Virus,tungro,,train,False
data\raw\riceleafbd\Tungro Virus\314614191_1099824580720251_1039674675470385223_n.jpg,riceleafbd,Tungro Virus,tungro,,train,False
data\raw\riceleafbd\Tungro Virus\314626494_2199997793512760_5689096446062356111_n.jpg,riceleafbd,Tungro Virus,tungro,,test,False
data\raw\riceleafbd\Tungro Virus\314663031_5623907384368921_6401477014431942583_n.jpg,riceleafbd,Tungro Virus,tungro,,train,False
data\raw\riceleafbd\Tungro Virus\314710147_853163099035730_4425646008139630060_n.jpg,riceleafbd,Tungro Virus,tungro,,val,False
data\raw\riceleafbd\Tungro Virus\314769275_837343170814007_9214366391944388348_n.jpg,riceleafbd,Tungro Virus,tungro,,train,False
data\raw\riceleafbd\Tungro Virus\314928918_3409685039301547_8314632096972478031_n.jpg,riceleafbd,Tungro Virus,tungro,,train,False
data\raw\riceleafbd\Tungro Virus\314929536_514257187251721_8473283268031593647_n.jpg,riceleafbd,Tungro Virus,tungro,,train,False
data\raw\riceleafbd\Tungro Virus\314930260_1818579975157463_1601302891408416777_n.jpg,riceleafbd,Tungro Virus,tungro,,train,False
data\raw\riceleafbd\Tungro Virus\314931739_3194467547471355_6785017293421829101_n.jpg,riceleafbd,Tungro Virus,tungro,,train,False
data\raw\riceleafbd\Tungro Virus\314982106_892201005107374_3268459391229799877_n.jpg,riceleafbd,Tungro Virus,tungro,,train,False
data\raw\riceleafbd\Tungro Virus\314995769_2022730978117313_5970444149640206168_n.jpg,riceleafbd,Tungro Virus,tungro,,train,False
data\raw\riceleafbd\Tungro Virus\315005960_535107358462566_1004311371707062439_n.jpg,riceleafbd,Tungro Virus,tungro,,test,False
data\raw\riceleafbd\Tungro Virus\315007074_651721123355694_3989185851432014261_n.jpg,riceleafbd,Tungro Virus,tungro,,train,False
data\raw\riceleafbd\Tungro Virus\315007538_1174828136803187_7011927899512427534_n.jpg,riceleafbd,Tungro Virus,tungro,,test,False
data\raw\riceleafbd\Tungro Virus\315007538_540685001401362_2199739754622281192_n.jpg,riceleafbd,Tungro Virus,tungro,,train,False
data\raw\riceleafbd\Tungro Virus\315025168_885942549514958_410968716638224833_n.jpg,riceleafbd,Tungro Virus,tungro,,train,False
data\raw\riceleafbd\Tungro Virus\315066326_834327244474901_2483939669096820473_n.jpg,riceleafbd,Tungro Virus,tungro,,val,False
data\raw\riceleafbd\Tungro Virus\315085202_1625996471194958_6659674365267875090_n.jpg,riceleafbd,Tungro Virus,tungro,,val,False
data\raw\riceleafbd\Tungro Virus\315091661_434064708914940_6396229293228550745_n.jpg,riceleafbd,Tungro Virus,tungro,,train,False
data\raw\riceleafbd\Tungro Virus\315102597_1266038787574065_7208802774790833818_n.jpg,riceleafbd,Tungro Virus,tungro,,test,False
data\raw\riceleafbd\Tungro Virus\315109192_376288577988389_3200960401410133787_n (1).jpg,riceleafbd,Tungro Virus,tungro,,train,False
data\raw\riceleafbd\Tungro Virus\315109192_376288577988389_3200960401410133787_n.jpg,riceleafbd,Tungro Virus,tungro,,train,False
data\raw\riceleafbd\Tungro Virus\315109272_2915040742138888_1729940556233483712_n.jpg,riceleafbd,Tungro Virus,tungro,,train,False
data\raw\riceleafbd\Tungro Virus\315112388_703565500789296_7591840507813831220_n.jpg,riceleafbd,Tungro Virus,tungro,,train,False
data\raw\riceleafbd\Tungro Virus\315146239_1249007172612735_8062719497942942747_n.jpg,riceleafbd,Tungro Virus,tungro,,train,False
data\raw\riceleafbd\Tungro Virus\315203775_1069188537093572_5855798005229584370_n.jpg,riceleafbd,Tungro Virus,tungro,,val,False
data\raw\riceleafbd\Tungro Virus\315204449_1196227437960472_520187089584785187_n.jpg,riceleafbd,Tungro Virus,tungro,,train,False
data\raw\riceleafbd\Tungro Virus\315331502_3315153622084393_4739035234098185129_n.jpg,riceleafbd,Tungro Virus,tungro,,train,False
data\raw\riceleafbd\Tungro Virus\316156693_462972815742038_5002376687948776758_n.jpg,riceleafbd,Tungro Virus,tungro,,test,False
data\raw\riceleafbd\Tungro Virus\53cc0012-5762-4e8d-a4fe-38d0919fde0f.jpg,riceleafbd,Tungro Virus,tungro,,train,False
data\raw\riceleafbd\Tungro Virus\682569f9-1ecb-4260-922f-5801c4682aff.jpg,riceleafbd,Tungro Virus,tungro,,train,False
data\raw\riceleafbd\Tungro Virus\71080e5d-e7ce-4440-b648-ab9d84215ab4.jpg,riceleafbd,Tungro Virus,tungro,,test,False
data\raw\riceleafbd\Tungro Virus\7a04390e-76de-41e5-a98d-bb53c22061f0.jpg,riceleafbd,Tungro Virus,tungro,,train,False
data\raw\riceleafbd\Tungro Virus\9f13923f-66b4-43e9-84e3-a94e6aa15712.jpg,riceleafbd,Tungro Virus,tungro,,train,False
data\raw\dhan_shomadhan\White Background\Brown Spot\bs_wb_0.jpg,dhan_shomadhan,Brown Spot,brown_spot,white,train,False
data\raw\dhan_shomadhan\White Background\Brown Spot\bs_wb_1.jpg,dhan_shomadhan,Brown Spot,brown_spot,white,test,False
data\raw\dhan_shomadhan\White Background\Brown Spot\bs_wb_10.jpg,dhan_shomadhan,Brown Spot,brown_spot,white,test,False
data\raw\dhan_shomadhan\White Background\Brown Spot\bs_wb_11.jpg,dhan_shomadhan,Brown Spot,brown_spot,white,train,False
data\raw\dhan_shomadhan\White Background\Brown Spot\bs_wb_12.jpg,dhan_shomadhan,Brown Spot,brown_spot,white,train,False
data\raw\dhan_shomadhan\White Background\Brown Spot\bs_wb_13.jpg,dhan_shomadhan,Brown Spot,brown_spot,white,train,False
data\raw\dhan_shomadhan\White Background\Brown Spot\bs_wb_14.jpg,dhan_shomadhan,Brown Spot,brown_spot,white,train,False
data\raw\dhan_shomadhan\White Background\Brown Spot\bs_wb_15.jpg,dhan_shomadhan,Brown Spot,brown_spot,white,train,False
data\raw\dhan_shomadhan\White Background\Brown Spot\bs_wb_16.jpg,dhan_shomadhan,Brown Spot,brown_spot,white,train,False
data\raw\dhan_shomadhan\White Background\Brown Spot\bs_wb_17.jpg,dhan_shomadhan,Brown Spot,brown_spot,white,train,False
data\raw\dhan_shomadhan\White Background\Brown Spot\bs_wb_18.jpg,dhan_shomadhan,Brown Spot,brown_spot,white,train,False
data\raw\dhan_shomadhan\White Background\Brown Spot\bs_wb_19.jpg,dhan_shomadhan,Brown Spot,brown_spot,white,train,False
data\raw\dhan_shomadhan\White Background\Brown Spot\bs_wb_2.jpg,dhan_shomadhan,Brown Spot,brown_spot,white,train,False
data\raw\dhan_shomadhan\White Background\Brown Spot\bs_wb_20.jpg,dhan_shomadhan,Brown Spot,brown_spot,white,train,False
data\raw\dhan_shomadhan\White Background\Brown Spot\bs_wb_21.jpg,dhan_shomadhan,Brown Spot,brown_spot,white,test,False
data\raw\dhan_shomadhan\White Background\Brown Spot\bs_wb_22.jpg,dhan_shomadhan,Brown Spot,brown_spot,white,train,False
data\raw\dhan_shomadhan\White Background\Brown Spot\bs_wb_23.jpg,dhan_shomadhan,Brown Spot,brown_spot,white,train,False
data\raw\dhan_shomadhan\White Background\Brown Spot\bs_wb_24.jpg,dhan_shomadhan,Brown Spot,brown_spot,white,train,False
data\raw\dhan_shomadhan\White Background\Brown Spot\bs_wb_25.jpg,dhan_shomadhan,Brown Spot,brown_spot,white,train,False
data\raw\dhan_shomadhan\White Background\Brown Spot\bs_wb_26.jpg,dhan_shomadhan,Brown Spot,brown_spot,white,train,False
data\raw\dhan_shomadhan\White Background\Brown Spot\bs_wb_27.jpg,dhan_shomadhan,Brown Spot,brown_spot,white,test,False
data\raw\dhan_shomadhan\White Background\Brown Spot\bs_wb_28.jpg,dhan_shomadhan,Brown Spot,brown_spot,white,test,False
data\raw\dhan_shomadhan\White Background\Brown Spot\bs_wb_29.jpg,dhan_shomadhan,Brown Spot,brown_spot,white,train,False
data\raw\dhan_shomadhan\White Background\Brown Spot\bs_wb_3.jpg,dhan_shomadhan,Brown Spot,brown_spot,white,test,False
data\raw\dhan_shomadhan\White Background\Brown Spot\bs_wb_30.jpg,dhan_shomadhan,Brown Spot,brown_spot,white,train,False
data\raw\dhan_shomadhan\White Background\Brown Spot\bs_wb_31.jpg,dhan_shomadhan,Brown Spot,brown_spot,white,train,False
data\raw\dhan_shomadhan\White Background\Brown Spot\bs_wb_32.jpg,dhan_shomadhan,Brown Spot,brown_spot,white,train,False
data\raw\dhan_shomadhan\White Background\Brown Spot\bs_wb_33.jpg,dhan_shomadhan,Brown Spot,brown_spot,white,train,False
data\raw\dhan_shomadhan\White Background\Brown Spot\bs_wb_34.jpg,dhan_shomadhan,Brown Spot,brown_spot,white,train,False
data\raw\dhan_shomadhan\White Background\Brown Spot\bs_wb_35.jpg,dhan_shomadhan,Brown Spot,brown_spot,white,test,False
data\raw\dhan_shomadhan\White Background\Brown Spot\bs_wb_36.jpg,dhan_shomadhan,Brown Spot,brown_spot,white,train,False
data\raw\dhan_shomadhan\White Background\Brown Spot\bs_wb_37.jpg,dhan_shomadhan,Brown Spot,brown_spot,white,train,False
data\raw\dhan_shomadhan\White Background\Brown Spot\bs_wb_38.jpg,dhan_shomadhan,Brown Spot,brown_spot,white,val,False
data\raw\dhan_shomadhan\White Background\Brown Spot\bs_wb_39.jpg,dhan_shomadhan,Brown Spot,brown_spot,white,train,False
data\raw\dhan_shomadhan\White Background\Brown Spot\bs_wb_4.jpg,dhan_shomadhan,Brown Spot,brown_spot,white,train,False
data\raw\dhan_shomadhan\White Background\Brown Spot\bs_wb_40.jpg,dhan_shomadhan,Brown Spot,brown_spot,white,train,False
data\raw\dhan_shomadhan\White Background\Brown Spot\bs_wb_41.jpg,dhan_shomadhan,Brown Spot,brown_spot,white,train,False
data\raw\dhan_shomadhan\White Background\Brown Spot\bs_wb_42.jpg,dhan_shomadhan,Brown Spot,brown_spot,white,val,False
data\raw\dhan_shomadhan\White Background\Brown Spot\bs_wb_43.jpg,dhan_shomadhan,Brown Spot,brown_spot,white,train,False
data\raw\dhan_shomadhan\White Background\Brown Spot\bs_wb_44.jpg,dhan_shomadhan,Brown Spot,brown_spot,white,train,False
data\raw\dhan_shomadhan\White Background\Brown Spot\bs_wb_45.jpg,dhan_shomadhan,Brown Spot,brown_spot,white,train,False
data\raw\dhan_shomadhan\White Background\Brown Spot\bs_wb_46.jpg,dhan_shomadhan,Brown Spot,brown_spot,white,val,False
data\raw\dhan_shomadhan\White Background\Brown Spot\bs_wb_47.jpg,dhan_shomadhan,Brown Spot,brown_spot,white,train,False
data\raw\dhan_shomadhan\White Background\Brown Spot\bs_wb_48.jpg,dhan_shomadhan,Brown Spot,brown_spot,white,train,False
data\raw\dhan_shomadhan\White Background\Brown Spot\bs_wb_49.jpg,dhan_shomadhan,Brown Spot,brown_spot,white,train,False
data\raw\dhan_shomadhan\White Background\Brown Spot\bs_wb_5.jpg,dhan_shomadhan,Brown Spot,brown_spot,white,train,False
data\raw\dhan_shomadhan\White Background\Brown Spot\bs_wb_50.jpg,dhan_shomadhan,Brown Spot,brown_spot,white,train,False
data\raw\dhan_shomadhan\White Background\Brown Spot\bs_wb_51.jpg,dhan_shomadhan,Brown Spot,brown_spot,white,train,False
data\raw\dhan_shomadhan\White Background\Brown Spot\bs_wb_52.jpg,dhan_shomadhan,Brown Spot,brown_spot,white,val,False
data\raw\dhan_shomadhan\White Background\Brown Spot\bs_wb_53.jpg,dhan_shomadhan,Brown Spot,brown_spot,white,train,False
data\raw\dhan_shomadhan\White Background\Brown Spot\bs_wb_54.jpg,dhan_shomadhan,Brown Spot,brown_spot,white,train,False
data\raw\dhan_shomadhan\White Background\Brown Spot\bs_wb_55.jpg,dhan_shomadhan,Brown Spot,brown_spot,white,train,False
data\raw\dhan_shomadhan\White Background\Brown Spot\bs_wb_56.jpg,dhan_shomadhan,Brown Spot,brown_spot,white,test,False
data\raw\dhan_shomadhan\White Background\Brown Spot\bs_wb_57.jpg,dhan_shomadhan,Brown Spot,brown_spot,white,train,False
data\raw\dhan_shomadhan\White Background\Brown Spot\bs_wb_58.jpg,dhan_shomadhan,Brown Spot,brown_spot,white,train,False
data\raw\dhan_shomadhan\White Background\Brown Spot\bs_wb_59.jpg,dhan_shomadhan,Brown Spot,brown_spot,white,train,False
data\raw\dhan_shomadhan\White Background\Brown Spot\bs_wb_6.jpg,dhan_shomadhan,Brown Spot,brown_spot,white,train,False
data\raw\dhan_shomadhan\White Background\Brown Spot\bs_wb_60.jpg,dhan_shomadhan,Brown Spot,brown_spot,white,val,False
data\raw\dhan_shomadhan\White Background\Brown Spot\bs_wb_61.jpg,dhan_shomadhan,Brown Spot,brown_spot,white,val,False
data\raw\dhan_shomadhan\White Background\Brown Spot\bs_wb_62.jpg,dhan_shomadhan,Brown Spot,brown_spot,white,val,False
data\raw\dhan_shomadhan\White Background\Brown Spot\bs_wb_63.jpg,dhan_shomadhan,Brown Spot,brown_spot,white,train,False
data\raw\dhan_shomadhan\White Background\Brown Spot\bs_wb_64.jpg,dhan_shomadhan,Brown Spot,brown_spot,white,val,False
data\raw\dhan_shomadhan\White Background\Brown Spot\bs_wb_65.jpg,dhan_shomadhan,Brown Spot,brown_spot,white,train,False
data\raw\dhan_shomadhan\White Background\Brown Spot\bs_wb_66.jpg,dhan_shomadhan,Brown Spot,brown_spot,white,val,False
data\raw\dhan_shomadhan\White Background\Brown Spot\bs_wb_67.jpg,dhan_shomadhan,Brown Spot,brown_spot,white,train,False
data\raw\dhan_shomadhan\White Background\Brown Spot\bs_wb_68.jpg,dhan_shomadhan,Brown Spot,brown_spot,white,train,False
data\raw\dhan_shomadhan\White Background\Brown Spot\bs_wb_69.jpg,dhan_shomadhan,Brown Spot,brown_spot,white,train,False
data\raw\dhan_shomadhan\White Background\Brown Spot\bs_wb_7.jpg,dhan_shomadhan,Brown Spot,brown_spot,white,train,False
data\raw\dhan_shomadhan\White Background\Brown Spot\bs_wb_70.jpg,dhan_shomadhan,Brown Spot,brown_spot,white,train,False
data\raw\dhan_shomadhan\White Background\Brown Spot\bs_wb_71.jpg,dhan_shomadhan,Brown Spot,brown_spot,white,train,False
data\raw\dhan_shomadhan\White Background\Brown Spot\bs_wb_72.jpg,dhan_shomadhan,Brown Spot,brown_spot,white,train,False
data\raw\dhan_shomadhan\White Background\Brown Spot\bs_wb_73.jpg,dhan_shomadhan,Brown Spot,brown_spot,white,test,False
data\raw\dhan_shomadhan\White Background\Brown Spot\bs_wb_74.jpg,dhan_shomadhan,Brown Spot,brown_spot,white,train,False
data\raw\dhan_shomadhan\White Background\Brown Spot\bs_wb_75.jpg,dhan_shomadhan,Brown Spot,brown_spot,white,train,False
data\raw\dhan_shomadhan\White Background\Brown Spot\bs_wb_76.jpg,dhan_shomadhan,Brown Spot,brown_spot,white,test,False
data\raw\dhan_shomadhan\White Background\Brown Spot\bs_wb_77.jpg,dhan_shomadhan,Brown Spot,brown_spot,white,val,False
data\raw\dhan_shomadhan\White Background\Brown Spot\bs_wb_78.jpg,dhan_shomadhan,Brown Spot,brown_spot,white,train,False
data\raw\dhan_shomadhan\White Background\Brown Spot\bs_wb_79.jpg,dhan_shomadhan,Brown Spot,brown_spot,white,train,False
data\raw\dhan_shomadhan\White Background\Brown Spot\bs_wb_8.jpg,dhan_shomadhan,Brown Spot,brown_spot,white,train,False
data\raw\dhan_shomadhan\White Background\Brown Spot\bs_wb_80.jpg,dhan_shomadhan,Brown Spot,brown_spot,white,val,False
data\raw\dhan_shomadhan\White Background\Brown Spot\bs_wb_81.jpg,dhan_shomadhan,Brown Spot,brown_spot,white,train,False
data\raw\dhan_shomadhan\White Background\Brown Spot\bs_wb_82.jpg,dhan_shomadhan,Brown Spot,brown_spot,white,train,False
data\raw\dhan_shomadhan\White Background\Brown Spot\bs_wb_83.jpg,dhan_shomadhan,Brown Spot,brown_spot,white,train,False
data\raw\dhan_shomadhan\White Background\Brown Spot\bs_wb_84.jpg,dhan_shomadhan,Brown Spot,brown_spot,white,train,False
data\raw\dhan_shomadhan\White Background\Brown Spot\bs_wb_85.jpg,dhan_shomadhan,Brown Spot,brown_spot,white,train,False
data\raw\dhan_shomadhan\White Background\Brown Spot\bs_wb_86.jpg,dhan_shomadhan,Brown Spot,brown_spot,white,train,False
data\raw\dhan_shomadhan\White Background\Brown Spot\bs_wb_87.jpg,dhan_shomadhan,Brown Spot,brown_spot,white,train,False
data\raw\dhan_shomadhan\White Background\Brown Spot\bs_wb_88.jpg,dhan_shomadhan,Brown Spot,brown_spot,white,test,False
data\raw\dhan_shomadhan\White Background\Brown Spot\bs_wb_89.jpg,dhan_shomadhan,Brown Spot,brown_spot,white,val,False
data\raw\dhan_shomadhan\White Background\Brown Spot\bs_wb_9.jpg,dhan_shomadhan,Brown Spot,brown_spot,white,train,False
data\raw\dhan_shomadhan\White Background\Leaf Scaled\ls_wb_0.jpg,dhan_shomadhan,Leaf Scaled,scald,white,train,False
data\raw\dhan_shomadhan\White Background\Leaf Scaled\ls_wb_1.jpg,dhan_shomadhan,Leaf Scaled,scald,white,test,False
data\raw\dhan_shomadhan\White Background\Leaf Scaled\ls_wb_10.jpg,dhan_shomadhan,Leaf Scaled,scald,white,train,False
data\raw\dhan_shomadhan\White Background\Leaf Scaled\ls_wb_100.jpg,dhan_shomadhan,Leaf Scaled,scald,white,train,False
data\raw\dhan_shomadhan\White Background\Leaf Scaled\ls_wb_101.jpg,dhan_shomadhan,Leaf Scaled,scald,white,train,False
data\raw\dhan_shomadhan\White Background\Leaf Scaled\ls_wb_102.jpg,dhan_shomadhan,Leaf Scaled,scald,white,train,False
data\raw\dhan_shomadhan\White Background\Leaf Scaled\ls_wb_103.jpg,dhan_shomadhan,Leaf Scaled,scald,white,train,False
data\raw\dhan_shomadhan\White Background\Leaf Scaled\ls_wb_104.jpg,dhan_shomadhan,Leaf Scaled,scald,white,val,False
data\raw\dhan_shomadhan\White Background\Leaf Scaled\ls_wb_105.jpg,dhan_shomadhan,Leaf Scaled,scald,white,val,False
data\raw\dhan_shomadhan\White Background\Leaf Scaled\ls_wb_106.jpg,dhan_shomadhan,Leaf Scaled,scald,white,train,False
data\raw\dhan_shomadhan\White Background\Leaf Scaled\ls_wb_107.jpg,dhan_shomadhan,Leaf Scaled,scald,white,train,False
data\raw\dhan_shomadhan\White Background\Leaf Scaled\ls_wb_108.jpg,dhan_shomadhan,Leaf Scaled,scald,white,train,False
data\raw\dhan_shomadhan\White Background\Leaf Scaled\ls_wb_109.jpg,dhan_shomadhan,Leaf Scaled,scald,white,train,False
data\raw\dhan_shomadhan\White Background\Leaf Scaled\ls_wb_11.jpg,dhan_shomadhan,Leaf Scaled,scald,white,val,False
data\raw\dhan_shomadhan\White Background\Leaf Scaled\ls_wb_110.jpg,dhan_shomadhan,Leaf Scaled,scald,white,test,False
data\raw\dhan_shomadhan\White Background\Leaf Scaled\ls_wb_111.jpg,dhan_shomadhan,Leaf Scaled,scald,white,train,False
data\raw\dhan_shomadhan\White Background\Leaf Scaled\ls_wb_112.jpg,dhan_shomadhan,Leaf Scaled,scald,white,train,False
data\raw\dhan_shomadhan\White Background\Leaf Scaled\ls_wb_113.jpg,dhan_shomadhan,Leaf Scaled,scald,white,val,False
data\raw\dhan_shomadhan\White Background\Leaf Scaled\ls_wb_114.jpg,dhan_shomadhan,Leaf Scaled,scald,white,train,False
data\raw\dhan_shomadhan\White Background\Leaf Scaled\ls_wb_115.jpg,dhan_shomadhan,Leaf Scaled,scald,white,train,False
data\raw\dhan_shomadhan\White Background\Leaf Scaled\ls_wb_116.jpg,dhan_shomadhan,Leaf Scaled,scald,white,test,False
data\raw\dhan_shomadhan\White Background\Leaf Scaled\ls_wb_117.jpg,dhan_shomadhan,Leaf Scaled,scald,white,test,False
data\raw\dhan_shomadhan\White Background\Leaf Scaled\ls_wb_118.jpg,dhan_shomadhan,Leaf Scaled,scald,white,train,False
data\raw\dhan_shomadhan\White Background\Leaf Scaled\ls_wb_119.jpg,dhan_shomadhan,Leaf Scaled,scald,white,train,False
data\raw\dhan_shomadhan\White Background\Leaf Scaled\ls_wb_12.jpg,dhan_shomadhan,Leaf Scaled,scald,white,train,False
data\raw\dhan_shomadhan\White Background\Leaf Scaled\ls_wb_120.jpg,dhan_shomadhan,Leaf Scaled,scald,white,train,False
data\raw\dhan_shomadhan\White Background\Leaf Scaled\ls_wb_121.jpg,dhan_shomadhan,Leaf Scaled,scald,white,train,False
data\raw\dhan_shomadhan\White Background\Leaf Scaled\ls_wb_122.jpg,dhan_shomadhan,Leaf Scaled,scald,white,train,False
data\raw\dhan_shomadhan\White Background\Leaf Scaled\ls_wb_123.jpg,dhan_shomadhan,Leaf Scaled,scald,white,train,False
data\raw\dhan_shomadhan\White Background\Leaf Scaled\ls_wb_124.jpg,dhan_shomadhan,Leaf Scaled,scald,white,train,False
data\raw\dhan_shomadhan\White Background\Leaf Scaled\ls_wb_125.jpg,dhan_shomadhan,Leaf Scaled,scald,white,train,False
data\raw\dhan_shomadhan\White Background\Leaf Scaled\ls_wb_126.jpg,dhan_shomadhan,Leaf Scaled,scald,white,train,False
data\raw\dhan_shomadhan\White Background\Leaf Scaled\ls_wb_127.jpg,dhan_shomadhan,Leaf Scaled,scald,white,train,False
data\raw\dhan_shomadhan\White Background\Leaf Scaled\ls_wb_128.jpg,dhan_shomadhan,Leaf Scaled,scald,white,train,False
data\raw\dhan_shomadhan\White Background\Leaf Scaled\ls_wb_129.jpg,dhan_shomadhan,Leaf Scaled,scald,white,val,False
data\raw\dhan_shomadhan\White Background\Leaf Scaled\ls_wb_13.jpg,dhan_shomadhan,Leaf Scaled,scald,white,train,False
data\raw\dhan_shomadhan\White Background\Leaf Scaled\ls_wb_130.jpg,dhan_shomadhan,Leaf Scaled,scald,white,train,False
data\raw\dhan_shomadhan\White Background\Leaf Scaled\ls_wb_131.jpg,dhan_shomadhan,Leaf Scaled,scald,white,test,False
data\raw\dhan_shomadhan\White Background\Leaf Scaled\ls_wb_132.jpg,dhan_shomadhan,Leaf Scaled,scald,white,train,False
data\raw\dhan_shomadhan\White Background\Leaf Scaled\ls_wb_133.jpg,dhan_shomadhan,Leaf Scaled,scald,white,train,False
data\raw\dhan_shomadhan\White Background\Leaf Scaled\ls_wb_134.jpg,dhan_shomadhan,Leaf Scaled,scald,white,train,False
data\raw\dhan_shomadhan\White Background\Leaf Scaled\ls_wb_135.jpg,dhan_shomadhan,Leaf Scaled,scald,white,train,False
data\raw\dhan_shomadhan\White Background\Leaf Scaled\ls_wb_136.jpg,dhan_shomadhan,Leaf Scaled,scald,white,train,False
data\raw\dhan_shomadhan\White Background\Leaf Scaled\ls_wb_137.jpg,dhan_shomadhan,Leaf Scaled,scald,white,train,False
data\raw\dhan_shomadhan\White Background\Leaf Scaled\ls_wb_138.jpg,dhan_shomadhan,Leaf Scaled,scald,white,train,False
data\raw\dhan_shomadhan\White Background\Leaf Scaled\ls_wb_139.jpg,dhan_shomadhan,Leaf Scaled,scald,white,train,False
data\raw\dhan_shomadhan\White Background\Leaf Scaled\ls_wb_14.jpg,dhan_shomadhan,Leaf Scaled,scald,white,train,False
data\raw\dhan_shomadhan\White Background\Leaf Scaled\ls_wb_140.jpg,dhan_shomadhan,Leaf Scaled,scald,white,train,False
data\raw\dhan_shomadhan\White Background\Leaf Scaled\ls_wb_141.jpg,dhan_shomadhan,Leaf Scaled,scald,white,val,False
data\raw\dhan_shomadhan\White Background\Leaf Scaled\ls_wb_142.jpg,dhan_shomadhan,Leaf Scaled,scald,white,val,False
data\raw\dhan_shomadhan\White Background\Leaf Scaled\ls_wb_15.jpg,dhan_shomadhan,Leaf Scaled,scald,white,val,False
data\raw\dhan_shomadhan\White Background\Leaf Scaled\ls_wb_16.jpg,dhan_shomadhan,Leaf Scaled,scald,white,train,False
data\raw\dhan_shomadhan\White Background\Leaf Scaled\ls_wb_17.jpg,dhan_shomadhan,Leaf Scaled,scald,white,test,False
data\raw\dhan_shomadhan\White Background\Leaf Scaled\ls_wb_18.jpg,dhan_shomadhan,Leaf Scaled,scald,white,train,False
data\raw\dhan_shomadhan\White Background\Leaf Scaled\ls_wb_19.jpg,dhan_shomadhan,Leaf Scaled,scald,white,val,False
data\raw\dhan_shomadhan\White Background\Leaf Scaled\ls_wb_2.jpg,dhan_shomadhan,Leaf Scaled,scald,white,train,False
data\raw\dhan_shomadhan\White Background\Leaf Scaled\ls_wb_20.jpg,dhan_shomadhan,Leaf Scaled,scald,white,train,False
data\raw\dhan_shomadhan\White Background\Leaf Scaled\ls_wb_21.jpg,dhan_shomadhan,Leaf Scaled,scald,white,test,False
data\raw\dhan_shomadhan\White Background\Leaf Scaled\ls_wb_22.jpg,dhan_shomadhan,Leaf Scaled,scald,white,val,False
data\raw\dhan_shomadhan\White Background\Leaf Scaled\ls_wb_23.jpg,dhan_shomadhan,Leaf Scaled,scald,white,val,False
data\raw\dhan_shomadhan\White Background\Leaf Scaled\ls_wb_24.jpg,dhan_shomadhan,Leaf Scaled,scald,white,train,False
data\raw\dhan_shomadhan\White Background\Leaf Scaled\ls_wb_25.jpg,dhan_shomadhan,Leaf Scaled,scald,white,train,False
data\raw\dhan_shomadhan\White Background\Leaf Scaled\ls_wb_26.jpg,dhan_shomadhan,Leaf Scaled,scald,white,train,False
data\raw\dhan_shomadhan\White Background\Leaf Scaled\ls_wb_27.jpg,dhan_shomadhan,Leaf Scaled,scald,white,val,False
data\raw\dhan_shomadhan\White Background\Leaf Scaled\ls_wb_28.jpg,dhan_shomadhan,Leaf Scaled,scald,white,train,False
data\raw\dhan_shomadhan\White Background\Leaf Scaled\ls_wb_29.jpg,dhan_shomadhan,Leaf Scaled,scald,white,train,False
data\raw\dhan_shomadhan\White Background\Leaf Scaled\ls_wb_3.jpg,dhan_shomadhan,Leaf Scaled,scald,white,train,False
data\raw\dhan_shomadhan\White Background\Leaf Scaled\ls_wb_30.jpg,dhan_shomadhan,Leaf Scaled,scald,white,train,False
data\raw\dhan_shomadhan\White Background\Leaf Scaled\ls_wb_31.jpg,dhan_shomadhan,Leaf Scaled,scald,white,train,False
data\raw\dhan_shomadhan\White Background\Leaf Scaled\ls_wb_32.jpg,dhan_shomadhan,Leaf Scaled,scald,white,train,False
data\raw\dhan_shomadhan\White Background\Leaf Scaled\ls_wb_33.jpg,dhan_shomadhan,Leaf Scaled,scald,white,train,False
data\raw\dhan_shomadhan\White Background\Leaf Scaled\ls_wb_34.jpg,dhan_shomadhan,Leaf Scaled,scald,white,test,False
data\raw\dhan_shomadhan\White Background\Leaf Scaled\ls_wb_35.jpg,dhan_shomadhan,Leaf Scaled,scald,white,val,False
data\raw\dhan_shomadhan\White Background\Leaf Scaled\ls_wb_36.jpg,dhan_shomadhan,Leaf Scaled,scald,white,train,False
data\raw\dhan_shomadhan\White Background\Leaf Scaled\ls_wb_37.jpg,dhan_shomadhan,Leaf Scaled,scald,white,test,False
data\raw\dhan_shomadhan\White Background\Leaf Scaled\ls_wb_38.jpg,dhan_shomadhan,Leaf Scaled,scald,white,train,False
data\raw\dhan_shomadhan\White Background\Leaf Scaled\ls_wb_39.jpg,dhan_shomadhan,Leaf Scaled,scald,white,train,False
data\raw\dhan_shomadhan\White Background\Leaf Scaled\ls_wb_4.jpg,dhan_shomadhan,Leaf Scaled,scald,white,train,False
data\raw\dhan_shomadhan\White Background\Leaf Scaled\ls_wb_40.jpg,dhan_shomadhan,Leaf Scaled,scald,white,train,False
data\raw\dhan_shomadhan\White Background\Leaf Scaled\ls_wb_41.jpg,dhan_shomadhan,Leaf Scaled,scald,white,train,False
data\raw\dhan_shomadhan\White Background\Leaf Scaled\ls_wb_42.jpg,dhan_shomadhan,Leaf Scaled,scald,white,val,False
data\raw\dhan_shomadhan\White Background\Leaf Scaled\ls_wb_43.jpg,dhan_shomadhan,Leaf Scaled,scald,white,train,False
data\raw\dhan_shomadhan\White Background\Leaf Scaled\ls_wb_44.jpg,dhan_shomadhan,Leaf Scaled,scald,white,train,False
data\raw\dhan_shomadhan\White Background\Leaf Scaled\ls_wb_45.jpg,dhan_shomadhan,Leaf Scaled,scald,white,val,False
data\raw\dhan_shomadhan\White Background\Leaf Scaled\ls_wb_46.jpg,dhan_shomadhan,Leaf Scaled,scald,white,train,False
data\raw\dhan_shomadhan\White Background\Leaf Scaled\ls_wb_47.jpg,dhan_shomadhan,Leaf Scaled,scald,white,train,False
data\raw\dhan_shomadhan\White Background\Leaf Scaled\ls_wb_48.jpg,dhan_shomadhan,Leaf Scaled,scald,white,train,False
data\raw\dhan_shomadhan\White Background\Leaf Scaled\ls_wb_49.jpg,dhan_shomadhan,Leaf Scaled,scald,white,test,False
data\raw\dhan_shomadhan\White Background\Leaf Scaled\ls_wb_5.jpg,dhan_shomadhan,Leaf Scaled,scald,white,test,False
data\raw\dhan_shomadhan\White Background\Leaf Scaled\ls_wb_50.jpg,dhan_shomadhan,Leaf Scaled,scald,white,val,False
data\raw\dhan_shomadhan\White Background\Leaf Scaled\ls_wb_51.jpg,dhan_shomadhan,Leaf Scaled,scald,white,train,False
data\raw\dhan_shomadhan\White Background\Leaf Scaled\ls_wb_52.jpg,dhan_shomadhan,Leaf Scaled,scald,white,val,False
data\raw\dhan_shomadhan\White Background\Leaf Scaled\ls_wb_53.jpg,dhan_shomadhan,Leaf Scaled,scald,white,test,False
data\raw\dhan_shomadhan\White Background\Leaf Scaled\ls_wb_54.jpg,dhan_shomadhan,Leaf Scaled,scald,white,train,False
data\raw\dhan_shomadhan\White Background\Leaf Scaled\ls_wb_55.jpg,dhan_shomadhan,Leaf Scaled,scald,white,train,False
data\raw\dhan_shomadhan\White Background\Leaf Scaled\ls_wb_56.jpg,dhan_shomadhan,Leaf Scaled,scald,white,train,False
data\raw\dhan_shomadhan\White Background\Leaf Scaled\ls_wb_57.jpg,dhan_shomadhan,Leaf Scaled,scald,white,train,False
data\raw\dhan_shomadhan\White Background\Leaf Scaled\ls_wb_58.jpg,dhan_shomadhan,Leaf Scaled,scald,white,train,False
data\raw\dhan_shomadhan\White Background\Leaf Scaled\ls_wb_59.jpg,dhan_shomadhan,Leaf Scaled,scald,white,train,False
data\raw\dhan_shomadhan\White Background\Leaf Scaled\ls_wb_6.jpg,dhan_shomadhan,Leaf Scaled,scald,white,test,False
data\raw\dhan_shomadhan\White Background\Leaf Scaled\ls_wb_60.jpg,dhan_shomadhan,Leaf Scaled,scald,white,train,False
data\raw\dhan_shomadhan\White Background\Leaf Scaled\ls_wb_61.jpg,dhan_shomadhan,Leaf Scaled,scald,white,train,False
data\raw\dhan_shomadhan\White Background\Leaf Scaled\ls_wb_62.jpg,dhan_shomadhan,Leaf Scaled,scald,white,test,False
data\raw\dhan_shomadhan\White Background\Leaf Scaled\ls_wb_63.jpg,dhan_shomadhan,Leaf Scaled,scald,white,test,False
data\raw\dhan_shomadhan\White Background\Leaf Scaled\ls_wb_64.jpg,dhan_shomadhan,Leaf Scaled,scald,white,train,False
data\raw\dhan_shomadhan\White Background\Leaf Scaled\ls_wb_65.jpg,dhan_shomadhan,Leaf Scaled,scald,white,train,False
data\raw\dhan_shomadhan\White Background\Leaf Scaled\ls_wb_66.jpg,dhan_shomadhan,Leaf Scaled,scald,white,test,False
data\raw\dhan_shomadhan\White Background\Leaf Scaled\ls_wb_67.jpg,dhan_shomadhan,Leaf Scaled,scald,white,val,False
data\raw\dhan_shomadhan\White Background\Leaf Scaled\ls_wb_68.jpg,dhan_shomadhan,Leaf Scaled,scald,white,train,False
data\raw\dhan_shomadhan\White Background\Leaf Scaled\ls_wb_69.jpg,dhan_shomadhan,Leaf Scaled,scald,white,train,False
data\raw\dhan_shomadhan\White Background\Leaf Scaled\ls_wb_7.jpg,dhan_shomadhan,Leaf Scaled,scald,white,val,False
data\raw\dhan_shomadhan\White Background\Leaf Scaled\ls_wb_70.jpg,dhan_shomadhan,Leaf Scaled,scald,white,train,False
data\raw\dhan_shomadhan\White Background\Leaf Scaled\ls_wb_71.jpg,dhan_shomadhan,Leaf Scaled,scald,white,train,False
data\raw\dhan_shomadhan\White Background\Leaf Scaled\ls_wb_72.jpg,dhan_shomadhan,Leaf Scaled,scald,white,train,False
data\raw\dhan_shomadhan\White Background\Leaf Scaled\ls_wb_73.jpg,dhan_shomadhan,Leaf Scaled,scald,white,train,False
data\raw\dhan_shomadhan\White Background\Leaf Scaled\ls_wb_74.jpg,dhan_shomadhan,Leaf Scaled,scald,white,train,False
data\raw\dhan_shomadhan\White Background\Leaf Scaled\ls_wb_75.jpg,dhan_shomadhan,Leaf Scaled,scald,white,test,False
data\raw\dhan_shomadhan\White Background\Leaf Scaled\ls_wb_76.jpg,dhan_shomadhan,Leaf Scaled,scald,white,train,False
data\raw\dhan_shomadhan\White Background\Leaf Scaled\ls_wb_77.jpg,dhan_shomadhan,Leaf Scaled,scald,white,train,False
data\raw\dhan_shomadhan\White Background\Leaf Scaled\ls_wb_78.jpg,dhan_shomadhan,Leaf Scaled,scald,white,train,False
data\raw\dhan_shomadhan\White Background\Leaf Scaled\ls_wb_79.jpg,dhan_shomadhan,Leaf Scaled,scald,white,train,False
data\raw\dhan_shomadhan\White Background\Leaf Scaled\ls_wb_8.jpg,dhan_shomadhan,Leaf Scaled,scald,white,test,False
data\raw\dhan_shomadhan\White Background\Leaf Scaled\ls_wb_80.jpg,dhan_shomadhan,Leaf Scaled,scald,white,train,False
data\raw\dhan_shomadhan\White Background\Leaf Scaled\ls_wb_81.jpg,dhan_shomadhan,Leaf Scaled,scald,white,train,False
data\raw\dhan_shomadhan\White Background\Leaf Scaled\ls_wb_82.jpg,dhan_shomadhan,Leaf Scaled,scald,white,train,False
data\raw\dhan_shomadhan\White Background\Leaf Scaled\ls_wb_83.jpg,dhan_shomadhan,Leaf Scaled,scald,white,train,False
data\raw\dhan_shomadhan\White Background\Leaf Scaled\ls_wb_84.jpg,dhan_shomadhan,Leaf Scaled,scald,white,train,False
data\raw\dhan_shomadhan\White Background\Leaf Scaled\ls_wb_85.jpg,dhan_shomadhan,Leaf Scaled,scald,white,train,False
data\raw\dhan_shomadhan\White Background\Leaf Scaled\ls_wb_86.jpg,dhan_shomadhan,Leaf Scaled,scald,white,train,False
data\raw\dhan_shomadhan\White Background\Leaf Scaled\ls_wb_87.jpg,dhan_shomadhan,Leaf Scaled,scald,white,test,False
data\raw\dhan_shomadhan\White Background\Leaf Scaled\ls_wb_88.jpg,dhan_shomadhan,Leaf Scaled,scald,white,test,False
data\raw\dhan_shomadhan\White Background\Leaf Scaled\ls_wb_89.jpg,dhan_shomadhan,Leaf Scaled,scald,white,val,False
data\raw\dhan_shomadhan\White Background\Leaf Scaled\ls_wb_9.jpg,dhan_shomadhan,Leaf Scaled,scald,white,train,False
data\raw\dhan_shomadhan\White Background\Leaf Scaled\ls_wb_90.jpg,dhan_shomadhan,Leaf Scaled,scald,white,train,False
data\raw\dhan_shomadhan\White Background\Leaf Scaled\ls_wb_91.jpg,dhan_shomadhan,Leaf Scaled,scald,white,val,False
data\raw\dhan_shomadhan\White Background\Leaf Scaled\ls_wb_92.jpg,dhan_shomadhan,Leaf Scaled,scald,white,train,False
data\raw\dhan_shomadhan\White Background\Leaf Scaled\ls_wb_93.jpg,dhan_shomadhan,Leaf Scaled,scald,white,train,False
data\raw\dhan_shomadhan\White Background\Leaf Scaled\ls_wb_94.jpg,dhan_shomadhan,Leaf Scaled,scald,white,train,False
data\raw\dhan_shomadhan\White Background\Leaf Scaled\ls_wb_95.jpg,dhan_shomadhan,Leaf Scaled,scald,white,train,False
data\raw\dhan_shomadhan\White Background\Leaf Scaled\ls_wb_96.jpg,dhan_shomadhan,Leaf Scaled,scald,white,train,False
data\raw\dhan_shomadhan\White Background\Leaf Scaled\ls_wb_97.jpg,dhan_shomadhan,Leaf Scaled,scald,white,train,False
data\raw\dhan_shomadhan\White Background\Leaf Scaled\ls_wb_98.jpg,dhan_shomadhan,Leaf Scaled,scald,white,train,False
data\raw\dhan_shomadhan\White Background\Leaf Scaled\ls_wb_99.jpg,dhan_shomadhan,Leaf Scaled,scald,white,train,False
data\raw\dhan_shomadhan\White Background\Rice Blast\rb_wb_0.jpg,dhan_shomadhan,Rice Blast,rice_blast,white,train,False
data\raw\dhan_shomadhan\White Background\Rice Blast\rb_wb_1.jpg,dhan_shomadhan,Rice Blast,rice_blast,white,val,False
data\raw\dhan_shomadhan\White Background\Rice Blast\rb_wb_10.jpg,dhan_shomadhan,Rice Blast,rice_blast,white,train,False
data\raw\dhan_shomadhan\White Background\Rice Blast\rb_wb_100.jpg,dhan_shomadhan,Rice Blast,rice_blast,white,val,False
data\raw\dhan_shomadhan\White Background\Rice Blast\rb_wb_101.jpg,dhan_shomadhan,Rice Blast,rice_blast,white,train,False
data\raw\dhan_shomadhan\White Background\Rice Blast\rb_wb_102.jpg,dhan_shomadhan,Rice Blast,rice_blast,white,train,False
data\raw\dhan_shomadhan\White Background\Rice Blast\rb_wb_103.jpg,dhan_shomadhan,Rice Blast,rice_blast,white,train,False
data\raw\dhan_shomadhan\White Background\Rice Blast\rb_wb_104.jpg,dhan_shomadhan,Rice Blast,rice_blast,white,val,False
data\raw\dhan_shomadhan\White Background\Rice Blast\rb_wb_105.jpg,dhan_shomadhan,Rice Blast,rice_blast,white,val,False
data\raw\dhan_shomadhan\White Background\Rice Blast\rb_wb_106.jpg,dhan_shomadhan,Rice Blast,rice_blast,white,train,False
data\raw\dhan_shomadhan\White Background\Rice Blast\rb_wb_107.jpg,dhan_shomadhan,Rice Blast,rice_blast,white,train,False
data\raw\dhan_shomadhan\White Background\Rice Blast\rb_wb_108.jpg,dhan_shomadhan,Rice Blast,rice_blast,white,train,False
data\raw\dhan_shomadhan\White Background\Rice Blast\rb_wb_109.jpg,dhan_shomadhan,Rice Blast,rice_blast,white,train,False
data\raw\dhan_shomadhan\White Background\Rice Blast\rb_wb_11.jpg,dhan_shomadhan,Rice Blast,rice_blast,white,val,False
data\raw\dhan_shomadhan\White Background\Rice Blast\rb_wb_110.jpg,dhan_shomadhan,Rice Blast,rice_blast,white,test,False
data\raw\dhan_shomadhan\White Background\Rice Blast\rb_wb_111.jpg,dhan_shomadhan,Rice Blast,rice_blast,white,train,False
data\raw\dhan_shomadhan\White Background\Rice Blast\rb_wb_112.jpg,dhan_shomadhan,Rice Blast,rice_blast,white,train,False
data\raw\dhan_shomadhan\White Background\Rice Blast\rb_wb_113.jpg,dhan_shomadhan,Rice Blast,rice_blast,white,val,False
data\raw\dhan_shomadhan\White Background\Rice Blast\rb_wb_114.jpg,dhan_shomadhan,Rice Blast,rice_blast,white,train,False
data\raw\dhan_shomadhan\White Background\Rice Blast\rb_wb_115.jpg,dhan_shomadhan,Rice Blast,rice_blast,white,train,False
data\raw\dhan_shomadhan\White Background\Rice Blast\rb_wb_116.jpg,dhan_shomadhan,Rice Blast,rice_blast,white,test,False
data\raw\dhan_shomadhan\White Background\Rice Blast\rb_wb_117.jpg,dhan_shomadhan,Rice Blast,rice_blast,white,test,False
data\raw\dhan_shomadhan\White Background\Rice Blast\rb_wb_118.jpg,dhan_shomadhan,Rice Blast,rice_blast,white,train,False
data\raw\dhan_shomadhan\White Background\Rice Blast\rb_wb_119.jpg,dhan_shomadhan,Rice Blast,rice_blast,white,train,False
data\raw\dhan_shomadhan\White Background\Rice Blast\rb_wb_12.jpg,dhan_shomadhan,Rice Blast,rice_blast,white,train,False
data\raw\dhan_shomadhan\White Background\Rice Blast\rb_wb_120.jpg,dhan_shomadhan,Rice Blast,rice_blast,white,train,False
data\raw\dhan_shomadhan\White Background\Rice Blast\rb_wb_121.jpg,dhan_shomadhan,Rice Blast,rice_blast,white,train,False
data\raw\dhan_shomadhan\White Background\Rice Blast\rb_wb_122.jpg,dhan_shomadhan,Rice Blast,rice_blast,white,train,False
data\raw\dhan_shomadhan\White Background\Rice Blast\rb_wb_123.jpg,dhan_shomadhan,Rice Blast,rice_blast,white,train,False
data\raw\dhan_shomadhan\White Background\Rice Blast\rb_wb_124.jpg,dhan_shomadhan,Rice Blast,rice_blast,white,train,False
data\raw\dhan_shomadhan\White Background\Rice Blast\rb_wb_125.jpg,dhan_shomadhan,Rice Blast,rice_blast,white,train,False
data\raw\dhan_shomadhan\White Background\Rice Blast\rb_wb_126.jpg,dhan_shomadhan,Rice Blast,rice_blast,white,train,False
data\raw\dhan_shomadhan\White Background\Rice Blast\rb_wb_127.jpg,dhan_shomadhan,Rice Blast,rice_blast,white,train,False
data\raw\dhan_shomadhan\White Background\Rice Blast\rb_wb_128.jpg,dhan_shomadhan,Rice Blast,rice_blast,white,train,False
data\raw\dhan_shomadhan\White Background\Rice Blast\rb_wb_129.jpg,dhan_shomadhan,Rice Blast,rice_blast,white,val,False
data\raw\dhan_shomadhan\White Background\Rice Blast\rb_wb_13.jpg,dhan_shomadhan,Rice Blast,rice_blast,white,train,False
data\raw\dhan_shomadhan\White Background\Rice Blast\rb_wb_130.jpg,dhan_shomadhan,Rice Blast,rice_blast,white,train,False
data\raw\dhan_shomadhan\White Background\Rice Blast\rb_wb_131.jpg,dhan_shomadhan,Rice Blast,rice_blast,white,train,False
data\raw\dhan_shomadhan\White Background\Rice Blast\rb_wb_132.jpg,dhan_shomadhan,Rice Blast,rice_blast,white,train,False
data\raw\dhan_shomadhan\White Background\Rice Blast\rb_wb_133.jpg,dhan_shomadhan,Rice Blast,rice_blast,white,train,False
data\raw\dhan_shomadhan\White Background\Rice Blast\rb_wb_134.jpg,dhan_shomadhan,Rice Blast,rice_blast,white,train,False
data\raw\dhan_shomadhan\White Background\Rice Blast\rb_wb_135.jpg,dhan_shomadhan,Rice Blast,rice_blast,white,train,False
data\raw\dhan_shomadhan\White Background\Rice Blast\rb_wb_136.jpg,dhan_shomadhan,Rice Blast,rice_blast,white,train,False
data\raw\dhan_shomadhan\White Background\Rice Blast\rb_wb_137.jpg,dhan_shomadhan,Rice Blast,rice_blast,white,val,False
data\raw\dhan_shomadhan\White Background\Rice Blast\rb_wb_138.jpg,dhan_shomadhan,Rice Blast,rice_blast,white,train,False
data\raw\dhan_shomadhan\White Background\Rice Blast\rb_wb_139.jpg,dhan_shomadhan,Rice Blast,rice_blast,white,train,False
data\raw\dhan_shomadhan\White Background\Rice Blast\rb_wb_14.jpg,dhan_shomadhan,Rice Blast,rice_blast,white,train,False
data\raw\dhan_shomadhan\White Background\Rice Blast\rb_wb_140.jpg,dhan_shomadhan,Rice Blast,rice_blast,white,train,False
data\raw\dhan_shomadhan\White Background\Rice Blast\rb_wb_141.jpg,dhan_shomadhan,Rice Blast,rice_blast,white,test,False
data\raw\dhan_shomadhan\White Background\Rice Blast\rb_wb_142.jpg,dhan_shomadhan,Rice Blast,rice_blast,white,val,False
data\raw\dhan_shomadhan\White Background\Rice Blast\rb_wb_143.jpg,dhan_shomadhan,Rice Blast,rice_blast,white,test,False
data\raw\dhan_shomadhan\White Background\Rice Blast\rb_wb_144.jpg,dhan_shomadhan,Rice Blast,rice_blast,white,train,False
data\raw\dhan_shomadhan\White Background\Rice Blast\rb_wb_145.jpg,dhan_shomadhan,Rice Blast,rice_blast,white,val,False
data\raw\dhan_shomadhan\White Background\Rice Blast\rb_wb_146.jpg,dhan_shomadhan,Rice Blast,rice_blast,white,val,False
data\raw\dhan_shomadhan\White Background\Rice Blast\rb_wb_147.jpg,dhan_shomadhan,Rice Blast,rice_blast,white,test,False
data\raw\dhan_shomadhan\White Background\Rice Blast\rb_wb_148.jpg,dhan_shomadhan,Rice Blast,rice_blast,white,train,False
data\raw\dhan_shomadhan\White Background\Rice Blast\rb_wb_149.jpg,dhan_shomadhan,Rice Blast,rice_blast,white,train,False
data\raw\dhan_shomadhan\White Background\Rice Blast\rb_wb_15.jpg,dhan_shomadhan,Rice Blast,rice_blast,white,test,False
data\raw\dhan_shomadhan\White Background\Rice Blast\rb_wb_150.jpg,dhan_shomadhan,Rice Blast,rice_blast,white,test,False
data\raw\dhan_shomadhan\White Background\Rice Blast\rb_wb_151.jpg,dhan_shomadhan,Rice Blast,rice_blast,white,val,False
data\raw\dhan_shomadhan\White Background\Rice Blast\rb_wb_152.jpg,dhan_shomadhan,Rice Blast,rice_blast,white,train,False
data\raw\dhan_shomadhan\White Background\Rice Blast\rb_wb_153.jpg,dhan_shomadhan,Rice Blast,rice_blast,white,train,False
data\raw\dhan_shomadhan\White Background\Rice Blast\rb_wb_154.jpg,dhan_shomadhan,Rice Blast,rice_blast,white,train,False
data\raw\dhan_shomadhan\White Background\Rice Blast\rb_wb_155.jpg,dhan_shomadhan,Rice Blast,rice_blast,white,test,False
data\raw\dhan_shomadhan\White Background\Rice Blast\rb_wb_156.jpg,dhan_shomadhan,Rice Blast,rice_blast,white,train,False
data\raw\dhan_shomadhan\White Background\Rice Blast\rb_wb_157.jpg,dhan_shomadhan,Rice Blast,rice_blast,white,train,False
data\raw\dhan_shomadhan\White Background\Rice Blast\rb_wb_158.jpg,dhan_shomadhan,Rice Blast,rice_blast,white,train,False
data\raw\dhan_shomadhan\White Background\Rice Blast\rb_wb_159.jpg,dhan_shomadhan,Rice Blast,rice_blast,white,train,False
data\raw\dhan_shomadhan\White Background\Rice Blast\rb_wb_16.jpg,dhan_shomadhan,Rice Blast,rice_blast,white,train,False
data\raw\dhan_shomadhan\White Background\Rice Blast\rb_wb_160.jpg,dhan_shomadhan,Rice Blast,rice_blast,white,train,False
data\raw\dhan_shomadhan\White Background\Rice Blast\rb_wb_161.jpg,dhan_shomadhan,Rice Blast,rice_blast,white,train,False
data\raw\dhan_shomadhan\White Background\Rice Blast\rb_wb_162.jpg,dhan_shomadhan,Rice Blast,rice_blast,white,test,False
data\raw\dhan_shomadhan\White Background\Rice Blast\rb_wb_163.jpg,dhan_shomadhan,Rice Blast,rice_blast,white,val,False
data\raw\dhan_shomadhan\White Background\Rice Blast\rb_wb_164.jpg,dhan_shomadhan,Rice Blast,rice_blast,white,train,False
data\raw\dhan_shomadhan\White Background\Rice Blast\rb_wb_165.jpg,dhan_shomadhan,Rice Blast,rice_blast,white,train,False
data\raw\dhan_shomadhan\White Background\Rice Blast\rb_wb_166.jpg,dhan_shomadhan,Rice Blast,rice_blast,white,train,False
data\raw\dhan_shomadhan\White Background\Rice Blast\rb_wb_167.jpg,dhan_shomadhan,Rice Blast,rice_blast,white,train,False
data\raw\dhan_shomadhan\White Background\Rice Blast\rb_wb_168.jpg,dhan_shomadhan,Rice Blast,rice_blast,white,train,False
data\raw\dhan_shomadhan\White Background\Rice Blast\rb_wb_169.jpg,dhan_shomadhan,Rice Blast,rice_blast,white,train,False
data\raw\dhan_shomadhan\White Background\Rice Blast\rb_wb_17.jpg,dhan_shomadhan,Rice Blast,rice_blast,white,train,False
data\raw\dhan_shomadhan\White Background\Rice Blast\rb_wb_170.jpg,dhan_shomadhan,Rice Blast,rice_blast,white,val,False
data\raw\dhan_shomadhan\White Background\Rice Blast\rb_wb_171.jpg,dhan_shomadhan,Rice Blast,rice_blast,white,train,False
data\raw\dhan_shomadhan\White Background\Rice Blast\rb_wb_172.jpg,dhan_shomadhan,Rice Blast,rice_blast,white,train,False
data\raw\dhan_shomadhan\White Background\Rice Blast\rb_wb_173.jpg,dhan_shomadhan,Rice Blast,rice_blast,white,val,False
data\raw\dhan_shomadhan\White Background\Rice Blast\rb_wb_174.jpg,dhan_shomadhan,Rice Blast,rice_blast,white,train,False
data\raw\dhan_shomadhan\White Background\Rice Blast\rb_wb_175.jpg,dhan_shomadhan,Rice Blast,rice_blast,white,train,False
data\raw\dhan_shomadhan\White Background\Rice Blast\rb_wb_176.jpg,dhan_shomadhan,Rice Blast,rice_blast,white,train,False
data\raw\dhan_shomadhan\White Background\Rice Blast\rb_wb_177.jpg,dhan_shomadhan,Rice Blast,rice_blast,white,test,False
data\raw\dhan_shomadhan\White Background\Rice Blast\rb_wb_178.jpg,dhan_shomadhan,Rice Blast,rice_blast,white,test,False
data\raw\dhan_shomadhan\White Background\Rice Blast\rb_wb_179.jpg,dhan_shomadhan,Rice Blast,rice_blast,white,val,False
data\raw\dhan_shomadhan\White Background\Rice Blast\rb_wb_18.jpg,dhan_shomadhan,Rice Blast,rice_blast,white,train,False
data\raw\dhan_shomadhan\White Background\Rice Blast\rb_wb_180.jpg,dhan_shomadhan,Rice Blast,rice_blast,white,val,False
data\raw\dhan_shomadhan\White Background\Rice Blast\rb_wb_181.jpg,dhan_shomadhan,Rice Blast,rice_blast,white,train,False
data\raw\dhan_shomadhan\White Background\Rice Blast\rb_wb_182.jpg,dhan_shomadhan,Rice Blast,rice_blast,white,train,False
data\raw\dhan_shomadhan\White Background\Rice Blast\rb_wb_183.jpg,dhan_shomadhan,Rice Blast,rice_blast,white,train,False
data\raw\dhan_shomadhan\White Background\Rice Blast\rb_wb_184.jpg,dhan_shomadhan,Rice Blast,rice_blast,white,train,False
data\raw\dhan_shomadhan\White Background\Rice Blast\rb_wb_185.jpg,dhan_shomadhan,Rice Blast,rice_blast,white,train,False
data\raw\dhan_shomadhan\White Background\Rice Blast\rb_wb_186.jpg,dhan_shomadhan,Rice Blast,rice_blast,white,train,False
data\raw\dhan_shomadhan\White Background\Rice Blast\rb_wb_187.jpg,dhan_shomadhan,Rice Blast,rice_blast,white,train,False
data\raw\dhan_shomadhan\White Background\Rice Blast\rb_wb_188.jpg,dhan_shomadhan,Rice Blast,rice_blast,white,test,False
data\raw\dhan_shomadhan\White Background\Rice Blast\rb_wb_189.jpg,dhan_shomadhan,Rice Blast,rice_blast,white,train,False
data\raw\dhan_shomadhan\White Background\Rice Blast\rb_wb_19.jpg,dhan_shomadhan,Rice Blast,rice_blast,white,train,False
data\raw\dhan_shomadhan\White Background\Rice Blast\rb_wb_190.jpg,dhan_shomadhan,Rice Blast,rice_blast,white,test,False
data\raw\dhan_shomadhan\White Background\Rice Blast\rb_wb_191.jpg,dhan_shomadhan,Rice Blast,rice_blast,white,val,False
data\raw\dhan_shomadhan\White Background\Rice Blast\rb_wb_192.jpg,dhan_shomadhan,Rice Blast,rice_blast,white,train,False
data\raw\dhan_shomadhan\White Background\Rice Blast\rb_wb_193.jpg,dhan_shomadhan,Rice Blast,rice_blast,white,val,False
data\raw\dhan_shomadhan\White Background\Rice Blast\rb_wb_194.jpg,dhan_shomadhan,Rice Blast,rice_blast,white,test,False
data\raw\dhan_shomadhan\White Background\Rice Blast\rb_wb_195.jpg,dhan_shomadhan,Rice Blast,rice_blast,white,test,False
data\raw\dhan_shomadhan\White Background\Rice Blast\rb_wb_196.jpg,dhan_shomadhan,Rice Blast,rice_blast,white,train,False
data\raw\dhan_shomadhan\White Background\Rice Blast\rb_wb_197.jpg,dhan_shomadhan,Rice Blast,rice_blast,white,train,False
data\raw\dhan_shomadhan\White Background\Rice Blast\rb_wb_2.jpg,dhan_shomadhan,Rice Blast,rice_blast,white,val,False
data\raw\dhan_shomadhan\White Background\Rice Blast\rb_wb_20.jpg,dhan_shomadhan,Rice Blast,rice_blast,white,train,False
data\raw\dhan_shomadhan\White Background\Rice Blast\rb_wb_21.jpg,dhan_shomadhan,Rice Blast,rice_blast,white,train,False
data\raw\dhan_shomadhan\White Background\Rice Blast\rb_wb_22.jpg,dhan_shomadhan,Rice Blast,rice_blast,white,train,False
data\raw\dhan_shomadhan\White Background\Rice Blast\rb_wb_23.jpg,dhan_shomadhan,Rice Blast,rice_blast,white,train,False
data\raw\dhan_shomadhan\White Background\Rice Blast\rb_wb_24.jpg,dhan_shomadhan,Rice Blast,rice_blast,white,train,False
data\raw\dhan_shomadhan\White Background\Rice Blast\rb_wb_25.jpg,dhan_shomadhan,Rice Blast,rice_blast,white,train,False
data\raw\dhan_shomadhan\White Background\Rice Blast\rb_wb_26.jpg,dhan_shomadhan,Rice Blast,rice_blast,white,train,False
data\raw\dhan_shomadhan\White Background\Rice Blast\rb_wb_27.jpg,dhan_shomadhan,Rice Blast,rice_blast,white,train,False
data\raw\dhan_shomadhan\White Background\Rice Blast\rb_wb_28.jpg,dhan_shomadhan,Rice Blast,rice_blast,white,train,False
data\raw\dhan_shomadhan\White Background\Rice Blast\rb_wb_29.jpg,dhan_shomadhan,Rice Blast,rice_blast,white,train,False
data\raw\dhan_shomadhan\White Background\Rice Blast\rb_wb_3.jpg,dhan_shomadhan,Rice Blast,rice_blast,white,test,False
data\raw\dhan_shomadhan\White Background\Rice Blast\rb_wb_30.jpg,dhan_shomadhan,Rice Blast,rice_blast,white,train,False
data\raw\dhan_shomadhan\White Background\Rice Blast\rb_wb_31.jpg,dhan_shomadhan,Rice Blast,rice_blast,white,train,False
data\raw\dhan_shomadhan\White Background\Rice Blast\rb_wb_32.jpg,dhan_shomadhan,Rice Blast,rice_blast,white,train,False
data\raw\dhan_shomadhan\White Background\Rice Blast\rb_wb_33.jpg,dhan_shomadhan,Rice Blast,rice_blast,white,train,False
data\raw\dhan_shomadhan\White Background\Rice Blast\rb_wb_34.jpg,dhan_shomadhan,Rice Blast,rice_blast,white,train,False
data\raw\dhan_shomadhan\White Background\Rice Blast\rb_wb_35.jpg,dhan_shomadhan,Rice Blast,rice_blast,white,train,False
data\raw\dhan_shomadhan\White Background\Rice Blast\rb_wb_36.jpg,dhan_shomadhan,Rice Blast,rice_blast,white,train,False
data\raw\dhan_shomadhan\White Background\Rice Blast\rb_wb_37.jpg,dhan_shomadhan,Rice Blast,rice_blast,white,val,False
data\raw\dhan_shomadhan\White Background\Rice Blast\rb_wb_38.jpg,dhan_shomadhan,Rice Blast,rice_blast,white,test,False
data\raw\dhan_shomadhan\White Background\Rice Blast\rb_wb_39.jpg,dhan_shomadhan,Rice Blast,rice_blast,white,val,False
data\raw\dhan_shomadhan\White Background\Rice Blast\rb_wb_4.jpg,dhan_shomadhan,Rice Blast,rice_blast,white,train,False
data\raw\dhan_shomadhan\White Background\Rice Blast\rb_wb_40.jpg,dhan_shomadhan,Rice Blast,rice_blast,white,val,False
data\raw\dhan_shomadhan\White Background\Rice Blast\rb_wb_41.jpg,dhan_shomadhan,Rice Blast,rice_blast,white,val,False
data\raw\dhan_shomadhan\White Background\Rice Blast\rb_wb_42.jpg,dhan_shomadhan,Rice Blast,rice_blast,white,train,False
data\raw\dhan_shomadhan\White Background\Rice Blast\rb_wb_43.jpg,dhan_shomadhan,Rice Blast,rice_blast,white,train,False
data\raw\dhan_shomadhan\White Background\Rice Blast\rb_wb_44.jpg,dhan_shomadhan,Rice Blast,rice_blast,white,train,False
data\raw\dhan_shomadhan\White Background\Rice Blast\rb_wb_45.jpg,dhan_shomadhan,Rice Blast,rice_blast,white,train,False
data\raw\dhan_shomadhan\White Background\Rice Blast\rb_wb_46.jpg,dhan_shomadhan,Rice Blast,rice_blast,white,train,False
data\raw\dhan_shomadhan\White Background\Rice Blast\rb_wb_47.jpg,dhan_shomadhan,Rice Blast,rice_blast,white,train,False
data\raw\dhan_shomadhan\White Background\Rice Blast\rb_wb_48.jpg,dhan_shomadhan,Rice Blast,rice_blast,white,train,False
data\raw\dhan_shomadhan\White Background\Rice Blast\rb_wb_49.jpg,dhan_shomadhan,Rice Blast,rice_blast,white,train,False
data\raw\dhan_shomadhan\White Background\Rice Blast\rb_wb_5.jpg,dhan_shomadhan,Rice Blast,rice_blast,white,train,False
data\raw\dhan_shomadhan\White Background\Rice Blast\rb_wb_50.jpg,dhan_shomadhan,Rice Blast,rice_blast,white,train,False
data\raw\dhan_shomadhan\White Background\Rice Blast\rb_wb_51.jpg,dhan_shomadhan,Rice Blast,rice_blast,white,val,False
data\raw\dhan_shomadhan\White Background\Rice Blast\rb_wb_52.jpg,dhan_shomadhan,Rice Blast,rice_blast,white,train,False
data\raw\dhan_shomadhan\White Background\Rice Blast\rb_wb_53.jpg,dhan_shomadhan,Rice Blast,rice_blast,white,train,False
data\raw\dhan_shomadhan\White Background\Rice Blast\rb_wb_54.jpg,dhan_shomadhan,Rice Blast,rice_blast,white,train,False
data\raw\dhan_shomadhan\White Background\Rice Blast\rb_wb_55.jpg,dhan_shomadhan,Rice Blast,rice_blast,white,test,False
data\raw\dhan_shomadhan\White Background\Rice Blast\rb_wb_56.jpg,dhan_shomadhan,Rice Blast,rice_blast,white,train,False
data\raw\dhan_shomadhan\White Background\Rice Blast\rb_wb_57.jpg,dhan_shomadhan,Rice Blast,rice_blast,white,test,False
data\raw\dhan_shomadhan\White Background\Rice Blast\rb_wb_58.jpg,dhan_shomadhan,Rice Blast,rice_blast,white,train,False
data\raw\dhan_shomadhan\White Background\Rice Blast\rb_wb_59.jpg,dhan_shomadhan,Rice Blast,rice_blast,white,train,False
data\raw\dhan_shomadhan\White Background\Rice Blast\rb_wb_6.jpg,dhan_shomadhan,Rice Blast,rice_blast,white,train,False
data\raw\dhan_shomadhan\White Background\Rice Blast\rb_wb_60.jpg,dhan_shomadhan,Rice Blast,rice_blast,white,train,False
data\raw\dhan_shomadhan\White Background\Rice Blast\rb_wb_61.jpg,dhan_shomadhan,Rice Blast,rice_blast,white,train,False
data\raw\dhan_shomadhan\White Background\Rice Blast\rb_wb_62.jpg,dhan_shomadhan,Rice Blast,rice_blast,white,train,False
data\raw\dhan_shomadhan\White Background\Rice Blast\rb_wb_63.jpg,dhan_shomadhan,Rice Blast,rice_blast,white,train,False
data\raw\dhan_shomadhan\White Background\Rice Blast\rb_wb_64.jpg,dhan_shomadhan,Rice Blast,rice_blast,white,train,False
data\raw\dhan_shomadhan\White Background\Rice Blast\rb_wb_65.jpg,dhan_shomadhan,Rice Blast,rice_blast,white,test,False
data\raw\dhan_shomadhan\White Background\Rice Blast\rb_wb_66.jpg,dhan_shomadhan,Rice Blast,rice_blast,white,val,False
data\raw\dhan_shomadhan\White Background\Rice Blast\rb_wb_67.jpg,dhan_shomadhan,Rice Blast,rice_blast,white,train,False
data\raw\dhan_shomadhan\White Background\Rice Blast\rb_wb_68.jpg,dhan_shomadhan,Rice Blast,rice_blast,white,val,False
data\raw\dhan_shomadhan\White Background\Rice Blast\rb_wb_69.jpg,dhan_shomadhan,Rice Blast,rice_blast,white,train,False
data\raw\dhan_shomadhan\White Background\Rice Blast\rb_wb_7.jpg,dhan_shomadhan,Rice Blast,rice_blast,white,train,False
data\raw\dhan_shomadhan\White Background\Rice Blast\rb_wb_70.jpg,dhan_shomadhan,Rice Blast,rice_blast,white,val,False
data\raw\dhan_shomadhan\White Background\Rice Blast\rb_wb_71.jpg,dhan_shomadhan,Rice Blast,rice_blast,white,train,False
data\raw\dhan_shomadhan\White Background\Rice Blast\rb_wb_72.jpg,dhan_shomadhan,Rice Blast,rice_blast,white,train,False
data\raw\dhan_shomadhan\White Background\Rice Blast\rb_wb_73.jpg,dhan_shomadhan,Rice Blast,rice_blast,white,test,False
data\raw\dhan_shomadhan\White Background\Rice Blast\rb_wb_74.jpg,dhan_shomadhan,Rice Blast,rice_blast,white,train,False
data\raw\dhan_shomadhan\White Background\Rice Blast\rb_wb_75.jpg,dhan_shomadhan,Rice Blast,rice_blast,white,val,False
data\raw\dhan_shomadhan\White Background\Rice Blast\rb_wb_76.jpg,dhan_shomadhan,Rice Blast,rice_blast,white,train,False
data\raw\dhan_shomadhan\White Background\Rice Blast\rb_wb_77.jpg,dhan_shomadhan,Rice Blast,rice_blast,white,train,False
data\raw\dhan_shomadhan\White Background\Rice Blast\rb_wb_78.jpg,dhan_shomadhan,Rice Blast,rice_blast,white,test,False
data\raw\dhan_shomadhan\White Background\Rice Blast\rb_wb_79.jpg,dhan_shomadhan,Rice Blast,rice_blast,white,train,False
data\raw\dhan_shomadhan\White Background\Rice Blast\rb_wb_8.jpg,dhan_shomadhan,Rice Blast,rice_blast,white,train,False
data\raw\dhan_shomadhan\White Background\Rice Blast\rb_wb_80.jpg,dhan_shomadhan,Rice Blast,rice_blast,white,train,False
data\raw\dhan_shomadhan\White Background\Rice Blast\rb_wb_81.jpg,dhan_shomadhan,Rice Blast,rice_blast,white,train,False
data\raw\dhan_shomadhan\White Background\Rice Blast\rb_wb_82.jpg,dhan_shomadhan,Rice Blast,rice_blast,white,train,False
data\raw\dhan_shomadhan\White Background\Rice Blast\rb_wb_83.jpg,dhan_shomadhan,Rice Blast,rice_blast,white,train,False
data\raw\dhan_shomadhan\White Background\Rice Blast\rb_wb_84.jpg,dhan_shomadhan,Rice Blast,rice_blast,white,train,False
data\raw\dhan_shomadhan\White Background\Rice Blast\rb_wb_85.jpg,dhan_shomadhan,Rice Blast,rice_blast,white,train,False
data\raw\dhan_shomadhan\White Background\Rice Blast\rb_wb_86.jpg,dhan_shomadhan,Rice Blast,rice_blast,white,train,False
data\raw\dhan_shomadhan\White Background\Rice Blast\rb_wb_87.jpg,dhan_shomadhan,Rice Blast,rice_blast,white,train,False
data\raw\dhan_shomadhan\White Background\Rice Blast\rb_wb_88.jpg,dhan_shomadhan,Rice Blast,rice_blast,white,train,False
data\raw\dhan_shomadhan\White Background\Rice Blast\rb_wb_89.jpg,dhan_shomadhan,Rice Blast,rice_blast,white,train,False
data\raw\dhan_shomadhan\White Background\Rice Blast\rb_wb_9.jpg,dhan_shomadhan,Rice Blast,rice_blast,white,test,False
data\raw\dhan_shomadhan\White Background\Rice Blast\rb_wb_90.jpg,dhan_shomadhan,Rice Blast,rice_blast,white,test,False
data\raw\dhan_shomadhan\White Background\Rice Blast\rb_wb_91.jpg,dhan_shomadhan,Rice Blast,rice_blast,white,test,False
data\raw\dhan_shomadhan\White Background\Rice Blast\rb_wb_92.jpg,dhan_shomadhan,Rice Blast,rice_blast,white,val,False
data\raw\dhan_shomadhan\White Background\Rice Blast\rb_wb_93.jpg,dhan_shomadhan,Rice Blast,rice_blast,white,test,False
data\raw\dhan_shomadhan\White Background\Rice Blast\rb_wb_94.jpg,dhan_shomadhan,Rice Blast,rice_blast,white,train,False
data\raw\dhan_shomadhan\White Background\Rice Blast\rb_wb_95.jpg,dhan_shomadhan,Rice Blast,rice_blast,white,train,False
data\raw\dhan_shomadhan\White Background\Rice Blast\rb_wb_96.jpg,dhan_shomadhan,Rice Blast,rice_blast,white,train,False
data\raw\dhan_shomadhan\White Background\Rice Blast\rb_wb_97.jpg,dhan_shomadhan,Rice Blast,rice_blast,white,train,False
data\raw\dhan_shomadhan\White Background\Rice Blast\rb_wb_98.jpg,dhan_shomadhan,Rice Blast,rice_blast,white,train,False
data\raw\dhan_shomadhan\White Background\Rice Blast\rb_wb_99.jpg,dhan_shomadhan,Rice Blast,rice_blast,white,train,False
data\raw\dhan_shomadhan\White Background\Rice Tungro\rt_wb_0.jpg,dhan_shomadhan,Rice Tungro,tungro,white,train,False
data\raw\dhan_shomadhan\White Background\Rice Tungro\rt_wb_1.jpg,dhan_shomadhan,Rice Tungro,tungro,white,test,False
data\raw\dhan_shomadhan\White Background\Rice Tungro\rt_wb_10.jpg,dhan_shomadhan,Rice Tungro,tungro,white,train,False
data\raw\dhan_shomadhan\White Background\Rice Tungro\rt_wb_100.jpg,dhan_shomadhan,Rice Tungro,tungro,white,train,False
data\raw\dhan_shomadhan\White Background\Rice Tungro\rt_wb_101.jpg,dhan_shomadhan,Rice Tungro,tungro,white,train,False
data\raw\dhan_shomadhan\White Background\Rice Tungro\rt_wb_102.jpg,dhan_shomadhan,Rice Tungro,tungro,white,train,False
data\raw\dhan_shomadhan\White Background\Rice Tungro\rt_wb_103.jpg,dhan_shomadhan,Rice Tungro,tungro,white,train,False
data\raw\dhan_shomadhan\White Background\Rice Tungro\rt_wb_104.jpg,dhan_shomadhan,Rice Tungro,tungro,white,val,False
data\raw\dhan_shomadhan\White Background\Rice Tungro\rt_wb_105.jpg,dhan_shomadhan,Rice Tungro,tungro,white,val,False
data\raw\dhan_shomadhan\White Background\Rice Tungro\rt_wb_106.jpg,dhan_shomadhan,Rice Tungro,tungro,white,train,False
data\raw\dhan_shomadhan\White Background\Rice Tungro\rt_wb_107.jpg,dhan_shomadhan,Rice Tungro,tungro,white,train,False
data\raw\dhan_shomadhan\White Background\Rice Tungro\rt_wb_108.jpg,dhan_shomadhan,Rice Tungro,tungro,white,train,False
data\raw\dhan_shomadhan\White Background\Rice Tungro\rt_wb_109.jpg,dhan_shomadhan,Rice Tungro,tungro,white,train,False
data\raw\dhan_shomadhan\White Background\Rice Tungro\rt_wb_11.jpg,dhan_shomadhan,Rice Tungro,tungro,white,val,False
data\raw\dhan_shomadhan\White Background\Rice Tungro\rt_wb_110.jpg,dhan_shomadhan,Rice Tungro,tungro,white,test,False
data\raw\dhan_shomadhan\White Background\Rice Tungro\rt_wb_111.jpg,dhan_shomadhan,Rice Tungro,tungro,white,train,False
data\raw\dhan_shomadhan\White Background\Rice Tungro\rt_wb_112.jpg,dhan_shomadhan,Rice Tungro,tungro,white,train,False
data\raw\dhan_shomadhan\White Background\Rice Tungro\rt_wb_113.jpg,dhan_shomadhan,Rice Tungro,tungro,white,val,False
data\raw\dhan_shomadhan\White Background\Rice Tungro\rt_wb_114.jpg,dhan_shomadhan,Rice Tungro,tungro,white,train,False
data\raw\dhan_shomadhan\White Background\Rice Tungro\rt_wb_115.jpg,dhan_shomadhan,Rice Tungro,tungro,white,train,False
data\raw\dhan_shomadhan\White Background\Rice Tungro\rt_wb_116.jpg,dhan_shomadhan,Rice Tungro,tungro,white,test,False
data\raw\dhan_shomadhan\White Background\Rice Tungro\rt_wb_117.jpg,dhan_shomadhan,Rice Tungro,tungro,white,test,False
data\raw\dhan_shomadhan\White Background\Rice Tungro\rt_wb_118.jpg,dhan_shomadhan,Rice Tungro,tungro,white,train,False
data\raw\dhan_shomadhan\White Background\Rice Tungro\rt_wb_12.jpg,dhan_shomadhan,Rice Tungro,tungro,white,train,False
data\raw\dhan_shomadhan\White Background\Rice Tungro\rt_wb_13.jpg,dhan_shomadhan,Rice Tungro,tungro,white,train,False
data\raw\dhan_shomadhan\White Background\Rice Tungro\rt_wb_14.jpg,dhan_shomadhan,Rice Tungro,tungro,white,train,False
data\raw\dhan_shomadhan\White Background\Rice Tungro\rt_wb_15.jpg,dhan_shomadhan,Rice Tungro,tungro,white,train,False
data\raw\dhan_shomadhan\White Background\Rice Tungro\rt_wb_16.jpg,dhan_shomadhan,Rice Tungro,tungro,white,train,False
data\raw\dhan_shomadhan\White Background\Rice Tungro\rt_wb_17.jpg,dhan_shomadhan,Rice Tungro,tungro,white,train,False
data\raw\dhan_shomadhan\White Background\Rice Tungro\rt_wb_18.jpg,dhan_shomadhan,Rice Tungro,tungro,white,train,False
data\raw\dhan_shomadhan\White Background\Rice Tungro\rt_wb_19.jpg,dhan_shomadhan,Rice Tungro,tungro,white,train,False
data\raw\dhan_shomadhan\White Background\Rice Tungro\rt_wb_2.jpg,dhan_shomadhan,Rice Tungro,tungro,white,train,False
data\raw\dhan_shomadhan\White Background\Rice Tungro\rt_wb_20.jpg,dhan_shomadhan,Rice Tungro,tungro,white,train,False
data\raw\dhan_shomadhan\White Background\Rice Tungro\rt_wb_21.jpg,dhan_shomadhan,Rice Tungro,tungro,white,train,False
data\raw\dhan_shomadhan\White Background\Rice Tungro\rt_wb_22.jpg,dhan_shomadhan,Rice Tungro,tungro,white,val,False
data\raw\dhan_shomadhan\White Background\Rice Tungro\rt_wb_23.jpg,dhan_shomadhan,Rice Tungro,tungro,white,train,False
data\raw\dhan_shomadhan\White Background\Rice Tungro\rt_wb_24.jpg,dhan_shomadhan,Rice Tungro,tungro,white,train,False
data\raw\dhan_shomadhan\White Background\Rice Tungro\rt_wb_25.jpg,dhan_shomadhan,Rice Tungro,tungro,white,test,False
data\raw\dhan_shomadhan\White Background\Rice Tungro\rt_wb_26.jpg,dhan_shomadhan,Rice Tungro,tungro,white,train,False
data\raw\dhan_shomadhan\White Background\Rice Tungro\rt_wb_27.jpg,dhan_shomadhan,Rice Tungro,tungro,white,train,False
data\raw\dhan_shomadhan\White Background\Rice Tungro\rt_wb_28.jpg,dhan_shomadhan,Rice Tungro,tungro,white,train,False
data\raw\dhan_shomadhan\White Background\Rice Tungro\rt_wb_29.jpg,dhan_shomadhan,Rice Tungro,tungro,white,train,False
data\raw\dhan_shomadhan\White Background\Rice Tungro\rt_wb_3.jpg,dhan_shomadhan,Rice Tungro,tungro,white,train,False
data\raw\dhan_shomadhan\White Background\Rice Tungro\rt_wb_30.jpg,dhan_shomadhan,Rice Tungro,tungro,white,train,False
data\raw\dhan_shomadhan\White Background\Rice Tungro\rt_wb_31.jpg,dhan_shomadhan,Rice Tungro,tungro,white,train,False
data\raw\dhan_shomadhan\White Background\Rice Tungro\rt_wb_32.jpg,dhan_shomadhan,Rice Tungro,tungro,white,train,False
data\raw\dhan_shomadhan\White Background\Rice Tungro\rt_wb_33.jpg,dhan_shomadhan,Rice Tungro,tungro,white,train,False
data\raw\dhan_shomadhan\White Background\Rice Tungro\rt_wb_34.jpg,dhan_shomadhan,Rice Tungro,tungro,white,train,False
data\raw\dhan_shomadhan\White Background\Rice Tungro\rt_wb_35.jpg,dhan_shomadhan,Rice Tungro,tungro,white,test,False
data\raw\dhan_shomadhan\White Background\Rice Tungro\rt_wb_36.jpg,dhan_shomadhan,Rice Tungro,tungro,white,val,False
data\raw\dhan_shomadhan\White Background\Rice Tungro\rt_wb_37.jpg,dhan_shomadhan,Rice Tungro,tungro,white,val,False
data\raw\dhan_shomadhan\White Background\Rice Tungro\rt_wb_38.jpg,dhan_shomadhan,Rice Tungro,tungro,white,train,False
data\raw\dhan_shomadhan\White Background\Rice Tungro\rt_wb_39.jpg,dhan_shomadhan,Rice Tungro,tungro,white,test,False
data\raw\dhan_shomadhan\White Background\Rice Tungro\rt_wb_4.jpg,dhan_shomadhan,Rice Tungro,tungro,white,train,False
data\raw\dhan_shomadhan\White Background\Rice Tungro\rt_wb_40.jpg,dhan_shomadhan,Rice Tungro,tungro,white,val,False
data\raw\dhan_shomadhan\White Background\Rice Tungro\rt_wb_41.jpg,dhan_shomadhan,Rice Tungro,tungro,white,train,False
data\raw\dhan_shomadhan\White Background\Rice Tungro\rt_wb_42.jpg,dhan_shomadhan,Rice Tungro,tungro,white,train,False
data\raw\dhan_shomadhan\White Background\Rice Tungro\rt_wb_43.jpg,dhan_shomadhan,Rice Tungro,tungro,white,test,False
data\raw\dhan_shomadhan\White Background\Rice Tungro\rt_wb_44.jpg,dhan_shomadhan,Rice Tungro,tungro,white,val,False
data\raw\dhan_shomadhan\White Background\Rice Tungro\rt_wb_45.jpg,dhan_shomadhan,Rice Tungro,tungro,white,val,False
data\raw\dhan_shomadhan\White Background\Rice Tungro\rt_wb_46.jpg,dhan_shomadhan,Rice Tungro,tungro,white,train,False
data\raw\dhan_shomadhan\White Background\Rice Tungro\rt_wb_47.jpg,dhan_shomadhan,Rice Tungro,tungro,white,train,False
data\raw\dhan_shomadhan\White Background\Rice Tungro\rt_wb_48.jpg,dhan_shomadhan,Rice Tungro,tungro,white,train,False
data\raw\dhan_shomadhan\White Background\Rice Tungro\rt_wb_49.jpg,dhan_shomadhan,Rice Tungro,tungro,white,val,False
data\raw\dhan_shomadhan\White Background\Rice Tungro\rt_wb_5.jpg,dhan_shomadhan,Rice Tungro,tungro,white,train,False
data\raw\dhan_shomadhan\White Background\Rice Tungro\rt_wb_50.jpg,dhan_shomadhan,Rice Tungro,tungro,white,train,False
data\raw\dhan_shomadhan\White Background\Rice Tungro\rt_wb_51.jpg,dhan_shomadhan,Rice Tungro,tungro,white,train,False
data\raw\dhan_shomadhan\White Background\Rice Tungro\rt_wb_52.jpg,dhan_shomadhan,Rice Tungro,tungro,white,train,False
data\raw\dhan_shomadhan\White Background\Rice Tungro\rt_wb_53.jpg,dhan_shomadhan,Rice Tungro,tungro,white,train,False
data\raw\dhan_shomadhan\White Background\Rice Tungro\rt_wb_54.jpg,dhan_shomadhan,Rice Tungro,tungro,white,train,False
data\raw\dhan_shomadhan\White Background\Rice Tungro\rt_wb_55.jpg,dhan_shomadhan,Rice Tungro,tungro,white,train,False
data\raw\dhan_shomadhan\White Background\Rice Tungro\rt_wb_56.jpg,dhan_shomadhan,Rice Tungro,tungro,white,test,False
data\raw\dhan_shomadhan\White Background\Rice Tungro\rt_wb_57.jpg,dhan_shomadhan,Rice Tungro,tungro,white,val,False
data\raw\dhan_shomadhan\White Background\Rice Tungro\rt_wb_58.jpg,dhan_shomadhan,Rice Tungro,tungro,white,train,False
data\raw\dhan_shomadhan\White Background\Rice Tungro\rt_wb_59.jpg,dhan_shomadhan,Rice Tungro,tungro,white,test,False
data\raw\dhan_shomadhan\White Background\Rice Tungro\rt_wb_6.jpg,dhan_shomadhan,Rice Tungro,tungro,white,train,False
data\raw\dhan_shomadhan\White Background\Rice Tungro\rt_wb_60.jpg,dhan_shomadhan,Rice Tungro,tungro,white,train,False
data\raw\dhan_shomadhan\White Background\Rice Tungro\rt_wb_61.jpg,dhan_shomadhan,Rice Tungro,tungro,white,train,False
data\raw\dhan_shomadhan\White Background\Rice Tungro\rt_wb_62.jpg,dhan_shomadhan,Rice Tungro,tungro,white,train,False
data\raw\dhan_shomadhan\White Background\Rice Tungro\rt_wb_63.jpg,dhan_shomadhan,Rice Tungro,tungro,white,train,False
data\raw\dhan_shomadhan\White Background\Rice Tungro\rt_wb_64.jpg,dhan_shomadhan,Rice Tungro,tungro,white,val,False
data\raw\dhan_shomadhan\White Background\Rice Tungro\rt_wb_65.jpg,dhan_shomadhan,Rice Tungro,tungro,white,train,False
data\raw\dhan_shomadhan\White Background\Rice Tungro\rt_wb_66.jpg,dhan_shomadhan,Rice Tungro,tungro,white,train,False
data\raw\dhan_shomadhan\White Background\Rice Tungro\rt_wb_67.jpg,dhan_shomadhan,Rice Tungro,tungro,white,val,False
data\raw\dhan_shomadhan\White Background\Rice Tungro\rt_wb_68.jpg,dhan_shomadhan,Rice Tungro,tungro,white,train,False
data\raw\dhan_shomadhan\White Background\Rice Tungro\rt_wb_69.jpg,dhan_shomadhan,Rice Tungro,tungro,white,train,False
data\raw\dhan_shomadhan\White Background\Rice Tungro\rt_wb_7.jpg,dhan_shomadhan,Rice Tungro,tungro,white,train,False
data\raw\dhan_shomadhan\White Background\Rice Tungro\rt_wb_70.jpg,dhan_shomadhan,Rice Tungro,tungro,white,test,False
data\raw\dhan_shomadhan\White Background\Rice Tungro\rt_wb_71.jpg,dhan_shomadhan,Rice Tungro,tungro,white,test,False
data\raw\dhan_shomadhan\White Background\Rice Tungro\rt_wb_72.jpg,dhan_shomadhan,Rice Tungro,tungro,white,val,False
data\raw\dhan_shomadhan\White Background\Rice Tungro\rt_wb_73.jpg,dhan_shomadhan,Rice Tungro,tungro,white,train,False
data\raw\dhan_shomadhan\White Background\Rice Tungro\rt_wb_74.jpg,dhan_shomadhan,Rice Tungro,tungro,white,val,False
data\raw\dhan_shomadhan\White Background\Rice Tungro\rt_wb_75.jpg,dhan_shomadhan,Rice Tungro,tungro,white,test,False
data\raw\dhan_shomadhan\White Background\Rice Tungro\rt_wb_76.jpg,dhan_shomadhan,Rice Tungro,tungro,white,train,False
data\raw\dhan_shomadhan\White Background\Rice Tungro\rt_wb_77.jpg,dhan_shomadhan,Rice Tungro,tungro,white,train,False
data\raw\dhan_shomadhan\White Background\Rice Tungro\rt_wb_78.jpg,dhan_shomadhan,Rice Tungro,tungro,white,train,False
data\raw\dhan_shomadhan\White Background\Rice Tungro\rt_wb_79.jpg,dhan_shomadhan,Rice Tungro,tungro,white,train,False
data\raw\dhan_shomadhan\White Background\Rice Tungro\rt_wb_8.jpg,dhan_shomadhan,Rice Tungro,tungro,white,train,False
data\raw\dhan_shomadhan\White Background\Rice Tungro\rt_wb_80.jpg,dhan_shomadhan,Rice Tungro,tungro,white,train,False
data\raw\dhan_shomadhan\White Background\Rice Tungro\rt_wb_81.jpg,dhan_shomadhan,Rice Tungro,tungro,white,test,False
data\raw\dhan_shomadhan\White Background\Rice Tungro\rt_wb_82.jpg,dhan_shomadhan,Rice Tungro,tungro,white,train,False
data\raw\dhan_shomadhan\White Background\Rice Tungro\rt_wb_83.jpg,dhan_shomadhan,Rice Tungro,tungro,white,train,False
data\raw\dhan_shomadhan\White Background\Rice Tungro\rt_wb_84.jpg,dhan_shomadhan,Rice Tungro,tungro,white,test,False
data\raw\dhan_shomadhan\White Background\Rice Tungro\rt_wb_85.jpg,dhan_shomadhan,Rice Tungro,tungro,white,test,False
data\raw\dhan_shomadhan\White Background\Rice Tungro\rt_wb_86.jpg,dhan_shomadhan,Rice Tungro,tungro,white,train,False
data\raw\dhan_shomadhan\White Background\Rice Tungro\rt_wb_87.jpg,dhan_shomadhan,Rice Tungro,tungro,white,train,False
data\raw\dhan_shomadhan\White Background\Rice Tungro\rt_wb_88.jpg,dhan_shomadhan,Rice Tungro,tungro,white,test,False
data\raw\dhan_shomadhan\White Background\Rice Tungro\rt_wb_89.jpg,dhan_shomadhan,Rice Tungro,tungro,white,val,False
data\raw\dhan_shomadhan\White Background\Rice Tungro\rt_wb_9.jpg,dhan_shomadhan,Rice Tungro,tungro,white,train,False
data\raw\dhan_shomadhan\White Background\Rice Tungro\rt_wb_90.jpg,dhan_shomadhan,Rice Tungro,tungro,white,train,False
data\raw\dhan_shomadhan\White Background\Rice Tungro\rt_wb_91.jpg,dhan_shomadhan,Rice Tungro,tungro,white,val,False
data\raw\dhan_shomadhan\White Background\Rice Tungro\rt_wb_92.jpg,dhan_shomadhan,Rice Tungro,tungro,white,train,False
data\raw\dhan_shomadhan\White Background\Rice Tungro\rt_wb_93.jpg,dhan_shomadhan,Rice Tungro,tungro,white,train,False
data\raw\dhan_shomadhan\White Background\Rice Tungro\rt_wb_94.jpg,dhan_shomadhan,Rice Tungro,tungro,white,train,False
data\raw\dhan_shomadhan\White Background\Rice Tungro\rt_wb_95.jpg,dhan_shomadhan,Rice Tungro,tungro,white,train,False
data\raw\dhan_shomadhan\White Background\Rice Tungro\rt_wb_96.jpg,dhan_shomadhan,Rice Tungro,tungro,white,train,False
data\raw\dhan_shomadhan\White Background\Rice Tungro\rt_wb_97.jpg,dhan_shomadhan,Rice Tungro,tungro,white,test,False
data\raw\dhan_shomadhan\White Background\Rice Tungro\rt_wb_98.jpg,dhan_shomadhan,Rice Tungro,tungro,white,train,False
data\raw\dhan_shomadhan\White Background\Rice Tungro\rt_wb_99.jpg,dhan_shomadhan,Rice Tungro,tungro,white,train,False
data\raw\dhan_shomadhan\White Background\Shath Blight\sb_wb_0.jpg,dhan_shomadhan,Shath Blight,sheath_blight,white,train,False
data\raw\dhan_shomadhan\White Background\Shath Blight\sb_wb_1.jpg,dhan_shomadhan,Shath Blight,sheath_blight,white,val,False
data\raw\dhan_shomadhan\White Background\Shath Blight\sb_wb_10.jpg,dhan_shomadhan,Shath Blight,sheath_blight,white,train,False
data\raw\dhan_shomadhan\White Background\Shath Blight\sb_wb_100.jpg,dhan_shomadhan,Shath Blight,sheath_blight,white,val,False
data\raw\dhan_shomadhan\White Background\Shath Blight\sb_wb_101.jpg,dhan_shomadhan,Shath Blight,sheath_blight,white,train,False
data\raw\dhan_shomadhan\White Background\Shath Blight\sb_wb_102.jpg,dhan_shomadhan,Shath Blight,sheath_blight,white,train,False
data\raw\dhan_shomadhan\White Background\Shath Blight\sb_wb_103.jpg,dhan_shomadhan,Shath Blight,sheath_blight,white,train,False
data\raw\dhan_shomadhan\White Background\Shath Blight\sb_wb_104.jpg,dhan_shomadhan,Shath Blight,sheath_blight,white,val,False
data\raw\dhan_shomadhan\White Background\Shath Blight\sb_wb_105.jpg,dhan_shomadhan,Shath Blight,sheath_blight,white,val,False
data\raw\dhan_shomadhan\White Background\Shath Blight\sb_wb_106.jpg,dhan_shomadhan,Shath Blight,sheath_blight,white,train,False
data\raw\dhan_shomadhan\White Background\Shath Blight\sb_wb_107.jpg,dhan_shomadhan,Shath Blight,sheath_blight,white,train,False
data\raw\dhan_shomadhan\White Background\Shath Blight\sb_wb_108.jpg,dhan_shomadhan,Shath Blight,sheath_blight,white,train,False
data\raw\dhan_shomadhan\White Background\Shath Blight\sb_wb_109.jpg,dhan_shomadhan,Shath Blight,sheath_blight,white,train,False
data\raw\dhan_shomadhan\White Background\Shath Blight\sb_wb_11.jpg,dhan_shomadhan,Shath Blight,sheath_blight,white,val,False
data\raw\dhan_shomadhan\White Background\Shath Blight\sb_wb_110.jpg,dhan_shomadhan,Shath Blight,sheath_blight,white,val,False
data\raw\dhan_shomadhan\White Background\Shath Blight\sb_wb_111.jpg,dhan_shomadhan,Shath Blight,sheath_blight,white,train,False
data\raw\dhan_shomadhan\White Background\Shath Blight\sb_wb_112.jpg,dhan_shomadhan,Shath Blight,sheath_blight,white,train,False
data\raw\dhan_shomadhan\White Background\Shath Blight\sb_wb_113.jpg,dhan_shomadhan,Shath Blight,sheath_blight,white,test,False
data\raw\dhan_shomadhan\White Background\Shath Blight\sb_wb_114.jpg,dhan_shomadhan,Shath Blight,sheath_blight,white,train,False
data\raw\dhan_shomadhan\White Background\Shath Blight\sb_wb_115.jpg,dhan_shomadhan,Shath Blight,sheath_blight,white,train,False
data\raw\dhan_shomadhan\White Background\Shath Blight\sb_wb_116.jpg,dhan_shomadhan,Shath Blight,sheath_blight,white,test,False
data\raw\dhan_shomadhan\White Background\Shath Blight\sb_wb_117.jpg,dhan_shomadhan,Shath Blight,sheath_blight,white,test,False
data\raw\dhan_shomadhan\White Background\Shath Blight\sb_wb_118.jpg,dhan_shomadhan,Shath Blight,sheath_blight,white,train,False
data\raw\dhan_shomadhan\White Background\Shath Blight\sb_wb_119.jpg,dhan_shomadhan,Shath Blight,sheath_blight,white,train,False
data\raw\dhan_shomadhan\White Background\Shath Blight\sb_wb_12.jpg,dhan_shomadhan,Shath Blight,sheath_blight,white,train,False
data\raw\dhan_shomadhan\White Background\Shath Blight\sb_wb_120.jpg,dhan_shomadhan,Shath Blight,sheath_blight,white,train,False
data\raw\dhan_shomadhan\White Background\Shath Blight\sb_wb_121.jpg,dhan_shomadhan,Shath Blight,sheath_blight,white,train,False
data\raw\dhan_shomadhan\White Background\Shath Blight\sb_wb_122.jpg,dhan_shomadhan,Shath Blight,sheath_blight,white,train,False
data\raw\dhan_shomadhan\White Background\Shath Blight\sb_wb_123.jpg,dhan_shomadhan,Shath Blight,sheath_blight,white,train,False
data\raw\dhan_shomadhan\White Background\Shath Blight\sb_wb_124.jpg,dhan_shomadhan,Shath Blight,sheath_blight,white,train,False
data\raw\dhan_shomadhan\White Background\Shath Blight\sb_wb_125.jpg,dhan_shomadhan,Shath Blight,sheath_blight,white,train,False
data\raw\dhan_shomadhan\White Background\Shath Blight\sb_wb_126.jpg,dhan_shomadhan,Shath Blight,sheath_blight,white,train,False
data\raw\dhan_shomadhan\White Background\Shath Blight\sb_wb_127.jpg,dhan_shomadhan,Shath Blight,sheath_blight,white,train,False
data\raw\dhan_shomadhan\White Background\Shath Blight\sb_wb_128.jpg,dhan_shomadhan,Shath Blight,sheath_blight,white,train,False
data\raw\dhan_shomadhan\White Background\Shath Blight\sb_wb_129.jpg,dhan_shomadhan,Shath Blight,sheath_blight,white,val,False
data\raw\dhan_shomadhan\White Background\Shath Blight\sb_wb_13.jpg,dhan_shomadhan,Shath Blight,sheath_blight,white,train,False
data\raw\dhan_shomadhan\White Background\Shath Blight\sb_wb_130.jpg,dhan_shomadhan,Shath Blight,sheath_blight,white,train,False
data\raw\dhan_shomadhan\White Background\Shath Blight\sb_wb_131.jpg,dhan_shomadhan,Shath Blight,sheath_blight,white,train,False
data\raw\dhan_shomadhan\White Background\Shath Blight\sb_wb_132.jpg,dhan_shomadhan,Shath Blight,sheath_blight,white,train,False
data\raw\dhan_shomadhan\White Background\Shath Blight\sb_wb_133.jpg,dhan_shomadhan,Shath Blight,sheath_blight,white,val,False
data\raw\dhan_shomadhan\White Background\Shath Blight\sb_wb_134.jpg,dhan_shomadhan,Shath Blight,sheath_blight,white,train,False
data\raw\dhan_shomadhan\White Background\Shath Blight\sb_wb_135.jpg,dhan_shomadhan,Shath Blight,sheath_blight,white,train,False
data\raw\dhan_shomadhan\White Background\Shath Blight\sb_wb_136.jpg,dhan_shomadhan,Shath Blight,sheath_blight,white,train,False
data\raw\dhan_shomadhan\White Background\Shath Blight\sb_wb_137.jpg,dhan_shomadhan,Shath Blight,sheath_blight,white,val,False
data\raw\dhan_shomadhan\White Background\Shath Blight\sb_wb_138.jpg,dhan_shomadhan,Shath Blight,sheath_blight,white,train,False
data\raw\dhan_shomadhan\White Background\Shath Blight\sb_wb_139.jpg,dhan_shomadhan,Shath Blight,sheath_blight,white,train,False
data\raw\dhan_shomadhan\White Background\Shath Blight\sb_wb_14.jpg,dhan_shomadhan,Shath Blight,sheath_blight,white,train,False
data\raw\dhan_shomadhan\White Background\Shath Blight\sb_wb_140.jpg,dhan_shomadhan,Shath Blight,sheath_blight,white,val,False
data\raw\dhan_shomadhan\White Background\Shath Blight\sb_wb_141.jpg,dhan_shomadhan,Shath Blight,sheath_blight,white,test,False
data\raw\dhan_shomadhan\White Background\Shath Blight\sb_wb_142.jpg,dhan_shomadhan,Shath Blight,sheath_blight,white,val,False
data\raw\dhan_shomadhan\White Background\Shath Blight\sb_wb_143.jpg,dhan_shomadhan,Shath Blight,sheath_blight,white,test,False
data\raw\dhan_shomadhan\White Background\Shath Blight\sb_wb_144.jpg,dhan_shomadhan,Shath Blight,sheath_blight,white,train,False
data\raw\dhan_shomadhan\White Background\Shath Blight\sb_wb_145.jpg,dhan_shomadhan,Shath Blight,sheath_blight,white,val,False
data\raw\dhan_shomadhan\White Background\Shath Blight\sb_wb_146.jpg,dhan_shomadhan,Shath Blight,sheath_blight,white,val,False
data\raw\dhan_shomadhan\White Background\Shath Blight\sb_wb_147.jpg,dhan_shomadhan,Shath Blight,sheath_blight,white,test,False
data\raw\dhan_shomadhan\White Background\Shath Blight\sb_wb_148.jpg,dhan_shomadhan,Shath Blight,sheath_blight,white,train,False
data\raw\dhan_shomadhan\White Background\Shath Blight\sb_wb_149.jpg,dhan_shomadhan,Shath Blight,sheath_blight,white,train,False
data\raw\dhan_shomadhan\White Background\Shath Blight\sb_wb_15.jpg,dhan_shomadhan,Shath Blight,sheath_blight,white,train,False
data\raw\dhan_shomadhan\White Background\Shath Blight\sb_wb_150.jpg,dhan_shomadhan,Shath Blight,sheath_blight,white,test,False
data\raw\dhan_shomadhan\White Background\Shath Blight\sb_wb_151.jpg,dhan_shomadhan,Shath Blight,sheath_blight,white,test,False
data\raw\dhan_shomadhan\White Background\Shath Blight\sb_wb_152.jpg,dhan_shomadhan,Shath Blight,sheath_blight,white,train,False
data\raw\dhan_shomadhan\White Background\Shath Blight\sb_wb_153.jpg,dhan_shomadhan,Shath Blight,sheath_blight,white,train,False
data\raw\dhan_shomadhan\White Background\Shath Blight\sb_wb_154.jpg,dhan_shomadhan,Shath Blight,sheath_blight,white,train,False
data\raw\dhan_shomadhan\White Background\Shath Blight\sb_wb_155.jpg,dhan_shomadhan,Shath Blight,sheath_blight,white,test,False
data\raw\dhan_shomadhan\White Background\Shath Blight\sb_wb_156.jpg,dhan_shomadhan,Shath Blight,sheath_blight,white,train,False
data\raw\dhan_shomadhan\White Background\Shath Blight\sb_wb_157.jpg,dhan_shomadhan,Shath Blight,sheath_blight,white,train,False
data\raw\dhan_shomadhan\White Background\Shath Blight\sb_wb_158.jpg,dhan_shomadhan,Shath Blight,sheath_blight,white,train,False
data\raw\dhan_shomadhan\White Background\Shath Blight\sb_wb_159.jpg,dhan_shomadhan,Shath Blight,sheath_blight,white,train,False
data\raw\dhan_shomadhan\White Background\Shath Blight\sb_wb_16.jpg,dhan_shomadhan,Shath Blight,sheath_blight,white,train,False
data\raw\dhan_shomadhan\White Background\Shath Blight\sb_wb_160.jpg,dhan_shomadhan,Shath Blight,sheath_blight,white,train,False
data\raw\dhan_shomadhan\White Background\Shath Blight\sb_wb_161.jpg,dhan_shomadhan,Shath Blight,sheath_blight,white,train,False
data\raw\dhan_shomadhan\White Background\Shath Blight\sb_wb_162.jpg,dhan_shomadhan,Shath Blight,sheath_blight,white,test,False
data\raw\dhan_shomadhan\White Background\Shath Blight\sb_wb_163.jpg,dhan_shomadhan,Shath Blight,sheath_blight,white,test,False
data\raw\dhan_shomadhan\White Background\Shath Blight\sb_wb_164.jpg,dhan_shomadhan,Shath Blight,sheath_blight,white,train,False
data\raw\dhan_shomadhan\White Background\Shath Blight\sb_wb_165.jpg,dhan_shomadhan,Shath Blight,sheath_blight,white,train,False
data\raw\dhan_shomadhan\White Background\Shath Blight\sb_wb_166.jpg,dhan_shomadhan,Shath Blight,sheath_blight,white,train,False
data\raw\dhan_shomadhan\White Background\Shath Blight\sb_wb_167.jpg,dhan_shomadhan,Shath Blight,sheath_blight,white,train,False
data\raw\dhan_shomadhan\White Background\Shath Blight\sb_wb_168.jpg,dhan_shomadhan,Shath Blight,sheath_blight,white,train,False
data\raw\dhan_shomadhan\White Background\Shath Blight\sb_wb_169.jpg,dhan_shomadhan,Shath Blight,sheath_blight,white,train,False
data\raw\dhan_shomadhan\White Background\Shath Blight\sb_wb_17.jpg,dhan_shomadhan,Shath Blight,sheath_blight,white,train,False
data\raw\dhan_shomadhan\White Background\Shath Blight\sb_wb_170.jpg,dhan_shomadhan,Shath Blight,sheath_blight,white,val,False
data\raw\dhan_shomadhan\White Background\Shath Blight\sb_wb_171.jpg,dhan_shomadhan,Shath Blight,sheath_blight,white,val,False
data\raw\dhan_shomadhan\White Background\Shath Blight\sb_wb_172.jpg,dhan_shomadhan,Shath Blight,sheath_blight,white,train,False
data\raw\dhan_shomadhan\White Background\Shath Blight\sb_wb_173.jpg,dhan_shomadhan,Shath Blight,sheath_blight,white,val,False
data\raw\dhan_shomadhan\White Background\Shath Blight\sb_wb_174.jpg,dhan_shomadhan,Shath Blight,sheath_blight,white,train,False
data\raw\dhan_shomadhan\White Background\Shath Blight\sb_wb_175.jpg,dhan_shomadhan,Shath Blight,sheath_blight,white,train,False
data\raw\dhan_shomadhan\White Background\Shath Blight\sb_wb_176.jpg,dhan_shomadhan,Shath Blight,sheath_blight,white,train,False
data\raw\dhan_shomadhan\White Background\Shath Blight\sb_wb_177.jpg,dhan_shomadhan,Shath Blight,sheath_blight,white,test,False
data\raw\dhan_shomadhan\White Background\Shath Blight\sb_wb_178.jpg,dhan_shomadhan,Shath Blight,sheath_blight,white,test,False
data\raw\dhan_shomadhan\White Background\Shath Blight\sb_wb_179.jpg,dhan_shomadhan,Shath Blight,sheath_blight,white,val,False
data\raw\dhan_shomadhan\White Background\Shath Blight\sb_wb_18.jpg,dhan_shomadhan,Shath Blight,sheath_blight,white,train,False
data\raw\dhan_shomadhan\White Background\Shath Blight\sb_wb_180.jpg,dhan_shomadhan,Shath Blight,sheath_blight,white,val,False
data\raw\dhan_shomadhan\White Background\Shath Blight\sb_wb_181.jpg,dhan_shomadhan,Shath Blight,sheath_blight,white,train,False
data\raw\dhan_shomadhan\White Background\Shath Blight\sb_wb_182.jpg,dhan_shomadhan,Shath Blight,sheath_blight,white,train,False
data\raw\dhan_shomadhan\White Background\Shath Blight\sb_wb_183.jpg,dhan_shomadhan,Shath Blight,sheath_blight,white,val,False
data\raw\dhan_shomadhan\White Background\Shath Blight\sb_wb_184.jpg,dhan_shomadhan,Shath Blight,sheath_blight,white,train,False
data\raw\dhan_shomadhan\White Background\Shath Blight\sb_wb_185.jpg,dhan_shomadhan,Shath Blight,sheath_blight,white,train,False
data\raw\dhan_shomadhan\White Background\Shath Blight\sb_wb_186.jpg,dhan_shomadhan,Shath Blight,sheath_blight,white,train,False
data\raw\dhan_shomadhan\White Background\Shath Blight\sb_wb_187.jpg,dhan_shomadhan,Shath Blight,sheath_blight,white,train,False
data\raw\dhan_shomadhan\White Background\Shath Blight\sb_wb_188.jpg,dhan_shomadhan,Shath Blight,sheath_blight,white,test,False
data\raw\dhan_shomadhan\White Background\Shath Blight\sb_wb_189.jpg,dhan_shomadhan,Shath Blight,sheath_blight,white,train,False
data\raw\dhan_shomadhan\White Background\Shath Blight\sb_wb_19.jpg,dhan_shomadhan,Shath Blight,sheath_blight,white,train,False
data\raw\dhan_shomadhan\White Background\Shath Blight\sb_wb_190.jpg,dhan_shomadhan,Shath Blight,sheath_blight,white,test,False
data\raw\dhan_shomadhan\White Background\Shath Blight\sb_wb_191.jpg,dhan_shomadhan,Shath Blight,sheath_blight,white,val,False
data\raw\dhan_shomadhan\White Background\Shath Blight\sb_wb_192.jpg,dhan_shomadhan,Shath Blight,sheath_blight,white,train,False
data\raw\dhan_shomadhan\White Background\Shath Blight\sb_wb_193.jpg,dhan_shomadhan,Shath Blight,sheath_blight,white,val,False
data\raw\dhan_shomadhan\White Background\Shath Blight\sb_wb_194.jpg,dhan_shomadhan,Shath Blight,sheath_blight,white,test,False
data\raw\dhan_shomadhan\White Background\Shath Blight\sb_wb_195.jpg,dhan_shomadhan,Shath Blight,sheath_blight,white,test,False
data\raw\dhan_shomadhan\White Background\Shath Blight\sb_wb_196.jpg,dhan_shomadhan,Shath Blight,sheath_blight,white,train,False
data\raw\dhan_shomadhan\White Background\Shath Blight\sb_wb_197.jpg,dhan_shomadhan,Shath Blight,sheath_blight,white,train,False
data\raw\dhan_shomadhan\White Background\Shath Blight\sb_wb_198.jpg,dhan_shomadhan,Shath Blight,sheath_blight,white,val,False
data\raw\dhan_shomadhan\White Background\Shath Blight\sb_wb_199.jpg,dhan_shomadhan,Shath Blight,sheath_blight,white,train,False
data\raw\dhan_shomadhan\White Background\Shath Blight\sb_wb_2.jpg,dhan_shomadhan,Shath Blight,sheath_blight,white,train,False
data\raw\dhan_shomadhan\White Background\Shath Blight\sb_wb_20.jpg,dhan_shomadhan,Shath Blight,sheath_blight,white,train,False
data\raw\dhan_shomadhan\White Background\Shath Blight\sb_wb_200.jpg,dhan_shomadhan,Shath Blight,sheath_blight,white,train,False
data\raw\dhan_shomadhan\White Background\Shath Blight\sb_wb_201.jpg,dhan_shomadhan,Shath Blight,sheath_blight,white,train,False
data\raw\dhan_shomadhan\White Background\Shath Blight\sb_wb_202.jpg,dhan_shomadhan,Shath Blight,sheath_blight,white,train,False
data\raw\dhan_shomadhan\White Background\Shath Blight\sb_wb_203.jpg,dhan_shomadhan,Shath Blight,sheath_blight,white,train,False
data\raw\dhan_shomadhan\White Background\Shath Blight\sb_wb_204.jpg,dhan_shomadhan,Shath Blight,sheath_blight,white,train,False
data\raw\dhan_shomadhan\White Background\Shath Blight\sb_wb_205.jpg,dhan_shomadhan,Shath Blight,sheath_blight,white,train,False
data\raw\dhan_shomadhan\White Background\Shath Blight\sb_wb_206.jpg,dhan_shomadhan,Shath Blight,sheath_blight,white,train,False
data\raw\dhan_shomadhan\White Background\Shath Blight\sb_wb_207.jpg,dhan_shomadhan,Shath Blight,sheath_blight,white,test,False
data\raw\dhan_shomadhan\White Background\Shath Blight\sb_wb_208.jpg,dhan_shomadhan,Shath Blight,sheath_blight,white,train,False
data\raw\dhan_shomadhan\White Background\Shath Blight\sb_wb_209.jpg,dhan_shomadhan,Shath Blight,sheath_blight,white,train,False
data\raw\dhan_shomadhan\White Background\Shath Blight\sb_wb_21.jpg,dhan_shomadhan,Shath Blight,sheath_blight,white,train,False
data\raw\dhan_shomadhan\White Background\Shath Blight\sb_wb_210.jpg,dhan_shomadhan,Shath Blight,sheath_blight,white,train,False
data\raw\dhan_shomadhan\White Background\Shath Blight\sb_wb_211.jpg,dhan_shomadhan,Shath Blight,sheath_blight,white,train,False
data\raw\dhan_shomadhan\White Background\Shath Blight\sb_wb_212.jpg,dhan_shomadhan,Shath Blight,sheath_blight,white,train,False
data\raw\dhan_shomadhan\White Background\Shath Blight\sb_wb_213.jpg,dhan_shomadhan,Shath Blight,sheath_blight,white,train,False
data\raw\dhan_shomadhan\White Background\Shath Blight\sb_wb_214.jpg,dhan_shomadhan,Shath Blight,sheath_blight,white,val,False
data\raw\dhan_shomadhan\White Background\Shath Blight\sb_wb_215.jpg,dhan_shomadhan,Shath Blight,sheath_blight,white,test,False
data\raw\dhan_shomadhan\White Background\Shath Blight\sb_wb_216.jpg,dhan_shomadhan,Shath Blight,sheath_blight,white,test,False
data\raw\dhan_shomadhan\White Background\Shath Blight\sb_wb_217.jpg,dhan_shomadhan,Shath Blight,sheath_blight,white,train,False
data\raw\dhan_shomadhan\White Background\Shath Blight\sb_wb_218.jpg,dhan_shomadhan,Shath Blight,sheath_blight,white,val,False
data\raw\dhan_shomadhan\White Background\Shath Blight\sb_wb_22.jpg,dhan_shomadhan,Shath Blight,sheath_blight,white,test,False
data\raw\dhan_shomadhan\White Background\Shath Blight\sb_wb_23.jpg,dhan_shomadhan,Shath Blight,sheath_blight,white,train,False
data\raw\dhan_shomadhan\White Background\Shath Blight\sb_wb_24.jpg,dhan_shomadhan,Shath Blight,sheath_blight,white,train,False
data\raw\dhan_shomadhan\White Background\Shath Blight\sb_wb_25.jpg,dhan_shomadhan,Shath Blight,sheath_blight,white,train,False
data\raw\dhan_shomadhan\White Background\Shath Blight\sb_wb_26.jpg,dhan_shomadhan,Shath Blight,sheath_blight,white,train,False
data\raw\dhan_shomadhan\White Background\Shath Blight\sb_wb_27.jpg,dhan_shomadhan,Shath Blight,sheath_blight,white,train,False
data\raw\dhan_shomadhan\White Background\Shath Blight\sb_wb_28.jpg,dhan_shomadhan,Shath Blight,sheath_blight,white,train,False
data\raw\dhan_shomadhan\White Background\Shath Blight\sb_wb_29.jpg,dhan_shomadhan,Shath Blight,sheath_blight,white,train,False
data\raw\dhan_shomadhan\White Background\Shath Blight\sb_wb_3.jpg,dhan_shomadhan,Shath Blight,sheath_blight,white,train,False
data\raw\dhan_shomadhan\White Background\Shath Blight\sb_wb_30.jpg,dhan_shomadhan,Shath Blight,sheath_blight,white,train,False
data\raw\dhan_shomadhan\White Background\Shath Blight\sb_wb_31.jpg,dhan_shomadhan,Shath Blight,sheath_blight,white,train,False
data\raw\dhan_shomadhan\White Background\Shath Blight\sb_wb_32.jpg,dhan_shomadhan,Shath Blight,sheath_blight,white,val,False
data\raw\dhan_shomadhan\White Background\Shath Blight\sb_wb_33.jpg,dhan_shomadhan,Shath Blight,sheath_blight,white,train,False
data\raw\dhan_shomadhan\White Background\Shath Blight\sb_wb_34.jpg,dhan_shomadhan,Shath Blight,sheath_blight,white,train,False
data\raw\dhan_shomadhan\White Background\Shath Blight\sb_wb_35.jpg,dhan_shomadhan,Shath Blight,sheath_blight,white,train,False
data\raw\dhan_shomadhan\White Background\Shath Blight\sb_wb_36.jpg,dhan_shomadhan,Shath Blight,sheath_blight,white,test,False
data\raw\dhan_shomadhan\White Background\Shath Blight\sb_wb_37.jpg,dhan_shomadhan,Shath Blight,sheath_blight,white,train,False
data\raw\dhan_shomadhan\White Background\Shath Blight\sb_wb_38.jpg,dhan_shomadhan,Shath Blight,sheath_blight,white,test,False
data\raw\dhan_shomadhan\White Background\Shath Blight\sb_wb_39.jpg,dhan_shomadhan,Shath Blight,sheath_blight,white,train,False
data\raw\dhan_shomadhan\White Background\Shath Blight\sb_wb_4.jpg,dhan_shomadhan,Shath Blight,sheath_blight,white,train,False
data\raw\dhan_shomadhan\White Background\Shath Blight\sb_wb_40.jpg,dhan_shomadhan,Shath Blight,sheath_blight,white,train,False
data\raw\dhan_shomadhan\White Background\Shath Blight\sb_wb_41.jpg,dhan_shomadhan,Shath Blight,sheath_blight,white,train,False
data\raw\dhan_shomadhan\White Background\Shath Blight\sb_wb_42.jpg,dhan_shomadhan,Shath Blight,sheath_blight,white,train,False
data\raw\dhan_shomadhan\White Background\Shath Blight\sb_wb_43.jpg,dhan_shomadhan,Shath Blight,sheath_blight,white,train,False
data\raw\dhan_shomadhan\White Background\Shath Blight\sb_wb_44.jpg,dhan_shomadhan,Shath Blight,sheath_blight,white,train,False
data\raw\dhan_shomadhan\White Background\Shath Blight\sb_wb_45.jpg,dhan_shomadhan,Shath Blight,sheath_blight,white,train,False
data\raw\dhan_shomadhan\White Background\Shath Blight\sb_wb_46.jpg,dhan_shomadhan,Shath Blight,sheath_blight,white,test,False
data\raw\dhan_shomadhan\White Background\Shath Blight\sb_wb_47.jpg,dhan_shomadhan,Shath Blight,sheath_blight,white,val,False
data\raw\dhan_shomadhan\White Background\Shath Blight\sb_wb_48.jpg,dhan_shomadhan,Shath Blight,sheath_blight,white,train,False
data\raw\dhan_shomadhan\White Background\Shath Blight\sb_wb_49.jpg,dhan_shomadhan,Shath Blight,sheath_blight,white,val,False
data\raw\dhan_shomadhan\White Background\Shath Blight\sb_wb_5.jpg,dhan_shomadhan,Shath Blight,sheath_blight,white,train,False
data\raw\dhan_shomadhan\White Background\Shath Blight\sb_wb_50.jpg,dhan_shomadhan,Shath Blight,sheath_blight,white,train,False
data\raw\dhan_shomadhan\White Background\Shath Blight\sb_wb_51.jpg,dhan_shomadhan,Shath Blight,sheath_blight,white,test,False
data\raw\dhan_shomadhan\White Background\Shath Blight\sb_wb_52.jpg,dhan_shomadhan,Shath Blight,sheath_blight,white,train,False
data\raw\dhan_shomadhan\White Background\Shath Blight\sb_wb_53.jpg,dhan_shomadhan,Shath Blight,sheath_blight,white,train,False
data\raw\dhan_shomadhan\White Background\Shath Blight\sb_wb_54.jpg,dhan_shomadhan,Shath Blight,sheath_blight,white,test,False
data\raw\dhan_shomadhan\White Background\Shath Blight\sb_wb_55.jpg,dhan_shomadhan,Shath Blight,sheath_blight,white,train,False
data\raw\dhan_shomadhan\White Background\Shath Blight\sb_wb_56.jpg,dhan_shomadhan,Shath Blight,sheath_blight,white,val,False
data\raw\dhan_shomadhan\White Background\Shath Blight\sb_wb_57.jpg,dhan_shomadhan,Shath Blight,sheath_blight,white,train,False
data\raw\dhan_shomadhan\White Background\Shath Blight\sb_wb_58.jpg,dhan_shomadhan,Shath Blight,sheath_blight,white,train,False
data\raw\dhan_shomadhan\White Background\Shath Blight\sb_wb_59.jpg,dhan_shomadhan,Shath Blight,sheath_blight,white,test,False
data\raw\dhan_shomadhan\White Background\Shath Blight\sb_wb_6.jpg,dhan_shomadhan,Shath Blight,sheath_blight,white,train,False
data\raw\dhan_shomadhan\White Background\Shath Blight\sb_wb_60.jpg,dhan_shomadhan,Shath Blight,sheath_blight,white,train,False
data\raw\dhan_shomadhan\White Background\Shath Blight\sb_wb_61.jpg,dhan_shomadhan,Shath Blight,sheath_blight,white,train,False
data\raw\dhan_shomadhan\White Background\Shath Blight\sb_wb_62.jpg,dhan_shomadhan,Shath Blight,sheath_blight,white,train,False
data\raw\dhan_shomadhan\White Background\Shath Blight\sb_wb_63.jpg,dhan_shomadhan,Shath Blight,sheath_blight,white,train,False
data\raw\dhan_shomadhan\White Background\Shath Blight\sb_wb_64.jpg,dhan_shomadhan,Shath Blight,sheath_blight,white,train,False
data\raw\dhan_shomadhan\White Background\Shath Blight\sb_wb_65.jpg,dhan_shomadhan,Shath Blight,sheath_blight,white,train,False
data\raw\dhan_shomadhan\White Background\Shath Blight\sb_wb_66.jpg,dhan_shomadhan,Shath Blight,sheath_blight,white,train,False
data\raw\dhan_shomadhan\White Background\Shath Blight\sb_wb_67.jpg,dhan_shomadhan,Shath Blight,sheath_blight,white,train,False
data\raw\dhan_shomadhan\White Background\Shath Blight\sb_wb_68.jpg,dhan_shomadhan,Shath Blight,sheath_blight,white,train,False
data\raw\dhan_shomadhan\White Background\Shath Blight\sb_wb_69.jpg,dhan_shomadhan,Shath Blight,sheath_blight,white,train,False
data\raw\dhan_shomadhan\White Background\Shath Blight\sb_wb_7.jpg,dhan_shomadhan,Shath Blight,sheath_blight,white,train,False
data\raw\dhan_shomadhan\White Background\Shath Blight\sb_wb_70.jpg,dhan_shomadhan,Shath Blight,sheath_blight,white,test,False
data\raw\dhan_shomadhan\White Background\Shath Blight\sb_wb_71.jpg,dhan_shomadhan,Shath Blight,sheath_blight,white,test,False
data\raw\dhan_shomadhan\White Background\Shath Blight\sb_wb_72.jpg,dhan_shomadhan,Shath Blight,sheath_blight,white,test,False
data\raw\dhan_shomadhan\White Background\Shath Blight\sb_wb_73.jpg,dhan_shomadhan,Shath Blight,sheath_blight,white,val,False
data\raw\dhan_shomadhan\White Background\Shath Blight\sb_wb_74.jpg,dhan_shomadhan,Shath Blight,sheath_blight,white,test,False
data\raw\dhan_shomadhan\White Background\Shath Blight\sb_wb_75.jpg,dhan_shomadhan,Shath Blight,sheath_blight,white,train,False
data\raw\dhan_shomadhan\White Background\Shath Blight\sb_wb_76.jpg,dhan_shomadhan,Shath Blight,sheath_blight,white,train,False
data\raw\dhan_shomadhan\White Background\Shath Blight\sb_wb_77.jpg,dhan_shomadhan,Shath Blight,sheath_blight,white,train,False
data\raw\dhan_shomadhan\White Background\Shath Blight\sb_wb_78.jpg,dhan_shomadhan,Shath Blight,sheath_blight,white,train,False
data\raw\dhan_shomadhan\White Background\Shath Blight\sb_wb_79.jpg,dhan_shomadhan,Shath Blight,sheath_blight,white,train,False
data\raw\dhan_shomadhan\White Background\Shath Blight\sb_wb_8.jpg,dhan_shomadhan,Shath Blight,sheath_blight,white,train,False
data\raw\dhan_shomadhan\White Background\Shath Blight\sb_wb_80.jpg,dhan_shomadhan,Shath Blight,sheath_blight,white,val,False
data\raw\dhan_shomadhan\White Background\Shath Blight\sb_wb_81.jpg,dhan_shomadhan,Shath Blight,sheath_blight,white,val,False
data\raw\dhan_shomadhan\White Background\Shath Blight\sb_wb_82.jpg,dhan_shomadhan,Shath Blight,sheath_blight,white,train,False
data\raw\dhan_shomadhan\White Background\Shath Blight\sb_wb_83.jpg,dhan_shomadhan,Shath Blight,sheath_blight,white,val,False
data\raw\dhan_shomadhan\White Background\Shath Blight\sb_wb_84.jpg,dhan_shomadhan,Shath Blight,sheath_blight,white,train,False
data\raw\dhan_shomadhan\White Background\Shath Blight\sb_wb_85.jpg,dhan_shomadhan,Shath Blight,sheath_blight,white,train,False
data\raw\dhan_shomadhan\White Background\Shath Blight\sb_wb_86.jpg,dhan_shomadhan,Shath Blight,sheath_blight,white,train,False
data\raw\dhan_shomadhan\White Background\Shath Blight\sb_wb_87.jpg,dhan_shomadhan,Shath Blight,sheath_blight,white,val,False
data\raw\dhan_shomadhan\White Background\Shath Blight\sb_wb_88.jpg,dhan_shomadhan,Shath Blight,sheath_blight,white,train,False
data\raw\dhan_shomadhan\White Background\Shath Blight\sb_wb_89.jpg,dhan_shomadhan,Shath Blight,sheath_blight,white,train,False
data\raw\dhan_shomadhan\White Background\Shath Blight\sb_wb_9.jpg,dhan_shomadhan,Shath Blight,sheath_blight,white,val,False
data\raw\dhan_shomadhan\White Background\Shath Blight\sb_wb_90.jpg,dhan_shomadhan,Shath Blight,sheath_blight,white,train,False
data\raw\dhan_shomadhan\White Background\Shath Blight\sb_wb_91.jpg,dhan_shomadhan,Shath Blight,sheath_blight,white,train,False
data\raw\dhan_shomadhan\White Background\Shath Blight\sb_wb_92.jpg,dhan_shomadhan,Shath Blight,sheath_blight,white,train,False
data\raw\dhan_shomadhan\White Background\Shath Blight\sb_wb_93.jpg,dhan_shomadhan,Shath Blight,sheath_blight,white,train,False
data\raw\dhan_shomadhan\White Background\Shath Blight\sb_wb_94.jpg,dhan_shomadhan,Shath Blight,sheath_blight,white,train,False
data\raw\dhan_shomadhan\White Background\Shath Blight\sb_wb_95.jpg,dhan_shomadhan,Shath Blight,sheath_blight,white,test,False
data\raw\dhan_shomadhan\White Background\Shath Blight\sb_wb_96.jpg,dhan_shomadhan,Shath Blight,sheath_blight,white,train,False
data\raw\dhan_shomadhan\White Background\Shath Blight\sb_wb_97.jpg,dhan_shomadhan,Shath Blight,sheath_blight,white,train,False
data\raw\dhan_shomadhan\White Background\Shath Blight\sb_wb_98.jpg,dhan_shomadhan,Shath Blight,sheath_blight,white,val,False
data\raw\dhan_shomadhan\White Background\Shath Blight\sb_wb_99.jpg,dhan_shomadhan,Shath Blight,sheath_blight,white,train,False
data\raw\dhan_shomadhan\Field Background\Browon Spot\bsf_0.jpg,dhan_shomadhan,Browon Spot,brown_spot,field,val,False
data\raw\dhan_shomadhan\Field Background\Browon Spot\bsf_1.jpg,dhan_shomadhan,Browon Spot,brown_spot,field,val,False
data\raw\dhan_shomadhan\Field Background\Browon Spot\bsf_10.jpg,dhan_shomadhan,Browon Spot,brown_spot,field,test,False
data\raw\dhan_shomadhan\Field Background\Browon Spot\bsf_11.jpg,dhan_shomadhan,Browon Spot,brown_spot,field,train,False
data\raw\dhan_shomadhan\Field Background\Browon Spot\bsf_12.jpg,dhan_shomadhan,Browon Spot,brown_spot,field,train,False
data\raw\dhan_shomadhan\Field Background\Browon Spot\bsf_13.jpg,dhan_shomadhan,Browon Spot,brown_spot,field,train,False
data\raw\dhan_shomadhan\Field Background\Browon Spot\bsf_14.jpg,dhan_shomadhan,Browon Spot,brown_spot,field,train,False
data\raw\dhan_shomadhan\Field Background\Browon Spot\bsf_15.jpg,dhan_shomadhan,Browon Spot,brown_spot,field,train,False
data\raw\dhan_shomadhan\Field Background\Browon Spot\bsf_16.jpg,dhan_shomadhan,Browon Spot,brown_spot,field,val,False
data\raw\dhan_shomadhan\Field Background\Browon Spot\bsf_17.jpg,dhan_shomadhan,Browon Spot,brown_spot,field,test,False
data\raw\dhan_shomadhan\Field Background\Browon Spot\bsf_18.jpg,dhan_shomadhan,Browon Spot,brown_spot,field,train,False
data\raw\dhan_shomadhan\Field Background\Browon Spot\bsf_19.jpg,dhan_shomadhan,Browon Spot,brown_spot,field,train,False
data\raw\dhan_shomadhan\Field Background\Browon Spot\bsf_2.jpg,dhan_shomadhan,Browon Spot,brown_spot,field,test,False
data\raw\dhan_shomadhan\Field Background\Browon Spot\bsf_20.jpg,dhan_shomadhan,Browon Spot,brown_spot,field,test,False
data\raw\dhan_shomadhan\Field Background\Browon Spot\bsf_21.jpg,dhan_shomadhan,Browon Spot,brown_spot,field,train,False
data\raw\dhan_shomadhan\Field Background\Browon Spot\bsf_22.jpg,dhan_shomadhan,Browon Spot,brown_spot,field,train,False
data\raw\dhan_shomadhan\Field Background\Browon Spot\bsf_23.jpg,dhan_shomadhan,Browon Spot,brown_spot,field,test,False
data\raw\dhan_shomadhan\Field Background\Browon Spot\bsf_24.jpg,dhan_shomadhan,Browon Spot,brown_spot,field,test,False
data\raw\dhan_shomadhan\Field Background\Browon Spot\bsf_25.jpg,dhan_shomadhan,Browon Spot,brown_spot,field,train,False
data\raw\dhan_shomadhan\Field Background\Browon Spot\bsf_26.jpg,dhan_shomadhan,Browon Spot,brown_spot,field,train,False
data\raw\dhan_shomadhan\Field Background\Browon Spot\bsf_27.jpg,dhan_shomadhan,Browon Spot,brown_spot,field,train,False
data\raw\dhan_shomadhan\Field Background\Browon Spot\bsf_28.jpg,dhan_shomadhan,Browon Spot,brown_spot,field,train,False
data\raw\dhan_shomadhan\Field Background\Browon Spot\bsf_29.jpg,dhan_shomadhan,Browon Spot,brown_spot,field,train,False
data\raw\dhan_shomadhan\Field Background\Browon Spot\bsf_3.jpg,dhan_shomadhan,Browon Spot,brown_spot,field,train,False
data\raw\dhan_shomadhan\Field Background\Browon Spot\bsf_30.jpg,dhan_shomadhan,Browon Spot,brown_spot,field,val,False
data\raw\dhan_shomadhan\Field Background\Browon Spot\bsf_31.jpg,dhan_shomadhan,Browon Spot,brown_spot,field,train,False
data\raw\dhan_shomadhan\Field Background\Browon Spot\bsf_32.jpg,dhan_shomadhan,Browon Spot,brown_spot,field,test,False
data\raw\dhan_shomadhan\Field Background\Browon Spot\bsf_33.jpg,dhan_shomadhan,Browon Spot,brown_spot,field,train,False
data\raw\dhan_shomadhan\Field Background\Browon Spot\bsf_34.jpg,dhan_shomadhan,Browon Spot,brown_spot,field,train,False
data\raw\dhan_shomadhan\Field Background\Browon Spot\bsf_35.jpg,dhan_shomadhan,Browon Spot,brown_spot,field,val,False
data\raw\dhan_shomadhan\Field Background\Browon Spot\bsf_36.jpg,dhan_shomadhan,Browon Spot,brown_spot,field,train,False
data\raw\dhan_shomadhan\Field Background\Browon Spot\bsf_37.jpg,dhan_shomadhan,Browon Spot,brown_spot,field,test,False
data\raw\dhan_shomadhan\Field Background\Browon Spot\bsf_38.jpg,dhan_shomadhan,Browon Spot,brown_spot,field,train,False
data\raw\dhan_shomadhan\Field Background\Browon Spot\bsf_39.jpg,dhan_shomadhan,Browon Spot,brown_spot,field,val,False
data\raw\dhan_shomadhan\Field Background\Browon Spot\bsf_4.jpg,dhan_shomadhan,Browon Spot,brown_spot,field,train,False
data\raw\dhan_shomadhan\Field Background\Browon Spot\bsf_40.jpg,dhan_shomadhan,Browon Spot,brown_spot,field,train,False
data\raw\dhan_shomadhan\Field Background\Browon Spot\bsf_41.jpg,dhan_shomadhan,Browon Spot,brown_spot,field,train,False
data\raw\dhan_shomadhan\Field Background\Browon Spot\bsf_42.jpg,dhan_shomadhan,Browon Spot,brown_spot,field,train,False
data\raw\dhan_shomadhan\Field Background\Browon Spot\bsf_43.jpg,dhan_shomadhan,Browon Spot,brown_spot,field,train,False
data\raw\dhan_shomadhan\Field Background\Browon Spot\bsf_44.jpg,dhan_shomadhan,Browon Spot,brown_spot,field,test,False
data\raw\dhan_shomadhan\Field Background\Browon Spot\bsf_45.jpg,dhan_shomadhan,Browon Spot,brown_spot,field,train,False
data\raw\dhan_shomadhan\Field Background\Browon Spot\bsf_46.jpg,dhan_shomadhan,Browon Spot,brown_spot,field,val,False
data\raw\dhan_shomadhan\Field Background\Browon Spot\bsf_47.jpg,dhan_shomadhan,Browon Spot,brown_spot,field,train,False
data\raw\dhan_shomadhan\Field Background\Browon Spot\bsf_48.jpg,dhan_shomadhan,Browon Spot,brown_spot,field,val,False
data\raw\dhan_shomadhan\Field Background\Browon Spot\bsf_5.jpg,dhan_shomadhan,Browon Spot,brown_spot,field,train,False
data\raw\dhan_shomadhan\Field Background\Browon Spot\bsf_6.jpg,dhan_shomadhan,Browon Spot,brown_spot,field,train,False
data\raw\dhan_shomadhan\Field Background\Browon Spot\bsf_7.jpg,dhan_shomadhan,Browon Spot,brown_spot,field,val,False
data\raw\dhan_shomadhan\Field Background\Browon Spot\bsf_8.jpg,dhan_shomadhan,Browon Spot,brown_spot,field,train,False
data\raw\dhan_shomadhan\Field Background\Browon Spot\bsf_9.jpg,dhan_shomadhan,Browon Spot,brown_spot,field,test,False
data\raw\dhan_shomadhan\Field Background\Leaf Scaled\lsf_0.jpg,dhan_shomadhan,Leaf Scaled,scald,field,train,False
data\raw\dhan_shomadhan\Field Background\Leaf Scaled\lsf_1.jpg,dhan_shomadhan,Leaf Scaled,scald,field,train,False
data\raw\dhan_shomadhan\Field Background\Leaf Scaled\lsf_10.jpg,dhan_shomadhan,Leaf Scaled,scald,field,train,False
data\raw\dhan_shomadhan\Field Background\Leaf Scaled\lsf_11.jpg,dhan_shomadhan,Leaf Scaled,scald,field,train,False
data\raw\dhan_shomadhan\Field Background\Leaf Scaled\lsf_12.jpg,dhan_shomadhan,Leaf Scaled,scald,field,train,False
data\raw\dhan_shomadhan\Field Background\Leaf Scaled\lsf_13.jpg,dhan_shomadhan,Leaf Scaled,scald,field,train,False
data\raw\dhan_shomadhan\Field Background\Leaf Scaled\lsf_14.jpg,dhan_shomadhan,Leaf Scaled,scald,field,test,False
data\raw\dhan_shomadhan\Field Background\Leaf Scaled\lsf_15.jpg,dhan_shomadhan,Leaf Scaled,scald,field,train,False
data\raw\dhan_shomadhan\Field Background\Leaf Scaled\lsf_16.jpg,dhan_shomadhan,Leaf Scaled,scald,field,test,False
data\raw\dhan_shomadhan\Field Background\Leaf Scaled\lsf_17.jpg,dhan_shomadhan,Leaf Scaled,scald,field,train,False
data\raw\dhan_shomadhan\Field Background\Leaf Scaled\lsf_18.jpg,dhan_shomadhan,Leaf Scaled,scald,field,train,False
data\raw\dhan_shomadhan\Field Background\Leaf Scaled\lsf_19.jpg,dhan_shomadhan,Leaf Scaled,scald,field,train,False
data\raw\dhan_shomadhan\Field Background\Leaf Scaled\lsf_2.jpg,dhan_shomadhan,Leaf Scaled,scald,field,train,False
data\raw\dhan_shomadhan\Field Background\Leaf Scaled\lsf_20.jpg,dhan_shomadhan,Leaf Scaled,scald,field,train,False
data\raw\dhan_shomadhan\Field Background\Leaf Scaled\lsf_21.jpg,dhan_shomadhan,Leaf Scaled,scald,field,test,False
data\raw\dhan_shomadhan\Field Background\Leaf Scaled\lsf_22.jpg,dhan_shomadhan,Leaf Scaled,scald,field,train,False
data\raw\dhan_shomadhan\Field Background\Leaf Scaled\lsf_23.jpg,dhan_shomadhan,Leaf Scaled,scald,field,train,False
data\raw\dhan_shomadhan\Field Background\Leaf Scaled\lsf_24.jpg,dhan_shomadhan,Leaf Scaled,scald,field,test,False
data\raw\dhan_shomadhan\Field Background\Leaf Scaled\lsf_25.jpg,dhan_shomadhan,Leaf Scaled,scald,field,train,False
data\raw\dhan_shomadhan\Field Background\Leaf Scaled\lsf_26.jpg,dhan_shomadhan,Leaf Scaled,scald,field,train,False
data\raw\dhan_shomadhan\Field Background\Leaf Scaled\lsf_27.jpg,dhan_shomadhan,Leaf Scaled,scald,field,train,False
data\raw\dhan_shomadhan\Field Background\Leaf Scaled\lsf_28.jpg,dhan_shomadhan,Leaf Scaled,scald,field,train,False
data\raw\dhan_shomadhan\Field Background\Leaf Scaled\lsf_29.jpg,dhan_shomadhan,Leaf Scaled,scald,field,train,False
data\raw\dhan_shomadhan\Field Background\Leaf Scaled\lsf_3.jpg,dhan_shomadhan,Leaf Scaled,scald,field,val,False
data\raw\dhan_shomadhan\Field Background\Leaf Scaled\lsf_30.jpg,dhan_shomadhan,Leaf Scaled,scald,field,train,False
data\raw\dhan_shomadhan\Field Background\Leaf Scaled\lsf_31.jpg,dhan_shomadhan,Leaf Scaled,scald,field,val,False
data\raw\dhan_shomadhan\Field Background\Leaf Scaled\lsf_32.jpg,dhan_shomadhan,Leaf Scaled,scald,field,val,False
data\raw\dhan_shomadhan\Field Background\Leaf Scaled\lsf_33.jpg,dhan_shomadhan,Leaf Scaled,scald,field,train,False
data\raw\dhan_shomadhan\Field Background\Leaf Scaled\lsf_34.jpg,dhan_shomadhan,Leaf Scaled,scald,field,train,False
data\raw\dhan_shomadhan\Field Background\Leaf Scaled\lsf_35.jpg,dhan_shomadhan,Leaf Scaled,scald,field,train,False
data\raw\dhan_shomadhan\Field Background\Leaf Scaled\lsf_36.jpg,dhan_shomadhan,Leaf Scaled,scald,field,train,False
data\raw\dhan_shomadhan\Field Background\Leaf Scaled\lsf_37.jpg,dhan_shomadhan,Leaf Scaled,scald,field,val,False
data\raw\dhan_shomadhan\Field Background\Leaf Scaled\lsf_38.jpg,dhan_shomadhan,Leaf Scaled,scald,field,train,False
data\raw\dhan_shomadhan\Field Background\Leaf Scaled\lsf_39.jpg,dhan_shomadhan,Leaf Scaled,scald,field,train,False
data\raw\dhan_shomadhan\Field Background\Leaf Scaled\lsf_4.jpg,dhan_shomadhan,Leaf Scaled,scald,field,train,False
data\raw\dhan_shomadhan\Field Background\Leaf Scaled\lsf_40.jpg,dhan_shomadhan,Leaf Scaled,scald,field,train,False
data\raw\dhan_shomadhan\Field Background\Leaf Scaled\lsf_41.jpg,dhan_shomadhan,Leaf Scaled,scald,field,test,False
data\raw\dhan_shomadhan\Field Background\Leaf Scaled\lsf_42.jpg,dhan_shomadhan,Leaf Scaled,scald,field,train,False
data\raw\dhan_shomadhan\Field Background\Leaf Scaled\lsf_43.jpg,dhan_shomadhan,Leaf Scaled,scald,field,train,False
data\raw\dhan_shomadhan\Field Background\Leaf Scaled\lsf_44.jpg,dhan_shomadhan,Leaf Scaled,scald,field,train,False
data\raw\dhan_shomadhan\Field Background\Leaf Scaled\lsf_45.jpg,dhan_shomadhan,Leaf Scaled,scald,field,train,False
data\raw\dhan_shomadhan\Field Background\Leaf Scaled\lsf_46.jpg,dhan_shomadhan,Leaf Scaled,scald,field,train,False
data\raw\dhan_shomadhan\Field Background\Leaf Scaled\lsf_47.jpg,dhan_shomadhan,Leaf Scaled,scald,field,val,False
data\raw\dhan_shomadhan\Field Background\Leaf Scaled\lsf_48.jpg,dhan_shomadhan,Leaf Scaled,scald,field,train,False
data\raw\dhan_shomadhan\Field Background\Leaf Scaled\lsf_49.jpg,dhan_shomadhan,Leaf Scaled,scald,field,test,False
data\raw\dhan_shomadhan\Field Background\Leaf Scaled\lsf_5.jpg,dhan_shomadhan,Leaf Scaled,scald,field,test,False
data\raw\dhan_shomadhan\Field Background\Leaf Scaled\lsf_50.jpg,dhan_shomadhan,Leaf Scaled,scald,field,val,False
data\raw\dhan_shomadhan\Field Background\Leaf Scaled\lsf_51.jpg,dhan_shomadhan,Leaf Scaled,scald,field,train,False
data\raw\dhan_shomadhan\Field Background\Leaf Scaled\lsf_52.jpg,dhan_shomadhan,Leaf Scaled,scald,field,test,False
data\raw\dhan_shomadhan\Field Background\Leaf Scaled\lsf_53.jpg,dhan_shomadhan,Leaf Scaled,scald,field,val,False
data\raw\dhan_shomadhan\Field Background\Leaf Scaled\lsf_54.jpg,dhan_shomadhan,Leaf Scaled,scald,field,train,False
data\raw\dhan_shomadhan\Field Background\Leaf Scaled\lsf_55.jpg,dhan_shomadhan,Leaf Scaled,scald,field,train,False
data\raw\dhan_shomadhan\Field Background\Leaf Scaled\lsf_56.jpg,dhan_shomadhan,Leaf Scaled,scald,field,train,False
data\raw\dhan_shomadhan\Field Background\Leaf Scaled\lsf_57.jpg,dhan_shomadhan,Leaf Scaled,scald,field,train,False
data\raw\dhan_shomadhan\Field Background\Leaf Scaled\lsf_58.jpg,dhan_shomadhan,Leaf Scaled,scald,field,val,False
data\raw\dhan_shomadhan\Field Background\Leaf Scaled\lsf_59.jpg,dhan_shomadhan,Leaf Scaled,scald,field,train,False
data\raw\dhan_shomadhan\Field Background\Leaf Scaled\lsf_6.jpg,dhan_shomadhan,Leaf Scaled,scald,field,val,False
data\raw\dhan_shomadhan\Field Background\Leaf Scaled\lsf_60.jpg,dhan_shomadhan,Leaf Scaled,scald,field,train,False
data\raw\dhan_shomadhan\Field Background\Leaf Scaled\lsf_61.jpg,dhan_shomadhan,Leaf Scaled,scald,field,val,False
data\raw\dhan_shomadhan\Field Background\Leaf Scaled\lsf_62.jpg,dhan_shomadhan,Leaf Scaled,scald,field,test,False
data\raw\dhan_shomadhan\Field Background\Leaf Scaled\lsf_63.jpg,dhan_shomadhan,Leaf Scaled,scald,field,train,False
data\raw\dhan_shomadhan\Field Background\Leaf Scaled\lsf_64.jpg,dhan_shomadhan,Leaf Scaled,scald,field,test,False
data\raw\dhan_shomadhan\Field Background\Leaf Scaled\lsf_65.jpg,dhan_shomadhan,Leaf Scaled,scald,field,train,False
data\raw\dhan_shomadhan\Field Background\Leaf Scaled\lsf_66.jpg,dhan_shomadhan,Leaf Scaled,scald,field,train,False
data\raw\dhan_shomadhan\Field Background\Leaf Scaled\lsf_67.jpg,dhan_shomadhan,Leaf Scaled,scald,field,train,False
data\raw\dhan_shomadhan\Field Background\Leaf Scaled\lsf_68.jpg,dhan_shomadhan,Leaf Scaled,scald,field,train,False
data\raw\dhan_shomadhan\Field Background\Leaf Scaled\lsf_69.jpg,dhan_shomadhan,Leaf Scaled,scald,field,test,False
data\raw\dhan_shomadhan\Field Background\Leaf Scaled\lsf_7.jpg,dhan_shomadhan,Leaf Scaled,scald,field,train,False
data\raw\dhan_shomadhan\Field Background\Leaf Scaled\lsf_70.jpg,dhan_shomadhan,Leaf Scaled,scald,field,train,False
data\raw\dhan_shomadhan\Field Background\Leaf Scaled\lsf_71.jpg,dhan_shomadhan,Leaf Scaled,scald,field,train,False
data\raw\dhan_shomadhan\Field Background\Leaf Scaled\lsf_72.jpg,dhan_shomadhan,Leaf Scaled,scald,field,val,False
data\raw\dhan_shomadhan\Field Background\Leaf Scaled\lsf_73.jpg,dhan_shomadhan,Leaf Scaled,scald,field,train,False
data\raw\dhan_shomadhan\Field Background\Leaf Scaled\lsf_8.jpg,dhan_shomadhan,Leaf Scaled,scald,field,val,False
data\raw\dhan_shomadhan\Field Background\Leaf Scaled\lsf_9.jpg,dhan_shomadhan,Leaf Scaled,scald,field,test,False
data\raw\dhan_shomadhan\Field Background\Rice Blast\rbf_0.jpg,dhan_shomadhan,Rice Blast,rice_blast,field,val,False
data\raw\dhan_shomadhan\Field Background\Rice Blast\rbf_1.jpg,dhan_shomadhan,Rice Blast,rice_blast,field,train,False
data\raw\dhan_shomadhan\Field Background\Rice Blast\rbf_10.jpg,dhan_shomadhan,Rice Blast,rice_blast,field,train,False
data\raw\dhan_shomadhan\Field Background\Rice Blast\rbf_11.jpg,dhan_shomadhan,Rice Blast,rice_blast,field,train,False
data\raw\dhan_shomadhan\Field Background\Rice Blast\rbf_12.jpg,dhan_shomadhan,Rice Blast,rice_blast,field,train,False
data\raw\dhan_shomadhan\Field Background\Rice Blast\rbf_13.jpg,dhan_shomadhan,Rice Blast,rice_blast,field,test,False
data\raw\dhan_shomadhan\Field Background\Rice Blast\rbf_14.jpg,dhan_shomadhan,Rice Blast,rice_blast,field,train,False
data\raw\dhan_shomadhan\Field Background\Rice Blast\rbf_15.jpg,dhan_shomadhan,Rice Blast,rice_blast,field,val,False
data\raw\dhan_shomadhan\Field Background\Rice Blast\rbf_16.jpg,dhan_shomadhan,Rice Blast,rice_blast,field,train,False
data\raw\dhan_shomadhan\Field Background\Rice Blast\rbf_17.jpg,dhan_shomadhan,Rice Blast,rice_blast,field,test,False
data\raw\dhan_shomadhan\Field Background\Rice Blast\rbf_18.jpg,dhan_shomadhan,Rice Blast,rice_blast,field,train,False
data\raw\dhan_shomadhan\Field Background\Rice Blast\rbf_19.jpg,dhan_shomadhan,Rice Blast,rice_blast,field,train,False
data\raw\dhan_shomadhan\Field Background\Rice Blast\rbf_2.jpg,dhan_shomadhan,Rice Blast,rice_blast,field,train,False
data\raw\dhan_shomadhan\Field Background\Rice Blast\rbf_20.jpg,dhan_shomadhan,Rice Blast,rice_blast,field,val,False
data\raw\dhan_shomadhan\Field Background\Rice Blast\rbf_21.jpg,dhan_shomadhan,Rice Blast,rice_blast,field,train,False
data\raw\dhan_shomadhan\Field Background\Rice Blast\rbf_22.jpg,dhan_shomadhan,Rice Blast,rice_blast,field,train,False
data\raw\dhan_shomadhan\Field Background\Rice Blast\rbf_23.jpg,dhan_shomadhan,Rice Blast,rice_blast,field,test,False
data\raw\dhan_shomadhan\Field Background\Rice Blast\rbf_24.jpg,dhan_shomadhan,Rice Blast,rice_blast,field,train,False
data\raw\dhan_shomadhan\Field Background\Rice Blast\rbf_25.jpg,dhan_shomadhan,Rice Blast,rice_blast,field,train,False
data\raw\dhan_shomadhan\Field Background\Rice Blast\rbf_26.jpg,dhan_shomadhan,Rice Blast,rice_blast,field,train,False
data\raw\dhan_shomadhan\Field Background\Rice Blast\rbf_27.jpg,dhan_shomadhan,Rice Blast,rice_blast,field,test,False
data\raw\dhan_shomadhan\Field Background\Rice Blast\rbf_28.jpg,dhan_shomadhan,Rice Blast,rice_blast,field,test,False
data\raw\dhan_shomadhan\Field Background\Rice Blast\rbf_29.jpg,dhan_shomadhan,Rice Blast,rice_blast,field,train,False
data\raw\dhan_shomadhan\Field Background\Rice Blast\rbf_3.jpg,dhan_shomadhan,Rice Blast,rice_blast,field,train,False
data\raw\dhan_shomadhan\Field Background\Rice Blast\rbf_30.jpg,dhan_shomadhan,Rice Blast,rice_blast,field,train,False
data\raw\dhan_shomadhan\Field Background\Rice Blast\rbf_31.jpg,dhan_shomadhan,Rice Blast,rice_blast,field,val,False
data\raw\dhan_shomadhan\Field Background\Rice Blast\rbf_32.jpg,dhan_shomadhan,Rice Blast,rice_blast,field,train,False
data\raw\dhan_shomadhan\Field Background\Rice Blast\rbf_33.jpg,dhan_shomadhan,Rice Blast,rice_blast,field,train,False
data\raw\dhan_shomadhan\Field Background\Rice Blast\rbf_34.jpg,dhan_shomadhan,Rice Blast,rice_blast,field,train,False
data\raw\dhan_shomadhan\Field Background\Rice Blast\rbf_35.jpg,dhan_shomadhan,Rice Blast,rice_blast,field,train,False
data\raw\dhan_shomadhan\Field Background\Rice Blast\rbf_36.jpg,dhan_shomadhan,Rice Blast,rice_blast,field,val,False
data\raw\dhan_shomadhan\Field Background\Rice Blast\rbf_37.jpg,dhan_shomadhan,Rice Blast,rice_blast,field,train,False
data\raw\dhan_shomadhan\Field Background\Rice Blast\rbf_38.jpg,dhan_shomadhan,Rice Blast,rice_blast,field,train,False
data\raw\dhan_shomadhan\Field Background\Rice Blast\rbf_39.jpg,dhan_shomadhan,Rice Blast,rice_blast,field,train,False
data\raw\dhan_shomadhan\Field Background\Rice Blast\rbf_4.jpg,dhan_shomadhan,Rice Blast,rice_blast,field,train,False
data\raw\dhan_shomadhan\Field Background\Rice Blast\rbf_40.jpg,dhan_shomadhan,Rice Blast,rice_blast,field,train,False
data\raw\dhan_shomadhan\Field Background\Rice Blast\rbf_41.jpg,dhan_shomadhan,Rice Blast,rice_blast,field,train,False
data\raw\dhan_shomadhan\Field Background\Rice Blast\rbf_42.jpg,dhan_shomadhan,Rice Blast,rice_blast,field,test,False
data\raw\dhan_shomadhan\Field Background\Rice Blast\rbf_43.jpg,dhan_shomadhan,Rice Blast,rice_blast,field,val,False
data\raw\dhan_shomadhan\Field Background\Rice Blast\rbf_44.jpg,dhan_shomadhan,Rice Blast,rice_blast,field,val,False
data\raw\dhan_shomadhan\Field Background\Rice Blast\rbf_45.jpg,dhan_shomadhan,Rice Blast,rice_blast,field,test,False
data\raw\dhan_shomadhan\Field Background\Rice Blast\rbf_46.jpg,dhan_shomadhan,Rice Blast,rice_blast,field,test,False
data\raw\dhan_shomadhan\Field Background\Rice Blast\rbf_47.jpg,dhan_shomadhan,Rice Blast,rice_blast,field,train,False
data\raw\dhan_shomadhan\Field Background\Rice Blast\rbf_48.jpg,dhan_shomadhan,Rice Blast,rice_blast,field,train,False
data\raw\dhan_shomadhan\Field Background\Rice Blast\rbf_49.jpg,dhan_shomadhan,Rice Blast,rice_blast,field,val,False
data\raw\dhan_shomadhan\Field Background\Rice Blast\rbf_5.jpg,dhan_shomadhan,Rice Blast,rice_blast,field,train,False
data\raw\dhan_shomadhan\Field Background\Rice Blast\rbf_50.jpg,dhan_shomadhan,Rice Blast,rice_blast,field,train,False
data\raw\dhan_shomadhan\Field Background\Rice Blast\rbf_51.jpg,dhan_shomadhan,Rice Blast,rice_blast,field,train,False
data\raw\dhan_shomadhan\Field Background\Rice Blast\rbf_52.jpg,dhan_shomadhan,Rice Blast,rice_blast,field,train,False
data\raw\dhan_shomadhan\Field Background\Rice Blast\rbf_53.jpg,dhan_shomadhan,Rice Blast,rice_blast,field,train,False
data\raw\dhan_shomadhan\Field Background\Rice Blast\rbf_54.jpg,dhan_shomadhan,Rice Blast,rice_blast,field,val,False
data\raw\dhan_shomadhan\Field Background\Rice Blast\rbf_55.jpg,dhan_shomadhan,Rice Blast,rice_blast,field,val,False
data\raw\dhan_shomadhan\Field Background\Rice Blast\rbf_56.jpg,dhan_shomadhan,Rice Blast,rice_blast,field,train,False
data\raw\dhan_shomadhan\Field Background\Rice Blast\rbf_57.jpg,dhan_shomadhan,Rice Blast,rice_blast,field,train,False
data\raw\dhan_shomadhan\Field Background\Rice Blast\rbf_58.jpg,dhan_shomadhan,Rice Blast,rice_blast,field,train,False
data\raw\dhan_shomadhan\Field Background\Rice Blast\rbf_59.jpg,dhan_shomadhan,Rice Blast,rice_blast,field,train,False
data\raw\dhan_shomadhan\Field Background\Rice Blast\rbf_6.jpg,dhan_shomadhan,Rice Blast,rice_blast,field,val,False
data\raw\dhan_shomadhan\Field Background\Rice Blast\rbf_60.jpg,dhan_shomadhan,Rice Blast,rice_blast,field,test,False
data\raw\dhan_shomadhan\Field Background\Rice Blast\rbf_61.jpg,dhan_shomadhan,Rice Blast,rice_blast,field,train,False
data\raw\dhan_shomadhan\Field Background\Rice Blast\rbf_62.jpg,dhan_shomadhan,Rice Blast,rice_blast,field,test,False
data\raw\dhan_shomadhan\Field Background\Rice Blast\rbf_63.jpg,dhan_shomadhan,Rice Blast,rice_blast,field,train,False
data\raw\dhan_shomadhan\Field Background\Rice Blast\rbf_64.jpg,dhan_shomadhan,Rice Blast,rice_blast,field,test,False
data\raw\dhan_shomadhan\Field Background\Rice Blast\rbf_65.jpg,dhan_shomadhan,Rice Blast,rice_blast,field,train,False
data\raw\dhan_shomadhan\Field Background\Rice Blast\rbf_66.jpg,dhan_shomadhan,Rice Blast,rice_blast,field,train,False
data\raw\dhan_shomadhan\Field Background\Rice Blast\rbf_67.jpg,dhan_shomadhan,Rice Blast,rice_blast,field,train,False
data\raw\dhan_shomadhan\Field Background\Rice Blast\rbf_68.jpg,dhan_shomadhan,Rice Blast,rice_blast,field,train,False
data\raw\dhan_shomadhan\Field Background\Rice Blast\rbf_69.jpg,dhan_shomadhan,Rice Blast,rice_blast,field,train,False
data\raw\dhan_shomadhan\Field Background\Rice Blast\rbf_7.jpg,dhan_shomadhan,Rice Blast,rice_blast,field,train,False
data\raw\dhan_shomadhan\Field Background\Rice Blast\rbf_70.jpg,dhan_shomadhan,Rice Blast,rice_blast,field,test,False
data\raw\dhan_shomadhan\Field Background\Rice Blast\rbf_71.jpg,dhan_shomadhan,Rice Blast,rice_blast,field,train,False
data\raw\dhan_shomadhan\Field Background\Rice Blast\rbf_72.jpg,dhan_shomadhan,Rice Blast,rice_blast,field,train,False
data\raw\dhan_shomadhan\Field Background\Rice Blast\rbf_73.jpg,dhan_shomadhan,Rice Blast,rice_blast,field,train,False
data\raw\dhan_shomadhan\Field Background\Rice Blast\rbf_8.jpg,dhan_shomadhan,Rice Blast,rice_blast,field,test,False
data\raw\dhan_shomadhan\Field Background\Rice Blast\rbf_9.jpg,dhan_shomadhan,Rice Blast,rice_blast,field,test,False
data\raw\dhan_shomadhan\Field Background\Rice Turgro\rtf_0.jpg,dhan_shomadhan,Rice Turgro,tungro,field,train,False
data\raw\dhan_shomadhan\Field Background\Rice Turgro\rtf_1.jpg,dhan_shomadhan,Rice Turgro,tungro,field,train,False
data\raw\dhan_shomadhan\Field Background\Rice Turgro\rtf_10.jpg,dhan_shomadhan,Rice Turgro,tungro,field,test,False
data\raw\dhan_shomadhan\Field Background\Rice Turgro\rtf_11.jpg,dhan_shomadhan,Rice Turgro,tungro,field,train,False
data\raw\dhan_shomadhan\Field Background\Rice Turgro\rtf_12.jpg,dhan_shomadhan,Rice Turgro,tungro,field,train,False
data\raw\dhan_shomadhan\Field Background\Rice Turgro\rtf_13.jpg,dhan_shomadhan,Rice Turgro,tungro,field,train,False
data\raw\dhan_shomadhan\Field Background\Rice Turgro\rtf_14.jpg,dhan_shomadhan,Rice Turgro,tungro,field,train,False
data\raw\dhan_shomadhan\Field Background\Rice Turgro\rtf_15.jpg,dhan_shomadhan,Rice Turgro,tungro,field,train,False
data\raw\dhan_shomadhan\Field Background\Rice Turgro\rtf_16.jpg,dhan_shomadhan,Rice Turgro,tungro,field,train,False
data\raw\dhan_shomadhan\Field Background\Rice Turgro\rtf_17.jpg,dhan_shomadhan,Rice Turgro,tungro,field,train,False
data\raw\dhan_shomadhan\Field Background\Rice Turgro\rtf_18.jpg,dhan_shomadhan,Rice Turgro,tungro,field,test,False
data\raw\dhan_shomadhan\Field Background\Rice Turgro\rtf_19.jpg,dhan_shomadhan,Rice Turgro,tungro,field,test,False
data\raw\dhan_shomadhan\Field Background\Rice Turgro\rtf_2.jpg,dhan_shomadhan,Rice Turgro,tungro,field,val,False
data\raw\dhan_shomadhan\Field Background\Rice Turgro\rtf_20.jpg,dhan_shomadhan,Rice Turgro,tungro,field,train,False
data\raw\dhan_shomadhan\Field Background\Rice Turgro\rtf_21.jpg,dhan_shomadhan,Rice Turgro,tungro,field,train,False
data\raw\dhan_shomadhan\Field Background\Rice Turgro\rtf_22.jpg,dhan_shomadhan,Rice Turgro,tungro,field,val,False
data\raw\dhan_shomadhan\Field Background\Rice Turgro\rtf_23.jpg,dhan_shomadhan,Rice Turgro,tungro,field,train,False
data\raw\dhan_shomadhan\Field Background\Rice Turgro\rtf_24.jpg,dhan_shomadhan,Rice Turgro,tungro,field,train,False
data\raw\dhan_shomadhan\Field Background\Rice Turgro\rtf_25.jpg,dhan_shomadhan,Rice Turgro,tungro,field,train,False
data\raw\dhan_shomadhan\Field Background\Rice Turgro\rtf_26.jpg,dhan_shomadhan,Rice Turgro,tungro,field,train,False
data\raw\dhan_shomadhan\Field Background\Rice Turgro\rtf_27.jpg,dhan_shomadhan,Rice Turgro,tungro,field,train,False
data\raw\dhan_shomadhan\Field Background\Rice Turgro\rtf_28.jpg,dhan_shomadhan,Rice Turgro,tungro,field,train,False
data\raw\dhan_shomadhan\Field Background\Rice Turgro\rtf_29.jpg,dhan_shomadhan,Rice Turgro,tungro,field,train,False
data\raw\dhan_shomadhan\Field Background\Rice Turgro\rtf_3.jpg,dhan_shomadhan,Rice Turgro,tungro,field,train,False
data\raw\dhan_shomadhan\Field Background\Rice Turgro\rtf_30.jpg,dhan_shomadhan,Rice Turgro,tungro,field,train,False
data\raw\dhan_shomadhan\Field Background\Rice Turgro\rtf_31.jpg,dhan_shomadhan,Rice Turgro,tungro,field,train,False
data\raw\dhan_shomadhan\Field Background\Rice Turgro\rtf_32.jpg,dhan_shomadhan,Rice Turgro,tungro,field,train,False
data\raw\dhan_shomadhan\Field Background\Rice Turgro\rtf_33.jpg,dhan_shomadhan,Rice Turgro,tungro,field,train,False
data\raw\dhan_shomadhan\Field Background\Rice Turgro\rtf_34.jpg,dhan_shomadhan,Rice Turgro,tungro,field,train,False
data\raw\dhan_shomadhan\Field Background\Rice Turgro\rtf_35.jpg,dhan_shomadhan,Rice Turgro,tungro,field,train,False
data\raw\dhan_shomadhan\Field Background\Rice Turgro\rtf_36.jpg,dhan_shomadhan,Rice Turgro,tungro,field,test,False
data\raw\dhan_shomadhan\Field Background\Rice Turgro\rtf_37.jpg,dhan_shomadhan,Rice Turgro,tungro,field,train,False
data\raw\dhan_shomadhan\Field Background\Rice Turgro\rtf_38.jpg,dhan_shomadhan,Rice Turgro,tungro,field,test,False
data\raw\dhan_shomadhan\Field Background\Rice Turgro\rtf_39.jpg,dhan_shomadhan,Rice Turgro,tungro,field,val,False
data\raw\dhan_shomadhan\Field Background\Rice Turgro\rtf_4.jpg,dhan_shomadhan,Rice Turgro,tungro,field,train,False
data\raw\dhan_shomadhan\Field Background\Rice Turgro\rtf_40.jpg,dhan_shomadhan,Rice Turgro,tungro,field,train,False
data\raw\dhan_shomadhan\Field Background\Rice Turgro\rtf_41.jpg,dhan_shomadhan,Rice Turgro,tungro,field,train,False
data\raw\dhan_shomadhan\Field Background\Rice Turgro\rtf_42.jpg,dhan_shomadhan,Rice Turgro,tungro,field,train,False
data\raw\dhan_shomadhan\Field Background\Rice Turgro\rtf_43.jpg,dhan_shomadhan,Rice Turgro,tungro,field,test,False
data\raw\dhan_shomadhan\Field Background\Rice Turgro\rtf_44.jpg,dhan_shomadhan,Rice Turgro,tungro,field,train,False
data\raw\dhan_shomadhan\Field Background\Rice Turgro\rtf_45.jpg,dhan_shomadhan,Rice Turgro,tungro,field,train,False
data\raw\dhan_shomadhan\Field Background\Rice Turgro\rtf_46.jpg,dhan_shomadhan,Rice Turgro,tungro,field,test,False
data\raw\dhan_shomadhan\Field Background\Rice Turgro\rtf_47.jpg,dhan_shomadhan,Rice Turgro,tungro,field,train,False
data\raw\dhan_shomadhan\Field Background\Rice Turgro\rtf_48.jpg,dhan_shomadhan,Rice Turgro,tungro,field,val,False
data\raw\dhan_shomadhan\Field Background\Rice Turgro\rtf_49.jpg,dhan_shomadhan,Rice Turgro,tungro,field,train,False
data\raw\dhan_shomadhan\Field Background\Rice Turgro\rtf_5.jpg,dhan_shomadhan,Rice Turgro,tungro,field,train,False
data\raw\dhan_shomadhan\Field Background\Rice Turgro\rtf_50.jpg,dhan_shomadhan,Rice Turgro,tungro,field,train,False
data\raw\dhan_shomadhan\Field Background\Rice Turgro\rtf_51.jpg,dhan_shomadhan,Rice Turgro,tungro,field,val,False
data\raw\dhan_shomadhan\Field Background\Rice Turgro\rtf_52.jpg,dhan_shomadhan,Rice Turgro,tungro,field,train,False
data\raw\dhan_shomadhan\Field Background\Rice Turgro\rtf_53.jpg,dhan_shomadhan,Rice Turgro,tungro,field,train,False
data\raw\dhan_shomadhan\Field Background\Rice Turgro\rtf_54.jpg,dhan_shomadhan,Rice Turgro,tungro,field,train,False
data\raw\dhan_shomadhan\Field Background\Rice Turgro\rtf_55.jpg,dhan_shomadhan,Rice Turgro,tungro,field,val,False
data\raw\dhan_shomadhan\Field Background\Rice Turgro\rtf_56.jpg,dhan_shomadhan,Rice Turgro,tungro,field,val,False
data\raw\dhan_shomadhan\Field Background\Rice Turgro\rtf_57.jpg,dhan_shomadhan,Rice Turgro,tungro,field,train,False
data\raw\dhan_shomadhan\Field Background\Rice Turgro\rtf_58.jpg,dhan_shomadhan,Rice Turgro,tungro,field,train,False
data\raw\dhan_shomadhan\Field Background\Rice Turgro\rtf_59.jpg,dhan_shomadhan,Rice Turgro,tungro,field,train,False
data\raw\dhan_shomadhan\Field Background\Rice Turgro\rtf_6.jpg,dhan_shomadhan,Rice Turgro,tungro,field,train,False
data\raw\dhan_shomadhan\Field Background\Rice Turgro\rtf_60.jpg,dhan_shomadhan,Rice Turgro,tungro,field,val,False
data\raw\dhan_shomadhan\Field Background\Rice Turgro\rtf_61.jpg,dhan_shomadhan,Rice Turgro,tungro,field,train,False
data\raw\dhan_shomadhan\Field Background\Rice Turgro\rtf_62.jpg,dhan_shomadhan,Rice Turgro,tungro,field,val,False
data\raw\dhan_shomadhan\Field Background\Rice Turgro\rtf_63.jpg,dhan_shomadhan,Rice Turgro,tungro,field,test,False
data\raw\dhan_shomadhan\Field Background\Rice Turgro\rtf_64.jpg,dhan_shomadhan,Rice Turgro,tungro,field,val,False
data\raw\dhan_shomadhan\Field Background\Rice Turgro\rtf_65.jpg,dhan_shomadhan,Rice Turgro,tungro,field,train,False
data\raw\dhan_shomadhan\Field Background\Rice Turgro\rtf_66.jpg,dhan_shomadhan,Rice Turgro,tungro,field,train,False
data\raw\dhan_shomadhan\Field Background\Rice Turgro\rtf_67.jpg,dhan_shomadhan,Rice Turgro,tungro,field,test,False
data\raw\dhan_shomadhan\Field Background\Rice Turgro\rtf_68.jpg,dhan_shomadhan,Rice Turgro,tungro,field,train,False
data\raw\dhan_shomadhan\Field Background\Rice Turgro\rtf_69.jpg,dhan_shomadhan,Rice Turgro,tungro,field,train,False
data\raw\dhan_shomadhan\Field Background\Rice Turgro\rtf_7.jpg,dhan_shomadhan,Rice Turgro,tungro,field,train,False
data\raw\dhan_shomadhan\Field Background\Rice Turgro\rtf_70.jpg,dhan_shomadhan,Rice Turgro,tungro,field,test,False
data\raw\dhan_shomadhan\Field Background\Rice Turgro\rtf_71.jpg,dhan_shomadhan,Rice Turgro,tungro,field,test,False
data\raw\dhan_shomadhan\Field Background\Rice Turgro\rtf_72.jpg,dhan_shomadhan,Rice Turgro,tungro,field,train,False
data\raw\dhan_shomadhan\Field Background\Rice Turgro\rtf_73.jpg,dhan_shomadhan,Rice Turgro,tungro,field,train,False
data\raw\dhan_shomadhan\Field Background\Rice Turgro\rtf_74.jpg,dhan_shomadhan,Rice Turgro,tungro,field,val,False
data\raw\dhan_shomadhan\Field Background\Rice Turgro\rtf_75.jpg,dhan_shomadhan,Rice Turgro,tungro,field,train,False
data\raw\dhan_shomadhan\Field Background\Rice Turgro\rtf_8.jpg,dhan_shomadhan,Rice Turgro,tungro,field,train,False
data\raw\dhan_shomadhan\Field Background\Rice Turgro\rtf_9.jpg,dhan_shomadhan,Rice Turgro,tungro,field,test,False
data\raw\dhan_shomadhan\Field Background\Sheath Blight\sbf_0.jpg,dhan_shomadhan,Sheath Blight,sheath_blight,field,train,False
data\raw\dhan_shomadhan\Field Background\Sheath Blight\sbf_1.jpg,dhan_shomadhan,Sheath Blight,sheath_blight,field,train,False
data\raw\dhan_shomadhan\Field Background\Sheath Blight\sbf_10.jpg,dhan_shomadhan,Sheath Blight,sheath_blight,field,train,False
data\raw\dhan_shomadhan\Field Background\Sheath Blight\sbf_11.jpg,dhan_shomadhan,Sheath Blight,sheath_blight,field,train,False
data\raw\dhan_shomadhan\Field Background\Sheath Blight\sbf_12.jpg,dhan_shomadhan,Sheath Blight,sheath_blight,field,train,False
data\raw\dhan_shomadhan\Field Background\Sheath Blight\sbf_13.jpg,dhan_shomadhan,Sheath Blight,sheath_blight,field,train,False
data\raw\dhan_shomadhan\Field Background\Sheath Blight\sbf_14.jpg,dhan_shomadhan,Sheath Blight,sheath_blight,field,train,False
data\raw\dhan_shomadhan\Field Background\Sheath Blight\sbf_15.jpg,dhan_shomadhan,Sheath Blight,sheath_blight,field,train,False
data\raw\dhan_shomadhan\Field Background\Sheath Blight\sbf_16.jpg,dhan_shomadhan,Sheath Blight,sheath_blight,field,train,False
data\raw\dhan_shomadhan\Field Background\Sheath Blight\sbf_17.jpg,dhan_shomadhan,Sheath Blight,sheath_blight,field,test,False
data\raw\dhan_shomadhan\Field Background\Sheath Blight\sbf_18.jpg,dhan_shomadhan,Sheath Blight,sheath_blight,field,train,False
data\raw\dhan_shomadhan\Field Background\Sheath Blight\sbf_19.jpg,dhan_shomadhan,Sheath Blight,sheath_blight,field,train,False
data\raw\dhan_shomadhan\Field Background\Sheath Blight\sbf_2.jpg,dhan_shomadhan,Sheath Blight,sheath_blight,field,train,False
data\raw\dhan_shomadhan\Field Background\Sheath Blight\sbf_20.jpg,dhan_shomadhan,Sheath Blight,sheath_blight,field,val,False
data\raw\dhan_shomadhan\Field Background\Sheath Blight\sbf_21.jpg,dhan_shomadhan,Sheath Blight,sheath_blight,field,train,False
data\raw\dhan_shomadhan\Field Background\Sheath Blight\sbf_22.jpg,dhan_shomadhan,Sheath Blight,sheath_blight,field,train,False
data\raw\dhan_shomadhan\Field Background\Sheath Blight\sbf_23.jpg,dhan_shomadhan,Sheath Blight,sheath_blight,field,test,False
data\raw\dhan_shomadhan\Field Background\Sheath Blight\sbf_24.jpg,dhan_shomadhan,Sheath Blight,sheath_blight,field,val,False
data\raw\dhan_shomadhan\Field Background\Sheath Blight\sbf_25.jpg,dhan_shomadhan,Sheath Blight,sheath_blight,field,train,False
data\raw\dhan_shomadhan\Field Background\Sheath Blight\sbf_26.jpg,dhan_shomadhan,Sheath Blight,sheath_blight,field,train,False
data\raw\dhan_shomadhan\Field Background\Sheath Blight\sbf_27.jpg,dhan_shomadhan,Sheath Blight,sheath_blight,field,val,False
data\raw\dhan_shomadhan\Field Background\Sheath Blight\sbf_28.jpg,dhan_shomadhan,Sheath Blight,sheath_blight,field,train,False
data\raw\dhan_shomadhan\Field Background\Sheath Blight\sbf_29.jpg,dhan_shomadhan,Sheath Blight,sheath_blight,field,train,False
data\raw\dhan_shomadhan\Field Background\Sheath Blight\sbf_3.jpg,dhan_shomadhan,Sheath Blight,sheath_blight,field,val,False
data\raw\dhan_shomadhan\Field Background\Sheath Blight\sbf_30.jpg,dhan_shomadhan,Sheath Blight,sheath_blight,field,test,False
data\raw\dhan_shomadhan\Field Background\Sheath Blight\sbf_31.jpg,dhan_shomadhan,Sheath Blight,sheath_blight,field,train,False
data\raw\dhan_shomadhan\Field Background\Sheath Blight\sbf_32.jpg,dhan_shomadhan,Sheath Blight,sheath_blight,field,train,False
data\raw\dhan_shomadhan\Field Background\Sheath Blight\sbf_33.jpg,dhan_shomadhan,Sheath Blight,sheath_blight,field,train,False
data\raw\dhan_shomadhan\Field Background\Sheath Blight\sbf_34.jpg,dhan_shomadhan,Sheath Blight,sheath_blight,field,train,False
data\raw\dhan_shomadhan\Field Background\Sheath Blight\sbf_35.jpg,dhan_shomadhan,Sheath Blight,sheath_blight,field,test,False
data\raw\dhan_shomadhan\Field Background\Sheath Blight\sbf_36.jpg,dhan_shomadhan,Sheath Blight,sheath_blight,field,train,False
data\raw\dhan_shomadhan\Field Background\Sheath Blight\sbf_37.jpg,dhan_shomadhan,Sheath Blight,sheath_blight,field,train,False
data\raw\dhan_shomadhan\Field Background\Sheath Blight\sbf_38.jpg,dhan_shomadhan,Sheath Blight,sheath_blight,field,train,False
data\raw\dhan_shomadhan\Field Background\Sheath Blight\sbf_39.jpg,dhan_shomadhan,Sheath Blight,sheath_blight,field,test,False
data\raw\dhan_shomadhan\Field Background\Sheath Blight\sbf_4.jpg,dhan_shomadhan,Sheath Blight,sheath_blight,field,train,False
data\raw\dhan_shomadhan\Field Background\Sheath Blight\sbf_40.jpg,dhan_shomadhan,Sheath Blight,sheath_blight,field,train,False
data\raw\dhan_shomadhan\Field Background\Sheath Blight\sbf_41.jpg,dhan_shomadhan,Sheath Blight,sheath_blight,field,train,False
data\raw\dhan_shomadhan\Field Background\Sheath Blight\sbf_42.jpg,dhan_shomadhan,Sheath Blight,sheath_blight,field,test,False
data\raw\dhan_shomadhan\Field Background\Sheath Blight\sbf_43.jpg,dhan_shomadhan,Sheath Blight,sheath_blight,field,test,False
data\raw\dhan_shomadhan\Field Background\Sheath Blight\sbf_44.jpg,dhan_shomadhan,Sheath Blight,sheath_blight,field,val,False
data\raw\dhan_shomadhan\Field Background\Sheath Blight\sbf_45.jpg,dhan_shomadhan,Sheath Blight,sheath_blight,field,val,False
data\raw\dhan_shomadhan\Field Background\Sheath Blight\sbf_46.jpg,dhan_shomadhan,Sheath Blight,sheath_blight,field,train,False
data\raw\dhan_shomadhan\Field Background\Sheath Blight\sbf_47.jpg,dhan_shomadhan,Sheath Blight,sheath_blight,field,train,False
data\raw\dhan_shomadhan\Field Background\Sheath Blight\sbf_48.jpg,dhan_shomadhan,Sheath Blight,sheath_blight,field,train,False
data\raw\dhan_shomadhan\Field Background\Sheath Blight\sbf_49.jpg,dhan_shomadhan,Sheath Blight,sheath_blight,field,train,False
data\raw\dhan_shomadhan\Field Background\Sheath Blight\sbf_5.jpg,dhan_shomadhan,Sheath Blight,sheath_blight,field,train,False
data\raw\dhan_shomadhan\Field Background\Sheath Blight\sbf_50.jpg,dhan_shomadhan,Sheath Blight,sheath_blight,field,train,False
data\raw\dhan_shomadhan\Field Background\Sheath Blight\sbf_51.jpg,dhan_shomadhan,Sheath Blight,sheath_blight,field,train,False
data\raw\dhan_shomadhan\Field Background\Sheath Blight\sbf_52.jpg,dhan_shomadhan,Sheath Blight,sheath_blight,field,train,False
data\raw\dhan_shomadhan\Field Background\Sheath Blight\sbf_53.jpg,dhan_shomadhan,Sheath Blight,sheath_blight,field,val,False
data\raw\dhan_shomadhan\Field Background\Sheath Blight\sbf_54.jpg,dhan_shomadhan,Sheath Blight,sheath_blight,field,train,False
data\raw\dhan_shomadhan\Field Background\Sheath Blight\sbf_55.jpg,dhan_shomadhan,Sheath Blight,sheath_blight,field,test,False
data\raw\dhan_shomadhan\Field Background\Sheath Blight\sbf_56.jpg,dhan_shomadhan,Sheath Blight,sheath_blight,field,train,False
data\raw\dhan_shomadhan\Field Background\Sheath Blight\sbf_57.jpg,dhan_shomadhan,Sheath Blight,sheath_blight,field,train,False
data\raw\dhan_shomadhan\Field Background\Sheath Blight\sbf_58.jpg,dhan_shomadhan,Sheath Blight,sheath_blight,field,train,False
data\raw\dhan_shomadhan\Field Background\Sheath Blight\sbf_59.jpg,dhan_shomadhan,Sheath Blight,sheath_blight,field,train,False
data\raw\dhan_shomadhan\Field Background\Sheath Blight\sbf_6.jpg,dhan_shomadhan,Sheath Blight,sheath_blight,field,train,False
data\raw\dhan_shomadhan\Field Background\Sheath Blight\sbf_60.jpg,dhan_shomadhan,Sheath Blight,sheath_blight,field,train,False
data\raw\dhan_shomadhan\Field Background\Sheath Blight\sbf_61.jpg,dhan_shomadhan,Sheath Blight,sheath_blight,field,test,False
data\raw\dhan_shomadhan\Field Background\Sheath Blight\sbf_62.jpg,dhan_shomadhan,Sheath Blight,sheath_blight,field,train,False
data\raw\dhan_shomadhan\Field Background\Sheath Blight\sbf_63.jpg,dhan_shomadhan,Sheath Blight,sheath_blight,field,train,False
data\raw\dhan_shomadhan\Field Background\Sheath Blight\sbf_7.jpg,dhan_shomadhan,Sheath Blight,sheath_blight,field,train,False
data\raw\dhan_shomadhan\Field Background\Sheath Blight\sbf_8.jpg,dhan_shomadhan,Sheath Blight,sheath_blight,field,test,False
data\raw\dhan_shomadhan\Field Background\Sheath Blight\sbf_9.jpg,dhan_shomadhan,Sheath Blight,sheath_blight,field,test,False
data\raw\brri_rice_disease_pest\Healthy\HL_1.jpg,brri_rice_disease_pest,Healthy,healthy,,train,False
data\raw\brri_rice_disease_pest\Healthy\HL_10.jpg,brri_rice_disease_pest,Healthy,healthy,,test,False
data\raw\brri_rice_disease_pest\Healthy\HL_100.jpg,brri_rice_disease_pest,Healthy,healthy,,train,False
data\raw\brri_rice_disease_pest\Healthy\HL_101.jpg,brri_rice_disease_pest,Healthy,healthy,,train,False
data\raw\brri_rice_disease_pest\Healthy\HL_102.jpg,brri_rice_disease_pest,Healthy,healthy,,val,False
data\raw\brri_rice_disease_pest\Healthy\HL_103.jpg,brri_rice_disease_pest,Healthy,healthy,,train,False
data\raw\brri_rice_disease_pest\Healthy\HL_104.jpg,brri_rice_disease_pest,Healthy,healthy,,train,False
data\raw\brri_rice_disease_pest\Healthy\HL_105.jpg,brri_rice_disease_pest,Healthy,healthy,,train,False
data\raw\brri_rice_disease_pest\Healthy\HL_106.jpg,brri_rice_disease_pest,Healthy,healthy,,train,False
data\raw\brri_rice_disease_pest\Healthy\HL_107.jpg,brri_rice_disease_pest,Healthy,healthy,,train,False
data\raw\brri_rice_disease_pest\Healthy\HL_108.jpg,brri_rice_disease_pest,Healthy,healthy,,train,False
data\raw\brri_rice_disease_pest\Healthy\HL_109.jpg,brri_rice_disease_pest,Healthy,healthy,,train,False
data\raw\brri_rice_disease_pest\Healthy\HL_11.jpg,brri_rice_disease_pest,Healthy,healthy,,val,False
data\raw\brri_rice_disease_pest\Healthy\HL_110.jpg,brri_rice_disease_pest,Healthy,healthy,,test,False
data\raw\brri_rice_disease_pest\Healthy\HL_111.jpg,brri_rice_disease_pest,Healthy,healthy,,test,False
data\raw\brri_rice_disease_pest\Healthy\HL_112.jpg,brri_rice_disease_pest,Healthy,healthy,,train,False
data\raw\brri_rice_disease_pest\Healthy\HL_113.jpg,brri_rice_disease_pest,Healthy,healthy,,train,False
data\raw\brri_rice_disease_pest\Healthy\HL_114.jpg,brri_rice_disease_pest,Healthy,healthy,,train,False
data\raw\brri_rice_disease_pest\Healthy\HL_115.jpg,brri_rice_disease_pest,Healthy,healthy,,train,False
data\raw\brri_rice_disease_pest\Healthy\HL_116.jpg,brri_rice_disease_pest,Healthy,healthy,,train,False
data\raw\brri_rice_disease_pest\Healthy\HL_117.jpg,brri_rice_disease_pest,Healthy,healthy,,test,False
data\raw\brri_rice_disease_pest\Healthy\HL_118.jpg,brri_rice_disease_pest,Healthy,healthy,,test,False
data\raw\brri_rice_disease_pest\Healthy\HL_119.jpg,brri_rice_disease_pest,Healthy,healthy,,train,False
data\raw\brri_rice_disease_pest\Healthy\HL_12.jpg,brri_rice_disease_pest,Healthy,healthy,,train,False
data\raw\brri_rice_disease_pest\Healthy\HL_120.jpg,brri_rice_disease_pest,Healthy,healthy,,train,False
data\raw\brri_rice_disease_pest\Healthy\HL_121.jpg,brri_rice_disease_pest,Healthy,healthy,,train,False
data\raw\brri_rice_disease_pest\Healthy\HL_122.jpg,brri_rice_disease_pest,Healthy,healthy,,train,False
data\raw\brri_rice_disease_pest\Healthy\HL_123.jpg,brri_rice_disease_pest,Healthy,healthy,,val,False
data\raw\brri_rice_disease_pest\Healthy\HL_124.jpg,brri_rice_disease_pest,Healthy,healthy,,val,False
data\raw\brri_rice_disease_pest\Healthy\HL_125.jpg,brri_rice_disease_pest,Healthy,healthy,,train,False
data\raw\brri_rice_disease_pest\Healthy\HL_126.jpg,brri_rice_disease_pest,Healthy,healthy,,train,False
data\raw\brri_rice_disease_pest\Healthy\HL_127.jpg,brri_rice_disease_pest,Healthy,healthy,,train,False
data\raw\brri_rice_disease_pest\Healthy\HL_128.jpg,brri_rice_disease_pest,Healthy,healthy,,val,False
data\raw\brri_rice_disease_pest\Healthy\HL_129.jpg,brri_rice_disease_pest,Healthy,healthy,,train,False
data\raw\brri_rice_disease_pest\Healthy\HL_13.jpg,brri_rice_disease_pest,Healthy,healthy,,test,False
data\raw\brri_rice_disease_pest\Healthy\HL_130.jpg,brri_rice_disease_pest,Healthy,healthy,,val,False
data\raw\brri_rice_disease_pest\Healthy\HL_131.jpg,brri_rice_disease_pest,Healthy,healthy,,train,False
data\raw\brri_rice_disease_pest\Healthy\HL_132.jpg,brri_rice_disease_pest,Healthy,healthy,,train,False
data\raw\brri_rice_disease_pest\Healthy\HL_133.jpg,brri_rice_disease_pest,Healthy,healthy,,train,False
data\raw\brri_rice_disease_pest\Healthy\HL_134.jpg,brri_rice_disease_pest,Healthy,healthy,,train,False
data\raw\brri_rice_disease_pest\Healthy\HL_135.jpg,brri_rice_disease_pest,Healthy,healthy,,test,False
data\raw\brri_rice_disease_pest\Healthy\HL_136.jpg,brri_rice_disease_pest,Healthy,healthy,,val,False
data\raw\brri_rice_disease_pest\Healthy\HL_137.jpg,brri_rice_disease_pest,Healthy,healthy,,train,False
data\raw\brri_rice_disease_pest\Healthy\HL_138.jpg,brri_rice_disease_pest,Healthy,healthy,,val,False
data\raw\brri_rice_disease_pest\Healthy\HL_139.jpg,brri_rice_disease_pest,Healthy,healthy,,val,False
data\raw\brri_rice_disease_pest\Healthy\HL_14.jpg,brri_rice_disease_pest,Healthy,healthy,,train,False
data\raw\brri_rice_disease_pest\Healthy\HL_140.jpg,brri_rice_disease_pest,Healthy,healthy,,train,False
data\raw\brri_rice_disease_pest\Healthy\HL_141.jpg,brri_rice_disease_pest,Healthy,healthy,,val,False
data\raw\brri_rice_disease_pest\Healthy\HL_142.jpg,brri_rice_disease_pest,Healthy,healthy,,train,False
data\raw\brri_rice_disease_pest\Healthy\HL_143.jpg,brri_rice_disease_pest,Healthy,healthy,,train,False
data\raw\brri_rice_disease_pest\Healthy\HL_144.jpg,brri_rice_disease_pest,Healthy,healthy,,train,False
data\raw\brri_rice_disease_pest\Healthy\HL_145.jpg,brri_rice_disease_pest,Healthy,healthy,,val,False
data\raw\brri_rice_disease_pest\Healthy\HL_146.jpg,brri_rice_disease_pest,Healthy,healthy,,test,False
data\raw\brri_rice_disease_pest\Healthy\HL_147.jpg,brri_rice_disease_pest,Healthy,healthy,,train,False
data\raw\brri_rice_disease_pest\Healthy\HL_148.jpg,brri_rice_disease_pest,Healthy,healthy,,train,False
data\raw\brri_rice_disease_pest\Healthy\HL_149.jpg,brri_rice_disease_pest,Healthy,healthy,,train,False
data\raw\brri_rice_disease_pest\Healthy\HL_15.jpg,brri_rice_disease_pest,Healthy,healthy,,train,False
data\raw\brri_rice_disease_pest\Healthy\HL_150.jpg,brri_rice_disease_pest,Healthy,healthy,,train,False
data\raw\brri_rice_disease_pest\Healthy\HL_151.jpg,brri_rice_disease_pest,Healthy,healthy,,test,False
data\raw\brri_rice_disease_pest\Healthy\HL_152.jpg,brri_rice_disease_pest,Healthy,healthy,,train,False
data\raw\brri_rice_disease_pest\Healthy\HL_153.jpg,brri_rice_disease_pest,Healthy,healthy,,train,False
data\raw\brri_rice_disease_pest\Healthy\HL_154.jpg,brri_rice_disease_pest,Healthy,healthy,,val,False
data\raw\brri_rice_disease_pest\Healthy\HL_155.jpg,brri_rice_disease_pest,Healthy,healthy,,test,False
data\raw\brri_rice_disease_pest\Healthy\HL_156.jpg,brri_rice_disease_pest,Healthy,healthy,,train,False
data\raw\brri_rice_disease_pest\Healthy\HL_157.jpg,brri_rice_disease_pest,Healthy,healthy,,test,False
data\raw\brri_rice_disease_pest\Healthy\HL_158.jpg,brri_rice_disease_pest,Healthy,healthy,,val,False
data\raw\brri_rice_disease_pest\Healthy\HL_159.jpg,brri_rice_disease_pest,Healthy,healthy,,train,False
data\raw\brri_rice_disease_pest\Healthy\HL_16.jpg,brri_rice_disease_pest,Healthy,healthy,,train,False
data\raw\brri_rice_disease_pest\Healthy\HL_160.jpg,brri_rice_disease_pest,Healthy,healthy,,train,False
data\raw\brri_rice_disease_pest\Healthy\HL_161.jpg,brri_rice_disease_pest,Healthy,healthy,,train,False
data\raw\brri_rice_disease_pest\Healthy\HL_162.jpg,brri_rice_disease_pest,Healthy,healthy,,train,False
data\raw\brri_rice_disease_pest\Healthy\HL_163.jpg,brri_rice_disease_pest,Healthy,healthy,,test,False
data\raw\brri_rice_disease_pest\Healthy\HL_164.jpg,brri_rice_disease_pest,Healthy,healthy,,train,False
data\raw\brri_rice_disease_pest\Healthy\HL_165.jpg,brri_rice_disease_pest,Healthy,healthy,,train,False
data\raw\brri_rice_disease_pest\Healthy\HL_166.jpg,brri_rice_disease_pest,Healthy,healthy,,train,False
data\raw\brri_rice_disease_pest\Healthy\HL_167.jpg,brri_rice_disease_pest,Healthy,healthy,,train,False
data\raw\brri_rice_disease_pest\Healthy\HL_168.jpg,brri_rice_disease_pest,Healthy,healthy,,train,False
data\raw\brri_rice_disease_pest\Healthy\HL_169.jpg,brri_rice_disease_pest,Healthy,healthy,,train,False
data\raw\brri_rice_disease_pest\Healthy\HL_17.jpg,brri_rice_disease_pest,Healthy,healthy,,train,False
data\raw\brri_rice_disease_pest\Healthy\HL_170.jpg,brri_rice_disease_pest,Healthy,healthy,,train,False
data\raw\brri_rice_disease_pest\Healthy\HL_171.jpg,brri_rice_disease_pest,Healthy,healthy,,test,False
data\raw\brri_rice_disease_pest\Healthy\HL_172.jpg,brri_rice_disease_pest,Healthy,healthy,,train,False
data\raw\brri_rice_disease_pest\Healthy\HL_173.jpg,brri_rice_disease_pest,Healthy,healthy,,train,False
data\raw\brri_rice_disease_pest\Healthy\HL_174.jpg,brri_rice_disease_pest,Healthy,healthy,,train,False
data\raw\brri_rice_disease_pest\Healthy\HL_175.jpg,brri_rice_disease_pest,Healthy,healthy,,train,False
data\raw\brri_rice_disease_pest\Healthy\HL_176.jpg,brri_rice_disease_pest,Healthy,healthy,,val,False
data\raw\brri_rice_disease_pest\Healthy\HL_177.jpg,brri_rice_disease_pest,Healthy,healthy,,train,False
data\raw\brri_rice_disease_pest\Healthy\HL_178.jpg,brri_rice_disease_pest,Healthy,healthy,,test,False
data\raw\brri_rice_disease_pest\Healthy\HL_179.jpg,brri_rice_disease_pest,Healthy,healthy,,train,False
data\raw\brri_rice_disease_pest\Healthy\HL_18.jpg,brri_rice_disease_pest,Healthy,healthy,,train,False
data\raw\brri_rice_disease_pest\Healthy\HL_180.jpg,brri_rice_disease_pest,Healthy,healthy,,train,False
data\raw\brri_rice_disease_pest\Healthy\HL_181.jpg,brri_rice_disease_pest,Healthy,healthy,,test,False
data\raw\brri_rice_disease_pest\Healthy\HL_182.jpg,brri_rice_disease_pest,Healthy,healthy,,train,False
data\raw\brri_rice_disease_pest\Healthy\HL_183.jpg,brri_rice_disease_pest,Healthy,healthy,,train,False
data\raw\brri_rice_disease_pest\Healthy\HL_184.jpg,brri_rice_disease_pest,Healthy,healthy,,train,False
data\raw\brri_rice_disease_pest\Healthy\HL_185.jpg,brri_rice_disease_pest,Healthy,healthy,,val,False
data\raw\brri_rice_disease_pest\Healthy\HL_186.jpg,brri_rice_disease_pest,Healthy,healthy,,train,False
data\raw\brri_rice_disease_pest\Healthy\HL_187.jpg,brri_rice_disease_pest,Healthy,healthy,,train,False
data\raw\brri_rice_disease_pest\Healthy\HL_188.jpg,brri_rice_disease_pest,Healthy,healthy,,val,False
data\raw\brri_rice_disease_pest\Healthy\HL_189.jpg,brri_rice_disease_pest,Healthy,healthy,,test,False
data\raw\brri_rice_disease_pest\Healthy\HL_19.jpg,brri_rice_disease_pest,Healthy,healthy,,val,False
data\raw\brri_rice_disease_pest\Healthy\HL_190.jpg,brri_rice_disease_pest,Healthy,healthy,,train,False
data\raw\brri_rice_disease_pest\Healthy\HL_191.jpg,brri_rice_disease_pest,Healthy,healthy,,test,False
data\raw\brri_rice_disease_pest\Healthy\HL_192.jpg,brri_rice_disease_pest,Healthy,healthy,,train,False
data\raw\brri_rice_disease_pest\Healthy\HL_193.jpg,brri_rice_disease_pest,Healthy,healthy,,train,False
data\raw\brri_rice_disease_pest\Healthy\HL_194.jpg,brri_rice_disease_pest,Healthy,healthy,,test,False
data\raw\brri_rice_disease_pest\Healthy\HL_195.jpg,brri_rice_disease_pest,Healthy,healthy,,test,False
data\raw\brri_rice_disease_pest\Healthy\HL_196.jpg,brri_rice_disease_pest,Healthy,healthy,,val,False
data\raw\brri_rice_disease_pest\Healthy\HL_197.jpg,brri_rice_disease_pest,Healthy,healthy,,train,False
data\raw\brri_rice_disease_pest\Healthy\HL_198.jpg,brri_rice_disease_pest,Healthy,healthy,,train,False
data\raw\brri_rice_disease_pest\Healthy\HL_199.jpg,brri_rice_disease_pest,Healthy,healthy,,train,False
data\raw\brri_rice_disease_pest\Healthy\HL_2.jpg,brri_rice_disease_pest,Healthy,healthy,,train,False
data\raw\brri_rice_disease_pest\Healthy\HL_20.jpg,brri_rice_disease_pest,Healthy,healthy,,train,False
data\raw\brri_rice_disease_pest\Healthy\HL_200.jpg,brri_rice_disease_pest,Healthy,healthy,,train,False
data\raw\brri_rice_disease_pest\Healthy\HL_201.jpg,brri_rice_disease_pest,Healthy,healthy,,train,False
data\raw\brri_rice_disease_pest\Healthy\HL_202.jpg,brri_rice_disease_pest,Healthy,healthy,,val,False
data\raw\brri_rice_disease_pest\Healthy\HL_203.jpg,brri_rice_disease_pest,Healthy,healthy,,train,False
data\raw\brri_rice_disease_pest\Healthy\HL_204.jpg,brri_rice_disease_pest,Healthy,healthy,,train,False
data\raw\brri_rice_disease_pest\Healthy\HL_205.jpg,brri_rice_disease_pest,Healthy,healthy,,train,False
data\raw\brri_rice_disease_pest\Healthy\HL_206.jpg,brri_rice_disease_pest,Healthy,healthy,,train,False
data\raw\brri_rice_disease_pest\Healthy\HL_207.jpg,brri_rice_disease_pest,Healthy,healthy,,val,False
data\raw\brri_rice_disease_pest\Healthy\HL_208.jpg,brri_rice_disease_pest,Healthy,healthy,,test,False
data\raw\brri_rice_disease_pest\Healthy\HL_209.jpg,brri_rice_disease_pest,Healthy,healthy,,train,False
data\raw\brri_rice_disease_pest\Healthy\HL_21.jpg,brri_rice_disease_pest,Healthy,healthy,,train,False
data\raw\brri_rice_disease_pest\Healthy\HL_210.jpg,brri_rice_disease_pest,Healthy,healthy,,train,False
data\raw\brri_rice_disease_pest\Healthy\HL_211.jpg,brri_rice_disease_pest,Healthy,healthy,,train,False
data\raw\brri_rice_disease_pest\Healthy\HL_212.jpg,brri_rice_disease_pest,Healthy,healthy,,train,False
data\raw\brri_rice_disease_pest\Healthy\HL_213.jpg,brri_rice_disease_pest,Healthy,healthy,,val,False
data\raw\brri_rice_disease_pest\Healthy\HL_214.jpg,brri_rice_disease_pest,Healthy,healthy,,test,False
data\raw\brri_rice_disease_pest\Healthy\HL_215.jpg,brri_rice_disease_pest,Healthy,healthy,,train,False
data\raw\brri_rice_disease_pest\Healthy\HL_216.jpg,brri_rice_disease_pest,Healthy,healthy,,test,False
data\raw\brri_rice_disease_pest\Healthy\HL_217.jpg,brri_rice_disease_pest,Healthy,healthy,,train,False
data\raw\brri_rice_disease_pest\Healthy\HL_218.jpg,brri_rice_disease_pest,Healthy,healthy,,train,False
data\raw\brri_rice_disease_pest\Healthy\HL_219.jpg,brri_rice_disease_pest,Healthy,healthy,,val,False
data\raw\brri_rice_disease_pest\Healthy\HL_22.jpg,brri_rice_disease_pest,Healthy,healthy,,val,False
data\raw\brri_rice_disease_pest\Healthy\HL_220.jpg,brri_rice_disease_pest,Healthy,healthy,,train,False
data\raw\brri_rice_disease_pest\Healthy\HL_221.jpg,brri_rice_disease_pest,Healthy,healthy,,train,False
data\raw\brri_rice_disease_pest\Healthy\HL_222.jpg,brri_rice_disease_pest,Healthy,healthy,,train,False
data\raw\brri_rice_disease_pest\Healthy\HL_223.jpg,brri_rice_disease_pest,Healthy,healthy,,test,False
data\raw\brri_rice_disease_pest\Healthy\HL_224.jpg,brri_rice_disease_pest,Healthy,healthy,,train,False
data\raw\brri_rice_disease_pest\Healthy\HL_225.jpg,brri_rice_disease_pest,Healthy,healthy,,train,False
data\raw\brri_rice_disease_pest\Healthy\HL_226.jpg,brri_rice_disease_pest,Healthy,healthy,,train,False
data\raw\brri_rice_disease_pest\Healthy\HL_227.jpg,brri_rice_disease_pest,Healthy,healthy,,val,False
data\raw\brri_rice_disease_pest\Healthy\HL_228.jpg,brri_rice_disease_pest,Healthy,healthy,,train,False
data\raw\brri_rice_disease_pest\Healthy\HL_229.jpg,brri_rice_disease_pest,Healthy,healthy,,train,False
data\raw\brri_rice_disease_pest\Healthy\HL_23.jpg,brri_rice_disease_pest,Healthy,healthy,,train,False
data\raw\brri_rice_disease_pest\Healthy\HL_230.jpg,brri_rice_disease_pest,Healthy,healthy,,train,False
data\raw\brri_rice_disease_pest\Healthy\HL_231.jpg,brri_rice_disease_pest,Healthy,healthy,,train,False
data\raw\brri_rice_disease_pest\Healthy\HL_232.jpg,brri_rice_disease_pest,Healthy,healthy,,train,False
data\raw\brri_rice_disease_pest\Healthy\HL_233.jpg,brri_rice_disease_pest,Healthy,healthy,,train,False
data\raw\brri_rice_disease_pest\Healthy\HL_234.jpg,brri_rice_disease_pest,Healthy,healthy,,train,False
data\raw\brri_rice_disease_pest\Healthy\HL_235.jpg,brri_rice_disease_pest,Healthy,healthy,,train,False
data\raw\brri_rice_disease_pest\Healthy\HL_236.jpg,brri_rice_disease_pest,Healthy,healthy,,train,False
data\raw\brri_rice_disease_pest\Healthy\HL_237.jpg,brri_rice_disease_pest,Healthy,healthy,,train,False
data\raw\brri_rice_disease_pest\Healthy\HL_238.jpg,brri_rice_disease_pest,Healthy,healthy,,train,False
data\raw\brri_rice_disease_pest\Healthy\HL_239.jpg,brri_rice_disease_pest,Healthy,healthy,,train,False
data\raw\brri_rice_disease_pest\Healthy\HL_24.jpg,brri_rice_disease_pest,Healthy,healthy,,test,False
data\raw\brri_rice_disease_pest\Healthy\HL_240.jpg,brri_rice_disease_pest,Healthy,healthy,,train,False
data\raw\brri_rice_disease_pest\Healthy\HL_241.jpg,brri_rice_disease_pest,Healthy,healthy,,train,False
data\raw\brri_rice_disease_pest\Healthy\HL_242.jpg,brri_rice_disease_pest,Healthy,healthy,,val,False
data\raw\brri_rice_disease_pest\Healthy\HL_243.jpg,brri_rice_disease_pest,Healthy,healthy,,test,False
data\raw\brri_rice_disease_pest\Healthy\HL_244.jpg,brri_rice_disease_pest,Healthy,healthy,,test,False
data\raw\brri_rice_disease_pest\Healthy\HL_245.jpg,brri_rice_disease_pest,Healthy,healthy,,train,False
data\raw\brri_rice_disease_pest\Healthy\HL_246.jpg,brri_rice_disease_pest,Healthy,healthy,,train,False
data\raw\brri_rice_disease_pest\Healthy\HL_247.jpg,brri_rice_disease_pest,Healthy,healthy,,train,False
data\raw\brri_rice_disease_pest\Healthy\HL_248.jpg,brri_rice_disease_pest,Healthy,healthy,,train,False
data\raw\brri_rice_disease_pest\Healthy\HL_249.jpg,brri_rice_disease_pest,Healthy,healthy,,test,False
data\raw\brri_rice_disease_pest\Healthy\HL_25.jpg,brri_rice_disease_pest,Healthy,healthy,,train,False
data\raw\brri_rice_disease_pest\Healthy\HL_250.jpg,brri_rice_disease_pest,Healthy,healthy,,train,False
data\raw\brri_rice_disease_pest\Healthy\HL_251.jpg,brri_rice_disease_pest,Healthy,healthy,,val,False
data\raw\brri_rice_disease_pest\Healthy\HL_252.jpg,brri_rice_disease_pest,Healthy,healthy,,val,False
data\raw\brri_rice_disease_pest\Healthy\HL_253.jpg,brri_rice_disease_pest,Healthy,healthy,,val,False
data\raw\brri_rice_disease_pest\Healthy\HL_254.jpg,brri_rice_disease_pest,Healthy,healthy,,train,False
data\raw\brri_rice_disease_pest\Healthy\HL_255.jpg,brri_rice_disease_pest,Healthy,healthy,,train,False
data\raw\brri_rice_disease_pest\Healthy\HL_256.jpg,brri_rice_disease_pest,Healthy,healthy,,train,False
data\raw\brri_rice_disease_pest\Healthy\HL_257.jpg,brri_rice_disease_pest,Healthy,healthy,,train,False
data\raw\brri_rice_disease_pest\Healthy\HL_258.jpg,brri_rice_disease_pest,Healthy,healthy,,train,False
data\raw\brri_rice_disease_pest\Healthy\HL_259.jpg,brri_rice_disease_pest,Healthy,healthy,,train,False
data\raw\brri_rice_disease_pest\Healthy\HL_26.jpg,brri_rice_disease_pest,Healthy,healthy,,val,False
data\raw\brri_rice_disease_pest\Healthy\HL_260.jpg,brri_rice_disease_pest,Healthy,healthy,,train,False
data\raw\brri_rice_disease_pest\Healthy\HL_261.jpg,brri_rice_disease_pest,Healthy,healthy,,train,False
data\raw\brri_rice_disease_pest\Healthy\HL_262.jpg,brri_rice_disease_pest,Healthy,healthy,,train,False
data\raw\brri_rice_disease_pest\Healthy\HL_263.jpg,brri_rice_disease_pest,Healthy,healthy,,train,False
data\raw\brri_rice_disease_pest\Healthy\HL_264.jpg,brri_rice_disease_pest,Healthy,healthy,,train,False
data\raw\brri_rice_disease_pest\Healthy\HL_265.jpg,brri_rice_disease_pest,Healthy,healthy,,train,False
data\raw\brri_rice_disease_pest\Healthy\HL_266.jpg,brri_rice_disease_pest,Healthy,healthy,,train,False
data\raw\brri_rice_disease_pest\Healthy\HL_267.jpg,brri_rice_disease_pest,Healthy,healthy,,val,False
data\raw\brri_rice_disease_pest\Healthy\HL_268.jpg,brri_rice_disease_pest,Healthy,healthy,,test,False
data\raw\brri_rice_disease_pest\Healthy\HL_269.jpg,brri_rice_disease_pest,Healthy,healthy,,train,False
data\raw\brri_rice_disease_pest\Healthy\HL_27.jpg,brri_rice_disease_pest,Healthy,healthy,,test,False
data\raw\brri_rice_disease_pest\Healthy\HL_270.jpg,brri_rice_disease_pest,Healthy,healthy,,train,False
data\raw\brri_rice_disease_pest\Healthy\HL_271.jpg,brri_rice_disease_pest,Healthy,healthy,,test,False
data\raw\brri_rice_disease_pest\Healthy\HL_272.jpg,brri_rice_disease_pest,Healthy,healthy,,train,False
data\raw\brri_rice_disease_pest\Healthy\HL_273.jpg,brri_rice_disease_pest,Healthy,healthy,,train,False
data\raw\brri_rice_disease_pest\Healthy\HL_274.jpg,brri_rice_disease_pest,Healthy,healthy,,train,False
data\raw\brri_rice_disease_pest\Healthy\HL_275.jpg,brri_rice_disease_pest,Healthy,healthy,,train,False
data\raw\brri_rice_disease_pest\Healthy\HL_276.jpg,brri_rice_disease_pest,Healthy,healthy,,train,False
data\raw\brri_rice_disease_pest\Healthy\HL_277.jpg,brri_rice_disease_pest,Healthy,healthy,,train,False
data\raw\brri_rice_disease_pest\Healthy\HL_278.jpg,brri_rice_disease_pest,Healthy,healthy,,train,False
data\raw\brri_rice_disease_pest\Healthy\HL_279.jpg,brri_rice_disease_pest,Healthy,healthy,,train,False
data\raw\brri_rice_disease_pest\Healthy\HL_28.jpg,brri_rice_disease_pest,Healthy,healthy,,val,False
data\raw\brri_rice_disease_pest\Healthy\HL_280.jpg,brri_rice_disease_pest,Healthy,healthy,,test,False
data\raw\brri_rice_disease_pest\Healthy\HL_281.jpg,brri_rice_disease_pest,Healthy,healthy,,train,False
data\raw\brri_rice_disease_pest\Healthy\HL_282.jpg,brri_rice_disease_pest,Healthy,healthy,,train,False
data\raw\brri_rice_disease_pest\Healthy\HL_283.jpg,brri_rice_disease_pest,Healthy,healthy,,train,False
data\raw\brri_rice_disease_pest\Healthy\HL_284.jpg,brri_rice_disease_pest,Healthy,healthy,,test,False
data\raw\brri_rice_disease_pest\Healthy\HL_285.jpg,brri_rice_disease_pest,Healthy,healthy,,val,False
data\raw\brri_rice_disease_pest\Healthy\HL_286.jpg,brri_rice_disease_pest,Healthy,healthy,,train,False
data\raw\brri_rice_disease_pest\Healthy\HL_287.jpg,brri_rice_disease_pest,Healthy,healthy,,train,False
data\raw\brri_rice_disease_pest\Healthy\HL_288.jpg,brri_rice_disease_pest,Healthy,healthy,,train,False
data\raw\brri_rice_disease_pest\Healthy\HL_289.jpg,brri_rice_disease_pest,Healthy,healthy,,train,False
data\raw\brri_rice_disease_pest\Healthy\HL_29.jpg,brri_rice_disease_pest,Healthy,healthy,,train,False
data\raw\brri_rice_disease_pest\Healthy\HL_290.jpg,brri_rice_disease_pest,Healthy,healthy,,train,False
data\raw\brri_rice_disease_pest\Healthy\HL_291.jpg,brri_rice_disease_pest,Healthy,healthy,,val,False
data\raw\brri_rice_disease_pest\Healthy\HL_292.jpg,brri_rice_disease_pest,Healthy,healthy,,test,False
data\raw\brri_rice_disease_pest\Healthy\HL_293.jpg,brri_rice_disease_pest,Healthy,healthy,,val,False
data\raw\brri_rice_disease_pest\Healthy\HL_294.jpg,brri_rice_disease_pest,Healthy,healthy,,test,False
data\raw\brri_rice_disease_pest\Healthy\HL_295.jpg,brri_rice_disease_pest,Healthy,healthy,,val,False
data\raw\brri_rice_disease_pest\Healthy\HL_296.jpg,brri_rice_disease_pest,Healthy,healthy,,train,False
data\raw\brri_rice_disease_pest\Healthy\HL_297.jpg,brri_rice_disease_pest,Healthy,healthy,,train,False
data\raw\brri_rice_disease_pest\Healthy\HL_298.jpg,brri_rice_disease_pest,Healthy,healthy,,train,False
data\raw\brri_rice_disease_pest\Healthy\HL_299.jpg,brri_rice_disease_pest,Healthy,healthy,,val,False
data\raw\brri_rice_disease_pest\Healthy\HL_3.jpg,brri_rice_disease_pest,Healthy,healthy,,train,False
data\raw\brri_rice_disease_pest\Healthy\HL_30.jpg,brri_rice_disease_pest,Healthy,healthy,,train,False
data\raw\brri_rice_disease_pest\Healthy\HL_300.jpg,brri_rice_disease_pest,Healthy,healthy,,val,False
data\raw\brri_rice_disease_pest\Healthy\HL_301.jpg,brri_rice_disease_pest,Healthy,healthy,,train,False
data\raw\brri_rice_disease_pest\Healthy\HL_302.jpg,brri_rice_disease_pest,Healthy,healthy,,val,False
data\raw\brri_rice_disease_pest\Healthy\HL_303.jpg,brri_rice_disease_pest,Healthy,healthy,,train,False
data\raw\brri_rice_disease_pest\Healthy\HL_304.jpg,brri_rice_disease_pest,Healthy,healthy,,train,False
data\raw\brri_rice_disease_pest\Healthy\HL_305.jpg,brri_rice_disease_pest,Healthy,healthy,,train,False
data\raw\brri_rice_disease_pest\Healthy\HL_306.jpg,brri_rice_disease_pest,Healthy,healthy,,val,False
data\raw\brri_rice_disease_pest\Healthy\HL_307.jpg,brri_rice_disease_pest,Healthy,healthy,,train,False
data\raw\brri_rice_disease_pest\Healthy\HL_308.jpg,brri_rice_disease_pest,Healthy,healthy,,val,False
data\raw\brri_rice_disease_pest\Healthy\HL_309.jpg,brri_rice_disease_pest,Healthy,healthy,,train,False
data\raw\brri_rice_disease_pest\Healthy\HL_31.jpg,brri_rice_disease_pest,Healthy,healthy,,train,False
data\raw\brri_rice_disease_pest\Healthy\HL_310.jpg,brri_rice_disease_pest,Healthy,healthy,,train,False
data\raw\brri_rice_disease_pest\Healthy\HL_311.jpg,brri_rice_disease_pest,Healthy,healthy,,val,False
data\raw\brri_rice_disease_pest\Healthy\HL_312.jpg,brri_rice_disease_pest,Healthy,healthy,,train,False
data\raw\brri_rice_disease_pest\Healthy\HL_313.jpg,brri_rice_disease_pest,Healthy,healthy,,train,False
data\raw\brri_rice_disease_pest\Healthy\HL_314.jpg,brri_rice_disease_pest,Healthy,healthy,,train,False
data\raw\brri_rice_disease_pest\Healthy\HL_315.jpg,brri_rice_disease_pest,Healthy,healthy,,val,False
data\raw\brri_rice_disease_pest\Healthy\HL_316.jpg,brri_rice_disease_pest,Healthy,healthy,,test,False
data\raw\brri_rice_disease_pest\Healthy\HL_317.jpg,brri_rice_disease_pest,Healthy,healthy,,val,False
data\raw\brri_rice_disease_pest\Healthy\HL_318.jpg,brri_rice_disease_pest,Healthy,healthy,,test,False
data\raw\brri_rice_disease_pest\Healthy\HL_319.jpg,brri_rice_disease_pest,Healthy,healthy,,train,False
data\raw\brri_rice_disease_pest\Healthy\HL_32.jpg,brri_rice_disease_pest,Healthy,healthy,,train,False
data\raw\brri_rice_disease_pest\Healthy\HL_320.jpg,brri_rice_disease_pest,Healthy,healthy,,train,False
data\raw\brri_rice_disease_pest\Healthy\HL_321.jpg,brri_rice_disease_pest,Healthy,healthy,,train,False
data\raw\brri_rice_disease_pest\Healthy\HL_322.jpg,brri_rice_disease_pest,Healthy,healthy,,train,False
data\raw\brri_rice_disease_pest\Healthy\HL_323.jpg,brri_rice_disease_pest,Healthy,healthy,,train,False
data\raw\brri_rice_disease_pest\Healthy\HL_324.jpg,brri_rice_disease_pest,Healthy,healthy,,train,False
data\raw\brri_rice_disease_pest\Healthy\HL_325.jpg,brri_rice_disease_pest,Healthy,healthy,,test,False
data\raw\brri_rice_disease_pest\Healthy\HL_326.jpg,brri_rice_disease_pest,Healthy,healthy,,test,False
data\raw\brri_rice_disease_pest\Healthy\HL_327.jpg,brri_rice_disease_pest,Healthy,healthy,,train,False
data\raw\brri_rice_disease_pest\Healthy\HL_328.jpg,brri_rice_disease_pest,Healthy,healthy,,val,False
data\raw\brri_rice_disease_pest\Healthy\HL_329.jpg,brri_rice_disease_pest,Healthy,healthy,,train,False
data\raw\brri_rice_disease_pest\Healthy\HL_33.jpg,brri_rice_disease_pest,Healthy,healthy,,val,False
data\raw\brri_rice_disease_pest\Healthy\HL_330.jpg,brri_rice_disease_pest,Healthy,healthy,,train,False
data\raw\brri_rice_disease_pest\Healthy\HL_331.jpg,brri_rice_disease_pest,Healthy,healthy,,train,False
data\raw\brri_rice_disease_pest\Healthy\HL_332.jpg,brri_rice_disease_pest,Healthy,healthy,,train,False
data\raw\brri_rice_disease_pest\Healthy\HL_333.jpg,brri_rice_disease_pest,Healthy,healthy,,val,False
data\raw\brri_rice_disease_pest\Healthy\HL_334.jpg,brri_rice_disease_pest,Healthy,healthy,,train,False
data\raw\brri_rice_disease_pest\Healthy\HL_335.jpg,brri_rice_disease_pest,Healthy,healthy,,train,False
data\raw\brri_rice_disease_pest\Healthy\HL_336.jpg,brri_rice_disease_pest,Healthy,healthy,,train,False
data\raw\brri_rice_disease_pest\Healthy\HL_337.jpg,brri_rice_disease_pest,Healthy,healthy,,train,False
data\raw\brri_rice_disease_pest\Healthy\HL_338.jpg,brri_rice_disease_pest,Healthy,healthy,,train,False
data\raw\brri_rice_disease_pest\Healthy\HL_339.jpg,brri_rice_disease_pest,Healthy,healthy,,train,False
data\raw\brri_rice_disease_pest\Healthy\HL_34.jpg,brri_rice_disease_pest,Healthy,healthy,,val,False
data\raw\brri_rice_disease_pest\Healthy\HL_340.jpg,brri_rice_disease_pest,Healthy,healthy,,train,False
data\raw\brri_rice_disease_pest\Healthy\HL_341.jpg,brri_rice_disease_pest,Healthy,healthy,,test,False
data\raw\brri_rice_disease_pest\Healthy\HL_342.jpg,brri_rice_disease_pest,Healthy,healthy,,test,False
data\raw\brri_rice_disease_pest\Healthy\HL_343.jpg,brri_rice_disease_pest,Healthy,healthy,,train,False
data\raw\brri_rice_disease_pest\Healthy\HL_344.jpg,brri_rice_disease_pest,Healthy,healthy,,train,False
data\raw\brri_rice_disease_pest\Healthy\HL_345.jpg,brri_rice_disease_pest,Healthy,healthy,,test,False
data\raw\brri_rice_disease_pest\Healthy\HL_346.jpg,brri_rice_disease_pest,Healthy,healthy,,train,False
data\raw\brri_rice_disease_pest\Healthy\HL_347.jpg,brri_rice_disease_pest,Healthy,healthy,,train,False
data\raw\brri_rice_disease_pest\Healthy\HL_348.jpg,brri_rice_disease_pest,Healthy,healthy,,test,False
data\raw\brri_rice_disease_pest\Healthy\HL_349.jpg,brri_rice_disease_pest,Healthy,healthy,,train,False
data\raw\brri_rice_disease_pest\Healthy\HL_35.jpg,brri_rice_disease_pest,Healthy,healthy,,train,False
data\raw\brri_rice_disease_pest\Healthy\HL_350.jpg,brri_rice_disease_pest,Healthy,healthy,,train,False
data\raw\brri_rice_disease_pest\Healthy\HL_351.jpg,brri_rice_disease_pest,Healthy,healthy,,train,False
data\raw\brri_rice_disease_pest\Healthy\HL_352.jpg,brri_rice_disease_pest,Healthy,healthy,,train,False
data\raw\brri_rice_disease_pest\Healthy\HL_353.jpg,brri_rice_disease_pest,Healthy,healthy,,val,False
data\raw\brri_rice_disease_pest\Healthy\HL_354.jpg,brri_rice_disease_pest,Healthy,healthy,,val,False
data\raw\brri_rice_disease_pest\Healthy\HL_355.jpg,brri_rice_disease_pest,Healthy,healthy,,train,False
data\raw\brri_rice_disease_pest\Healthy\HL_356.jpg,brri_rice_disease_pest,Healthy,healthy,,val,False
data\raw\brri_rice_disease_pest\Healthy\HL_357.jpg,brri_rice_disease_pest,Healthy,healthy,,train,False
data\raw\brri_rice_disease_pest\Healthy\HL_358.jpg,brri_rice_disease_pest,Healthy,healthy,,train,False
data\raw\brri_rice_disease_pest\Healthy\HL_359.jpg,brri_rice_disease_pest,Healthy,healthy,,test,False
data\raw\brri_rice_disease_pest\Healthy\HL_36.jpg,brri_rice_disease_pest,Healthy,healthy,,train,False
data\raw\brri_rice_disease_pest\Healthy\HL_360.jpg,brri_rice_disease_pest,Healthy,healthy,,train,False
data\raw\brri_rice_disease_pest\Healthy\HL_361.jpg,brri_rice_disease_pest,Healthy,healthy,,train,False
data\raw\brri_rice_disease_pest\Healthy\HL_362.jpg,brri_rice_disease_pest,Healthy,healthy,,val,False
data\raw\brri_rice_disease_pest\Healthy\HL_363.jpg,brri_rice_disease_pest,Healthy,healthy,,train,False
data\raw\brri_rice_disease_pest\Healthy\HL_364.jpg,brri_rice_disease_pest,Healthy,healthy,,train,False
data\raw\brri_rice_disease_pest\Healthy\HL_365.jpg,brri_rice_disease_pest,Healthy,healthy,,test,False
data\raw\brri_rice_disease_pest\Healthy\HL_366.jpg,brri_rice_disease_pest,Healthy,healthy,,train,False
data\raw\brri_rice_disease_pest\Healthy\HL_367.jpg,brri_rice_disease_pest,Healthy,healthy,,train,False
data\raw\brri_rice_disease_pest\Healthy\HL_368.jpg,brri_rice_disease_pest,Healthy,healthy,,train,False
data\raw\brri_rice_disease_pest\Healthy\HL_369.jpg,brri_rice_disease_pest,Healthy,healthy,,train,False
data\raw\brri_rice_disease_pest\Healthy\HL_37.jpg,brri_rice_disease_pest,Healthy,healthy,,train,False
data\raw\brri_rice_disease_pest\Healthy\HL_370.jpg,brri_rice_disease_pest,Healthy,healthy,,train,False
data\raw\brri_rice_disease_pest\Healthy\HL_371.jpg,brri_rice_disease_pest,Healthy,healthy,,train,False
data\raw\brri_rice_disease_pest\Healthy\HL_372.jpg,brri_rice_disease_pest,Healthy,healthy,,train,False
data\raw\brri_rice_disease_pest\Healthy\HL_373.jpg,brri_rice_disease_pest,Healthy,healthy,,train,False
data\raw\brri_rice_disease_pest\Healthy\HL_374.jpg,brri_rice_disease_pest,Healthy,healthy,,train,False
data\raw\brri_rice_disease_pest\Healthy\HL_375.jpg,brri_rice_disease_pest,Healthy,healthy,,train,False
data\raw\brri_rice_disease_pest\Healthy\HL_376.jpg,brri_rice_disease_pest,Healthy,healthy,,train,False
data\raw\brri_rice_disease_pest\Healthy\HL_377.jpg,brri_rice_disease_pest,Healthy,healthy,,test,False
data\raw\brri_rice_disease_pest\Healthy\HL_378.jpg,brri_rice_disease_pest,Healthy,healthy,,train,False
data\raw\brri_rice_disease_pest\Healthy\HL_379.jpg,brri_rice_disease_pest,Healthy,healthy,,train,False
data\raw\brri_rice_disease_pest\Healthy\HL_38.jpg,brri_rice_disease_pest,Healthy,healthy,,train,False
data\raw\brri_rice_disease_pest\Healthy\HL_380.jpg,brri_rice_disease_pest,Healthy,healthy,,train,False
data\raw\brri_rice_disease_pest\Healthy\HL_381.jpg,brri_rice_disease_pest,Healthy,healthy,,test,False
data\raw\brri_rice_disease_pest\Healthy\HL_382.jpg,brri_rice_disease_pest,Healthy,healthy,,train,False
data\raw\brri_rice_disease_pest\Healthy\HL_383.jpg,brri_rice_disease_pest,Healthy,healthy,,test,False
data\raw\brri_rice_disease_pest\Healthy\HL_384.jpg,brri_rice_disease_pest,Healthy,healthy,,train,False
data\raw\brri_rice_disease_pest\Healthy\HL_385.jpg,brri_rice_disease_pest,Healthy,healthy,,train,False
data\raw\brri_rice_disease_pest\Healthy\HL_386.jpg,brri_rice_disease_pest,Healthy,healthy,,train,False
data\raw\brri_rice_disease_pest\Healthy\HL_387.jpg,brri_rice_disease_pest,Healthy,healthy,,train,False
data\raw\brri_rice_disease_pest\Healthy\HL_388.jpg,brri_rice_disease_pest,Healthy,healthy,,train,False
data\raw\brri_rice_disease_pest\Healthy\HL_389.jpg,brri_rice_disease_pest,Healthy,healthy,,train,False
data\raw\brri_rice_disease_pest\Healthy\HL_39.jpg,brri_rice_disease_pest,Healthy,healthy,,train,False
data\raw\brri_rice_disease_pest\Healthy\HL_390.jpg,brri_rice_disease_pest,Healthy,healthy,,train,False
data\raw\brri_rice_disease_pest\Healthy\HL_391.jpg,brri_rice_disease_pest,Healthy,healthy,,train,False
data\raw\brri_rice_disease_pest\Healthy\HL_392.jpg,brri_rice_disease_pest,Healthy,healthy,,train,False
data\raw\brri_rice_disease_pest\Healthy\HL_393.jpg,brri_rice_disease_pest,Healthy,healthy,,val,False
data\raw\brri_rice_disease_pest\Healthy\HL_394.jpg,brri_rice_disease_pest,Healthy,healthy,,val,False
data\raw\brri_rice_disease_pest\Healthy\HL_395.jpg,brri_rice_disease_pest,Healthy,healthy,,train,False
data\raw\brri_rice_disease_pest\Healthy\HL_396.jpg,brri_rice_disease_pest,Healthy,healthy,,train,False
data\raw\brri_rice_disease_pest\Healthy\HL_397.jpg,brri_rice_disease_pest,Healthy,healthy,,test,False
data\raw\brri_rice_disease_pest\Healthy\HL_398.jpg,brri_rice_disease_pest,Healthy,healthy,,train,False
data\raw\brri_rice_disease_pest\Healthy\HL_399.jpg,brri_rice_disease_pest,Healthy,healthy,,train,False
data\raw\brri_rice_disease_pest\Healthy\HL_4.jpg,brri_rice_disease_pest,Healthy,healthy,,train,False
data\raw\brri_rice_disease_pest\Healthy\HL_40.jpg,brri_rice_disease_pest,Healthy,healthy,,train,False
data\raw\brri_rice_disease_pest\Healthy\HL_400.jpg,brri_rice_disease_pest,Healthy,healthy,,train,False
data\raw\brri_rice_disease_pest\Healthy\HL_401.jpg,brri_rice_disease_pest,Healthy,healthy,,train,False
data\raw\brri_rice_disease_pest\Healthy\HL_402.jpg,brri_rice_disease_pest,Healthy,healthy,,test,False
data\raw\brri_rice_disease_pest\Healthy\HL_403.jpg,brri_rice_disease_pest,Healthy,healthy,,train,False
data\raw\brri_rice_disease_pest\Healthy\HL_404.jpg,brri_rice_disease_pest,Healthy,healthy,,test,False
data\raw\brri_rice_disease_pest\Healthy\HL_405.jpg,brri_rice_disease_pest,Healthy,healthy,,train,False
data\raw\brri_rice_disease_pest\Healthy\HL_406.jpg,brri_rice_disease_pest,Healthy,healthy,,train,False
data\raw\brri_rice_disease_pest\Healthy\HL_407.jpg,brri_rice_disease_pest,Healthy,healthy,,train,False
data\raw\brri_rice_disease_pest\Healthy\HL_408.jpg,brri_rice_disease_pest,Healthy,healthy,,test,False
data\raw\brri_rice_disease_pest\Healthy\HL_409.jpg,brri_rice_disease_pest,Healthy,healthy,,train,False
data\raw\brri_rice_disease_pest\Healthy\HL_41.jpg,brri_rice_disease_pest,Healthy,healthy,,test,False
data\raw\brri_rice_disease_pest\Healthy\HL_410.jpg,brri_rice_disease_pest,Healthy,healthy,,train,False
data\raw\brri_rice_disease_pest\Healthy\HL_411.jpg,brri_rice_disease_pest,Healthy,healthy,,val,False
data\raw\brri_rice_disease_pest\Healthy\HL_412.jpg,brri_rice_disease_pest,Healthy,healthy,,train,False
data\raw\brri_rice_disease_pest\Healthy\HL_413.jpg,brri_rice_disease_pest,Healthy,healthy,,train,False
data\raw\brri_rice_disease_pest\Healthy\HL_414.jpg,brri_rice_disease_pest,Healthy,healthy,,train,False
data\raw\brri_rice_disease_pest\Healthy\HL_415.jpg,brri_rice_disease_pest,Healthy,healthy,,val,False
data\raw\brri_rice_disease_pest\Healthy\HL_416.jpg,brri_rice_disease_pest,Healthy,healthy,,train,False
data\raw\brri_rice_disease_pest\Healthy\HL_417.jpg,brri_rice_disease_pest,Healthy,healthy,,train,False
data\raw\brri_rice_disease_pest\Healthy\HL_418.jpg,brri_rice_disease_pest,Healthy,healthy,,train,False
data\raw\brri_rice_disease_pest\Healthy\HL_419.jpg,brri_rice_disease_pest,Healthy,healthy,,train,False
data\raw\brri_rice_disease_pest\Healthy\HL_42.jpg,brri_rice_disease_pest,Healthy,healthy,,train,False
data\raw\brri_rice_disease_pest\Healthy\HL_420.jpg,brri_rice_disease_pest,Healthy,healthy,,train,False
data\raw\brri_rice_disease_pest\Healthy\HL_421.jpg,brri_rice_disease_pest,Healthy,healthy,,val,False
data\raw\brri_rice_disease_pest\Healthy\HL_422.jpg,brri_rice_disease_pest,Healthy,healthy,,val,False
data\raw\brri_rice_disease_pest\Healthy\HL_423.jpg,brri_rice_disease_pest,Healthy,healthy,,train,False
data\raw\brri_rice_disease_pest\Healthy\HL_424.jpg,brri_rice_disease_pest,Healthy,healthy,,train,False
data\raw\brri_rice_disease_pest\Healthy\HL_425.jpg,brri_rice_disease_pest,Healthy,healthy,,train,False
data\raw\brri_rice_disease_pest\Healthy\HL_426.jpg,brri_rice_disease_pest,Healthy,healthy,,train,False
data\raw\brri_rice_disease_pest\Healthy\HL_427.jpg,brri_rice_disease_pest,Healthy,healthy,,train,False
data\raw\brri_rice_disease_pest\Healthy\HL_428.jpg,brri_rice_disease_pest,Healthy,healthy,,train,False
data\raw\brri_rice_disease_pest\Healthy\HL_429.jpg,brri_rice_disease_pest,Healthy,healthy,,test,False
data\raw\brri_rice_disease_pest\Healthy\HL_43.jpg,brri_rice_disease_pest,Healthy,healthy,,train,False
data\raw\brri_rice_disease_pest\Healthy\HL_430.jpg,brri_rice_disease_pest,Healthy,healthy,,train,False
data\raw\brri_rice_disease_pest\Healthy\HL_431.jpg,brri_rice_disease_pest,Healthy,healthy,,train,False
data\raw\brri_rice_disease_pest\Healthy\HL_432.jpg,brri_rice_disease_pest,Healthy,healthy,,train,False
data\raw\brri_rice_disease_pest\Healthy\HL_433.jpg,brri_rice_disease_pest,Healthy,healthy,,train,False
data\raw\brri_rice_disease_pest\Healthy\HL_434.jpg,brri_rice_disease_pest,Healthy,healthy,,test,False
data\raw\brri_rice_disease_pest\Healthy\HL_435.jpg,brri_rice_disease_pest,Healthy,healthy,,train,False
data\raw\brri_rice_disease_pest\Healthy\HL_436.jpg,brri_rice_disease_pest,Healthy,healthy,,train,False
data\raw\brri_rice_disease_pest\Healthy\HL_437.jpg,brri_rice_disease_pest,Healthy,healthy,,train,False
data\raw\brri_rice_disease_pest\Healthy\HL_438.jpg,brri_rice_disease_pest,Healthy,healthy,,val,False
data\raw\brri_rice_disease_pest\Healthy\HL_439.jpg,brri_rice_disease_pest,Healthy,healthy,,train,False
data\raw\brri_rice_disease_pest\Healthy\HL_44.jpg,brri_rice_disease_pest,Healthy,healthy,,test,False
data\raw\brri_rice_disease_pest\Healthy\HL_440.jpg,brri_rice_disease_pest,Healthy,healthy,,test,False
data\raw\brri_rice_disease_pest\Healthy\HL_441.jpg,brri_rice_disease_pest,Healthy,healthy,,train,False
data\raw\brri_rice_disease_pest\Healthy\HL_442.jpg,brri_rice_disease_pest,Healthy,healthy,,train,False
data\raw\brri_rice_disease_pest\Healthy\HL_443.jpg,brri_rice_disease_pest,Healthy,healthy,,train,False
data\raw\brri_rice_disease_pest\Healthy\HL_444.jpg,brri_rice_disease_pest,Healthy,healthy,,train,False
data\raw\brri_rice_disease_pest\Healthy\HL_445.jpg,brri_rice_disease_pest,Healthy,healthy,,val,False
data\raw\brri_rice_disease_pest\Healthy\HL_446.jpg,brri_rice_disease_pest,Healthy,healthy,,test,False
data\raw\brri_rice_disease_pest\Healthy\HL_447.jpg,brri_rice_disease_pest,Healthy,healthy,,train,False
data\raw\brri_rice_disease_pest\Healthy\HL_448.jpg,brri_rice_disease_pest,Healthy,healthy,,test,False
data\raw\brri_rice_disease_pest\Healthy\HL_449.jpg,brri_rice_disease_pest,Healthy,healthy,,train,False
data\raw\brri_rice_disease_pest\Healthy\HL_45.jpg,brri_rice_disease_pest,Healthy,healthy,,test,False
data\raw\brri_rice_disease_pest\Healthy\HL_450.jpg,brri_rice_disease_pest,Healthy,healthy,,train,False
data\raw\brri_rice_disease_pest\Healthy\HL_451.jpg,brri_rice_disease_pest,Healthy,healthy,,test,False
data\raw\brri_rice_disease_pest\Healthy\HL_452.jpg,brri_rice_disease_pest,Healthy,healthy,,val,False
data\raw\brri_rice_disease_pest\Healthy\HL_453.jpg,brri_rice_disease_pest,Healthy,healthy,,train,False
data\raw\brri_rice_disease_pest\Healthy\HL_454.jpg,brri_rice_disease_pest,Healthy,healthy,,train,False
data\raw\brri_rice_disease_pest\Healthy\HL_455.jpg,brri_rice_disease_pest,Healthy,healthy,,train,False
data\raw\brri_rice_disease_pest\Healthy\HL_456.jpg,brri_rice_disease_pest,Healthy,healthy,,train,False
data\raw\brri_rice_disease_pest\Healthy\HL_457.jpg,brri_rice_disease_pest,Healthy,healthy,,val,False
data\raw\brri_rice_disease_pest\Healthy\HL_458.jpg,brri_rice_disease_pest,Healthy,healthy,,train,False
data\raw\brri_rice_disease_pest\Healthy\HL_459.jpg,brri_rice_disease_pest,Healthy,healthy,,train,False
data\raw\brri_rice_disease_pest\Healthy\HL_46.jpg,brri_rice_disease_pest,Healthy,healthy,,train,False
data\raw\brri_rice_disease_pest\Healthy\HL_460.jpg,brri_rice_disease_pest,Healthy,healthy,,test,False
data\raw\brri_rice_disease_pest\Healthy\HL_461.jpg,brri_rice_disease_pest,Healthy,healthy,,train,False
data\raw\brri_rice_disease_pest\Healthy\HL_462.jpg,brri_rice_disease_pest,Healthy,healthy,,train,False
data\raw\brri_rice_disease_pest\Healthy\HL_463.jpg,brri_rice_disease_pest,Healthy,healthy,,train,False
data\raw\brri_rice_disease_pest\Healthy\HL_464.jpg,brri_rice_disease_pest,Healthy,healthy,,train,False
data\raw\brri_rice_disease_pest\Healthy\HL_465.jpg,brri_rice_disease_pest,Healthy,healthy,,val,False
data\raw\brri_rice_disease_pest\Healthy\HL_466.jpg,brri_rice_disease_pest,Healthy,healthy,,train,False
data\raw\brri_rice_disease_pest\Healthy\HL_467.jpg,brri_rice_disease_pest,Healthy,healthy,,train,False
data\raw\brri_rice_disease_pest\Healthy\HL_468.jpg,brri_rice_disease_pest,Healthy,healthy,,train,False
data\raw\brri_rice_disease_pest\Healthy\HL_469.jpg,brri_rice_disease_pest,Healthy,healthy,,train,False
data\raw\brri_rice_disease_pest\Healthy\HL_47.jpg,brri_rice_disease_pest,Healthy,healthy,,train,False
data\raw\brri_rice_disease_pest\Healthy\HL_470.jpg,brri_rice_disease_pest,Healthy,healthy,,train,False
data\raw\brri_rice_disease_pest\Healthy\HL_471.jpg,brri_rice_disease_pest,Healthy,healthy,,test,False
data\raw\brri_rice_disease_pest\Healthy\HL_472.jpg,brri_rice_disease_pest,Healthy,healthy,,train,False
data\raw\brri_rice_disease_pest\Healthy\HL_473.jpg,brri_rice_disease_pest,Healthy,healthy,,train,False
data\raw\brri_rice_disease_pest\Healthy\HL_474.jpg,brri_rice_disease_pest,Healthy,healthy,,train,False
data\raw\brri_rice_disease_pest\Healthy\HL_475.jpg,brri_rice_disease_pest,Healthy,healthy,,val,False
data\raw\brri_rice_disease_pest\Healthy\HL_476.jpg,brri_rice_disease_pest,Healthy,healthy,,test,False
data\raw\brri_rice_disease_pest\Healthy\HL_477.jpg,brri_rice_disease_pest,Healthy,healthy,,train,False
data\raw\brri_rice_disease_pest\Healthy\HL_478.jpg,brri_rice_disease_pest,Healthy,healthy,,train,False
data\raw\brri_rice_disease_pest\Healthy\HL_479.jpg,brri_rice_disease_pest,Healthy,healthy,,train,False
data\raw\brri_rice_disease_pest\Healthy\HL_48.jpg,brri_rice_disease_pest,Healthy,healthy,,train,False
data\raw\brri_rice_disease_pest\Healthy\HL_480.jpg,brri_rice_disease_pest,Healthy,healthy,,train,False
data\raw\brri_rice_disease_pest\Healthy\HL_481.jpg,brri_rice_disease_pest,Healthy,healthy,,train,False
data\raw\brri_rice_disease_pest\Healthy\HL_482.jpg,brri_rice_disease_pest,Healthy,healthy,,train,False
data\raw\brri_rice_disease_pest\Healthy\HL_483.jpg,brri_rice_disease_pest,Healthy,healthy,,train,False
data\raw\brri_rice_disease_pest\Healthy\HL_484.jpg,brri_rice_disease_pest,Healthy,healthy,,test,False
data\raw\brri_rice_disease_pest\Healthy\HL_485.jpg,brri_rice_disease_pest,Healthy,healthy,,train,False
data\raw\brri_rice_disease_pest\Healthy\HL_486.jpg,brri_rice_disease_pest,Healthy,healthy,,train,False
data\raw\brri_rice_disease_pest\Healthy\HL_487.jpg,brri_rice_disease_pest,Healthy,healthy,,val,False
data\raw\brri_rice_disease_pest\Healthy\HL_488.jpg,brri_rice_disease_pest,Healthy,healthy,,train,False
data\raw\brri_rice_disease_pest\Healthy\HL_489.jpg,brri_rice_disease_pest,Healthy,healthy,,train,False
data\raw\brri_rice_disease_pest\Healthy\HL_49.jpg,brri_rice_disease_pest,Healthy,healthy,,train,False
data\raw\brri_rice_disease_pest\Healthy\HL_490.jpg,brri_rice_disease_pest,Healthy,healthy,,train,False
data\raw\brri_rice_disease_pest\Healthy\HL_491.jpg,brri_rice_disease_pest,Healthy,healthy,,test,False
data\raw\brri_rice_disease_pest\Healthy\HL_492.jpg,brri_rice_disease_pest,Healthy,healthy,,train,False
data\raw\brri_rice_disease_pest\Healthy\HL_493.jpg,brri_rice_disease_pest,Healthy,healthy,,train,False
data\raw\brri_rice_disease_pest\Healthy\HL_494.jpg,brri_rice_disease_pest,Healthy,healthy,,train,False
data\raw\brri_rice_disease_pest\Healthy\HL_495.jpg,brri_rice_disease_pest,Healthy,healthy,,train,False
data\raw\brri_rice_disease_pest\Healthy\HL_496.jpg,brri_rice_disease_pest,Healthy,healthy,,val,False
data\raw\brri_rice_disease_pest\Healthy\HL_497.jpg,brri_rice_disease_pest,Healthy,healthy,,train,False
data\raw\brri_rice_disease_pest\Healthy\HL_498.jpg,brri_rice_disease_pest,Healthy,healthy,,train,False
data\raw\brri_rice_disease_pest\Healthy\HL_499.jpg,brri_rice_disease_pest,Healthy,healthy,,train,False
data\raw\brri_rice_disease_pest\Healthy\HL_5.jpg,brri_rice_disease_pest,Healthy,healthy,,train,False
data\raw\brri_rice_disease_pest\Healthy\HL_50.jpg,brri_rice_disease_pest,Healthy,healthy,,train,False
data\raw\brri_rice_disease_pest\Healthy\HL_500.jpg,brri_rice_disease_pest,Healthy,healthy,,val,False
data\raw\brri_rice_disease_pest\Healthy\HL_501.jpg,brri_rice_disease_pest,Healthy,healthy,,train,False
data\raw\brri_rice_disease_pest\Healthy\HL_502.jpg,brri_rice_disease_pest,Healthy,healthy,,val,False
data\raw\brri_rice_disease_pest\Healthy\HL_503.jpg,brri_rice_disease_pest,Healthy,healthy,,train,False
data\raw\brri_rice_disease_pest\Healthy\HL_504.jpg,brri_rice_disease_pest,Healthy,healthy,,train,False
data\raw\brri_rice_disease_pest\Healthy\HL_505.jpg,brri_rice_disease_pest,Healthy,healthy,,train,False
data\raw\brri_rice_disease_pest\Healthy\HL_506.jpg,brri_rice_disease_pest,Healthy,healthy,,train,False
data\raw\brri_rice_disease_pest\Healthy\HL_507.jpg,brri_rice_disease_pest,Healthy,healthy,,train,False
data\raw\brri_rice_disease_pest\Healthy\HL_508.jpg,brri_rice_disease_pest,Healthy,healthy,,test,False
data\raw\brri_rice_disease_pest\Healthy\HL_509.jpg,brri_rice_disease_pest,Healthy,healthy,,test,False
data\raw\brri_rice_disease_pest\Healthy\HL_51.jpg,brri_rice_disease_pest,Healthy,healthy,,train,False
data\raw\brri_rice_disease_pest\Healthy\HL_510.jpg,brri_rice_disease_pest,Healthy,healthy,,train,False
data\raw\brri_rice_disease_pest\Healthy\HL_511.jpg,brri_rice_disease_pest,Healthy,healthy,,test,False
data\raw\brri_rice_disease_pest\Healthy\HL_512.jpg,brri_rice_disease_pest,Healthy,healthy,,test,False
data\raw\brri_rice_disease_pest\Healthy\HL_513.jpg,brri_rice_disease_pest,Healthy,healthy,,val,False
data\raw\brri_rice_disease_pest\Healthy\HL_514.jpg,brri_rice_disease_pest,Healthy,healthy,,test,False
data\raw\brri_rice_disease_pest\Healthy\HL_515.jpg,brri_rice_disease_pest,Healthy,healthy,,train,False
data\raw\brri_rice_disease_pest\Healthy\HL_516.jpg,brri_rice_disease_pest,Healthy,healthy,,train,False
data\raw\brri_rice_disease_pest\Healthy\HL_517.jpg,brri_rice_disease_pest,Healthy,healthy,,train,False
data\raw\brri_rice_disease_pest\Healthy\HL_518.jpg,brri_rice_disease_pest,Healthy,healthy,,val,False
data\raw\brri_rice_disease_pest\Healthy\HL_519.jpg,brri_rice_disease_pest,Healthy,healthy,,test,False
data\raw\brri_rice_disease_pest\Healthy\HL_52.jpg,brri_rice_disease_pest,Healthy,healthy,,train,False
data\raw\brri_rice_disease_pest\Healthy\HL_520.jpg,brri_rice_disease_pest,Healthy,healthy,,train,False
data\raw\brri_rice_disease_pest\Healthy\HL_521.jpg,brri_rice_disease_pest,Healthy,healthy,,train,False
data\raw\brri_rice_disease_pest\Healthy\HL_522.jpg,brri_rice_disease_pest,Healthy,healthy,,train,False
data\raw\brri_rice_disease_pest\Healthy\HL_523.jpg,brri_rice_disease_pest,Healthy,healthy,,test,False
data\raw\brri_rice_disease_pest\Healthy\HL_524.jpg,brri_rice_disease_pest,Healthy,healthy,,train,False
data\raw\brri_rice_disease_pest\Healthy\HL_525.jpg,brri_rice_disease_pest,Healthy,healthy,,train,False
data\raw\brri_rice_disease_pest\Healthy\HL_526.jpg,brri_rice_disease_pest,Healthy,healthy,,test,False
data\raw\brri_rice_disease_pest\Healthy\HL_527.jpg,brri_rice_disease_pest,Healthy,healthy,,test,False
data\raw\brri_rice_disease_pest\Healthy\HL_528.jpg,brri_rice_disease_pest,Healthy,healthy,,test,False
data\raw\brri_rice_disease_pest\Healthy\HL_529.jpg,brri_rice_disease_pest,Healthy,healthy,,train,False
data\raw\brri_rice_disease_pest\Healthy\HL_53.jpg,brri_rice_disease_pest,Healthy,healthy,,train,False
data\raw\brri_rice_disease_pest\Healthy\HL_530.jpg,brri_rice_disease_pest,Healthy,healthy,,train,False
data\raw\brri_rice_disease_pest\Healthy\HL_531.jpg,brri_rice_disease_pest,Healthy,healthy,,train,False
data\raw\brri_rice_disease_pest\Healthy\HL_532.jpg,brri_rice_disease_pest,Healthy,healthy,,train,False
data\raw\brri_rice_disease_pest\Healthy\HL_533.jpg,brri_rice_disease_pest,Healthy,healthy,,train,False
data\raw\brri_rice_disease_pest\Healthy\HL_534.jpg,brri_rice_disease_pest,Healthy,healthy,,train,False
data\raw\brri_rice_disease_pest\Healthy\HL_535.jpg,brri_rice_disease_pest,Healthy,healthy,,test,False
data\raw\brri_rice_disease_pest\Healthy\HL_536.jpg,brri_rice_disease_pest,Healthy,healthy,,train,False
data\raw\brri_rice_disease_pest\Healthy\HL_537.jpg,brri_rice_disease_pest,Healthy,healthy,,train,False
data\raw\brri_rice_disease_pest\Healthy\HL_538.jpg,brri_rice_disease_pest,Healthy,healthy,,train,False
data\raw\brri_rice_disease_pest\Healthy\HL_539.jpg,brri_rice_disease_pest,Healthy,healthy,,train,False
data\raw\brri_rice_disease_pest\Healthy\HL_54.jpg,brri_rice_disease_pest,Healthy,healthy,,val,False
data\raw\brri_rice_disease_pest\Healthy\HL_540.jpg,brri_rice_disease_pest,Healthy,healthy,,train,False
data\raw\brri_rice_disease_pest\Healthy\HL_541.jpg,brri_rice_disease_pest,Healthy,healthy,,test,False
data\raw\brri_rice_disease_pest\Healthy\HL_542.jpg,brri_rice_disease_pest,Healthy,healthy,,test,False
data\raw\brri_rice_disease_pest\Healthy\HL_543.jpg,brri_rice_disease_pest,Healthy,healthy,,train,False
data\raw\brri_rice_disease_pest\Healthy\HL_544.jpg,brri_rice_disease_pest,Healthy,healthy,,train,False
data\raw\brri_rice_disease_pest\Healthy\HL_545.jpg,brri_rice_disease_pest,Healthy,healthy,,train,False
data\raw\brri_rice_disease_pest\Healthy\HL_546.jpg,brri_rice_disease_pest,Healthy,healthy,,train,False
data\raw\brri_rice_disease_pest\Healthy\HL_547.jpg,brri_rice_disease_pest,Healthy,healthy,,val,False
data\raw\brri_rice_disease_pest\Healthy\HL_548.jpg,brri_rice_disease_pest,Healthy,healthy,,test,False
data\raw\brri_rice_disease_pest\Healthy\HL_549.jpg,brri_rice_disease_pest,Healthy,healthy,,train,False
data\raw\brri_rice_disease_pest\Healthy\HL_55.jpg,brri_rice_disease_pest,Healthy,healthy,,train,False
data\raw\brri_rice_disease_pest\Healthy\HL_550.jpg,brri_rice_disease_pest,Healthy,healthy,,train,False
data\raw\brri_rice_disease_pest\Healthy\HL_551.jpg,brri_rice_disease_pest,Healthy,healthy,,train,False
data\raw\brri_rice_disease_pest\Healthy\HL_552.jpg,brri_rice_disease_pest,Healthy,healthy,,train,False
data\raw\brri_rice_disease_pest\Healthy\HL_553.jpg,brri_rice_disease_pest,Healthy,healthy,,test,False
data\raw\brri_rice_disease_pest\Healthy\HL_554.jpg,brri_rice_disease_pest,Healthy,healthy,,val,False
data\raw\brri_rice_disease_pest\Healthy\HL_555.jpg,brri_rice_disease_pest,Healthy,healthy,,val,False
data\raw\brri_rice_disease_pest\Healthy\HL_556.jpg,brri_rice_disease_pest,Healthy,healthy,,train,False
data\raw\brri_rice_disease_pest\Healthy\HL_557.jpg,brri_rice_disease_pest,Healthy,healthy,,test,False
data\raw\brri_rice_disease_pest\Healthy\HL_558.jpg,brri_rice_disease_pest,Healthy,healthy,,val,False
data\raw\brri_rice_disease_pest\Healthy\HL_559.jpg,brri_rice_disease_pest,Healthy,healthy,,test,False
data\raw\brri_rice_disease_pest\Healthy\HL_56.jpg,brri_rice_disease_pest,Healthy,healthy,,train,False
data\raw\brri_rice_disease_pest\Healthy\HL_560.jpg,brri_rice_disease_pest,Healthy,healthy,,train,False
data\raw\brri_rice_disease_pest\Healthy\HL_561.jpg,brri_rice_disease_pest,Healthy,healthy,,train,False
data\raw\brri_rice_disease_pest\Healthy\HL_562.jpg,brri_rice_disease_pest,Healthy,healthy,,train,False
data\raw\brri_rice_disease_pest\Healthy\HL_563.jpg,brri_rice_disease_pest,Healthy,healthy,,train,False
data\raw\brri_rice_disease_pest\Healthy\HL_564.jpg,brri_rice_disease_pest,Healthy,healthy,,val,False
data\raw\brri_rice_disease_pest\Healthy\HL_565.jpg,brri_rice_disease_pest,Healthy,healthy,,train,False
data\raw\brri_rice_disease_pest\Healthy\HL_566.jpg,brri_rice_disease_pest,Healthy,healthy,,val,False
data\raw\brri_rice_disease_pest\Healthy\HL_567.jpg,brri_rice_disease_pest,Healthy,healthy,,train,False
data\raw\brri_rice_disease_pest\Healthy\HL_568.jpg,brri_rice_disease_pest,Healthy,healthy,,test,False
data\raw\brri_rice_disease_pest\Healthy\HL_569.jpg,brri_rice_disease_pest,Healthy,healthy,,train,False
data\raw\brri_rice_disease_pest\Healthy\HL_57.jpg,brri_rice_disease_pest,Healthy,healthy,,train,False
data\raw\brri_rice_disease_pest\Healthy\HL_570.jpg,brri_rice_disease_pest,Healthy,healthy,,train,False
data\raw\brri_rice_disease_pest\Healthy\HL_571.jpg,brri_rice_disease_pest,Healthy,healthy,,val,False
data\raw\brri_rice_disease_pest\Healthy\HL_572.jpg,brri_rice_disease_pest,Healthy,healthy,,train,False
data\raw\brri_rice_disease_pest\Healthy\HL_573.jpg,brri_rice_disease_pest,Healthy,healthy,,val,False
data\raw\brri_rice_disease_pest\Healthy\HL_574.jpg,brri_rice_disease_pest,Healthy,healthy,,train,False
data\raw\brri_rice_disease_pest\Healthy\HL_575.jpg,brri_rice_disease_pest,Healthy,healthy,,val,False
data\raw\brri_rice_disease_pest\Healthy\HL_576.jpg,brri_rice_disease_pest,Healthy,healthy,,train,False
data\raw\brri_rice_disease_pest\Healthy\HL_577.jpg,brri_rice_disease_pest,Healthy,healthy,,train,False
data\raw\brri_rice_disease_pest\Healthy\HL_578.jpg,brri_rice_disease_pest,Healthy,healthy,,train,False
data\raw\brri_rice_disease_pest\Healthy\HL_579.jpg,brri_rice_disease_pest,Healthy,healthy,,train,False
data\raw\brri_rice_disease_pest\Healthy\HL_58.jpg,brri_rice_disease_pest,Healthy,healthy,,train,False
data\raw\brri_rice_disease_pest\Healthy\HL_580.jpg,brri_rice_disease_pest,Healthy,healthy,,train,False
data\raw\brri_rice_disease_pest\Healthy\HL_581.jpg,brri_rice_disease_pest,Healthy,healthy,,val,False
data\raw\brri_rice_disease_pest\Healthy\HL_582.jpg,brri_rice_disease_pest,Healthy,healthy,,train,False
data\raw\brri_rice_disease_pest\Healthy\HL_583.jpg,brri_rice_disease_pest,Healthy,healthy,,train,False
data\raw\brri_rice_disease_pest\Healthy\HL_584.jpg,brri_rice_disease_pest,Healthy,healthy,,train,False
data\raw\brri_rice_disease_pest\Healthy\HL_585.jpg,brri_rice_disease_pest,Healthy,healthy,,train,False
data\raw\brri_rice_disease_pest\Healthy\HL_586.jpg,brri_rice_disease_pest,Healthy,healthy,,train,False
data\raw\brri_rice_disease_pest\Healthy\HL_587.jpg,brri_rice_disease_pest,Healthy,healthy,,train,False
data\raw\brri_rice_disease_pest\Healthy\HL_588.jpg,brri_rice_disease_pest,Healthy,healthy,,val,False
data\raw\brri_rice_disease_pest\Healthy\HL_589.jpg,brri_rice_disease_pest,Healthy,healthy,,train,False
data\raw\brri_rice_disease_pest\Healthy\HL_59.jpg,brri_rice_disease_pest,Healthy,healthy,,train,False
data\raw\brri_rice_disease_pest\Healthy\HL_590.jpg,brri_rice_disease_pest,Healthy,healthy,,train,False
data\raw\brri_rice_disease_pest\Healthy\HL_591.jpg,brri_rice_disease_pest,Healthy,healthy,,val,False
data\raw\brri_rice_disease_pest\Healthy\HL_592.jpg,brri_rice_disease_pest,Healthy,healthy,,train,False
data\raw\brri_rice_disease_pest\Healthy\HL_593.jpg,brri_rice_disease_pest,Healthy,healthy,,train,False
data\raw\brri_rice_disease_pest\Healthy\HL_594.jpg,brri_rice_disease_pest,Healthy,healthy,,val,False
data\raw\brri_rice_disease_pest\Healthy\HL_595.jpg,brri_rice_disease_pest,Healthy,healthy,,train,False
data\raw\brri_rice_disease_pest\Healthy\HL_596.jpg,brri_rice_disease_pest,Healthy,healthy,,train,False
data\raw\brri_rice_disease_pest\Healthy\HL_597.jpg,brri_rice_disease_pest,Healthy,healthy,,train,False
data\raw\brri_rice_disease_pest\Healthy\HL_598.jpg,brri_rice_disease_pest,Healthy,healthy,,train,False
data\raw\brri_rice_disease_pest\Healthy\HL_599.jpg,brri_rice_disease_pest,Healthy,healthy,,train,False
data\raw\brri_rice_disease_pest\Healthy\HL_6.jpg,brri_rice_disease_pest,Healthy,healthy,,val,False
data\raw\brri_rice_disease_pest\Healthy\HL_60.jpg,brri_rice_disease_pest,Healthy,healthy,,val,False
data\raw\brri_rice_disease_pest\Healthy\HL_600.jpg,brri_rice_disease_pest,Healthy,healthy,,train,False
data\raw\brri_rice_disease_pest\Healthy\HL_601.jpg,brri_rice_disease_pest,Healthy,healthy,,train,False
data\raw\brri_rice_disease_pest\Healthy\HL_602.jpg,brri_rice_disease_pest,Healthy,healthy,,train,False
data\raw\brri_rice_disease_pest\Healthy\HL_603.jpg,brri_rice_disease_pest,Healthy,healthy,,test,False
data\raw\brri_rice_disease_pest\Healthy\HL_61.jpg,brri_rice_disease_pest,Healthy,healthy,,train,False
data\raw\brri_rice_disease_pest\Healthy\HL_62.jpg,brri_rice_disease_pest,Healthy,healthy,,test,False
data\raw\brri_rice_disease_pest\Healthy\HL_63.jpg,brri_rice_disease_pest,Healthy,healthy,,train,False
data\raw\brri_rice_disease_pest\Healthy\HL_64.jpg,brri_rice_disease_pest,Healthy,healthy,,train,False
data\raw\brri_rice_disease_pest\Healthy\HL_65.jpg,brri_rice_disease_pest,Healthy,healthy,,val,False
data\raw\brri_rice_disease_pest\Healthy\HL_66.jpg,brri_rice_disease_pest,Healthy,healthy,,test,False
data\raw\brri_rice_disease_pest\Healthy\HL_67.jpg,brri_rice_disease_pest,Healthy,healthy,,train,False
data\raw\brri_rice_disease_pest\Healthy\HL_68.jpg,brri_rice_disease_pest,Healthy,healthy,,train,False
data\raw\brri_rice_disease_pest\Healthy\HL_69.jpg,brri_rice_disease_pest,Healthy,healthy,,train,False
data\raw\brri_rice_disease_pest\Healthy\HL_7.jpg,brri_rice_disease_pest,Healthy,healthy,,val,False
data\raw\brri_rice_disease_pest\Healthy\HL_70.jpg,brri_rice_disease_pest,Healthy,healthy,,train,False
data\raw\brri_rice_disease_pest\Healthy\HL_71.jpg,brri_rice_disease_pest,Healthy,healthy,,train,False
data\raw\brri_rice_disease_pest\Healthy\HL_72.jpg,brri_rice_disease_pest,Healthy,healthy,,train,False
data\raw\brri_rice_disease_pest\Healthy\HL_73.jpg,brri_rice_disease_pest,Healthy,healthy,,val,False
data\raw\brri_rice_disease_pest\Healthy\HL_74.jpg,brri_rice_disease_pest,Healthy,healthy,,test,False
data\raw\brri_rice_disease_pest\Healthy\HL_75.jpg,brri_rice_disease_pest,Healthy,healthy,,train,False
data\raw\brri_rice_disease_pest\Healthy\HL_76.jpg,brri_rice_disease_pest,Healthy,healthy,,train,False
data\raw\brri_rice_disease_pest\Healthy\HL_77.jpg,brri_rice_disease_pest,Healthy,healthy,,train,False
data\raw\brri_rice_disease_pest\Healthy\HL_78.jpg,brri_rice_disease_pest,Healthy,healthy,,train,False
data\raw\brri_rice_disease_pest\Healthy\HL_79.jpg,brri_rice_disease_pest,Healthy,healthy,,train,False
data\raw\brri_rice_disease_pest\Healthy\HL_8.jpg,brri_rice_disease_pest,Healthy,healthy,,train,False
data\raw\brri_rice_disease_pest\Healthy\HL_80.jpg,brri_rice_disease_pest,Healthy,healthy,,train,False
data\raw\brri_rice_disease_pest\Healthy\HL_81.jpg,brri_rice_disease_pest,Healthy,healthy,,train,False
data\raw\brri_rice_disease_pest\Healthy\HL_82.jpg,brri_rice_disease_pest,Healthy,healthy,,train,False
data\raw\brri_rice_disease_pest\Healthy\HL_83.jpg,brri_rice_disease_pest,Healthy,healthy,,train,False
data\raw\brri_rice_disease_pest\Healthy\HL_84.jpg,brri_rice_disease_pest,Healthy,healthy,,test,False
data\raw\brri_rice_disease_pest\Healthy\HL_85.jpg,brri_rice_disease_pest,Healthy,healthy,,train,False
data\raw\brri_rice_disease_pest\Healthy\HL_86.jpg,brri_rice_disease_pest,Healthy,healthy,,test,False
data\raw\brri_rice_disease_pest\Healthy\HL_87.jpg,brri_rice_disease_pest,Healthy,healthy,,train,False
data\raw\brri_rice_disease_pest\Healthy\HL_88.jpg,brri_rice_disease_pest,Healthy,healthy,,train,False
data\raw\brri_rice_disease_pest\Healthy\HL_89.jpg,brri_rice_disease_pest,Healthy,healthy,,train,False
data\raw\brri_rice_disease_pest\Healthy\HL_9.jpg,brri_rice_disease_pest,Healthy,healthy,,val,False
data\raw\brri_rice_disease_pest\Healthy\HL_90.jpg,brri_rice_disease_pest,Healthy,healthy,,val,False
data\raw\brri_rice_disease_pest\Healthy\HL_91.jpg,brri_rice_disease_pest,Healthy,healthy,,train,False
data\raw\brri_rice_disease_pest\Healthy\HL_92.jpg,brri_rice_disease_pest,Healthy,healthy,,train,False
data\raw\brri_rice_disease_pest\Healthy\HL_93.jpg,brri_rice_disease_pest,Healthy,healthy,,train,False
data\raw\brri_rice_disease_pest\Healthy\HL_94.jpg,brri_rice_disease_pest,Healthy,healthy,,test,False
data\raw\brri_rice_disease_pest\Healthy\HL_95.jpg,brri_rice_disease_pest,Healthy,healthy,,train,False
data\raw\brri_rice_disease_pest\Healthy\HL_96.jpg,brri_rice_disease_pest,Healthy,healthy,,train,False
data\raw\brri_rice_disease_pest\Healthy\HL_97.jpg,brri_rice_disease_pest,Healthy,healthy,,test,False
data\raw\brri_rice_disease_pest\Healthy\HL_98.jpg,brri_rice_disease_pest,Healthy,healthy,,train,False
data\raw\brri_rice_disease_pest\Healthy\HL_99.jpg,brri_rice_disease_pest,Healthy,healthy,,train,False
data\raw\brri_rice_disease_pest\Insect\I_1.jpg,brri_rice_disease_pest,Insect,insect,,train,False
data\raw\brri_rice_disease_pest\Insect\I_10.jpg,brri_rice_disease_pest,Insect,insect,,val,False
data\raw\brri_rice_disease_pest\Insect\I_100.jpg,brri_rice_disease_pest,Insect,insect,,train,False
data\raw\brri_rice_disease_pest\Insect\I_101.jpg,brri_rice_disease_pest,Insect,insect,,val,False
data\raw\brri_rice_disease_pest\Insect\I_102.jpg,brri_rice_disease_pest,Insect,insect,,train,False
data\raw\brri_rice_disease_pest\Insect\I_103.jpg,brri_rice_disease_pest,Insect,insect,,train,False
data\raw\brri_rice_disease_pest\Insect\I_104.jpg,brri_rice_disease_pest,Insect,insect,,train,False
data\raw\brri_rice_disease_pest\Insect\I_105.jpg,brri_rice_disease_pest,Insect,insect,,val,False
data\raw\brri_rice_disease_pest\Insect\I_106.jpg,brri_rice_disease_pest,Insect,insect,,val,False
data\raw\brri_rice_disease_pest\Insect\I_107.jpg,brri_rice_disease_pest,Insect,insect,,train,False
data\raw\brri_rice_disease_pest\Insect\I_108.jpg,brri_rice_disease_pest,Insect,insect,,train,False
data\raw\brri_rice_disease_pest\Insect\I_109.jpg,brri_rice_disease_pest,Insect,insect,,train,False
data\raw\brri_rice_disease_pest\Insect\I_11.jpg,brri_rice_disease_pest,Insect,insect,,train,False
data\raw\brri_rice_disease_pest\Insect\I_110.jpg,brri_rice_disease_pest,Insect,insect,,val,False
data\raw\brri_rice_disease_pest\Insect\I_111.jpg,brri_rice_disease_pest,Insect,insect,,val,False
data\raw\brri_rice_disease_pest\Insect\I_112.jpg,brri_rice_disease_pest,Insect,insect,,train,False
data\raw\brri_rice_disease_pest\Insect\I_113.jpg,brri_rice_disease_pest,Insect,insect,,train,False
data\raw\brri_rice_disease_pest\Insect\I_114.jpg,brri_rice_disease_pest,Insect,insect,,test,False
data\raw\brri_rice_disease_pest\Insect\I_115.jpg,brri_rice_disease_pest,Insect,insect,,train,False
data\raw\brri_rice_disease_pest\Insect\I_116.jpg,brri_rice_disease_pest,Insect,insect,,train,False
data\raw\brri_rice_disease_pest\Insect\I_117.jpg,brri_rice_disease_pest,Insect,insect,,test,False
data\raw\brri_rice_disease_pest\Insect\I_118.jpg,brri_rice_disease_pest,Insect,insect,,test,False
data\raw\brri_rice_disease_pest\Insect\I_119.jpg,brri_rice_disease_pest,Insect,insect,,train,False
data\raw\brri_rice_disease_pest\Insect\I_12.jpg,brri_rice_disease_pest,Insect,insect,,train,False
data\raw\brri_rice_disease_pest\Insect\I_120.jpg,brri_rice_disease_pest,Insect,insect,,train,False
data\raw\brri_rice_disease_pest\Insect\I_121.jpg,brri_rice_disease_pest,Insect,insect,,train,False
data\raw\brri_rice_disease_pest\Insect\I_122.jpg,brri_rice_disease_pest,Insect,insect,,train,False
data\raw\brri_rice_disease_pest\Insect\I_123.jpg,brri_rice_disease_pest,Insect,insect,,train,False
data\raw\brri_rice_disease_pest\Insect\I_124.jpg,brri_rice_disease_pest,Insect,insect,,train,False
data\raw\brri_rice_disease_pest\Insect\I_125.jpg,brri_rice_disease_pest,Insect,insect,,train,False
data\raw\brri_rice_disease_pest\Insect\I_126.jpg,brri_rice_disease_pest,Insect,insect,,train,False
data\raw\brri_rice_disease_pest\Insect\I_127.jpg,brri_rice_disease_pest,Insect,insect,,train,False
data\raw\brri_rice_disease_pest\Insect\I_128.jpg,brri_rice_disease_pest,Insect,insect,,train,False
data\raw\brri_rice_disease_pest\Insect\I_129.jpg,brri_rice_disease_pest,Insect,insect,,train,False
data\raw\brri_rice_disease_pest\Insect\I_13.jpg,brri_rice_disease_pest,Insect,insect,,val,False
data\raw\brri_rice_disease_pest\Insect\I_130.jpg,brri_rice_disease_pest,Insect,insect,,train,False
data\raw\brri_rice_disease_pest\Insect\I_131.jpg,brri_rice_disease_pest,Insect,insect,,train,False
data\raw\brri_rice_disease_pest\Insect\I_132.jpg,brri_rice_disease_pest,Insect,insect,,train,False
data\raw\brri_rice_disease_pest\Insect\I_133.jpg,brri_rice_disease_pest,Insect,insect,,train,False
data\raw\brri_rice_disease_pest\Insect\I_134.jpg,brri_rice_disease_pest,Insect,insect,,val,False
data\raw\brri_rice_disease_pest\Insect\I_135.jpg,brri_rice_disease_pest,Insect,insect,,train,False
data\raw\brri_rice_disease_pest\Insect\I_136.jpg,brri_rice_disease_pest,Insect,insect,,train,False
data\raw\brri_rice_disease_pest\Insect\I_137.jpg,brri_rice_disease_pest,Insect,insect,,train,False
data\raw\brri_rice_disease_pest\Insect\I_138.jpg,brri_rice_disease_pest,Insect,insect,,val,False
data\raw\brri_rice_disease_pest\Insect\I_139.jpg,brri_rice_disease_pest,Insect,insect,,train,False
data\raw\brri_rice_disease_pest\Insect\I_14.jpg,brri_rice_disease_pest,Insect,insect,,train,False
data\raw\brri_rice_disease_pest\Insect\I_140.jpg,brri_rice_disease_pest,Insect,insect,,train,False
data\raw\brri_rice_disease_pest\Insect\I_141.jpg,brri_rice_disease_pest,Insect,insect,,val,False
data\raw\brri_rice_disease_pest\Insect\I_142.jpg,brri_rice_disease_pest,Insect,insect,,test,False
data\raw\brri_rice_disease_pest\Insect\I_143.jpg,brri_rice_disease_pest,Insect,insect,,val,False
data\raw\brri_rice_disease_pest\Insect\I_144.jpg,brri_rice_disease_pest,Insect,insect,,test,False
data\raw\brri_rice_disease_pest\Insect\I_145.jpg,brri_rice_disease_pest,Insect,insect,,train,False
data\raw\brri_rice_disease_pest\Insect\I_146.jpg,brri_rice_disease_pest,Insect,insect,,val,False
data\raw\brri_rice_disease_pest\Insect\I_147.jpg,brri_rice_disease_pest,Insect,insect,,val,False
data\raw\brri_rice_disease_pest\Insect\I_148.jpg,brri_rice_disease_pest,Insect,insect,,test,False
data\raw\brri_rice_disease_pest\Insect\I_149.jpg,brri_rice_disease_pest,Insect,insect,,train,False
data\raw\brri_rice_disease_pest\Insect\I_15.jpg,brri_rice_disease_pest,Insect,insect,,train,False
data\raw\brri_rice_disease_pest\Insect\I_150.jpg,brri_rice_disease_pest,Insect,insect,,train,False
data\raw\brri_rice_disease_pest\Insect\I_151.jpg,brri_rice_disease_pest,Insect,insect,,test,False
data\raw\brri_rice_disease_pest\Insect\I_152.jpg,brri_rice_disease_pest,Insect,insect,,val,False
data\raw\brri_rice_disease_pest\Insect\I_153.jpg,brri_rice_disease_pest,Insect,insect,,train,False
data\raw\brri_rice_disease_pest\Insect\I_154.jpg,brri_rice_disease_pest,Insect,insect,,train,False
data\raw\brri_rice_disease_pest\Insect\I_155.jpg,brri_rice_disease_pest,Insect,insect,,train,False
data\raw\brri_rice_disease_pest\Insect\I_156.jpg,brri_rice_disease_pest,Insect,insect,,test,False
data\raw\brri_rice_disease_pest\Insect\I_157.jpg,brri_rice_disease_pest,Insect,insect,,train,False
data\raw\brri_rice_disease_pest\Insect\I_158.jpg,brri_rice_disease_pest,Insect,insect,,train,False
data\raw\brri_rice_disease_pest\Insect\I_159.jpg,brri_rice_disease_pest,Insect,insect,,train,False
data\raw\brri_rice_disease_pest\Insect\I_16.jpg,brri_rice_disease_pest,Insect,insect,,train,False
data\raw\brri_rice_disease_pest\Insect\I_160.jpg,brri_rice_disease_pest,Insect,insect,,train,False
data\raw\brri_rice_disease_pest\Insect\I_161.jpg,brri_rice_disease_pest,Insect,insect,,train,False
data\raw\brri_rice_disease_pest\Insect\I_162.jpg,brri_rice_disease_pest,Insect,insect,,train,False
data\raw\brri_rice_disease_pest\Insect\I_163.jpg,brri_rice_disease_pest,Insect,insect,,test,False
data\raw\brri_rice_disease_pest\Insect\I_164.jpg,brri_rice_disease_pest,Insect,insect,,test,False
data\raw\brri_rice_disease_pest\Insect\I_165.jpg,brri_rice_disease_pest,Insect,insect,,train,False
data\raw\brri_rice_disease_pest\Insect\I_166.jpg,brri_rice_disease_pest,Insect,insect,,train,False
data\raw\brri_rice_disease_pest\Insect\I_167.jpg,brri_rice_disease_pest,Insect,insect,,train,False
data\raw\brri_rice_disease_pest\Insect\I_168.jpg,brri_rice_disease_pest,Insect,insect,,train,False
data\raw\brri_rice_disease_pest\Insect\I_169.jpg,brri_rice_disease_pest,Insect,insect,,train,False
data\raw\brri_rice_disease_pest\Insect\I_17.jpg,brri_rice_disease_pest,Insect,insect,,train,False
data\raw\brri_rice_disease_pest\Insect\I_170.jpg,brri_rice_disease_pest,Insect,insect,,train,False
data\raw\brri_rice_disease_pest\Insect\I_171.jpg,brri_rice_disease_pest,Insect,insect,,val,False
data\raw\brri_rice_disease_pest\Insect\I_172.jpg,brri_rice_disease_pest,Insect,insect,,val,False
data\raw\brri_rice_disease_pest\Insect\I_173.jpg,brri_rice_disease_pest,Insect,insect,,train,False
data\raw\brri_rice_disease_pest\Insect\I_174.jpg,brri_rice_disease_pest,Insect,insect,,val,False
data\raw\brri_rice_disease_pest\Insect\I_175.jpg,brri_rice_disease_pest,Insect,insect,,train,False
data\raw\brri_rice_disease_pest\Insect\I_176.jpg,brri_rice_disease_pest,Insect,insect,,train,False
data\raw\brri_rice_disease_pest\Insect\I_177.jpg,brri_rice_disease_pest,Insect,insect,,train,False
data\raw\brri_rice_disease_pest\Insect\I_178.jpg,brri_rice_disease_pest,Insect,insect,,test,False
data\raw\brri_rice_disease_pest\Insect\I_179.jpg,brri_rice_disease_pest,Insect,insect,,val,False
data\raw\brri_rice_disease_pest\Insect\I_18.jpg,brri_rice_disease_pest,Insect,insect,,val,False
data\raw\brri_rice_disease_pest\Insect\I_180.jpg,brri_rice_disease_pest,Insect,insect,,train,False
data\raw\brri_rice_disease_pest\Insect\I_181.jpg,brri_rice_disease_pest,Insect,insect,,val,False
data\raw\brri_rice_disease_pest\Insect\I_182.jpg,brri_rice_disease_pest,Insect,insect,,train,False
data\raw\brri_rice_disease_pest\Insect\I_183.jpg,brri_rice_disease_pest,Insect,insect,,train,False
data\raw\brri_rice_disease_pest\Insect\I_184.jpg,brri_rice_disease_pest,Insect,insect,,val,False
data\raw\brri_rice_disease_pest\Insect\I_185.jpg,brri_rice_disease_pest,Insect,insect,,train,False
data\raw\brri_rice_disease_pest\Insect\I_186.jpg,brri_rice_disease_pest,Insect,insect,,train,False
data\raw\brri_rice_disease_pest\Insect\I_187.jpg,brri_rice_disease_pest,Insect,insect,,train,False
data\raw\brri_rice_disease_pest\Insect\I_188.jpg,brri_rice_disease_pest,Insect,insect,,train,False
data\raw\brri_rice_disease_pest\Insect\I_189.jpg,brri_rice_disease_pest,Insect,insect,,test,False
data\raw\brri_rice_disease_pest\Insect\I_19.jpg,brri_rice_disease_pest,Insect,insect,,train,False
data\raw\brri_rice_disease_pest\Insect\I_190.jpg,brri_rice_disease_pest,Insect,insect,,train,False
data\raw\brri_rice_disease_pest\Insect\I_191.jpg,brri_rice_disease_pest,Insect,insect,,test,False
data\raw\brri_rice_disease_pest\Insect\I_192.jpg,brri_rice_disease_pest,Insect,insect,,val,False
data\raw\brri_rice_disease_pest\Insect\I_193.jpg,brri_rice_disease_pest,Insect,insect,,train,False
data\raw\brri_rice_disease_pest\Insect\I_194.jpg,brri_rice_disease_pest,Insect,insect,,val,False
data\raw\brri_rice_disease_pest\Insect\I_195.jpg,brri_rice_disease_pest,Insect,insect,,test,False
data\raw\brri_rice_disease_pest\Insect\I_196.jpg,brri_rice_disease_pest,Insect,insect,,test,False
data\raw\brri_rice_disease_pest\Insect\I_197.jpg,brri_rice_disease_pest,Insect,insect,,train,False
data\raw\brri_rice_disease_pest\Insect\I_198.jpg,brri_rice_disease_pest,Insect,insect,,train,False
data\raw\brri_rice_disease_pest\Insect\I_199.jpg,brri_rice_disease_pest,Insect,insect,,val,False
data\raw\brri_rice_disease_pest\Insect\I_2.jpg,brri_rice_disease_pest,Insect,insect,,train,False
data\raw\brri_rice_disease_pest\Insect\I_20.jpg,brri_rice_disease_pest,Insect,insect,,train,False
data\raw\brri_rice_disease_pest\Insect\I_200.jpg,brri_rice_disease_pest,Insect,insect,,train,False
data\raw\brri_rice_disease_pest\Insect\I_201.jpg,brri_rice_disease_pest,Insect,insect,,train,False
data\raw\brri_rice_disease_pest\Insect\I_202.jpg,brri_rice_disease_pest,Insect,insect,,train,False
data\raw\brri_rice_disease_pest\Insect\I_203.jpg,brri_rice_disease_pest,Insect,insect,,train,False
data\raw\brri_rice_disease_pest\Insect\I_204.jpg,brri_rice_disease_pest,Insect,insect,,train,False
data\raw\brri_rice_disease_pest\Insect\I_205.jpg,brri_rice_disease_pest,Insect,insect,,train,False
data\raw\brri_rice_disease_pest\Insect\I_206.jpg,brri_rice_disease_pest,Insect,insect,,train,False
data\raw\brri_rice_disease_pest\Insect\I_207.jpg,brri_rice_disease_pest,Insect,insect,,train,False
data\raw\brri_rice_disease_pest\Insect\I_208.jpg,brri_rice_disease_pest,Insect,insect,,test,False
data\raw\brri_rice_disease_pest\Insect\I_209.jpg,brri_rice_disease_pest,Insect,insect,,train,False
data\raw\brri_rice_disease_pest\Insect\I_21.jpg,brri_rice_disease_pest,Insect,insect,,train,False
data\raw\brri_rice_disease_pest\Insect\I_210.jpg,brri_rice_disease_pest,Insect,insect,,train,False
data\raw\brri_rice_disease_pest\Insect\I_211.jpg,brri_rice_disease_pest,Insect,insect,,train,False
data\raw\brri_rice_disease_pest\Insect\I_212.jpg,brri_rice_disease_pest,Insect,insect,,train,False
data\raw\brri_rice_disease_pest\Insect\I_213.jpg,brri_rice_disease_pest,Insect,insect,,train,False
data\raw\brri_rice_disease_pest\Insect\I_214.jpg,brri_rice_disease_pest,Insect,insect,,train,False
data\raw\brri_rice_disease_pest\Insect\I_215.jpg,brri_rice_disease_pest,Insect,insect,,val,False
data\raw\brri_rice_disease_pest\Insect\I_216.jpg,brri_rice_disease_pest,Insect,insect,,test,False
data\raw\brri_rice_disease_pest\Insect\I_217.jpg,brri_rice_disease_pest,Insect,insect,,test,False
data\raw\brri_rice_disease_pest\Insect\I_218.jpg,brri_rice_disease_pest,Insect,insect,,train,False
data\raw\brri_rice_disease_pest\Insect\I_219.jpg,brri_rice_disease_pest,Insect,insect,,val,False
data\raw\brri_rice_disease_pest\Insect\I_22.jpg,brri_rice_disease_pest,Insect,insect,,test,False
data\raw\brri_rice_disease_pest\Insect\I_220.jpg,brri_rice_disease_pest,Insect,insect,,train,False
data\raw\brri_rice_disease_pest\Insect\I_221.jpg,brri_rice_disease_pest,Insect,insect,,train,False
data\raw\brri_rice_disease_pest\Insect\I_222.jpg,brri_rice_disease_pest,Insect,insect,,train,False
data\raw\brri_rice_disease_pest\Insect\I_223.jpg,brri_rice_disease_pest,Insect,insect,,train,False
data\raw\brri_rice_disease_pest\Insect\I_224.jpg,brri_rice_disease_pest,Insect,insect,,train,False
data\raw\brri_rice_disease_pest\Insect\I_225.jpg,brri_rice_disease_pest,Insect,insect,,train,False
data\raw\brri_rice_disease_pest\Insect\I_226.jpg,brri_rice_disease_pest,Insect,insect,,train,False
data\raw\brri_rice_disease_pest\Insect\I_227.jpg,brri_rice_disease_pest,Insect,insect,,train,False
data\raw\brri_rice_disease_pest\Insect\I_228.jpg,brri_rice_disease_pest,Insect,insect,,train,False
data\raw\brri_rice_disease_pest\Insect\I_229.jpg,brri_rice_disease_pest,Insect,insect,,train,False
data\raw\brri_rice_disease_pest\Insect\I_23.jpg,brri_rice_disease_pest,Insect,insect,,val,False
data\raw\brri_rice_disease_pest\Insect\I_230.jpg,brri_rice_disease_pest,Insect,insect,,train,False
data\raw\brri_rice_disease_pest\Insect\I_231.jpg,brri_rice_disease_pest,Insect,insect,,train,False
data\raw\brri_rice_disease_pest\Insect\I_232.jpg,brri_rice_disease_pest,Insect,insect,,train,False
data\raw\brri_rice_disease_pest\Insect\I_233.jpg,brri_rice_disease_pest,Insect,insect,,test,False
data\raw\brri_rice_disease_pest\Insect\I_234.jpg,brri_rice_disease_pest,Insect,insect,,train,False
data\raw\brri_rice_disease_pest\Insect\I_235.jpg,brri_rice_disease_pest,Insect,insect,,test,False
data\raw\brri_rice_disease_pest\Insect\I_236.jpg,brri_rice_disease_pest,Insect,insect,,train,False
data\raw\brri_rice_disease_pest\Insect\I_237.jpg,brri_rice_disease_pest,Insect,insect,,train,False
data\raw\brri_rice_disease_pest\Insect\I_238.jpg,brri_rice_disease_pest,Insect,insect,,train,False
data\raw\brri_rice_disease_pest\Insect\I_239.jpg,brri_rice_disease_pest,Insect,insect,,train,False
data\raw\brri_rice_disease_pest\Insect\I_24.jpg,brri_rice_disease_pest,Insect,insect,,train,False
data\raw\brri_rice_disease_pest\Insect\I_240.jpg,brri_rice_disease_pest,Insect,insect,,train,False
data\raw\brri_rice_disease_pest\Insect\I_241.jpg,brri_rice_disease_pest,Insect,insect,,train,False
data\raw\brri_rice_disease_pest\Insect\I_242.jpg,brri_rice_disease_pest,Insect,insect,,train,False
data\raw\brri_rice_disease_pest\Insect\I_243.jpg,brri_rice_disease_pest,Insect,insect,,test,False
data\raw\brri_rice_disease_pest\Insect\I_244.jpg,brri_rice_disease_pest,Insect,insect,,val,False
data\raw\brri_rice_disease_pest\Insect\I_245.jpg,brri_rice_disease_pest,Insect,insect,,train,False
data\raw\brri_rice_disease_pest\Insect\I_246.jpg,brri_rice_disease_pest,Insect,insect,,val,False
data\raw\brri_rice_disease_pest\Insect\I_247.jpg,brri_rice_disease_pest,Insect,insect,,train,False
data\raw\brri_rice_disease_pest\Insect\I_248.jpg,brri_rice_disease_pest,Insect,insect,,train,False
data\raw\brri_rice_disease_pest\Insect\I_249.jpg,brri_rice_disease_pest,Insect,insect,,test,False
data\raw\brri_rice_disease_pest\Insect\I_25.jpg,brri_rice_disease_pest,Insect,insect,,train,False
data\raw\brri_rice_disease_pest\Insect\I_250.jpg,brri_rice_disease_pest,Insect,insect,,train,False
data\raw\brri_rice_disease_pest\Insect\I_251.jpg,brri_rice_disease_pest,Insect,insect,,test,False
data\raw\brri_rice_disease_pest\Insect\I_252.jpg,brri_rice_disease_pest,Insect,insect,,train,False
data\raw\brri_rice_disease_pest\Insect\I_253.jpg,brri_rice_disease_pest,Insect,insect,,val,False
data\raw\brri_rice_disease_pest\Insect\I_254.jpg,brri_rice_disease_pest,Insect,insect,,train,False
data\raw\brri_rice_disease_pest\Insect\I_255.jpg,brri_rice_disease_pest,Insect,insect,,train,False
data\raw\brri_rice_disease_pest\Insect\I_256.jpg,brri_rice_disease_pest,Insect,insect,,test,False
data\raw\brri_rice_disease_pest\Insect\I_257.jpg,brri_rice_disease_pest,Insect,insect,,train,False
data\raw\brri_rice_disease_pest\Insect\I_258.jpg,brri_rice_disease_pest,Insect,insect,,train,False
data\raw\brri_rice_disease_pest\Insect\I_259.jpg,brri_rice_disease_pest,Insect,insect,,train,False
data\raw\brri_rice_disease_pest\Insect\I_26.jpg,brri_rice_disease_pest,Insect,insect,,train,False
data\raw\brri_rice_disease_pest\Insect\I_260.jpg,brri_rice_disease_pest,Insect,insect,,train,False
data\raw\brri_rice_disease_pest\Insect\I_261.jpg,brri_rice_disease_pest,Insect,insect,,train,False
data\raw\brri_rice_disease_pest\Insect\I_262.jpg,brri_rice_disease_pest,Insect,insect,,train,False
data\raw\brri_rice_disease_pest\Insect\I_263.jpg,brri_rice_disease_pest,Insect,insect,,train,False
data\raw\brri_rice_disease_pest\Insect\I_264.jpg,brri_rice_disease_pest,Insect,insect,,train,False
data\raw\brri_rice_disease_pest\Insect\I_265.jpg,brri_rice_disease_pest,Insect,insect,,train,False
data\raw\brri_rice_disease_pest\Insect\I_266.jpg,brri_rice_disease_pest,Insect,insect,,train,False
data\raw\brri_rice_disease_pest\Insect\I_267.jpg,brri_rice_disease_pest,Insect,insect,,train,False
data\raw\brri_rice_disease_pest\Insect\I_268.jpg,brri_rice_disease_pest,Insect,insect,,test,False
data\raw\brri_rice_disease_pest\Insect\I_269.jpg,brri_rice_disease_pest,Insect,insect,,test,False
data\raw\brri_rice_disease_pest\Insect\I_27.jpg,brri_rice_disease_pest,Insect,insect,,test,False
data\raw\brri_rice_disease_pest\Insect\I_270.jpg,brri_rice_disease_pest,Insect,insect,,val,False
data\raw\brri_rice_disease_pest\Insect\I_271.jpg,brri_rice_disease_pest,Insect,insect,,test,False
data\raw\brri_rice_disease_pest\Insect\I_272.jpg,brri_rice_disease_pest,Insect,insect,,train,False
data\raw\brri_rice_disease_pest\Insect\I_273.jpg,brri_rice_disease_pest,Insect,insect,,train,False
data\raw\brri_rice_disease_pest\Insect\I_274.jpg,brri_rice_disease_pest,Insect,insect,,train,False
data\raw\brri_rice_disease_pest\Insect\I_275.jpg,brri_rice_disease_pest,Insect,insect,,train,False
data\raw\brri_rice_disease_pest\Insect\I_276.jpg,brri_rice_disease_pest,Insect,insect,,train,False
data\raw\brri_rice_disease_pest\Insect\I_277.jpg,brri_rice_disease_pest,Insect,insect,,train,False
data\raw\brri_rice_disease_pest\Insect\I_278.jpg,brri_rice_disease_pest,Insect,insect,,val,False
data\raw\brri_rice_disease_pest\Insect\I_279.jpg,brri_rice_disease_pest,Insect,insect,,val,False
data\raw\brri_rice_disease_pest\Insect\I_28.jpg,brri_rice_disease_pest,Insect,insect,,train,False
data\raw\brri_rice_disease_pest\Insect\I_280.jpg,brri_rice_disease_pest,Insect,insect,,val,False
data\raw\brri_rice_disease_pest\Insect\I_281.jpg,brri_rice_disease_pest,Insect,insect,,train,False
data\raw\brri_rice_disease_pest\Insect\I_29.jpg,brri_rice_disease_pest,Insect,insect,,train,False
data\raw\brri_rice_disease_pest\Insect\I_3.jpg,brri_rice_disease_pest,Insect,insect,,train,False
data\raw\brri_rice_disease_pest\Insect\I_30.jpg,brri_rice_disease_pest,Insect,insect,,val,False
data\raw\brri_rice_disease_pest\Insect\I_31.jpg,brri_rice_disease_pest,Insect,insect,,train,False
data\raw\brri_rice_disease_pest\Insect\I_32.jpg,brri_rice_disease_pest,Insect,insect,,train,False
data\raw\brri_rice_disease_pest\Insect\I_33.jpg,brri_rice_disease_pest,Insect,insect,,train,False
data\raw\brri_rice_disease_pest\Insect\I_34.jpg,brri_rice_disease_pest,Insect,insect,,train,False
data\raw\brri_rice_disease_pest\Insect\I_35.jpg,brri_rice_disease_pest,Insect,insect,,train,False
data\raw\brri_rice_disease_pest\Insect\I_36.jpg,brri_rice_disease_pest,Insect,insect,,train,False
data\raw\brri_rice_disease_pest\Insect\I_37.jpg,brri_rice_disease_pest,Insect,insect,,train,False
data\raw\brri_rice_disease_pest\Insect\I_38.jpg,brri_rice_disease_pest,Insect,insect,,train,False
data\raw\brri_rice_disease_pest\Insect\I_39.jpg,brri_rice_disease_pest,Insect,insect,,test,False
data\raw\brri_rice_disease_pest\Insect\I_4.jpg,brri_rice_disease_pest,Insect,insect,,train,False
data\raw\brri_rice_disease_pest\Insect\I_40.jpg,brri_rice_disease_pest,Insect,insect,,train,False
data\raw\brri_rice_disease_pest\Insect\I_41.jpg,brri_rice_disease_pest,Insect,insect,,train,False
data\raw\brri_rice_disease_pest\Insect\I_42.jpg,brri_rice_disease_pest,Insect,insect,,train,False
data\raw\brri_rice_disease_pest\Insect\I_43.jpg,brri_rice_disease_pest,Insect,insect,,train,False
data\raw\brri_rice_disease_pest\Insect\I_44.jpg,brri_rice_disease_pest,Insect,insect,,train,False
data\raw\brri_rice_disease_pest\Insect\I_45.jpg,brri_rice_disease_pest,Insect,insect,,train,False
data\raw\brri_rice_disease_pest\Insect\I_46.jpg,brri_rice_disease_pest,Insect,insect,,val,False
data\raw\brri_rice_disease_pest\Insect\I_47.jpg,brri_rice_disease_pest,Insect,insect,,train,False
data\raw\brri_rice_disease_pest\Insect\I_48.jpg,brri_rice_disease_pest,Insect,insect,,train,False
data\raw\brri_rice_disease_pest\Insect\I_49.jpg,brri_rice_disease_pest,Insect,insect,,train,False
data\raw\brri_rice_disease_pest\Insect\I_5.jpg,brri_rice_disease_pest,Insect,insect,,train,False
data\raw\brri_rice_disease_pest\Insect\I_50.jpg,brri_rice_disease_pest,Insect,insect,,train,False
data\raw\brri_rice_disease_pest\Insect\I_51.jpg,brri_rice_disease_pest,Insect,insect,,test,False
data\raw\brri_rice_disease_pest\Insect\I_52.jpg,brri_rice_disease_pest,Insect,insect,,train,False
data\raw\brri_rice_disease_pest\Insect\I_53.jpg,brri_rice_disease_pest,Insect,insect,,train,False
data\raw\brri_rice_disease_pest\Insect\I_54.jpg,brri_rice_disease_pest,Insect,insect,,train,False
data\raw\brri_rice_disease_pest\Insect\I_55.jpg,brri_rice_disease_pest,Insect,insect,,train,False
data\raw\brri_rice_disease_pest\Insect\I_56.jpg,brri_rice_disease_pest,Insect,insect,,train,False
data\raw\brri_rice_disease_pest\Insect\I_57.jpg,brri_rice_disease_pest,Insect,insect,,train,False
data\raw\brri_rice_disease_pest\Insect\I_58.jpg,brri_rice_disease_pest,Insect,insect,,test,False
data\raw\brri_rice_disease_pest\Insect\I_59.jpg,brri_rice_disease_pest,Insect,insect,,val,False
data\raw\brri_rice_disease_pest\Insect\I_6.jpg,brri_rice_disease_pest,Insect,insect,,train,False
data\raw\brri_rice_disease_pest\Insect\I_60.jpg,brri_rice_disease_pest,Insect,insect,,train,False
data\raw\brri_rice_disease_pest\Insect\I_61.jpg,brri_rice_disease_pest,Insect,insect,,val,False
data\raw\brri_rice_disease_pest\Insect\I_62.jpg,brri_rice_disease_pest,Insect,insect,,train,False
data\raw\brri_rice_disease_pest\Insect\I_63.jpg,brri_rice_disease_pest,Insect,insect,,train,False
data\raw\brri_rice_disease_pest\Insect\I_64.jpg,brri_rice_disease_pest,Insect,insect,,train,False
data\raw\brri_rice_disease_pest\Insect\I_65.jpg,brri_rice_disease_pest,Insect,insect,,test,False
data\raw\brri_rice_disease_pest\Insect\I_66.jpg,brri_rice_disease_pest,Insect,insect,,train,False
data\raw\brri_rice_disease_pest\Insect\I_67.jpg,brri_rice_disease_pest,Insect,insect,,train,False
data\raw\brri_rice_disease_pest\Insect\I_68.jpg,brri_rice_disease_pest,Insect,insect,,train,False
data\raw\brri_rice_disease_pest\Insect\I_69.jpg,brri_rice_disease_pest,Insect,insect,,train,False
data\raw\brri_rice_disease_pest\Insect\I_7.jpg,brri_rice_disease_pest,Insect,insect,,train,False
data\raw\brri_rice_disease_pest\Insect\I_70.jpg,brri_rice_disease_pest,Insect,insect,,train,False
data\raw\brri_rice_disease_pest\Insect\I_71.jpg,brri_rice_disease_pest,Insect,insect,,train,False
data\raw\brri_rice_disease_pest\Insect\I_72.jpg,brri_rice_disease_pest,Insect,insect,,train,False
data\raw\brri_rice_disease_pest\Insect\I_73.jpg,brri_rice_disease_pest,Insect,insect,,test,False
data\raw\brri_rice_disease_pest\Insect\I_74.jpg,brri_rice_disease_pest,Insect,insect,,val,False
data\raw\brri_rice_disease_pest\Insect\I_75.jpg,brri_rice_disease_pest,Insect,insect,,val,False
data\raw\brri_rice_disease_pest\Insect\I_76.jpg,brri_rice_disease_pest,Insect,insect,,test,False
data\raw\brri_rice_disease_pest\Insect\I_77.jpg,brri_rice_disease_pest,Insect,insect,,test,False
data\raw\brri_rice_disease_pest\Insect\I_78.jpg,brri_rice_disease_pest,Insect,insect,,test,False
data\raw\brri_rice_disease_pest\Insect\I_79.jpg,brri_rice_disease_pest,Insect,insect,,train,False
data\raw\brri_rice_disease_pest\Insect\I_8.jpg,brri_rice_disease_pest,Insect,insect,,train,False
data\raw\brri_rice_disease_pest\Insect\I_80.jpg,brri_rice_disease_pest,Insect,insect,,train,False
data\raw\brri_rice_disease_pest\Insect\I_81.jpg,brri_rice_disease_pest,Insect,insect,,train,False
data\raw\brri_rice_disease_pest\Insect\I_82.jpg,brri_rice_disease_pest,Insect,insect,,test,False
data\raw\brri_rice_disease_pest\Insect\I_83.jpg,brri_rice_disease_pest,Insect,insect,,train,False
data\raw\brri_rice_disease_pest\Insect\I_84.jpg,brri_rice_disease_pest,Insect,insect,,train,False
data\raw\brri_rice_disease_pest\Insect\I_85.jpg,brri_rice_disease_pest,Insect,insect,,train,False
data\raw\brri_rice_disease_pest\Insect\I_86.jpg,brri_rice_disease_pest,Insect,insect,,val,False
data\raw\brri_rice_disease_pest\Insect\I_87.jpg,brri_rice_disease_pest,Insect,insect,,train,False
data\raw\brri_rice_disease_pest\Insect\I_88.jpg,brri_rice_disease_pest,Insect,insect,,test,False
data\raw\brri_rice_disease_pest\Insect\I_89.jpg,brri_rice_disease_pest,Insect,insect,,train,False
data\raw\brri_rice_disease_pest\Insect\I_9.jpg,brri_rice_disease_pest,Insect,insect,,test,False
data\raw\brri_rice_disease_pest\Insect\I_90.jpg,brri_rice_disease_pest,Insect,insect,,train,False
data\raw\brri_rice_disease_pest\Insect\I_91.jpg,brri_rice_disease_pest,Insect,insect,,val,False
data\raw\brri_rice_disease_pest\Insect\I_92.jpg,brri_rice_disease_pest,Insect,insect,,train,False
data\raw\brri_rice_disease_pest\Insect\I_93.jpg,brri_rice_disease_pest,Insect,insect,,train,False
data\raw\brri_rice_disease_pest\Insect\I_94.jpg,brri_rice_disease_pest,Insect,insect,,test,False
data\raw\brri_rice_disease_pest\Insect\I_95.jpg,brri_rice_disease_pest,Insect,insect,,train,False
data\raw\brri_rice_disease_pest\Insect\I_96.jpg,brri_rice_disease_pest,Insect,insect,,train,False
data\raw\brri_rice_disease_pest\Insect\I_97.jpg,brri_rice_disease_pest,Insect,insect,,train,False
data\raw\brri_rice_disease_pest\Insect\I_98.jpg,brri_rice_disease_pest,Insect,insect,,train,False
data\raw\brri_rice_disease_pest\Insect\I_99.jpg,brri_rice_disease_pest,Insect,insect,,test,False
data\raw\brri_rice_disease_pest\Leaf Scald\LS_1.jpg,brri_rice_disease_pest,Leaf Scald,scald,,train,False
data\raw\brri_rice_disease_pest\Leaf Scald\LS_10.jpg,brri_rice_disease_pest,Leaf Scald,scald,,val,False
data\raw\brri_rice_disease_pest\Leaf Scald\LS_100.jpg,brri_rice_disease_pest,Leaf Scald,scald,,train,False
data\raw\brri_rice_disease_pest\Leaf Scald\LS_101.jpg,brri_rice_disease_pest,Leaf Scald,scald,,train,False
data\raw\brri_rice_disease_pest\Leaf Scald\LS_102.jpg,brri_rice_disease_pest,Leaf Scald,scald,,val,False
data\raw\brri_rice_disease_pest\Leaf Scald\LS_103.jpg,brri_rice_disease_pest,Leaf Scald,scald,,train,False
data\raw\brri_rice_disease_pest\Leaf Scald\LS_104.jpg,brri_rice_disease_pest,Leaf Scald,scald,,train,False
data\raw\brri_rice_disease_pest\Leaf Scald\LS_105.jpg,brri_rice_disease_pest,Leaf Scald,scald,,train,False
data\raw\brri_rice_disease_pest\Leaf Scald\LS_106.jpg,brri_rice_disease_pest,Leaf Scald,scald,,val,False
data\raw\brri_rice_disease_pest\Leaf Scald\LS_107.jpg,brri_rice_disease_pest,Leaf Scald,scald,,train,False
data\raw\brri_rice_disease_pest\Leaf Scald\LS_108.jpg,brri_rice_disease_pest,Leaf Scald,scald,,train,False
data\raw\brri_rice_disease_pest\Leaf Scald\LS_109.jpg,brri_rice_disease_pest,Leaf Scald,scald,,train,False
data\raw\brri_rice_disease_pest\Leaf Scald\LS_11.jpg,brri_rice_disease_pest,Leaf Scald,scald,,train,False
data\raw\brri_rice_disease_pest\Leaf Scald\LS_110.jpg,brri_rice_disease_pest,Leaf Scald,scald,,test,False
data\raw\brri_rice_disease_pest\Leaf Scald\LS_111.jpg,brri_rice_disease_pest,Leaf Scald,scald,,val,False
data\raw\brri_rice_disease_pest\Leaf Scald\LS_112.jpg,brri_rice_disease_pest,Leaf Scald,scald,,train,False
data\raw\brri_rice_disease_pest\Leaf Scald\LS_113.jpg,brri_rice_disease_pest,Leaf Scald,scald,,train,False
data\raw\brri_rice_disease_pest\Leaf Scald\LS_114.jpg,brri_rice_disease_pest,Leaf Scald,scald,,train,False
data\raw\brri_rice_disease_pest\Leaf Scald\LS_115.jpg,brri_rice_disease_pest,Leaf Scald,scald,,train,False
data\raw\brri_rice_disease_pest\Leaf Scald\LS_116.jpg,brri_rice_disease_pest,Leaf Scald,scald,,train,False
data\raw\brri_rice_disease_pest\Leaf Scald\LS_117.jpg,brri_rice_disease_pest,Leaf Scald,scald,,test,False
data\raw\brri_rice_disease_pest\Leaf Scald\LS_118.jpg,brri_rice_disease_pest,Leaf Scald,scald,,test,False
data\raw\brri_rice_disease_pest\Leaf Scald\LS_119.jpg,brri_rice_disease_pest,Leaf Scald,scald,,train,False
data\raw\brri_rice_disease_pest\Leaf Scald\LS_12.jpg,brri_rice_disease_pest,Leaf Scald,scald,,train,False
data\raw\brri_rice_disease_pest\Leaf Scald\LS_120.jpg,brri_rice_disease_pest,Leaf Scald,scald,,train,False
data\raw\brri_rice_disease_pest\Leaf Scald\LS_121.jpg,brri_rice_disease_pest,Leaf Scald,scald,,train,False
data\raw\brri_rice_disease_pest\Leaf Scald\LS_122.jpg,brri_rice_disease_pest,Leaf Scald,scald,,train,False
data\raw\brri_rice_disease_pest\Leaf Scald\LS_123.jpg,brri_rice_disease_pest,Leaf Scald,scald,,val,False
data\raw\brri_rice_disease_pest\Leaf Scald\LS_124.jpg,brri_rice_disease_pest,Leaf Scald,scald,,train,False
data\raw\brri_rice_disease_pest\Leaf Scald\LS_125.jpg,brri_rice_disease_pest,Leaf Scald,scald,,train,False
data\raw\brri_rice_disease_pest\Leaf Scald\LS_126.jpg,brri_rice_disease_pest,Leaf Scald,scald,,train,False
data\raw\brri_rice_disease_pest\Leaf Scald\LS_127.jpg,brri_rice_disease_pest,Leaf Scald,scald,,train,False
data\raw\brri_rice_disease_pest\Leaf Scald\LS_128.jpg,brri_rice_disease_pest,Leaf Scald,scald,,val,False
data\raw\brri_rice_disease_pest\Leaf Scald\LS_129.jpg,brri_rice_disease_pest,Leaf Scald,scald,,train,False
data\raw\brri_rice_disease_pest\Leaf Scald\LS_13.jpg,brri_rice_disease_pest,Leaf Scald,scald,,test,False
data\raw\brri_rice_disease_pest\Leaf Scald\LS_130.jpg,brri_rice_disease_pest,Leaf Scald,scald,,train,False
data\raw\brri_rice_disease_pest\Leaf Scald\LS_131.jpg,brri_rice_disease_pest,Leaf Scald,scald,,train,False
data\raw\brri_rice_disease_pest\Leaf Scald\LS_132.jpg,brri_rice_disease_pest,Leaf Scald,scald,,train,False
data\raw\brri_rice_disease_pest\Leaf Scald\LS_133.jpg,brri_rice_disease_pest,Leaf Scald,scald,,train,False
data\raw\brri_rice_disease_pest\Leaf Scald\LS_134.jpg,brri_rice_disease_pest,Leaf Scald,scald,,train,False
data\raw\brri_rice_disease_pest\Leaf Scald\LS_135.jpg,brri_rice_disease_pest,Leaf Scald,scald,,val,False
data\raw\brri_rice_disease_pest\Leaf Scald\LS_136.jpg,brri_rice_disease_pest,Leaf Scald,scald,,train,False
data\raw\brri_rice_disease_pest\Leaf Scald\LS_137.jpg,brri_rice_disease_pest,Leaf Scald,scald,,train,False
data\raw\brri_rice_disease_pest\Leaf Scald\LS_138.jpg,brri_rice_disease_pest,Leaf Scald,scald,,val,False
data\raw\brri_rice_disease_pest\Leaf Scald\LS_139.jpg,brri_rice_disease_pest,Leaf Scald,scald,,train,False
data\raw\brri_rice_disease_pest\Leaf Scald\LS_14.jpg,brri_rice_disease_pest,Leaf Scald,scald,,train,False
data\raw\brri_rice_disease_pest\Leaf Scald\LS_140.jpg,brri_rice_disease_pest,Leaf Scald,scald,,train,False
data\raw\brri_rice_disease_pest\Leaf Scald\LS_141.jpg,brri_rice_disease_pest,Leaf Scald,scald,,val,False
data\raw\brri_rice_disease_pest\Leaf Scald\LS_142.jpg,brri_rice_disease_pest,Leaf Scald,scald,,test,False
data\raw\brri_rice_disease_pest\Leaf Scald\LS_143.jpg,brri_rice_disease_pest,Leaf Scald,scald,,val,False
data\raw\brri_rice_disease_pest\Leaf Scald\LS_144.jpg,brri_rice_disease_pest,Leaf Scald,scald,,test,False
data\raw\brri_rice_disease_pest\Leaf Scald\LS_145.jpg,brri_rice_disease_pest,Leaf Scald,scald,,train,False
data\raw\brri_rice_disease_pest\Leaf Scald\LS_146.jpg,brri_rice_disease_pest,Leaf Scald,scald,,test,False
data\raw\brri_rice_disease_pest\Leaf Scald\LS_147.jpg,brri_rice_disease_pest,Leaf Scald,scald,,val,False
data\raw\brri_rice_disease_pest\Leaf Scald\LS_148.jpg,brri_rice_disease_pest,Leaf Scald,scald,,test,False
data\raw\brri_rice_disease_pest\Leaf Scald\LS_149.jpg,brri_rice_disease_pest,Leaf Scald,scald,,train,False
data\raw\brri_rice_disease_pest\Leaf Scald\LS_15.jpg,brri_rice_disease_pest,Leaf Scald,scald,,train,False
data\raw\brri_rice_disease_pest\Leaf Scald\LS_150.jpg,brri_rice_disease_pest,Leaf Scald,scald,,train,False
data\raw\brri_rice_disease_pest\Leaf Scald\LS_151.jpg,brri_rice_disease_pest,Leaf Scald,scald,,test,False
data\raw\brri_rice_disease_pest\Leaf Scald\LS_152.jpg,brri_rice_disease_pest,Leaf Scald,scald,,train,False
data\raw\brri_rice_disease_pest\Leaf Scald\LS_153.jpg,brri_rice_disease_pest,Leaf Scald,scald,,train,False
data\raw\brri_rice_disease_pest\Leaf Scald\LS_154.jpg,brri_rice_disease_pest,Leaf Scald,scald,,val,False
data\raw\brri_rice_disease_pest\Leaf Scald\LS_155.jpg,brri_rice_disease_pest,Leaf Scald,scald,,val,False
data\raw\brri_rice_disease_pest\Leaf Scald\LS_156.jpg,brri_rice_disease_pest,Leaf Scald,scald,,train,False
data\raw\brri_rice_disease_pest\Leaf Scald\LS_157.jpg,brri_rice_disease_pest,Leaf Scald,scald,,val,False
data\raw\brri_rice_disease_pest\Leaf Scald\LS_158.jpg,brri_rice_disease_pest,Leaf Scald,scald,,train,False
data\raw\brri_rice_disease_pest\Leaf Scald\LS_159.jpg,brri_rice_disease_pest,Leaf Scald,scald,,train,False
data\raw\brri_rice_disease_pest\Leaf Scald\LS_16.jpg,brri_rice_disease_pest,Leaf Scald,scald,,train,False
data\raw\brri_rice_disease_pest\Leaf Scald\LS_160.jpg,brri_rice_disease_pest,Leaf Scald,scald,,train,False
data\raw\brri_rice_disease_pest\Leaf Scald\LS_161.jpg,brri_rice_disease_pest,Leaf Scald,scald,,train,False
data\raw\brri_rice_disease_pest\Leaf Scald\LS_162.jpg,brri_rice_disease_pest,Leaf Scald,scald,,train,False
data\raw\brri_rice_disease_pest\Leaf Scald\LS_163.jpg,brri_rice_disease_pest,Leaf Scald,scald,,test,False
data\raw\brri_rice_disease_pest\Leaf Scald\LS_164.jpg,brri_rice_disease_pest,Leaf Scald,scald,,train,False
data\raw\brri_rice_disease_pest\Leaf Scald\LS_165.jpg,brri_rice_disease_pest,Leaf Scald,scald,,train,False
data\raw\brri_rice_disease_pest\Leaf Scald\LS_166.jpg,brri_rice_disease_pest,Leaf Scald,scald,,train,False
data\raw\brri_rice_disease_pest\Leaf Scald\LS_167.jpg,brri_rice_disease_pest,Leaf Scald,scald,,train,False
data\raw\brri_rice_disease_pest\Leaf Scald\LS_168.jpg,brri_rice_disease_pest,Leaf Scald,scald,,train,False
data\raw\brri_rice_disease_pest\Leaf Scald\LS_169.jpg,brri_rice_disease_pest,Leaf Scald,scald,,train,False
data\raw\brri_rice_disease_pest\Leaf Scald\LS_17.jpg,brri_rice_disease_pest,Leaf Scald,scald,,train,False
data\raw\brri_rice_disease_pest\Leaf Scald\LS_170.jpg,brri_rice_disease_pest,Leaf Scald,scald,,train,False
data\raw\brri_rice_disease_pest\Leaf Scald\LS_171.jpg,brri_rice_disease_pest,Leaf Scald,scald,,test,False
data\raw\brri_rice_disease_pest\Leaf Scald\LS_172.jpg,brri_rice_disease_pest,Leaf Scald,scald,,train,False
data\raw\brri_rice_disease_pest\Leaf Scald\LS_173.jpg,brri_rice_disease_pest,Leaf Scald,scald,,train,False
data\raw\brri_rice_disease_pest\Leaf Scald\LS_174.jpg,brri_rice_disease_pest,Leaf Scald,scald,,train,False
data\raw\brri_rice_disease_pest\Leaf Scald\LS_175.jpg,brri_rice_disease_pest,Leaf Scald,scald,,train,False
data\raw\brri_rice_disease_pest\Leaf Scald\LS_176.jpg,brri_rice_disease_pest,Leaf Scald,scald,,train,False
data\raw\brri_rice_disease_pest\Leaf Scald\LS_177.jpg,brri_rice_disease_pest,Leaf Scald,scald,,train,False
data\raw\brri_rice_disease_pest\Leaf Scald\LS_178.jpg,brri_rice_disease_pest,Leaf Scald,scald,,test,False
data\raw\brri_rice_disease_pest\Leaf Scald\LS_179.jpg,brri_rice_disease_pest,Leaf Scald,scald,,test,False
data\raw\brri_rice_disease_pest\Leaf Scald\LS_18.jpg,brri_rice_disease_pest,Leaf Scald,scald,,train,False
data\raw\brri_rice_disease_pest\Leaf Scald\LS_180.jpg,brri_rice_disease_pest,Leaf Scald,scald,,train,False
data\raw\brri_rice_disease_pest\Leaf Scald\LS_181.jpg,brri_rice_disease_pest,Leaf Scald,scald,,test,False
data\raw\brri_rice_disease_pest\Leaf Scald\LS_182.jpg,brri_rice_disease_pest,Leaf Scald,scald,,train,False
data\raw\brri_rice_disease_pest\Leaf Scald\LS_183.jpg,brri_rice_disease_pest,Leaf Scald,scald,,train,False
data\raw\brri_rice_disease_pest\Leaf Scald\LS_184.jpg,brri_rice_disease_pest,Leaf Scald,scald,,train,False
data\raw\brri_rice_disease_pest\Leaf Scald\LS_185.jpg,brri_rice_disease_pest,Leaf Scald,scald,,train,False
data\raw\brri_rice_disease_pest\Leaf Scald\LS_186.jpg,brri_rice_disease_pest,Leaf Scald,scald,,train,False
data\raw\brri_rice_disease_pest\Leaf Scald\LS_187.jpg,brri_rice_disease_pest,Leaf Scald,scald,,train,False
data\raw\brri_rice_disease_pest\Leaf Scald\LS_188.jpg,brri_rice_disease_pest,Leaf Scald,scald,,val,False
data\raw\brri_rice_disease_pest\Leaf Scald\LS_189.jpg,brri_rice_disease_pest,Leaf Scald,scald,,test,False
data\raw\brri_rice_disease_pest\Leaf Scald\LS_19.jpg,brri_rice_disease_pest,Leaf Scald,scald,,val,False
data\raw\brri_rice_disease_pest\Leaf Scald\LS_190.jpg,brri_rice_disease_pest,Leaf Scald,scald,,train,False
data\raw\brri_rice_disease_pest\Leaf Scald\LS_191.jpg,brri_rice_disease_pest,Leaf Scald,scald,,test,False
data\raw\brri_rice_disease_pest\Leaf Scald\LS_192.jpg,brri_rice_disease_pest,Leaf Scald,scald,,train,False
data\raw\brri_rice_disease_pest\Leaf Scald\LS_193.jpg,brri_rice_disease_pest,Leaf Scald,scald,,train,False
data\raw\brri_rice_disease_pest\Leaf Scald\LS_194.jpg,brri_rice_disease_pest,Leaf Scald,scald,,val,False
data\raw\brri_rice_disease_pest\Leaf Scald\LS_195.jpg,brri_rice_disease_pest,Leaf Scald,scald,,test,False
data\raw\brri_rice_disease_pest\Leaf Scald\LS_196.jpg,brri_rice_disease_pest,Leaf Scald,scald,,train,False
data\raw\brri_rice_disease_pest\Leaf Scald\LS_197.jpg,brri_rice_disease_pest,Leaf Scald,scald,,train,False
data\raw\brri_rice_disease_pest\Leaf Scald\LS_198.jpg,brri_rice_disease_pest,Leaf Scald,scald,,train,False
data\raw\brri_rice_disease_pest\Leaf Scald\LS_199.jpg,brri_rice_disease_pest,Leaf Scald,scald,,train,False
data\raw\brri_rice_disease_pest\Leaf Scald\LS_2.jpg,brri_rice_disease_pest,Leaf Scald,scald,,train,False
data\raw\brri_rice_disease_pest\Leaf Scald\LS_20.jpg,brri_rice_disease_pest,Leaf Scald,scald,,train,False
data\raw\brri_rice_disease_pest\Leaf Scald\LS_200.jpg,brri_rice_disease_pest,Leaf Scald,scald,,train,False
data\raw\brri_rice_disease_pest\Leaf Scald\LS_201.jpg,brri_rice_disease_pest,Leaf Scald,scald,,train,False
data\raw\brri_rice_disease_pest\Leaf Scald\LS_202.jpg,brri_rice_disease_pest,Leaf Scald,scald,,train,False
data\raw\brri_rice_disease_pest\Leaf Scald\LS_203.jpg,brri_rice_disease_pest,Leaf Scald,scald,,train,False
data\raw\brri_rice_disease_pest\Leaf Scald\LS_204.jpg,brri_rice_disease_pest,Leaf Scald,scald,,train,False
data\raw\brri_rice_disease_pest\Leaf Scald\LS_205.jpg,brri_rice_disease_pest,Leaf Scald,scald,,train,False
data\raw\brri_rice_disease_pest\Leaf Scald\LS_206.jpg,brri_rice_disease_pest,Leaf Scald,scald,,train,False
data\raw\brri_rice_disease_pest\Leaf Scald\LS_207.jpg,brri_rice_disease_pest,Leaf Scald,scald,,train,False
data\raw\brri_rice_disease_pest\Leaf Scald\LS_208.jpg,brri_rice_disease_pest,Leaf Scald,scald,,test,False
data\raw\brri_rice_disease_pest\Leaf Scald\LS_209.jpg,brri_rice_disease_pest,Leaf Scald,scald,,train,False
data\raw\brri_rice_disease_pest\Leaf Scald\LS_21.jpg,brri_rice_disease_pest,Leaf Scald,scald,,train,False
data\raw\brri_rice_disease_pest\Leaf Scald\LS_210.jpg,brri_rice_disease_pest,Leaf Scald,scald,,train,False
data\raw\brri_rice_disease_pest\Leaf Scald\LS_211.jpg,brri_rice_disease_pest,Leaf Scald,scald,,train,False
data\raw\brri_rice_disease_pest\Leaf Scald\LS_212.jpg,brri_rice_disease_pest,Leaf Scald,scald,,train,False
data\raw\brri_rice_disease_pest\Leaf Scald\LS_213.jpg,brri_rice_disease_pest,Leaf Scald,scald,,train,False
data\raw\brri_rice_disease_pest\Leaf Scald\LS_214.jpg,brri_rice_disease_pest,Leaf Scald,scald,,val,False
data\raw\brri_rice_disease_pest\Leaf Scald\LS_215.jpg,brri_rice_disease_pest,Leaf Scald,scald,,train,False
data\raw\brri_rice_disease_pest\Leaf Scald\LS_216.jpg,brri_rice_disease_pest,Leaf Scald,scald,,test,False
data\raw\brri_rice_disease_pest\Leaf Scald\LS_217.jpg,brri_rice_disease_pest,Leaf Scald,scald,,train,False
data\raw\brri_rice_disease_pest\Leaf Scald\LS_218.jpg,brri_rice_disease_pest,Leaf Scald,scald,,train,False
data\raw\brri_rice_disease_pest\Leaf Scald\LS_219.jpg,brri_rice_disease_pest,Leaf Scald,scald,,train,False
data\raw\brri_rice_disease_pest\Leaf Scald\LS_22.jpg,brri_rice_disease_pest,Leaf Scald,scald,,test,False
data\raw\brri_rice_disease_pest\Leaf Scald\LS_220.jpg,brri_rice_disease_pest,Leaf Scald,scald,,val,False
data\raw\brri_rice_disease_pest\Leaf Scald\LS_221.jpg,brri_rice_disease_pest,Leaf Scald,scald,,train,False
data\raw\brri_rice_disease_pest\Leaf Scald\LS_222.jpg,brri_rice_disease_pest,Leaf Scald,scald,,train,False
data\raw\brri_rice_disease_pest\Leaf Scald\LS_223.jpg,brri_rice_disease_pest,Leaf Scald,scald,,val,False
data\raw\brri_rice_disease_pest\Leaf Scald\LS_224.jpg,brri_rice_disease_pest,Leaf Scald,scald,,train,False
data\raw\brri_rice_disease_pest\Leaf Scald\LS_225.jpg,brri_rice_disease_pest,Leaf Scald,scald,,train,False
data\raw\brri_rice_disease_pest\Leaf Scald\LS_226.jpg,brri_rice_disease_pest,Leaf Scald,scald,,train,False
data\raw\brri_rice_disease_pest\Leaf Scald\LS_227.jpg,brri_rice_disease_pest,Leaf Scald,scald,,train,False
data\raw\brri_rice_disease_pest\Leaf Scald\LS_228.jpg,brri_rice_disease_pest,Leaf Scald,scald,,train,False
data\raw\brri_rice_disease_pest\Leaf Scald\LS_229.jpg,brri_rice_disease_pest,Leaf Scald,scald,,train,False
data\raw\brri_rice_disease_pest\Leaf Scald\LS_23.jpg,brri_rice_disease_pest,Leaf Scald,scald,,train,False
data\raw\brri_rice_disease_pest\Leaf Scald\LS_230.jpg,brri_rice_disease_pest,Leaf Scald,scald,,train,False
data\raw\brri_rice_disease_pest\Leaf Scald\LS_231.jpg,brri_rice_disease_pest,Leaf Scald,scald,,train,False
data\raw\brri_rice_disease_pest\Leaf Scald\LS_232.jpg,brri_rice_disease_pest,Leaf Scald,scald,,train,False
data\raw\brri_rice_disease_pest\Leaf Scald\LS_233.jpg,brri_rice_disease_pest,Leaf Scald,scald,,test,False
data\raw\brri_rice_disease_pest\Leaf Scald\LS_234.jpg,brri_rice_disease_pest,Leaf Scald,scald,,train,False
data\raw\brri_rice_disease_pest\Leaf Scald\LS_235.jpg,brri_rice_disease_pest,Leaf Scald,scald,,test,False
data\raw\brri_rice_disease_pest\Leaf Scald\LS_236.jpg,brri_rice_disease_pest,Leaf Scald,scald,,train,False
data\raw\brri_rice_disease_pest\Leaf Scald\LS_237.jpg,brri_rice_disease_pest,Leaf Scald,scald,,train,False
data\raw\brri_rice_disease_pest\Leaf Scald\LS_238.jpg,brri_rice_disease_pest,Leaf Scald,scald,,train,False
data\raw\brri_rice_disease_pest\Leaf Scald\LS_239.jpg,brri_rice_disease_pest,Leaf Scald,scald,,train,False
data\raw\brri_rice_disease_pest\Leaf Scald\LS_24.jpg,brri_rice_disease_pest,Leaf Scald,scald,,val,False
data\raw\brri_rice_disease_pest\Leaf Scald\LS_240.jpg,brri_rice_disease_pest,Leaf Scald,scald,,train,False
data\raw\brri_rice_disease_pest\Leaf Scald\LS_241.jpg,brri_rice_disease_pest,Leaf Scald,scald,,train,False
data\raw\brri_rice_disease_pest\Leaf Scald\LS_242.jpg,brri_rice_disease_pest,Leaf Scald,scald,,train,False
data\raw\brri_rice_disease_pest\Leaf Scald\LS_243.jpg,brri_rice_disease_pest,Leaf Scald,scald,,test,False
data\raw\brri_rice_disease_pest\Leaf Scald\LS_244.jpg,brri_rice_disease_pest,Leaf Scald,scald,,val,False
data\raw\brri_rice_disease_pest\Leaf Scald\LS_245.jpg,brri_rice_disease_pest,Leaf Scald,scald,,val,False
data\raw\brri_rice_disease_pest\Leaf Scald\LS_246.jpg,brri_rice_disease_pest,Leaf Scald,scald,,train,False
data\raw\brri_rice_disease_pest\Leaf Scald\LS_247.jpg,brri_rice_disease_pest,Leaf Scald,scald,,train,False
data\raw\brri_rice_disease_pest\Leaf Scald\LS_248.jpg,brri_rice_disease_pest,Leaf Scald,scald,,train,False
data\raw\brri_rice_disease_pest\Leaf Scald\LS_249.jpg,brri_rice_disease_pest,Leaf Scald,scald,,test,False
data\raw\brri_rice_disease_pest\Leaf Scald\LS_25.jpg,brri_rice_disease_pest,Leaf Scald,scald,,train,False
data\raw\brri_rice_disease_pest\Leaf Scald\LS_250.jpg,brri_rice_disease_pest,Leaf Scald,scald,,train,False
data\raw\brri_rice_disease_pest\Leaf Scald\LS_251.jpg,brri_rice_disease_pest,Leaf Scald,scald,,test,False
data\raw\brri_rice_disease_pest\Leaf Scald\LS_252.jpg,brri_rice_disease_pest,Leaf Scald,scald,,train,False
data\raw\brri_rice_disease_pest\Leaf Scald\LS_253.jpg,brri_rice_disease_pest,Leaf Scald,scald,,val,False
data\raw\brri_rice_disease_pest\Leaf Scald\LS_254.jpg,brri_rice_disease_pest,Leaf Scald,scald,,train,False
data\raw\brri_rice_disease_pest\Leaf Scald\LS_255.jpg,brri_rice_disease_pest,Leaf Scald,scald,,train,False
data\raw\brri_rice_disease_pest\Leaf Scald\LS_256.jpg,brri_rice_disease_pest,Leaf Scald,scald,,test,False
data\raw\brri_rice_disease_pest\Leaf Scald\LS_257.jpg,brri_rice_disease_pest,Leaf Scald,scald,,train,False
data\raw\brri_rice_disease_pest\Leaf Scald\LS_258.jpg,brri_rice_disease_pest,Leaf Scald,scald,,train,False
data\raw\brri_rice_disease_pest\Leaf Scald\LS_259.jpg,brri_rice_disease_pest,Leaf Scald,scald,,train,False
data\raw\brri_rice_disease_pest\Leaf Scald\LS_26.jpg,brri_rice_disease_pest,Leaf Scald,scald,,train,False
data\raw\brri_rice_disease_pest\Leaf Scald\LS_260.jpg,brri_rice_disease_pest,Leaf Scald,scald,,train,False
data\raw\brri_rice_disease_pest\Leaf Scald\LS_261.jpg,brri_rice_disease_pest,Leaf Scald,scald,,train,False
data\raw\brri_rice_disease_pest\Leaf Scald\LS_262.jpg,brri_rice_disease_pest,Leaf Scald,scald,,train,False
data\raw\brri_rice_disease_pest\Leaf Scald\LS_263.jpg,brri_rice_disease_pest,Leaf Scald,scald,,train,False
data\raw\brri_rice_disease_pest\Leaf Scald\LS_264.jpg,brri_rice_disease_pest,Leaf Scald,scald,,train,False
data\raw\brri_rice_disease_pest\Leaf Scald\LS_265.jpg,brri_rice_disease_pest,Leaf Scald,scald,,train,False
data\raw\brri_rice_disease_pest\Leaf Scald\LS_266.jpg,brri_rice_disease_pest,Leaf Scald,scald,,train,False
data\raw\brri_rice_disease_pest\Leaf Scald\LS_267.jpg,brri_rice_disease_pest,Leaf Scald,scald,,train,False
data\raw\brri_rice_disease_pest\Leaf Scald\LS_268.jpg,brri_rice_disease_pest,Leaf Scald,scald,,test,False
data\raw\brri_rice_disease_pest\Leaf Scald\LS_269.jpg,brri_rice_disease_pest,Leaf Scald,scald,,test,False
data\raw\brri_rice_disease_pest\Leaf Scald\LS_27.jpg,brri_rice_disease_pest,Leaf Scald,scald,,test,False
data\raw\brri_rice_disease_pest\Leaf Scald\LS_270.jpg,brri_rice_disease_pest,Leaf Scald,scald,,val,False
data\raw\brri_rice_disease_pest\Leaf Scald\LS_271.jpg,brri_rice_disease_pest,Leaf Scald,scald,,test,False
data\raw\brri_rice_disease_pest\Leaf Scald\LS_272.jpg,brri_rice_disease_pest,Leaf Scald,scald,,train,False
data\raw\brri_rice_disease_pest\Leaf Scald\LS_273.jpg,brri_rice_disease_pest,Leaf Scald,scald,,train,False
data\raw\brri_rice_disease_pest\Leaf Scald\LS_274.jpg,brri_rice_disease_pest,Leaf Scald,scald,,train,False
data\raw\brri_rice_disease_pest\Leaf Scald\LS_275.jpg,brri_rice_disease_pest,Leaf Scald,scald,,train,False
data\raw\brri_rice_disease_pest\Leaf Scald\LS_276.jpg,brri_rice_disease_pest,Leaf Scald,scald,,train,False
data\raw\brri_rice_disease_pest\Leaf Scald\LS_277.jpg,brri_rice_disease_pest,Leaf Scald,scald,,train,False
data\raw\brri_rice_disease_pest\Leaf Scald\LS_278.jpg,brri_rice_disease_pest,Leaf Scald,scald,,train,False
data\raw\brri_rice_disease_pest\Leaf Scald\LS_279.jpg,brri_rice_disease_pest,Leaf Scald,scald,,train,False
data\raw\brri_rice_disease_pest\Leaf Scald\LS_28.jpg,brri_rice_disease_pest,Leaf Scald,scald,,val,False
data\raw\brri_rice_disease_pest\Leaf Scald\LS_280.jpg,brri_rice_disease_pest,Leaf Scald,scald,,val,False
data\raw\brri_rice_disease_pest\Leaf Scald\LS_281.jpg,brri_rice_disease_pest,Leaf Scald,scald,,train,False
data\raw\brri_rice_disease_pest\Leaf Scald\LS_282.jpg,brri_rice_disease_pest,Leaf Scald,scald,,train,False
data\raw\brri_rice_disease_pest\Leaf Scald\LS_283.jpg,brri_rice_disease_pest,Leaf Scald,scald,,train,False
data\raw\brri_rice_disease_pest\Leaf Scald\LS_284.jpg,brri_rice_disease_pest,Leaf Scald,scald,,test,False
data\raw\brri_rice_disease_pest\Leaf Scald\LS_285.jpg,brri_rice_disease_pest,Leaf Scald,scald,,train,False
data\raw\brri_rice_disease_pest\Leaf Scald\LS_286.jpg,brri_rice_disease_pest,Leaf Scald,scald,,val,False
data\raw\brri_rice_disease_pest\Leaf Scald\LS_287.jpg,brri_rice_disease_pest,Leaf Scald,scald,,train,False
data\raw\brri_rice_disease_pest\Leaf Scald\LS_288.jpg,brri_rice_disease_pest,Leaf Scald,scald,,train,False
data\raw\brri_rice_disease_pest\Leaf Scald\LS_289.jpg,brri_rice_disease_pest,Leaf Scald,scald,,train,False
data\raw\brri_rice_disease_pest\Leaf Scald\LS_29.jpg,brri_rice_disease_pest,Leaf Scald,scald,,train,False
data\raw\brri_rice_disease_pest\Leaf Scald\LS_290.jpg,brri_rice_disease_pest,Leaf Scald,scald,,val,False
data\raw\brri_rice_disease_pest\Leaf Scald\LS_291.jpg,brri_rice_disease_pest,Leaf Scald,scald,,val,False
data\raw\brri_rice_disease_pest\Leaf Scald\LS_292.jpg,brri_rice_disease_pest,Leaf Scald,scald,,test,False
data\raw\brri_rice_disease_pest\Leaf Scald\LS_293.jpg,brri_rice_disease_pest,Leaf Scald,scald,,val,False
data\raw\brri_rice_disease_pest\Leaf Scald\LS_294.jpg,brri_rice_disease_pest,Leaf Scald,scald,,val,False
data\raw\brri_rice_disease_pest\Leaf Scald\LS_295.jpg,brri_rice_disease_pest,Leaf Scald,scald,,val,False
data\raw\brri_rice_disease_pest\Leaf Scald\LS_296.jpg,brri_rice_disease_pest,Leaf Scald,scald,,train,False
data\raw\brri_rice_disease_pest\Leaf Scald\LS_297.jpg,brri_rice_disease_pest,Leaf Scald,scald,,train,False
data\raw\brri_rice_disease_pest\Leaf Scald\LS_298.jpg,brri_rice_disease_pest,Leaf Scald,scald,,train,False
data\raw\brri_rice_disease_pest\Leaf Scald\LS_299.jpg,brri_rice_disease_pest,Leaf Scald,scald,,train,False
data\raw\brri_rice_disease_pest\Leaf Scald\LS_3.jpg,brri_rice_disease_pest,Leaf Scald,scald,,train,False
data\raw\brri_rice_disease_pest\Leaf Scald\LS_30.jpg,brri_rice_disease_pest,Leaf Scald,scald,,train,False
data\raw\brri_rice_disease_pest\Leaf Scald\LS_300.jpg,brri_rice_disease_pest,Leaf Scald,scald,,train,False
data\raw\brri_rice_disease_pest\Leaf Scald\LS_301.jpg,brri_rice_disease_pest,Leaf Scald,scald,,train,False
data\raw\brri_rice_disease_pest\Leaf Scald\LS_302.jpg,brri_rice_disease_pest,Leaf Scald,scald,,val,False
data\raw\brri_rice_disease_pest\Leaf Scald\LS_303.jpg,brri_rice_disease_pest,Leaf Scald,scald,,train,False
data\raw\brri_rice_disease_pest\Leaf Scald\LS_304.jpg,brri_rice_disease_pest,Leaf Scald,scald,,train,False
data\raw\brri_rice_disease_pest\Leaf Scald\LS_305.jpg,brri_rice_disease_pest,Leaf Scald,scald,,train,False
data\raw\brri_rice_disease_pest\Leaf Scald\LS_306.jpg,brri_rice_disease_pest,Leaf Scald,scald,,val,False
data\raw\brri_rice_disease_pest\Leaf Scald\LS_307.jpg,brri_rice_disease_pest,Leaf Scald,scald,,train,False
data\raw\brri_rice_disease_pest\Leaf Scald\LS_308.jpg,brri_rice_disease_pest,Leaf Scald,scald,,train,False
data\raw\brri_rice_disease_pest\Leaf Scald\LS_309.jpg,brri_rice_disease_pest,Leaf Scald,scald,,train,False
data\raw\brri_rice_disease_pest\Leaf Scald\LS_31.jpg,brri_rice_disease_pest,Leaf Scald,scald,,train,False
data\raw\brri_rice_disease_pest\Leaf Scald\LS_310.jpg,brri_rice_disease_pest,Leaf Scald,scald,,test,False
data\raw\brri_rice_disease_pest\Leaf Scald\LS_311.jpg,brri_rice_disease_pest,Leaf Scald,scald,,val,False
data\raw\brri_rice_disease_pest\Leaf Scald\LS_312.jpg,brri_rice_disease_pest,Leaf Scald,scald,,train,False
data\raw\brri_rice_disease_pest\Leaf Scald\LS_313.jpg,brri_rice_disease_pest,Leaf Scald,scald,,train,False
data\raw\brri_rice_disease_pest\Leaf Scald\LS_314.jpg,brri_rice_disease_pest,Leaf Scald,scald,,train,False
data\raw\brri_rice_disease_pest\Leaf Scald\LS_315.jpg,brri_rice_disease_pest,Leaf Scald,scald,,train,False
data\raw\brri_rice_disease_pest\Leaf Scald\LS_316.jpg,brri_rice_disease_pest,Leaf Scald,scald,,test,False
data\raw\brri_rice_disease_pest\Leaf Scald\LS_317.jpg,brri_rice_disease_pest,Leaf Scald,scald,,train,False
data\raw\brri_rice_disease_pest\Leaf Scald\LS_318.jpg,brri_rice_disease_pest,Leaf Scald,scald,,test,False
data\raw\brri_rice_disease_pest\Leaf Scald\LS_319.jpg,brri_rice_disease_pest,Leaf Scald,scald,,train,False
data\raw\brri_rice_disease_pest\Leaf Scald\LS_32.jpg,brri_rice_disease_pest,Leaf Scald,scald,,train,False
data\raw\brri_rice_disease_pest\Leaf Scald\LS_320.jpg,brri_rice_disease_pest,Leaf Scald,scald,,train,False
data\raw\brri_rice_disease_pest\Leaf Scald\LS_321.jpg,brri_rice_disease_pest,Leaf Scald,scald,,train,False
data\raw\brri_rice_disease_pest\Leaf Scald\LS_322.jpg,brri_rice_disease_pest,Leaf Scald,scald,,train,False
data\raw\brri_rice_disease_pest\Leaf Scald\LS_323.jpg,brri_rice_disease_pest,Leaf Scald,scald,,train,False
data\raw\brri_rice_disease_pest\Leaf Scald\LS_324.jpg,brri_rice_disease_pest,Leaf Scald,scald,,train,False
data\raw\brri_rice_disease_pest\Leaf Scald\LS_325.jpg,brri_rice_disease_pest,Leaf Scald,scald,,val,False
data\raw\brri_rice_disease_pest\Leaf Scald\LS_326.jpg,brri_rice_disease_pest,Leaf Scald,scald,,test,False
data\raw\brri_rice_disease_pest\Leaf Scald\LS_327.jpg,brri_rice_disease_pest,Leaf Scald,scald,,train,False
data\raw\brri_rice_disease_pest\Leaf Scald\LS_328.jpg,brri_rice_disease_pest,Leaf Scald,scald,,val,False
data\raw\brri_rice_disease_pest\Leaf Scald\LS_329.jpg,brri_rice_disease_pest,Leaf Scald,scald,,train,False
data\raw\brri_rice_disease_pest\Leaf Scald\LS_33.jpg,brri_rice_disease_pest,Leaf Scald,scald,,val,False
data\raw\brri_rice_disease_pest\Leaf Scald\LS_330.jpg,brri_rice_disease_pest,Leaf Scald,scald,,test,False
data\raw\brri_rice_disease_pest\Leaf Scald\LS_331.jpg,brri_rice_disease_pest,Leaf Scald,scald,,train,False
data\raw\brri_rice_disease_pest\Leaf Scald\LS_332.jpg,brri_rice_disease_pest,Leaf Scald,scald,,val,False
data\raw\brri_rice_disease_pest\Leaf Scald\LS_333.jpg,brri_rice_disease_pest,Leaf Scald,scald,,val,False
data\raw\brri_rice_disease_pest\Leaf Scald\LS_334.jpg,brri_rice_disease_pest,Leaf Scald,scald,,train,False
data\raw\brri_rice_disease_pest\Leaf Scald\LS_335.jpg,brri_rice_disease_pest,Leaf Scald,scald,,train,False
data\raw\brri_rice_disease_pest\Leaf Scald\LS_336.jpg,brri_rice_disease_pest,Leaf Scald,scald,,test,False
data\raw\brri_rice_disease_pest\Leaf Scald\LS_337.jpg,brri_rice_disease_pest,Leaf Scald,scald,,test,False
data\raw\brri_rice_disease_pest\Leaf Scald\LS_338.jpg,brri_rice_disease_pest,Leaf Scald,scald,,train,False
data\raw\brri_rice_disease_pest\Leaf Scald\LS_339.jpg,brri_rice_disease_pest,Leaf Scald,scald,,train,False
data\raw\brri_rice_disease_pest\Leaf Scald\LS_34.jpg,brri_rice_disease_pest,Leaf Scald,scald,,val,False
data\raw\brri_rice_disease_pest\Leaf Scald\LS_340.jpg,brri_rice_disease_pest,Leaf Scald,scald,,train,False
data\raw\brri_rice_disease_pest\Leaf Scald\LS_341.jpg,brri_rice_disease_pest,Leaf Scald,scald,,val,False
data\raw\brri_rice_disease_pest\Leaf Scald\LS_342.jpg,brri_rice_disease_pest,Leaf Scald,scald,,test,False
data\raw\brri_rice_disease_pest\Leaf Scald\LS_343.jpg,brri_rice_disease_pest,Leaf Scald,scald,,train,False
data\raw\brri_rice_disease_pest\Leaf Scald\LS_344.jpg,brri_rice_disease_pest,Leaf Scald,scald,,train,False
data\raw\brri_rice_disease_pest\Leaf Scald\LS_345.jpg,brri_rice_disease_pest,Leaf Scald,scald,,test,False
data\raw\brri_rice_disease_pest\Leaf Scald\LS_346.jpg,brri_rice_disease_pest,Leaf Scald,scald,,train,False
data\raw\brri_rice_disease_pest\Leaf Scald\LS_347.jpg,brri_rice_disease_pest,Leaf Scald,scald,,train,False
data\raw\brri_rice_disease_pest\Leaf Scald\LS_348.jpg,brri_rice_disease_pest,Leaf Scald,scald,,test,False
data\raw\brri_rice_disease_pest\Leaf Scald\LS_349.jpg,brri_rice_disease_pest,Leaf Scald,scald,,train,False
data\raw\brri_rice_disease_pest\Leaf Scald\LS_35.jpg,brri_rice_disease_pest,Leaf Scald,scald,,train,False
data\raw\brri_rice_disease_pest\Leaf Scald\LS_350.jpg,brri_rice_disease_pest,Leaf Scald,scald,,val,False
data\raw\brri_rice_disease_pest\Leaf Scald\LS_351.jpg,brri_rice_disease_pest,Leaf Scald,scald,,train,False
data\raw\brri_rice_disease_pest\Leaf Scald\LS_352.jpg,brri_rice_disease_pest,Leaf Scald,scald,,train,False
data\raw\brri_rice_disease_pest\Leaf Scald\LS_353.jpg,brri_rice_disease_pest,Leaf Scald,scald,,train,False
data\raw\brri_rice_disease_pest\Leaf Scald\LS_354.jpg,brri_rice_disease_pest,Leaf Scald,scald,,train,False
data\raw\brri_rice_disease_pest\Leaf Scald\LS_355.jpg,brri_rice_disease_pest,Leaf Scald,scald,,train,False
data\raw\brri_rice_disease_pest\Leaf Scald\LS_356.jpg,brri_rice_disease_pest,Leaf Scald,scald,,train,False
data\raw\brri_rice_disease_pest\Leaf Scald\LS_357.jpg,brri_rice_disease_pest,Leaf Scald,scald,,train,False
data\raw\brri_rice_disease_pest\Leaf Scald\LS_358.jpg,brri_rice_disease_pest,Leaf Scald,scald,,train,False
data\raw\brri_rice_disease_pest\Leaf Scald\LS_359.jpg,brri_rice_disease_pest,Leaf Scald,scald,,val,False
data\raw\brri_rice_disease_pest\Leaf Scald\LS_36.jpg,brri_rice_disease_pest,Leaf Scald,scald,,train,False
data\raw\brri_rice_disease_pest\Leaf Scald\LS_360.jpg,brri_rice_disease_pest,Leaf Scald,scald,,train,False
data\raw\brri_rice_disease_pest\Leaf Scald\LS_361.jpg,brri_rice_disease_pest,Leaf Scald,scald,,train,False
data\raw\brri_rice_disease_pest\Leaf Scald\LS_362.jpg,brri_rice_disease_pest,Leaf Scald,scald,,val,False
data\raw\brri_rice_disease_pest\Leaf Scald\LS_363.jpg,brri_rice_disease_pest,Leaf Scald,scald,,test,False
data\raw\brri_rice_disease_pest\Leaf Scald\LS_364.jpg,brri_rice_disease_pest,Leaf Scald,scald,,train,False
data\raw\brri_rice_disease_pest\Leaf Scald\LS_365.jpg,brri_rice_disease_pest,Leaf Scald,scald,,val,False
data\raw\brri_rice_disease_pest\Leaf Scald\LS_366.jpg,brri_rice_disease_pest,Leaf Scald,scald,,train,False
data\raw\brri_rice_disease_pest\Leaf Scald\LS_367.jpg,brri_rice_disease_pest,Leaf Scald,scald,,train,False
data\raw\brri_rice_disease_pest\Leaf Scald\LS_368.jpg,brri_rice_disease_pest,Leaf Scald,scald,,train,False
data\raw\brri_rice_disease_pest\Leaf Scald\LS_369.jpg,brri_rice_disease_pest,Leaf Scald,scald,,train,False
data\raw\brri_rice_disease_pest\Leaf Scald\LS_37.jpg,brri_rice_disease_pest,Leaf Scald,scald,,val,False
data\raw\brri_rice_disease_pest\Leaf Scald\LS_370.jpg,brri_rice_disease_pest,Leaf Scald,scald,,train,False
data\raw\brri_rice_disease_pest\Leaf Scald\LS_371.jpg,brri_rice_disease_pest,Leaf Scald,scald,,train,False
data\raw\brri_rice_disease_pest\Leaf Scald\LS_372.jpg,brri_rice_disease_pest,Leaf Scald,scald,,val,False
data\raw\brri_rice_disease_pest\Leaf Scald\LS_373.jpg,brri_rice_disease_pest,Leaf Scald,scald,,train,False
data\raw\brri_rice_disease_pest\Leaf Scald\LS_374.jpg,brri_rice_disease_pest,Leaf Scald,scald,,train,False
data\raw\brri_rice_disease_pest\Leaf Scald\LS_375.jpg,brri_rice_disease_pest,Leaf Scald,scald,,test,False
data\raw\brri_rice_disease_pest\Leaf Scald\LS_376.jpg,brri_rice_disease_pest,Leaf Scald,scald,,train,False
data\raw\brri_rice_disease_pest\Leaf Scald\LS_377.jpg,brri_rice_disease_pest,Leaf Scald,scald,,test,False
data\raw\brri_rice_disease_pest\Leaf Scald\LS_378.jpg,brri_rice_disease_pest,Leaf Scald,scald,,val,False
data\raw\brri_rice_disease_pest\Leaf Scald\LS_379.jpg,brri_rice_disease_pest,Leaf Scald,scald,,train,False
data\raw\brri_rice_disease_pest\Leaf Scald\LS_38.jpg,brri_rice_disease_pest,Leaf Scald,scald,,train,False
data\raw\brri_rice_disease_pest\Leaf Scald\LS_380.jpg,brri_rice_disease_pest,Leaf Scald,scald,,train,False
data\raw\brri_rice_disease_pest\Leaf Scald\LS_381.jpg,brri_rice_disease_pest,Leaf Scald,scald,,test,False
data\raw\brri_rice_disease_pest\Leaf Scald\LS_382.jpg,brri_rice_disease_pest,Leaf Scald,scald,,train,False
data\raw\brri_rice_disease_pest\Leaf Scald\LS_383.jpg,brri_rice_disease_pest,Leaf Scald,scald,,test,False
data\raw\brri_rice_disease_pest\Leaf Scald\LS_384.jpg,brri_rice_disease_pest,Leaf Scald,scald,,train,False
data\raw\brri_rice_disease_pest\Leaf Scald\LS_385.jpg,brri_rice_disease_pest,Leaf Scald,scald,,train,False
data\raw\brri_rice_disease_pest\Leaf Scald\LS_386.jpg,brri_rice_disease_pest,Leaf Scald,scald,,train,False
data\raw\brri_rice_disease_pest\Leaf Scald\LS_387.jpg,brri_rice_disease_pest,Leaf Scald,scald,,test,False
data\raw\brri_rice_disease_pest\Leaf Scald\LS_388.jpg,brri_rice_disease_pest,Leaf Scald,scald,,train,False
data\raw\brri_rice_disease_pest\Leaf Scald\LS_389.jpg,brri_rice_disease_pest,Leaf Scald,scald,,train,False
data\raw\brri_rice_disease_pest\Leaf Scald\LS_39.jpg,brri_rice_disease_pest,Leaf Scald,scald,,train,False
data\raw\brri_rice_disease_pest\Leaf Scald\LS_390.jpg,brri_rice_disease_pest,Leaf Scald,scald,,train,False
data\raw\brri_rice_disease_pest\Leaf Scald\LS_391.jpg,brri_rice_disease_pest,Leaf Scald,scald,,train,False
data\raw\brri_rice_disease_pest\Leaf Scald\LS_392.jpg,brri_rice_disease_pest,Leaf Scald,scald,,train,False
data\raw\brri_rice_disease_pest\Leaf Scald\LS_393.jpg,brri_rice_disease_pest,Leaf Scald,scald,,val,False
data\raw\brri_rice_disease_pest\Leaf Scald\LS_394.jpg,brri_rice_disease_pest,Leaf Scald,scald,,train,False
data\raw\brri_rice_disease_pest\Leaf Scald\LS_395.jpg,brri_rice_disease_pest,Leaf Scald,scald,,test,False
data\raw\brri_rice_disease_pest\Leaf Scald\LS_396.jpg,brri_rice_disease_pest,Leaf Scald,scald,,train,False
data\raw\brri_rice_disease_pest\Leaf Scald\LS_397.jpg,brri_rice_disease_pest,Leaf Scald,scald,,test,False
data\raw\brri_rice_disease_pest\Leaf Scald\LS_398.jpg,brri_rice_disease_pest,Leaf Scald,scald,,val,False
data\raw\brri_rice_disease_pest\Leaf Scald\LS_399.jpg,brri_rice_disease_pest,Leaf Scald,scald,,train,False
data\raw\brri_rice_disease_pest\Leaf Scald\LS_4.jpg,brri_rice_disease_pest,Leaf Scald,scald,,train,False
data\raw\brri_rice_disease_pest\Leaf Scald\LS_40.jpg,brri_rice_disease_pest,Leaf Scald,scald,,train,False
data\raw\brri_rice_disease_pest\Leaf Scald\LS_400.jpg,brri_rice_disease_pest,Leaf Scald,scald,,train,False
data\raw\brri_rice_disease_pest\Leaf Scald\LS_401.jpg,brri_rice_disease_pest,Leaf Scald,scald,,train,False
data\raw\brri_rice_disease_pest\Leaf Scald\LS_402.jpg,brri_rice_disease_pest,Leaf Scald,scald,,train,False
data\raw\brri_rice_disease_pest\Leaf Scald\LS_403.jpg,brri_rice_disease_pest,Leaf Scald,scald,,train,False
data\raw\brri_rice_disease_pest\Leaf Scald\LS_404.jpg,brri_rice_disease_pest,Leaf Scald,scald,,test,False
data\raw\brri_rice_disease_pest\Leaf Scald\LS_405.jpg,brri_rice_disease_pest,Leaf Scald,scald,,train,False
data\raw\brri_rice_disease_pest\Leaf Scald\LS_406.jpg,brri_rice_disease_pest,Leaf Scald,scald,,train,False
data\raw\brri_rice_disease_pest\Leaf Scald\LS_407.jpg,brri_rice_disease_pest,Leaf Scald,scald,,val,False
data\raw\brri_rice_disease_pest\Leaf Scald\LS_408.jpg,brri_rice_disease_pest,Leaf Scald,scald,,test,False
data\raw\brri_rice_disease_pest\Leaf Scald\LS_409.jpg,brri_rice_disease_pest,Leaf Scald,scald,,test,False
data\raw\brri_rice_disease_pest\Leaf Scald\LS_41.jpg,brri_rice_disease_pest,Leaf Scald,scald,,test,False
data\raw\brri_rice_disease_pest\Leaf Scald\LS_410.jpg,brri_rice_disease_pest,Leaf Scald,scald,,train,False
data\raw\brri_rice_disease_pest\Leaf Scald\LS_411.jpg,brri_rice_disease_pest,Leaf Scald,scald,,train,False
data\raw\brri_rice_disease_pest\Leaf Scald\LS_412.jpg,brri_rice_disease_pest,Leaf Scald,scald,,test,False
data\raw\brri_rice_disease_pest\Leaf Scald\LS_413.jpg,brri_rice_disease_pest,Leaf Scald,scald,,train,False
data\raw\brri_rice_disease_pest\Leaf Scald\LS_414.jpg,brri_rice_disease_pest,Leaf Scald,scald,,val,False
data\raw\brri_rice_disease_pest\Leaf Scald\LS_415.jpg,brri_rice_disease_pest,Leaf Scald,scald,,train,False
data\raw\brri_rice_disease_pest\Leaf Scald\LS_416.jpg,brri_rice_disease_pest,Leaf Scald,scald,,train,False
data\raw\brri_rice_disease_pest\Leaf Scald\LS_417.jpg,brri_rice_disease_pest,Leaf Scald,scald,,train,False
data\raw\brri_rice_disease_pest\Leaf Scald\LS_418.jpg,brri_rice_disease_pest,Leaf Scald,scald,,train,False
data\raw\brri_rice_disease_pest\Leaf Scald\LS_419.jpg,brri_rice_disease_pest,Leaf Scald,scald,,train,False
data\raw\brri_rice_disease_pest\Leaf Scald\LS_42.jpg,brri_rice_disease_pest,Leaf Scald,scald,,train,False
data\raw\brri_rice_disease_pest\Leaf Scald\LS_420.jpg,brri_rice_disease_pest,Leaf Scald,scald,,train,False
data\raw\brri_rice_disease_pest\Leaf Scald\LS_421.jpg,brri_rice_disease_pest,Leaf Scald,scald,,val,False
data\raw\brri_rice_disease_pest\Leaf Scald\LS_43.jpg,brri_rice_disease_pest,Leaf Scald,scald,,test,False
data\raw\brri_rice_disease_pest\Leaf Scald\LS_44.jpg,brri_rice_disease_pest,Leaf Scald,scald,,val,False
data\raw\brri_rice_disease_pest\Leaf Scald\LS_45.jpg,brri_rice_disease_pest,Leaf Scald,scald,,train,False
data\raw\brri_rice_disease_pest\Leaf Scald\LS_46.jpg,brri_rice_disease_pest,Leaf Scald,scald,,train,False
data\raw\brri_rice_disease_pest\Leaf Scald\LS_47.jpg,brri_rice_disease_pest,Leaf Scald,scald,,test,False
data\raw\brri_rice_disease_pest\Leaf Scald\LS_48.jpg,brri_rice_disease_pest,Leaf Scald,scald,,val,False
data\raw\brri_rice_disease_pest\Leaf Scald\LS_49.jpg,brri_rice_disease_pest,Leaf Scald,scald,,train,False
data\raw\brri_rice_disease_pest\Leaf Scald\LS_5.jpg,brri_rice_disease_pest,Leaf Scald,scald,,train,False
data\raw\brri_rice_disease_pest\Leaf Scald\LS_50.jpg,brri_rice_disease_pest,Leaf Scald,scald,,train,False
data\raw\brri_rice_disease_pest\Leaf Scald\LS_51.jpg,brri_rice_disease_pest,Leaf Scald,scald,,train,False
data\raw\brri_rice_disease_pest\Leaf Scald\LS_52.jpg,brri_rice_disease_pest,Leaf Scald,scald,,train,False
data\raw\brri_rice_disease_pest\Leaf Scald\LS_53.jpg,brri_rice_disease_pest,Leaf Scald,scald,,train,False
data\raw\brri_rice_disease_pest\Leaf Scald\LS_54.jpg,brri_rice_disease_pest,Leaf Scald,scald,,train,False
data\raw\brri_rice_disease_pest\Leaf Scald\LS_55.jpg,brri_rice_disease_pest,Leaf Scald,scald,,test,False
data\raw\brri_rice_disease_pest\Leaf Scald\LS_56.jpg,brri_rice_disease_pest,Leaf Scald,scald,,train,False
data\raw\brri_rice_disease_pest\Leaf Scald\LS_57.jpg,brri_rice_disease_pest,Leaf Scald,scald,,train,False
data\raw\brri_rice_disease_pest\Leaf Scald\LS_58.jpg,brri_rice_disease_pest,Leaf Scald,scald,,val,False
data\raw\brri_rice_disease_pest\Leaf Scald\LS_59.jpg,brri_rice_disease_pest,Leaf Scald,scald,,train,False
data\raw\brri_rice_disease_pest\Leaf Scald\LS_6.jpg,brri_rice_disease_pest,Leaf Scald,scald,,val,False
data\raw\brri_rice_disease_pest\Leaf Scald\LS_60.jpg,brri_rice_disease_pest,Leaf Scald,scald,,train,False
data\raw\brri_rice_disease_pest\Leaf Scald\LS_61.jpg,brri_rice_disease_pest,Leaf Scald,scald,,train,False
data\raw\brri_rice_disease_pest\Leaf Scald\LS_62.jpg,brri_rice_disease_pest,Leaf Scald,scald,,train,False
data\raw\brri_rice_disease_pest\Leaf Scald\LS_63.jpg,brri_rice_disease_pest,Leaf Scald,scald,,train,False
data\raw\brri_rice_disease_pest\Leaf Scald\LS_64.jpg,brri_rice_disease_pest,Leaf Scald,scald,,train,False
data\raw\brri_rice_disease_pest\Leaf Scald\LS_65.jpg,brri_rice_disease_pest,Leaf Scald,scald,,train,False
data\raw\brri_rice_disease_pest\Leaf Scald\LS_66.jpg,brri_rice_disease_pest,Leaf Scald,scald,,val,False
data\raw\brri_rice_disease_pest\Leaf Scald\LS_67.jpg,brri_rice_disease_pest,Leaf Scald,scald,,test,False
data\raw\brri_rice_disease_pest\Leaf Scald\LS_68.jpg,brri_rice_disease_pest,Leaf Scald,scald,,val,False
data\raw\brri_rice_disease_pest\Leaf Scald\LS_69.jpg,brri_rice_disease_pest,Leaf Scald,scald,,train,False
data\raw\brri_rice_disease_pest\Leaf Scald\LS_7.jpg,brri_rice_disease_pest,Leaf Scald,scald,,train,False
data\raw\brri_rice_disease_pest\Leaf Scald\LS_70.jpg,brri_rice_disease_pest,Leaf Scald,scald,,train,False
data\raw\brri_rice_disease_pest\Leaf Scald\LS_71.jpg,brri_rice_disease_pest,Leaf Scald,scald,,train,False
data\raw\brri_rice_disease_pest\Leaf Scald\LS_72.jpg,brri_rice_disease_pest,Leaf Scald,scald,,train,False
data\raw\brri_rice_disease_pest\Leaf Scald\LS_73.jpg,brri_rice_disease_pest,Leaf Scald,scald,,train,False
data\raw\brri_rice_disease_pest\Leaf Scald\LS_74.jpg,brri_rice_disease_pest,Leaf Scald,scald,,train,False
data\raw\brri_rice_disease_pest\Leaf Scald\LS_75.jpg,brri_rice_disease_pest,Leaf Scald,scald,,train,False
data\raw\brri_rice_disease_pest\Leaf Scald\LS_76.jpg,brri_rice_disease_pest,Leaf Scald,scald,,train,False
data\raw\brri_rice_disease_pest\Leaf Scald\LS_77.jpg,brri_rice_disease_pest,Leaf Scald,scald,,train,False
data\raw\brri_rice_disease_pest\Leaf Scald\LS_78.jpg,brri_rice_disease_pest,Leaf Scald,scald,,train,False
data\raw\brri_rice_disease_pest\Leaf Scald\LS_79.jpg,brri_rice_disease_pest,Leaf Scald,scald,,val,False
data\raw\brri_rice_disease_pest\Leaf Scald\LS_8.jpg,brri_rice_disease_pest,Leaf Scald,scald,,train,False
data\raw\brri_rice_disease_pest\Leaf Scald\LS_80.jpg,brri_rice_disease_pest,Leaf Scald,scald,,train,False
data\raw\brri_rice_disease_pest\Leaf Scald\LS_81.jpg,brri_rice_disease_pest,Leaf Scald,scald,,train,False
data\raw\brri_rice_disease_pest\Leaf Scald\LS_82.jpg,brri_rice_disease_pest,Leaf Scald,scald,,train,False
data\raw\brri_rice_disease_pest\Leaf Scald\LS_83.jpg,brri_rice_disease_pest,Leaf Scald,scald,,train,False
data\raw\brri_rice_disease_pest\Leaf Scald\LS_84.jpg,brri_rice_disease_pest,Leaf Scald,scald,,test,False
data\raw\brri_rice_disease_pest\Leaf Scald\LS_85.jpg,brri_rice_disease_pest,Leaf Scald,scald,,train,False
data\raw\brri_rice_disease_pest\Leaf Scald\LS_86.jpg,brri_rice_disease_pest,Leaf Scald,scald,,train,False
data\raw\brri_rice_disease_pest\Leaf Scald\LS_87.jpg,brri_rice_disease_pest,Leaf Scald,scald,,train,False
data\raw\brri_rice_disease_pest\Leaf Scald\LS_88.jpg,brri_rice_disease_pest,Leaf Scald,scald,,train,False
data\raw\brri_rice_disease_pest\Leaf Scald\LS_89.jpg,brri_rice_disease_pest,Leaf Scald,scald,,train,False
data\raw\brri_rice_disease_pest\Leaf Scald\LS_9.jpg,brri_rice_disease_pest,Leaf Scald,scald,,train,False
data\raw\brri_rice_disease_pest\Leaf Scald\LS_90.jpg,brri_rice_disease_pest,Leaf Scald,scald,,val,False
data\raw\brri_rice_disease_pest\Leaf Scald\LS_91.jpg,brri_rice_disease_pest,Leaf Scald,scald,,train,False
data\raw\brri_rice_disease_pest\Leaf Scald\LS_92.jpg,brri_rice_disease_pest,Leaf Scald,scald,,train,False
data\raw\brri_rice_disease_pest\Leaf Scald\LS_93.jpg,brri_rice_disease_pest,Leaf Scald,scald,,test,False
data\raw\brri_rice_disease_pest\Leaf Scald\LS_94.jpg,brri_rice_disease_pest,Leaf Scald,scald,,train,False
data\raw\brri_rice_disease_pest\Leaf Scald\LS_95.jpg,brri_rice_disease_pest,Leaf Scald,scald,,train,False
data\raw\brri_rice_disease_pest\Leaf Scald\LS_96.jpg,brri_rice_disease_pest,Leaf Scald,scald,,train,False
data\raw\brri_rice_disease_pest\Leaf Scald\LS_97.jpg,brri_rice_disease_pest,Leaf Scald,scald,,test,False
data\raw\brri_rice_disease_pest\Leaf Scald\LS_98.jpg,brri_rice_disease_pest,Leaf Scald,scald,,train,False
data\raw\brri_rice_disease_pest\Leaf Scald\LS_99.jpg,brri_rice_disease_pest,Leaf Scald,scald,,test,False
data\raw\brri_rice_disease_pest\Rice Blast\RB_1.jpg,brri_rice_disease_pest,Rice Blast,rice_blast,,train,False
data\raw\brri_rice_disease_pest\Rice Blast\RB_10.jpg,brri_rice_disease_pest,Rice Blast,rice_blast,,test,False
data\raw\brri_rice_disease_pest\Rice Blast\RB_100.jpg,brri_rice_disease_pest,Rice Blast,rice_blast,,train,False
data\raw\brri_rice_disease_pest\Rice Blast\RB_101.jpg,brri_rice_disease_pest,Rice Blast,rice_blast,,train,False
data\raw\brri_rice_disease_pest\Rice Blast\RB_102.jpg,brri_rice_disease_pest,Rice Blast,rice_blast,,val,False
data\raw\brri_rice_disease_pest\Rice Blast\RB_103.jpg,brri_rice_disease_pest,Rice Blast,rice_blast,,train,False
data\raw\brri_rice_disease_pest\Rice Blast\RB_104.jpg,brri_rice_disease_pest,Rice Blast,rice_blast,,train,False
data\raw\brri_rice_disease_pest\Rice Blast\RB_105.jpg,brri_rice_disease_pest,Rice Blast,rice_blast,,train,False
data\raw\brri_rice_disease_pest\Rice Blast\RB_106.jpg,brri_rice_disease_pest,Rice Blast,rice_blast,,train,False
data\raw\brri_rice_disease_pest\Rice Blast\RB_107.jpg,brri_rice_disease_pest,Rice Blast,rice_blast,,train,False
data\raw\brri_rice_disease_pest\Rice Blast\RB_108.jpg,brri_rice_disease_pest,Rice Blast,rice_blast,,train,False
data\raw\brri_rice_disease_pest\Rice Blast\RB_109.jpg,brri_rice_disease_pest,Rice Blast,rice_blast,,train,False
data\raw\brri_rice_disease_pest\Rice Blast\RB_11.jpg,brri_rice_disease_pest,Rice Blast,rice_blast,,train,False
data\raw\brri_rice_disease_pest\Rice Blast\RB_110.jpg,brri_rice_disease_pest,Rice Blast,rice_blast,,test,False
data\raw\brri_rice_disease_pest\Rice Blast\RB_111.jpg,brri_rice_disease_pest,Rice Blast,rice_blast,,test,False
data\raw\brri_rice_disease_pest\Rice Blast\RB_112.jpg,brri_rice_disease_pest,Rice Blast,rice_blast,,train,False
data\raw\brri_rice_disease_pest\Rice Blast\RB_113.jpg,brri_rice_disease_pest,Rice Blast,rice_blast,,train,False
data\raw\brri_rice_disease_pest\Rice Blast\RB_114.jpg,brri_rice_disease_pest,Rice Blast,rice_blast,,train,False
data\raw\brri_rice_disease_pest\Rice Blast\RB_115.jpg,brri_rice_disease_pest,Rice Blast,rice_blast,,train,False
data\raw\brri_rice_disease_pest\Rice Blast\RB_116.jpg,brri_rice_disease_pest,Rice Blast,rice_blast,,train,False
data\raw\brri_rice_disease_pest\Rice Blast\RB_117.jpg,brri_rice_disease_pest,Rice Blast,rice_blast,,test,False
data\raw\brri_rice_disease_pest\Rice Blast\RB_118.jpg,brri_rice_disease_pest,Rice Blast,rice_blast,,test,False
data\raw\brri_rice_disease_pest\Rice Blast\RB_119.jpg,brri_rice_disease_pest,Rice Blast,rice_blast,,train,False
data\raw\brri_rice_disease_pest\Rice Blast\RB_12.jpg,brri_rice_disease_pest,Rice Blast,rice_blast,,train,False
data\raw\brri_rice_disease_pest\Rice Blast\RB_120.jpg,brri_rice_disease_pest,Rice Blast,rice_blast,,train,False
data\raw\brri_rice_disease_pest\Rice Blast\RB_121.jpg,brri_rice_disease_pest,Rice Blast,rice_blast,,train,False
data\raw\brri_rice_disease_pest\Rice Blast\RB_122.jpg,brri_rice_disease_pest,Rice Blast,rice_blast,,train,False
data\raw\brri_rice_disease_pest\Rice Blast\RB_123.jpg,brri_rice_disease_pest,Rice Blast,rice_blast,,test,False
data\raw\brri_rice_disease_pest\Rice Blast\RB_124.jpg,brri_rice_disease_pest,Rice Blast,rice_blast,,train,False
data\raw\brri_rice_disease_pest\Rice Blast\RB_125.jpg,brri_rice_disease_pest,Rice Blast,rice_blast,,train,False
data\raw\brri_rice_disease_pest\Rice Blast\RB_126.jpg,brri_rice_disease_pest,Rice Blast,rice_blast,,train,False
data\raw\brri_rice_disease_pest\Rice Blast\RB_127.jpg,brri_rice_disease_pest,Rice Blast,rice_blast,,train,False
data\raw\brri_rice_disease_pest\Rice Blast\RB_128.jpg,brri_rice_disease_pest,Rice Blast,rice_blast,,val,False
data\raw\brri_rice_disease_pest\Rice Blast\RB_129.jpg,brri_rice_disease_pest,Rice Blast,rice_blast,,train,False
data\raw\brri_rice_disease_pest\Rice Blast\RB_13.jpg,brri_rice_disease_pest,Rice Blast,rice_blast,,test,False
data\raw\brri_rice_disease_pest\Rice Blast\RB_130.jpg,brri_rice_disease_pest,Rice Blast,rice_blast,,val,False
data\raw\brri_rice_disease_pest\Rice Blast\RB_131.jpg,brri_rice_disease_pest,Rice Blast,rice_blast,,train,False
data\raw\brri_rice_disease_pest\Rice Blast\RB_132.jpg,brri_rice_disease_pest,Rice Blast,rice_blast,,train,False
data\raw\brri_rice_disease_pest\Rice Blast\RB_133.jpg,brri_rice_disease_pest,Rice Blast,rice_blast,,train,False
data\raw\brri_rice_disease_pest\Rice Blast\RB_134.jpg,brri_rice_disease_pest,Rice Blast,rice_blast,,train,False
data\raw\brri_rice_disease_pest\Rice Blast\RB_135.jpg,brri_rice_disease_pest,Rice Blast,rice_blast,,test,False
data\raw\brri_rice_disease_pest\Rice Blast\RB_136.jpg,brri_rice_disease_pest,Rice Blast,rice_blast,,train,False
data\raw\brri_rice_disease_pest\Rice Blast\RB_137.jpg,brri_rice_disease_pest,Rice Blast,rice_blast,,train,False
data\raw\brri_rice_disease_pest\Rice Blast\RB_138.jpg,brri_rice_disease_pest,Rice Blast,rice_blast,,train,False
data\raw\brri_rice_disease_pest\Rice Blast\RB_139.jpg,brri_rice_disease_pest,Rice Blast,rice_blast,,train,False
data\raw\brri_rice_disease_pest\Rice Blast\RB_14.jpg,brri_rice_disease_pest,Rice Blast,rice_blast,,train,False
data\raw\brri_rice_disease_pest\Rice Blast\RB_140.jpg,brri_rice_disease_pest,Rice Blast,rice_blast,,train,False
data\raw\brri_rice_disease_pest\Rice Blast\RB_141.jpg,brri_rice_disease_pest,Rice Blast,rice_blast,,val,False
data\raw\brri_rice_disease_pest\Rice Blast\RB_142.jpg,brri_rice_disease_pest,Rice Blast,rice_blast,,train,False
data\raw\brri_rice_disease_pest\Rice Blast\RB_143.jpg,brri_rice_disease_pest,Rice Blast,rice_blast,,train,False
data\raw\brri_rice_disease_pest\Rice Blast\RB_144.jpg,brri_rice_disease_pest,Rice Blast,rice_blast,,train,False
data\raw\brri_rice_disease_pest\Rice Blast\RB_145.jpg,brri_rice_disease_pest,Rice Blast,rice_blast,,train,False
data\raw\brri_rice_disease_pest\Rice Blast\RB_146.jpg,brri_rice_disease_pest,Rice Blast,rice_blast,,test,False
data\raw\brri_rice_disease_pest\Rice Blast\RB_147.jpg,brri_rice_disease_pest,Rice Blast,rice_blast,,train,False
data\raw\brri_rice_disease_pest\Rice Blast\RB_148.jpg,brri_rice_disease_pest,Rice Blast,rice_blast,,train,False
data\raw\brri_rice_disease_pest\Rice Blast\RB_149.jpg,brri_rice_disease_pest,Rice Blast,rice_blast,,train,False
data\raw\brri_rice_disease_pest\Rice Blast\RB_15.jpg,brri_rice_disease_pest,Rice Blast,rice_blast,,train,False
data\raw\brri_rice_disease_pest\Rice Blast\RB_150.jpg,brri_rice_disease_pest,Rice Blast,rice_blast,,train,False
data\raw\brri_rice_disease_pest\Rice Blast\RB_151.jpg,brri_rice_disease_pest,Rice Blast,rice_blast,,test,False
data\raw\brri_rice_disease_pest\Rice Blast\RB_152.jpg,brri_rice_disease_pest,Rice Blast,rice_blast,,train,False
data\raw\brri_rice_disease_pest\Rice Blast\RB_153.jpg,brri_rice_disease_pest,Rice Blast,rice_blast,,train,False
data\raw\brri_rice_disease_pest\Rice Blast\RB_154.jpg,brri_rice_disease_pest,Rice Blast,rice_blast,,train,False
data\raw\brri_rice_disease_pest\Rice Blast\RB_155.jpg,brri_rice_disease_pest,Rice Blast,rice_blast,,test,False
data\raw\brri_rice_disease_pest\Rice Blast\RB_156.jpg,brri_rice_disease_pest,Rice Blast,rice_blast,,train,False
data\raw\brri_rice_disease_pest\Rice Blast\RB_157.jpg,brri_rice_disease_pest,Rice Blast,rice_blast,,test,False
data\raw\brri_rice_disease_pest\Rice Blast\RB_158.jpg,brri_rice_disease_pest,Rice Blast,rice_blast,,train,False
data\raw\brri_rice_disease_pest\Rice Blast\RB_159.jpg,brri_rice_disease_pest,Rice Blast,rice_blast,,train,False
data\raw\brri_rice_disease_pest\Rice Blast\RB_16.jpg,brri_rice_disease_pest,Rice Blast,rice_blast,,train,False
data\raw\brri_rice_disease_pest\Rice Blast\RB_160.jpg,brri_rice_disease_pest,Rice Blast,rice_blast,,train,False
data\raw\brri_rice_disease_pest\Rice Blast\RB_161.jpg,brri_rice_disease_pest,Rice Blast,rice_blast,,train,False
data\raw\brri_rice_disease_pest\Rice Blast\RB_162.jpg,brri_rice_disease_pest,Rice Blast,rice_blast,,train,False
data\raw\brri_rice_disease_pest\Rice Blast\RB_163.jpg,brri_rice_disease_pest,Rice Blast,rice_blast,,test,False
data\raw\brri_rice_disease_pest\Rice Blast\RB_164.jpg,brri_rice_disease_pest,Rice Blast,rice_blast,,train,False
data\raw\brri_rice_disease_pest\Rice Blast\RB_165.jpg,brri_rice_disease_pest,Rice Blast,rice_blast,,train,False
data\raw\brri_rice_disease_pest\Rice Blast\RB_166.jpg,brri_rice_disease_pest,Rice Blast,rice_blast,,train,False
data\raw\brri_rice_disease_pest\Rice Blast\RB_167.jpg,brri_rice_disease_pest,Rice Blast,rice_blast,,train,False
data\raw\brri_rice_disease_pest\Rice Blast\RB_168.jpg,brri_rice_disease_pest,Rice Blast,rice_blast,,train,False
data\raw\brri_rice_disease_pest\Rice Blast\RB_169.jpg,brri_rice_disease_pest,Rice Blast,rice_blast,,train,False
data\raw\brri_rice_disease_pest\Rice Blast\RB_17.jpg,brri_rice_disease_pest,Rice Blast,rice_blast,,train,False
data\raw\brri_rice_disease_pest\Rice Blast\RB_170.jpg,brri_rice_disease_pest,Rice Blast,rice_blast,,train,False
data\raw\brri_rice_disease_pest\Rice Blast\RB_171.jpg,brri_rice_disease_pest,Rice Blast,rice_blast,,test,False
data\raw\brri_rice_disease_pest\Rice Blast\RB_172.jpg,brri_rice_disease_pest,Rice Blast,rice_blast,,train,False
data\raw\brri_rice_disease_pest\Rice Blast\RB_173.jpg,brri_rice_disease_pest,Rice Blast,rice_blast,,train,False
data\raw\brri_rice_disease_pest\Rice Blast\RB_174.jpg,brri_rice_disease_pest,Rice Blast,rice_blast,,train,False
data\raw\brri_rice_disease_pest\Rice Blast\RB_175.jpg,brri_rice_disease_pest,Rice Blast,rice_blast,,train,False
data\raw\brri_rice_disease_pest\Rice Blast\RB_176.jpg,brri_rice_disease_pest,Rice Blast,rice_blast,,val,False
data\raw\brri_rice_disease_pest\Rice Blast\RB_177.jpg,brri_rice_disease_pest,Rice Blast,rice_blast,,train,False
data\raw\brri_rice_disease_pest\Rice Blast\RB_178.jpg,brri_rice_disease_pest,Rice Blast,rice_blast,,test,False
data\raw\brri_rice_disease_pest\Rice Blast\RB_179.jpg,brri_rice_disease_pest,Rice Blast,rice_blast,,train,False
data\raw\brri_rice_disease_pest\Rice Blast\RB_18.jpg,brri_rice_disease_pest,Rice Blast,rice_blast,,train,False
data\raw\brri_rice_disease_pest\Rice Blast\RB_180.jpg,brri_rice_disease_pest,Rice Blast,rice_blast,,train,False
data\raw\brri_rice_disease_pest\Rice Blast\RB_181.jpg,brri_rice_disease_pest,Rice Blast,rice_blast,,test,False
data\raw\brri_rice_disease_pest\Rice Blast\RB_182.jpg,brri_rice_disease_pest,Rice Blast,rice_blast,,train,False
data\raw\brri_rice_disease_pest\Rice Blast\RB_183.jpg,brri_rice_disease_pest,Rice Blast,rice_blast,,train,False
data\raw\brri_rice_disease_pest\Rice Blast\RB_184.jpg,brri_rice_disease_pest,Rice Blast,rice_blast,,train,False
data\raw\brri_rice_disease_pest\Rice Blast\RB_185.jpg,brri_rice_disease_pest,Rice Blast,rice_blast,,val,False
data\raw\brri_rice_disease_pest\Rice Blast\RB_186.jpg,brri_rice_disease_pest,Rice Blast,rice_blast,,val,False
data\raw\brri_rice_disease_pest\Rice Blast\RB_187.jpg,brri_rice_disease_pest,Rice Blast,rice_blast,,val,False
data\raw\brri_rice_disease_pest\Rice Blast\RB_188.jpg,brri_rice_disease_pest,Rice Blast,rice_blast,,val,False
data\raw\brri_rice_disease_pest\Rice Blast\RB_189.jpg,brri_rice_disease_pest,Rice Blast,rice_blast,,test,False
data\raw\brri_rice_disease_pest\Rice Blast\RB_19.jpg,brri_rice_disease_pest,Rice Blast,rice_blast,,train,False
data\raw\brri_rice_disease_pest\Rice Blast\RB_190.jpg,brri_rice_disease_pest,Rice Blast,rice_blast,,train,False
data\raw\brri_rice_disease_pest\Rice Blast\RB_191.jpg,brri_rice_disease_pest,Rice Blast,rice_blast,,test,False
data\raw\brri_rice_disease_pest\Rice Blast\RB_192.jpg,brri_rice_disease_pest,Rice Blast,rice_blast,,train,False
data\raw\brri_rice_disease_pest\Rice Blast\RB_193.jpg,brri_rice_disease_pest,Rice Blast,rice_blast,,train,False
data\raw\brri_rice_disease_pest\Rice Blast\RB_194.jpg,brri_rice_disease_pest,Rice Blast,rice_blast,,test,False
data\raw\brri_rice_disease_pest\Rice Blast\RB_195.jpg,brri_rice_disease_pest,Rice Blast,rice_blast,,test,False
data\raw\brri_rice_disease_pest\Rice Blast\RB_196.jpg,brri_rice_disease_pest,Rice Blast,rice_blast,,train,False
data\raw\brri_rice_disease_pest\Rice Blast\RB_197.jpg,brri_rice_disease_pest,Rice Blast,rice_blast,,train,False
data\raw\brri_rice_disease_pest\Rice Blast\RB_198.jpg,brri_rice_disease_pest,Rice Blast,rice_blast,,train,False
data\raw\brri_rice_disease_pest\Rice Blast\RB_199.jpg,brri_rice_disease_pest,Rice Blast,rice_blast,,train,False
data\raw\brri_rice_disease_pest\Rice Blast\RB_2.jpg,brri_rice_disease_pest,Rice Blast,rice_blast,,train,False
data\raw\brri_rice_disease_pest\Rice Blast\RB_20.jpg,brri_rice_disease_pest,Rice Blast,rice_blast,,val,False
data\raw\brri_rice_disease_pest\Rice Blast\RB_200.jpg,brri_rice_disease_pest,Rice Blast,rice_blast,,train,False
data\raw\brri_rice_disease_pest\Rice Blast\RB_201.jpg,brri_rice_disease_pest,Rice Blast,rice_blast,,train,False
data\raw\brri_rice_disease_pest\Rice Blast\RB_202.jpg,brri_rice_disease_pest,Rice Blast,rice_blast,,train,False
data\raw\brri_rice_disease_pest\Rice Blast\RB_203.jpg,brri_rice_disease_pest,Rice Blast,rice_blast,,train,False
data\raw\brri_rice_disease_pest\Rice Blast\RB_204.jpg,brri_rice_disease_pest,Rice Blast,rice_blast,,train,False
data\raw\brri_rice_disease_pest\Rice Blast\RB_205.jpg,brri_rice_disease_pest,Rice Blast,rice_blast,,train,False
data\raw\brri_rice_disease_pest\Rice Blast\RB_206.jpg,brri_rice_disease_pest,Rice Blast,rice_blast,,train,False
data\raw\brri_rice_disease_pest\Rice Blast\RB_207.jpg,brri_rice_disease_pest,Rice Blast,rice_blast,,train,False
data\raw\brri_rice_disease_pest\Rice Blast\RB_208.jpg,brri_rice_disease_pest,Rice Blast,rice_blast,,test,False
data\raw\brri_rice_disease_pest\Rice Blast\RB_209.jpg,brri_rice_disease_pest,Rice Blast,rice_blast,,val,False
data\raw\brri_rice_disease_pest\Rice Blast\RB_21.jpg,brri_rice_disease_pest,Rice Blast,rice_blast,,val,False
data\raw\brri_rice_disease_pest\Rice Blast\RB_210.jpg,brri_rice_disease_pest,Rice Blast,rice_blast,,train,False
data\raw\brri_rice_disease_pest\Rice Blast\RB_211.jpg,brri_rice_disease_pest,Rice Blast,rice_blast,,train,False
data\raw\brri_rice_disease_pest\Rice Blast\RB_212.jpg,brri_rice_disease_pest,Rice Blast,rice_blast,,train,False
data\raw\brri_rice_disease_pest\Rice Blast\RB_213.jpg,brri_rice_disease_pest,Rice Blast,rice_blast,,train,False
data\raw\brri_rice_disease_pest\Rice Blast\RB_214.jpg,brri_rice_disease_pest,Rice Blast,rice_blast,,test,False
data\raw\brri_rice_disease_pest\Rice Blast\RB_215.jpg,brri_rice_disease_pest,Rice Blast,rice_blast,,val,False
data\raw\brri_rice_disease_pest\Rice Blast\RB_216.jpg,brri_rice_disease_pest,Rice Blast,rice_blast,,test,False
data\raw\brri_rice_disease_pest\Rice Blast\RB_217.jpg,brri_rice_disease_pest,Rice Blast,rice_blast,,train,False
data\raw\brri_rice_disease_pest\Rice Blast\RB_218.jpg,brri_rice_disease_pest,Rice Blast,rice_blast,,train,False
data\raw\brri_rice_disease_pest\Rice Blast\RB_219.jpg,brri_rice_disease_pest,Rice Blast,rice_blast,,train,False
data\raw\brri_rice_disease_pest\Rice Blast\RB_22.jpg,brri_rice_disease_pest,Rice Blast,rice_blast,,val,False
data\raw\brri_rice_disease_pest\Rice Blast\RB_220.jpg,brri_rice_disease_pest,Rice Blast,rice_blast,,train,False
data\raw\brri_rice_disease_pest\Rice Blast\RB_221.jpg,brri_rice_disease_pest,Rice Blast,rice_blast,,train,False
data\raw\brri_rice_disease_pest\Rice Blast\RB_222.jpg,brri_rice_disease_pest,Rice Blast,rice_blast,,train,False
data\raw\brri_rice_disease_pest\Rice Blast\RB_223.jpg,brri_rice_disease_pest,Rice Blast,rice_blast,,test,False
data\raw\brri_rice_disease_pest\Rice Blast\RB_224.jpg,brri_rice_disease_pest,Rice Blast,rice_blast,,train,False
data\raw\brri_rice_disease_pest\Rice Blast\RB_225.jpg,brri_rice_disease_pest,Rice Blast,rice_blast,,train,False
data\raw\brri_rice_disease_pest\Rice Blast\RB_226.jpg,brri_rice_disease_pest,Rice Blast,rice_blast,,train,False
data\raw\brri_rice_disease_pest\Rice Blast\RB_227.jpg,brri_rice_disease_pest,Rice Blast,rice_blast,,train,False
data\raw\brri_rice_disease_pest\Rice Blast\RB_228.jpg,brri_rice_disease_pest,Rice Blast,rice_blast,,val,False
data\raw\brri_rice_disease_pest\Rice Blast\RB_229.jpg,brri_rice_disease_pest,Rice Blast,rice_blast,,train,False
data\raw\brri_rice_disease_pest\Rice Blast\RB_23.jpg,brri_rice_disease_pest,Rice Blast,rice_blast,,train,False
data\raw\brri_rice_disease_pest\Rice Blast\RB_230.jpg,brri_rice_disease_pest,Rice Blast,rice_blast,,train,False
data\raw\brri_rice_disease_pest\Rice Blast\RB_231.jpg,brri_rice_disease_pest,Rice Blast,rice_blast,,val,False
data\raw\brri_rice_disease_pest\Rice Blast\RB_232.jpg,brri_rice_disease_pest,Rice Blast,rice_blast,,train,False
data\raw\brri_rice_disease_pest\Rice Blast\RB_233.jpg,brri_rice_disease_pest,Rice Blast,rice_blast,,train,False
data\raw\brri_rice_disease_pest\Rice Blast\RB_234.jpg,brri_rice_disease_pest,Rice Blast,rice_blast,,train,False
data\raw\brri_rice_disease_pest\Rice Blast\RB_235.jpg,brri_rice_disease_pest,Rice Blast,rice_blast,,train,False
data\raw\brri_rice_disease_pest\Rice Blast\RB_236.jpg,brri_rice_disease_pest,Rice Blast,rice_blast,,train,False
data\raw\brri_rice_disease_pest\Rice Blast\RB_237.jpg,brri_rice_disease_pest,Rice Blast,rice_blast,,train,False
data\raw\brri_rice_disease_pest\Rice Blast\RB_238.jpg,brri_rice_disease_pest,Rice Blast,rice_blast,,train,False
data\raw\brri_rice_disease_pest\Rice Blast\RB_239.jpg,brri_rice_disease_pest,Rice Blast,rice_blast,,train,False
data\raw\brri_rice_disease_pest\Rice Blast\RB_24.jpg,brri_rice_disease_pest,Rice Blast,rice_blast,,test,False
data\raw\brri_rice_disease_pest\Rice Blast\RB_240.jpg,brri_rice_disease_pest,Rice Blast,rice_blast,,train,False
data\raw\brri_rice_disease_pest\Rice Blast\RB_241.jpg,brri_rice_disease_pest,Rice Blast,rice_blast,,train,False
data\raw\brri_rice_disease_pest\Rice Blast\RB_242.jpg,brri_rice_disease_pest,Rice Blast,rice_blast,,val,False
data\raw\brri_rice_disease_pest\Rice Blast\RB_243.jpg,brri_rice_disease_pest,Rice Blast,rice_blast,,test,False
data\raw\brri_rice_disease_pest\Rice Blast\RB_244.jpg,brri_rice_disease_pest,Rice Blast,rice_blast,,test,False
data\raw\brri_rice_disease_pest\Rice Blast\RB_245.jpg,brri_rice_disease_pest,Rice Blast,rice_blast,,train,False
data\raw\brri_rice_disease_pest\Rice Blast\RB_246.jpg,brri_rice_disease_pest,Rice Blast,rice_blast,,train,False
data\raw\brri_rice_disease_pest\Rice Blast\RB_247.jpg,brri_rice_disease_pest,Rice Blast,rice_blast,,train,False
data\raw\brri_rice_disease_pest\Rice Blast\RB_248.jpg,brri_rice_disease_pest,Rice Blast,rice_blast,,train,False
data\raw\brri_rice_disease_pest\Rice Blast\RB_249.jpg,brri_rice_disease_pest,Rice Blast,rice_blast,,test,False
data\raw\brri_rice_disease_pest\Rice Blast\RB_25.jpg,brri_rice_disease_pest,Rice Blast,rice_blast,,train,False
data\raw\brri_rice_disease_pest\Rice Blast\RB_250.jpg,brri_rice_disease_pest,Rice Blast,rice_blast,,train,False
data\raw\brri_rice_disease_pest\Rice Blast\RB_251.jpg,brri_rice_disease_pest,Rice Blast,rice_blast,,train,False
data\raw\brri_rice_disease_pest\Rice Blast\RB_252.jpg,brri_rice_disease_pest,Rice Blast,rice_blast,,val,False
data\raw\brri_rice_disease_pest\Rice Blast\RB_253.jpg,brri_rice_disease_pest,Rice Blast,rice_blast,,train,False
data\raw\brri_rice_disease_pest\Rice Blast\RB_254.jpg,brri_rice_disease_pest,Rice Blast,rice_blast,,train,False
data\raw\brri_rice_disease_pest\Rice Blast\RB_255.jpg,brri_rice_disease_pest,Rice Blast,rice_blast,,train,False
data\raw\brri_rice_disease_pest\Rice Blast\RB_256.jpg,brri_rice_disease_pest,Rice Blast,rice_blast,,train,False
data\raw\brri_rice_disease_pest\Rice Blast\RB_257.jpg,brri_rice_disease_pest,Rice Blast,rice_blast,,train,False
data\raw\brri_rice_disease_pest\Rice Blast\RB_258.jpg,brri_rice_disease_pest,Rice Blast,rice_blast,,train,False
data\raw\brri_rice_disease_pest\Rice Blast\RB_259.jpg,brri_rice_disease_pest,Rice Blast,rice_blast,,train,False
data\raw\brri_rice_disease_pest\Rice Blast\RB_26.jpg,brri_rice_disease_pest,Rice Blast,rice_blast,,train,False
data\raw\brri_rice_disease_pest\Rice Blast\RB_260.jpg,brri_rice_disease_pest,Rice Blast,rice_blast,,train,False
data\raw\brri_rice_disease_pest\Rice Blast\RB_261.jpg,brri_rice_disease_pest,Rice Blast,rice_blast,,train,False
data\raw\brri_rice_disease_pest\Rice Blast\RB_262.jpg,brri_rice_disease_pest,Rice Blast,rice_blast,,train,False
data\raw\brri_rice_disease_pest\Rice Blast\RB_263.jpg,brri_rice_disease_pest,Rice Blast,rice_blast,,train,False
data\raw\brri_rice_disease_pest\Rice Blast\RB_264.jpg,brri_rice_disease_pest,Rice Blast,rice_blast,,val,False
data\raw\brri_rice_disease_pest\Rice Blast\RB_265.jpg,brri_rice_disease_pest,Rice Blast,rice_blast,,train,False
data\raw\brri_rice_disease_pest\Rice Blast\RB_266.jpg,brri_rice_disease_pest,Rice Blast,rice_blast,,train,False
data\raw\brri_rice_disease_pest\Rice Blast\RB_267.jpg,brri_rice_disease_pest,Rice Blast,rice_blast,,val,False
data\raw\brri_rice_disease_pest\Rice Blast\RB_268.jpg,brri_rice_disease_pest,Rice Blast,rice_blast,,test,False
data\raw\brri_rice_disease_pest\Rice Blast\RB_269.jpg,brri_rice_disease_pest,Rice Blast,rice_blast,,train,False
data\raw\brri_rice_disease_pest\Rice Blast\RB_27.jpg,brri_rice_disease_pest,Rice Blast,rice_blast,,test,False
data\raw\brri_rice_disease_pest\Rice Blast\RB_270.jpg,brri_rice_disease_pest,Rice Blast,rice_blast,,train,False
data\raw\brri_rice_disease_pest\Rice Blast\RB_271.jpg,brri_rice_disease_pest,Rice Blast,rice_blast,,test,False
data\raw\brri_rice_disease_pest\Rice Blast\RB_272.jpg,brri_rice_disease_pest,Rice Blast,rice_blast,,train,False
data\raw\brri_rice_disease_pest\Rice Blast\RB_273.jpg,brri_rice_disease_pest,Rice Blast,rice_blast,,train,False
data\raw\brri_rice_disease_pest\Rice Blast\RB_274.jpg,brri_rice_disease_pest,Rice Blast,rice_blast,,train,False
data\raw\brri_rice_disease_pest\Rice Blast\RB_275.jpg,brri_rice_disease_pest,Rice Blast,rice_blast,,train,False
data\raw\brri_rice_disease_pest\Rice Blast\RB_276.jpg,brri_rice_disease_pest,Rice Blast,rice_blast,,train,False
data\raw\brri_rice_disease_pest\Rice Blast\RB_277.jpg,brri_rice_disease_pest,Rice Blast,rice_blast,,val,False
data\raw\brri_rice_disease_pest\Rice Blast\RB_278.jpg,brri_rice_disease_pest,Rice Blast,rice_blast,,train,False
data\raw\brri_rice_disease_pest\Rice Blast\RB_279.jpg,brri_rice_disease_pest,Rice Blast,rice_blast,,train,False
data\raw\brri_rice_disease_pest\Rice Blast\RB_28.jpg,brri_rice_disease_pest,Rice Blast,rice_blast,,val,False
data\raw\brri_rice_disease_pest\Rice Blast\RB_280.jpg,brri_rice_disease_pest,Rice Blast,rice_blast,,test,False
data\raw\brri_rice_disease_pest\Rice Blast\RB_281.jpg,brri_rice_disease_pest,Rice Blast,rice_blast,,val,False
data\raw\brri_rice_disease_pest\Rice Blast\RB_282.jpg,brri_rice_disease_pest,Rice Blast,rice_blast,,train,False
data\raw\brri_rice_disease_pest\Rice Blast\RB_283.jpg,brri_rice_disease_pest,Rice Blast,rice_blast,,train,False
data\raw\brri_rice_disease_pest\Rice Blast\RB_284.jpg,brri_rice_disease_pest,Rice Blast,rice_blast,,test,False
data\raw\brri_rice_disease_pest\Rice Blast\RB_285.jpg,brri_rice_disease_pest,Rice Blast,rice_blast,,val,False
data\raw\brri_rice_disease_pest\Rice Blast\RB_286.jpg,brri_rice_disease_pest,Rice Blast,rice_blast,,train,False
data\raw\brri_rice_disease_pest\Rice Blast\RB_287.jpg,brri_rice_disease_pest,Rice Blast,rice_blast,,train,False
data\raw\brri_rice_disease_pest\Rice Blast\RB_288.jpg,brri_rice_disease_pest,Rice Blast,rice_blast,,train,False
data\raw\brri_rice_disease_pest\Rice Blast\RB_289.jpg,brri_rice_disease_pest,Rice Blast,rice_blast,,train,False
data\raw\brri_rice_disease_pest\Rice Blast\RB_29.jpg,brri_rice_disease_pest,Rice Blast,rice_blast,,train,False
data\raw\brri_rice_disease_pest\Rice Blast\RB_290.jpg,brri_rice_disease_pest,Rice Blast,rice_blast,,train,False
data\raw\brri_rice_disease_pest\Rice Blast\RB_291.jpg,brri_rice_disease_pest,Rice Blast,rice_blast,,train,False
data\raw\brri_rice_disease_pest\Rice Blast\RB_292.jpg,brri_rice_disease_pest,Rice Blast,rice_blast,,test,False
data\raw\brri_rice_disease_pest\Rice Blast\RB_293.jpg,brri_rice_disease_pest,Rice Blast,rice_blast,,train,False
data\raw\brri_rice_disease_pest\Rice Blast\RB_294.jpg,brri_rice_disease_pest,Rice Blast,rice_blast,,test,False
data\raw\brri_rice_disease_pest\Rice Blast\RB_295.jpg,brri_rice_disease_pest,Rice Blast,rice_blast,,val,False
data\raw\brri_rice_disease_pest\Rice Blast\RB_296.jpg,brri_rice_disease_pest,Rice Blast,rice_blast,,train,False
data\raw\brri_rice_disease_pest\Rice Blast\RB_297.jpg,brri_rice_disease_pest,Rice Blast,rice_blast,,val,False
data\raw\brri_rice_disease_pest\Rice Blast\RB_298.jpg,brri_rice_disease_pest,Rice Blast,rice_blast,,train,False
data\raw\brri_rice_disease_pest\Rice Blast\RB_299.jpg,brri_rice_disease_pest,Rice Blast,rice_blast,,train,False
data\raw\brri_rice_disease_pest\Rice Blast\RB_3.jpg,brri_rice_disease_pest,Rice Blast,rice_blast,,train,False
data\raw\brri_rice_disease_pest\Rice Blast\RB_30.jpg,brri_rice_disease_pest,Rice Blast,rice_blast,,train,False
data\raw\brri_rice_disease_pest\Rice Blast\RB_300.jpg,brri_rice_disease_pest,Rice Blast,rice_blast,,val,False
data\raw\brri_rice_disease_pest\Rice Blast\RB_301.jpg,brri_rice_disease_pest,Rice Blast,rice_blast,,train,False
data\raw\brri_rice_disease_pest\Rice Blast\RB_302.jpg,brri_rice_disease_pest,Rice Blast,rice_blast,,train,False
data\raw\brri_rice_disease_pest\Rice Blast\RB_303.jpg,brri_rice_disease_pest,Rice Blast,rice_blast,,train,False
data\raw\brri_rice_disease_pest\Rice Blast\RB_304.jpg,brri_rice_disease_pest,Rice Blast,rice_blast,,train,False
data\raw\brri_rice_disease_pest\Rice Blast\RB_305.jpg,brri_rice_disease_pest,Rice Blast,rice_blast,,train,False
data\raw\brri_rice_disease_pest\Rice Blast\RB_306.jpg,brri_rice_disease_pest,Rice Blast,rice_blast,,test,False
data\raw\brri_rice_disease_pest\Rice Blast\RB_307.jpg,brri_rice_disease_pest,Rice Blast,rice_blast,,train,False
data\raw\brri_rice_disease_pest\Rice Blast\RB_308.jpg,brri_rice_disease_pest,Rice Blast,rice_blast,,val,False
data\raw\brri_rice_disease_pest\Rice Blast\RB_309.jpg,brri_rice_disease_pest,Rice Blast,rice_blast,,val,False
data\raw\brri_rice_disease_pest\Rice Blast\RB_31.jpg,brri_rice_disease_pest,Rice Blast,rice_blast,,train,False
data\raw\brri_rice_disease_pest\Rice Blast\RB_310.jpg,brri_rice_disease_pest,Rice Blast,rice_blast,,train,False
data\raw\brri_rice_disease_pest\Rice Blast\RB_311.jpg,brri_rice_disease_pest,Rice Blast,rice_blast,,train,False
data\raw\brri_rice_disease_pest\Rice Blast\RB_312.jpg,brri_rice_disease_pest,Rice Blast,rice_blast,,train,False
data\raw\brri_rice_disease_pest\Rice Blast\RB_313.jpg,brri_rice_disease_pest,Rice Blast,rice_blast,,train,False
data\raw\brri_rice_disease_pest\Rice Blast\RB_314.jpg,brri_rice_disease_pest,Rice Blast,rice_blast,,val,False
data\raw\brri_rice_disease_pest\Rice Blast\RB_315.jpg,brri_rice_disease_pest,Rice Blast,rice_blast,,val,False
data\raw\brri_rice_disease_pest\Rice Blast\RB_316.jpg,brri_rice_disease_pest,Rice Blast,rice_blast,,test,False
data\raw\brri_rice_disease_pest\Rice Blast\RB_317.jpg,brri_rice_disease_pest,Rice Blast,rice_blast,,val,False
data\raw\brri_rice_disease_pest\Rice Blast\RB_318.jpg,brri_rice_disease_pest,Rice Blast,rice_blast,,test,False
data\raw\brri_rice_disease_pest\Rice Blast\RB_319.jpg,brri_rice_disease_pest,Rice Blast,rice_blast,,train,False
data\raw\brri_rice_disease_pest\Rice Blast\RB_32.jpg,brri_rice_disease_pest,Rice Blast,rice_blast,,train,False
data\raw\brri_rice_disease_pest\Rice Blast\RB_320.jpg,brri_rice_disease_pest,Rice Blast,rice_blast,,val,False
data\raw\brri_rice_disease_pest\Rice Blast\RB_321.jpg,brri_rice_disease_pest,Rice Blast,rice_blast,,train,False
data\raw\brri_rice_disease_pest\Rice Blast\RB_322.jpg,brri_rice_disease_pest,Rice Blast,rice_blast,,train,False
data\raw\brri_rice_disease_pest\Rice Blast\RB_323.jpg,brri_rice_disease_pest,Rice Blast,rice_blast,,train,False
data\raw\brri_rice_disease_pest\Rice Blast\RB_324.jpg,brri_rice_disease_pest,Rice Blast,rice_blast,,train,False
data\raw\brri_rice_disease_pest\Rice Blast\RB_325.jpg,brri_rice_disease_pest,Rice Blast,rice_blast,,test,False
data\raw\brri_rice_disease_pest\Rice Blast\RB_326.jpg,brri_rice_disease_pest,Rice Blast,rice_blast,,test,False
data\raw\brri_rice_disease_pest\Rice Blast\RB_327.jpg,brri_rice_disease_pest,Rice Blast,rice_blast,,train,False
data\raw\brri_rice_disease_pest\Rice Blast\RB_328.jpg,brri_rice_disease_pest,Rice Blast,rice_blast,,val,False
data\raw\brri_rice_disease_pest\Rice Blast\RB_329.jpg,brri_rice_disease_pest,Rice Blast,rice_blast,,train,False
data\raw\brri_rice_disease_pest\Rice Blast\RB_33.jpg,brri_rice_disease_pest,Rice Blast,rice_blast,,train,False
data\raw\brri_rice_disease_pest\Rice Blast\RB_330.jpg,brri_rice_disease_pest,Rice Blast,rice_blast,,train,False
data\raw\brri_rice_disease_pest\Rice Blast\RB_331.jpg,brri_rice_disease_pest,Rice Blast,rice_blast,,val,False
data\raw\brri_rice_disease_pest\Rice Blast\RB_332.jpg,brri_rice_disease_pest,Rice Blast,rice_blast,,train,False
data\raw\brri_rice_disease_pest\Rice Blast\RB_333.jpg,brri_rice_disease_pest,Rice Blast,rice_blast,,train,False
data\raw\brri_rice_disease_pest\Rice Blast\RB_334.jpg,brri_rice_disease_pest,Rice Blast,rice_blast,,train,False
data\raw\brri_rice_disease_pest\Rice Blast\RB_335.jpg,brri_rice_disease_pest,Rice Blast,rice_blast,,train,False
data\raw\brri_rice_disease_pest\Rice Blast\RB_336.jpg,brri_rice_disease_pest,Rice Blast,rice_blast,,train,False
data\raw\brri_rice_disease_pest\Rice Blast\RB_337.jpg,brri_rice_disease_pest,Rice Blast,rice_blast,,train,False
data\raw\brri_rice_disease_pest\Rice Blast\RB_338.jpg,brri_rice_disease_pest,Rice Blast,rice_blast,,train,False
data\raw\brri_rice_disease_pest\Rice Blast\RB_339.jpg,brri_rice_disease_pest,Rice Blast,rice_blast,,train,False
data\raw\brri_rice_disease_pest\Rice Blast\RB_34.jpg,brri_rice_disease_pest,Rice Blast,rice_blast,,val,False
data\raw\brri_rice_disease_pest\Rice Blast\RB_340.jpg,brri_rice_disease_pest,Rice Blast,rice_blast,,train,False
data\raw\brri_rice_disease_pest\Rice Blast\RB_341.jpg,brri_rice_disease_pest,Rice Blast,rice_blast,,test,False
data\raw\brri_rice_disease_pest\Rice Blast\RB_342.jpg,brri_rice_disease_pest,Rice Blast,rice_blast,,test,False
data\raw\brri_rice_disease_pest\Rice Blast\RB_343.jpg,brri_rice_disease_pest,Rice Blast,rice_blast,,train,False
data\raw\brri_rice_disease_pest\Rice Blast\RB_344.jpg,brri_rice_disease_pest,Rice Blast,rice_blast,,train,False
data\raw\brri_rice_disease_pest\Rice Blast\RB_345.jpg,brri_rice_disease_pest,Rice Blast,rice_blast,,test,False
data\raw\brri_rice_disease_pest\Rice Blast\RB_346.jpg,brri_rice_disease_pest,Rice Blast,rice_blast,,train,False
data\raw\brri_rice_disease_pest\Rice Blast\RB_347.jpg,brri_rice_disease_pest,Rice Blast,rice_blast,,train,False
data\raw\brri_rice_disease_pest\Rice Blast\RB_348.jpg,brri_rice_disease_pest,Rice Blast,rice_blast,,test,False
data\raw\brri_rice_disease_pest\Rice Blast\RB_349.jpg,brri_rice_disease_pest,Rice Blast,rice_blast,,train,False
data\raw\brri_rice_disease_pest\Rice Blast\RB_35.jpg,brri_rice_disease_pest,Rice Blast,rice_blast,,train,False
data\raw\brri_rice_disease_pest\Rice Blast\RB_350.jpg,brri_rice_disease_pest,Rice Blast,rice_blast,,val,False
data\raw\brri_rice_disease_pest\Rice Blast\RB_351.jpg,brri_rice_disease_pest,Rice Blast,rice_blast,,train,False
data\raw\brri_rice_disease_pest\Rice Blast\RB_352.jpg,brri_rice_disease_pest,Rice Blast,rice_blast,,train,False
data\raw\brri_rice_disease_pest\Rice Blast\RB_353.jpg,brri_rice_disease_pest,Rice Blast,rice_blast,,val,False
data\raw\brri_rice_disease_pest\Rice Blast\RB_354.jpg,brri_rice_disease_pest,Rice Blast,rice_blast,,train,False
data\raw\brri_rice_disease_pest\Rice Blast\RB_355.jpg,brri_rice_disease_pest,Rice Blast,rice_blast,,train,False
data\raw\brri_rice_disease_pest\Rice Blast\RB_356.jpg,brri_rice_disease_pest,Rice Blast,rice_blast,,train,False
data\raw\brri_rice_disease_pest\Rice Blast\RB_357.jpg,brri_rice_disease_pest,Rice Blast,rice_blast,,train,False
data\raw\brri_rice_disease_pest\Rice Blast\RB_358.jpg,brri_rice_disease_pest,Rice Blast,rice_blast,,train,False
data\raw\brri_rice_disease_pest\Rice Blast\RB_359.jpg,brri_rice_disease_pest,Rice Blast,rice_blast,,test,False
data\raw\brri_rice_disease_pest\Rice Blast\RB_36.jpg,brri_rice_disease_pest,Rice Blast,rice_blast,,train,False
data\raw\brri_rice_disease_pest\Rice Blast\RB_360.jpg,brri_rice_disease_pest,Rice Blast,rice_blast,,train,False
data\raw\brri_rice_disease_pest\Rice Blast\RB_361.jpg,brri_rice_disease_pest,Rice Blast,rice_blast,,train,False
data\raw\brri_rice_disease_pest\Rice Blast\RB_362.jpg,brri_rice_disease_pest,Rice Blast,rice_blast,,train,False
data\raw\brri_rice_disease_pest\Rice Blast\RB_363.jpg,brri_rice_disease_pest,Rice Blast,rice_blast,,val,False
data\raw\brri_rice_disease_pest\Rice Blast\RB_364.jpg,brri_rice_disease_pest,Rice Blast,rice_blast,,train,False
data\raw\brri_rice_disease_pest\Rice Blast\RB_365.jpg,brri_rice_disease_pest,Rice Blast,rice_blast,,test,False
data\raw\brri_rice_disease_pest\Rice Blast\RB_366.jpg,brri_rice_disease_pest,Rice Blast,rice_blast,,train,False
data\raw\brri_rice_disease_pest\Rice Blast\RB_367.jpg,brri_rice_disease_pest,Rice Blast,rice_blast,,train,False
data\raw\brri_rice_disease_pest\Rice Blast\RB_368.jpg,brri_rice_disease_pest,Rice Blast,rice_blast,,train,False
data\raw\brri_rice_disease_pest\Rice Blast\RB_369.jpg,brri_rice_disease_pest,Rice Blast,rice_blast,,train,False
data\raw\brri_rice_disease_pest\Rice Blast\RB_37.jpg,brri_rice_disease_pest,Rice Blast,rice_blast,,train,False
data\raw\brri_rice_disease_pest\Rice Blast\RB_370.jpg,brri_rice_disease_pest,Rice Blast,rice_blast,,train,False
data\raw\brri_rice_disease_pest\Rice Blast\RB_371.jpg,brri_rice_disease_pest,Rice Blast,rice_blast,,train,False
data\raw\brri_rice_disease_pest\Rice Blast\RB_372.jpg,brri_rice_disease_pest,Rice Blast,rice_blast,,train,False
data\raw\brri_rice_disease_pest\Rice Blast\RB_373.jpg,brri_rice_disease_pest,Rice Blast,rice_blast,,train,False
data\raw\brri_rice_disease_pest\Rice Blast\RB_374.jpg,brri_rice_disease_pest,Rice Blast,rice_blast,,train,False
data\raw\brri_rice_disease_pest\Rice Blast\RB_375.jpg,brri_rice_disease_pest,Rice Blast,rice_blast,,train,False
data\raw\brri_rice_disease_pest\Rice Blast\RB_376.jpg,brri_rice_disease_pest,Rice Blast,rice_blast,,train,False
data\raw\brri_rice_disease_pest\Rice Blast\RB_377.jpg,brri_rice_disease_pest,Rice Blast,rice_blast,,test,False
data\raw\brri_rice_disease_pest\Rice Blast\RB_378.jpg,brri_rice_disease_pest,Rice Blast,rice_blast,,train,False
data\raw\brri_rice_disease_pest\Rice Blast\RB_379.jpg,brri_rice_disease_pest,Rice Blast,rice_blast,,train,False
data\raw\brri_rice_disease_pest\Rice Blast\RB_38.jpg,brri_rice_disease_pest,Rice Blast,rice_blast,,train,False
data\raw\brri_rice_disease_pest\Rice Blast\RB_380.jpg,brri_rice_disease_pest,Rice Blast,rice_blast,,train,False
data\raw\brri_rice_disease_pest\Rice Blast\RB_381.jpg,brri_rice_disease_pest,Rice Blast,rice_blast,,test,False
data\raw\brri_rice_disease_pest\Rice Blast\RB_382.jpg,brri_rice_disease_pest,Rice Blast,rice_blast,,train,False
data\raw\brri_rice_disease_pest\Rice Blast\RB_383.jpg,brri_rice_disease_pest,Rice Blast,rice_blast,,test,False
data\raw\brri_rice_disease_pest\Rice Blast\RB_384.jpg,brri_rice_disease_pest,Rice Blast,rice_blast,,train,False
data\raw\brri_rice_disease_pest\Rice Blast\RB_385.jpg,brri_rice_disease_pest,Rice Blast,rice_blast,,val,False
data\raw\brri_rice_disease_pest\Rice Blast\RB_386.jpg,brri_rice_disease_pest,Rice Blast,rice_blast,,train,False
data\raw\brri_rice_disease_pest\Rice Blast\RB_387.jpg,brri_rice_disease_pest,Rice Blast,rice_blast,,train,False
data\raw\brri_rice_disease_pest\Rice Blast\RB_388.jpg,brri_rice_disease_pest,Rice Blast,rice_blast,,train,False
data\raw\brri_rice_disease_pest\Rice Blast\RB_389.jpg,brri_rice_disease_pest,Rice Blast,rice_blast,,train,False
data\raw\brri_rice_disease_pest\Rice Blast\RB_39.jpg,brri_rice_disease_pest,Rice Blast,rice_blast,,train,False
data\raw\brri_rice_disease_pest\Rice Blast\RB_390.jpg,brri_rice_disease_pest,Rice Blast,rice_blast,,train,False
data\raw\brri_rice_disease_pest\Rice Blast\RB_391.jpg,brri_rice_disease_pest,Rice Blast,rice_blast,,val,False
data\raw\brri_rice_disease_pest\Rice Blast\RB_392.jpg,brri_rice_disease_pest,Rice Blast,rice_blast,,val,False
data\raw\brri_rice_disease_pest\Rice Blast\RB_393.jpg,brri_rice_disease_pest,Rice Blast,rice_blast,,train,False
data\raw\brri_rice_disease_pest\Rice Blast\RB_394.jpg,brri_rice_disease_pest,Rice Blast,rice_blast,,train,False
data\raw\brri_rice_disease_pest\Rice Blast\RB_395.jpg,brri_rice_disease_pest,Rice Blast,rice_blast,,train,False
data\raw\brri_rice_disease_pest\Rice Blast\RB_396.jpg,brri_rice_disease_pest,Rice Blast,rice_blast,,train,False
data\raw\brri_rice_disease_pest\Rice Blast\RB_397.jpg,brri_rice_disease_pest,Rice Blast,rice_blast,,test,False
data\raw\brri_rice_disease_pest\Rice Blast\RB_398.jpg,brri_rice_disease_pest,Rice Blast,rice_blast,,train,False
data\raw\brri_rice_disease_pest\Rice Blast\RB_399.jpg,brri_rice_disease_pest,Rice Blast,rice_blast,,train,False
data\raw\brri_rice_disease_pest\Rice Blast\RB_4.jpg,brri_rice_disease_pest,Rice Blast,rice_blast,,train,False
data\raw\brri_rice_disease_pest\Rice Blast\RB_40.jpg,brri_rice_disease_pest,Rice Blast,rice_blast,,train,False
data\raw\brri_rice_disease_pest\Rice Blast\RB_400.jpg,brri_rice_disease_pest,Rice Blast,rice_blast,,train,False
data\raw\brri_rice_disease_pest\Rice Blast\RB_401.jpg,brri_rice_disease_pest,Rice Blast,rice_blast,,train,False
data\raw\brri_rice_disease_pest\Rice Blast\RB_402.jpg,brri_rice_disease_pest,Rice Blast,rice_blast,,test,False
data\raw\brri_rice_disease_pest\Rice Blast\RB_403.jpg,brri_rice_disease_pest,Rice Blast,rice_blast,,train,False
data\raw\brri_rice_disease_pest\Rice Blast\RB_404.jpg,brri_rice_disease_pest,Rice Blast,rice_blast,,test,False
data\raw\brri_rice_disease_pest\Rice Blast\RB_405.jpg,brri_rice_disease_pest,Rice Blast,rice_blast,,train,False
data\raw\brri_rice_disease_pest\Rice Blast\RB_406.jpg,brri_rice_disease_pest,Rice Blast,rice_blast,,train,False
data\raw\brri_rice_disease_pest\Rice Blast\RB_407.jpg,brri_rice_disease_pest,Rice Blast,rice_blast,,train,False
data\raw\brri_rice_disease_pest\Rice Blast\RB_408.jpg,brri_rice_disease_pest,Rice Blast,rice_blast,,test,False
data\raw\brri_rice_disease_pest\Rice Blast\RB_409.jpg,brri_rice_disease_pest,Rice Blast,rice_blast,,train,False
data\raw\brri_rice_disease_pest\Rice Blast\RB_41.jpg,brri_rice_disease_pest,Rice Blast,rice_blast,,test,False
data\raw\brri_rice_disease_pest\Rice Blast\RB_410.jpg,brri_rice_disease_pest,Rice Blast,rice_blast,,train,False
data\raw\brri_rice_disease_pest\Rice Blast\RB_411.jpg,brri_rice_disease_pest,Rice Blast,rice_blast,,val,False
data\raw\brri_rice_disease_pest\Rice Blast\RB_412.jpg,brri_rice_disease_pest,Rice Blast,rice_blast,,val,False
data\raw\brri_rice_disease_pest\Rice Blast\RB_413.jpg,brri_rice_disease_pest,Rice Blast,rice_blast,,train,False
data\raw\brri_rice_disease_pest\Rice Blast\RB_414.jpg,brri_rice_disease_pest,Rice Blast,rice_blast,,train,False
data\raw\brri_rice_disease_pest\Rice Blast\RB_415.jpg,brri_rice_disease_pest,Rice Blast,rice_blast,,train,False
data\raw\brri_rice_disease_pest\Rice Blast\RB_416.jpg,brri_rice_disease_pest,Rice Blast,rice_blast,,train,False
data\raw\brri_rice_disease_pest\Rice Blast\RB_417.jpg,brri_rice_disease_pest,Rice Blast,rice_blast,,train,False
data\raw\brri_rice_disease_pest\Rice Blast\RB_418.jpg,brri_rice_disease_pest,Rice Blast,rice_blast,,train,False
data\raw\brri_rice_disease_pest\Rice Blast\RB_419.jpg,brri_rice_disease_pest,Rice Blast,rice_blast,,train,False
data\raw\brri_rice_disease_pest\Rice Blast\RB_42.jpg,brri_rice_disease_pest,Rice Blast,rice_blast,,train,False
data\raw\brri_rice_disease_pest\Rice Blast\RB_420.jpg,brri_rice_disease_pest,Rice Blast,rice_blast,,train,False
data\raw\brri_rice_disease_pest\Rice Blast\RB_421.jpg,brri_rice_disease_pest,Rice Blast,rice_blast,,val,False
data\raw\brri_rice_disease_pest\Rice Blast\RB_422.jpg,brri_rice_disease_pest,Rice Blast,rice_blast,,train,False
data\raw\brri_rice_disease_pest\Rice Blast\RB_423.jpg,brri_rice_disease_pest,Rice Blast,rice_blast,,train,False
data\raw\brri_rice_disease_pest\Rice Blast\RB_424.jpg,brri_rice_disease_pest,Rice Blast,rice_blast,,train,False
data\raw\brri_rice_disease_pest\Rice Blast\RB_425.jpg,brri_rice_disease_pest,Rice Blast,rice_blast,,train,False
data\raw\brri_rice_disease_pest\Rice Blast\RB_426.jpg,brri_rice_disease_pest,Rice Blast,rice_blast,,train,False
data\raw\brri_rice_disease_pest\Rice Blast\RB_427.jpg,brri_rice_disease_pest,Rice Blast,rice_blast,,train,False
data\raw\brri_rice_disease_pest\Rice Blast\RB_428.jpg,brri_rice_disease_pest,Rice Blast,rice_blast,,train,False
data\raw\brri_rice_disease_pest\Rice Blast\RB_429.jpg,brri_rice_disease_pest,Rice Blast,rice_blast,,test,False
data\raw\brri_rice_disease_pest\Rice Blast\RB_43.jpg,brri_rice_disease_pest,Rice Blast,rice_blast,,train,False
data\raw\brri_rice_disease_pest\Rice Blast\RB_430.jpg,brri_rice_disease_pest,Rice Blast,rice_blast,,train,False
data\raw\brri_rice_disease_pest\Rice Blast\RB_431.jpg,brri_rice_disease_pest,Rice Blast,rice_blast,,train,False
data\raw\brri_rice_disease_pest\Rice Blast\RB_432.jpg,brri_rice_disease_pest,Rice Blast,rice_blast,,train,False
data\raw\brri_rice_disease_pest\Rice Blast\RB_433.jpg,brri_rice_disease_pest,Rice Blast,rice_blast,,val,False
data\raw\brri_rice_disease_pest\Rice Blast\RB_434.jpg,brri_rice_disease_pest,Rice Blast,rice_blast,,test,False
data\raw\brri_rice_disease_pest\Rice Blast\RB_435.jpg,brri_rice_disease_pest,Rice Blast,rice_blast,,val,False
data\raw\brri_rice_disease_pest\Rice Blast\RB_436.jpg,brri_rice_disease_pest,Rice Blast,rice_blast,,train,False
data\raw\brri_rice_disease_pest\Rice Blast\RB_437.jpg,brri_rice_disease_pest,Rice Blast,rice_blast,,train,False
data\raw\brri_rice_disease_pest\Rice Blast\RB_438.jpg,brri_rice_disease_pest,Rice Blast,rice_blast,,val,False
data\raw\brri_rice_disease_pest\Rice Blast\RB_439.jpg,brri_rice_disease_pest,Rice Blast,rice_blast,,train,False
data\raw\brri_rice_disease_pest\Rice Blast\RB_44.jpg,brri_rice_disease_pest,Rice Blast,rice_blast,,test,False
data\raw\brri_rice_disease_pest\Rice Blast\RB_440.jpg,brri_rice_disease_pest,Rice Blast,rice_blast,,test,False
data\raw\brri_rice_disease_pest\Rice Blast\RB_441.jpg,brri_rice_disease_pest,Rice Blast,rice_blast,,train,False
data\raw\brri_rice_disease_pest\Rice Blast\RB_442.jpg,brri_rice_disease_pest,Rice Blast,rice_blast,,train,False
data\raw\brri_rice_disease_pest\Rice Blast\RB_443.jpg,brri_rice_disease_pest,Rice Blast,rice_blast,,train,False
data\raw\brri_rice_disease_pest\Rice Blast\RB_444.jpg,brri_rice_disease_pest,Rice Blast,rice_blast,,train,False
data\raw\brri_rice_disease_pest\Rice Blast\RB_445.jpg,brri_rice_disease_pest,Rice Blast,rice_blast,,val,False
data\raw\brri_rice_disease_pest\Rice Blast\RB_446.jpg,brri_rice_disease_pest,Rice Blast,rice_blast,,test,False
data\raw\brri_rice_disease_pest\Rice Blast\RB_447.jpg,brri_rice_disease_pest,Rice Blast,rice_blast,,val,False
data\raw\brri_rice_disease_pest\Rice Blast\RB_448.jpg,brri_rice_disease_pest,Rice Blast,rice_blast,,test,False
data\raw\brri_rice_disease_pest\Rice Blast\RB_449.jpg,brri_rice_disease_pest,Rice Blast,rice_blast,,train,False
data\raw\brri_rice_disease_pest\Rice Blast\RB_45.jpg,brri_rice_disease_pest,Rice Blast,rice_blast,,test,False
data\raw\brri_rice_disease_pest\Rice Blast\RB_450.jpg,brri_rice_disease_pest,Rice Blast,rice_blast,,train,False
data\raw\brri_rice_disease_pest\Rice Blast\RB_451.jpg,brri_rice_disease_pest,Rice Blast,rice_blast,,test,False
data\raw\brri_rice_disease_pest\Rice Blast\RB_452.jpg,brri_rice_disease_pest,Rice Blast,rice_blast,,val,False
data\raw\brri_rice_disease_pest\Rice Blast\RB_453.jpg,brri_rice_disease_pest,Rice Blast,rice_blast,,train,False
data\raw\brri_rice_disease_pest\Rice Blast\RB_454.jpg,brri_rice_disease_pest,Rice Blast,rice_blast,,val,False
data\raw\brri_rice_disease_pest\Rice Blast\RB_455.jpg,brri_rice_disease_pest,Rice Blast,rice_blast,,train,False
data\raw\brri_rice_disease_pest\Rice Blast\RB_456.jpg,brri_rice_disease_pest,Rice Blast,rice_blast,,train,False
data\raw\brri_rice_disease_pest\Rice Blast\RB_457.jpg,brri_rice_disease_pest,Rice Blast,rice_blast,,val,False
data\raw\brri_rice_disease_pest\Rice Blast\RB_458.jpg,brri_rice_disease_pest,Rice Blast,rice_blast,,train,False
data\raw\brri_rice_disease_pest\Rice Blast\RB_459.jpg,brri_rice_disease_pest,Rice Blast,rice_blast,,train,False
data\raw\brri_rice_disease_pest\Rice Blast\RB_46.jpg,brri_rice_disease_pest,Rice Blast,rice_blast,,val,False
data\raw\brri_rice_disease_pest\Rice Blast\RB_460.jpg,brri_rice_disease_pest,Rice Blast,rice_blast,,test,False
data\raw\brri_rice_disease_pest\Rice Blast\RB_461.jpg,brri_rice_disease_pest,Rice Blast,rice_blast,,val,False
data\raw\brri_rice_disease_pest\Rice Blast\RB_462.jpg,brri_rice_disease_pest,Rice Blast,rice_blast,,train,False
data\raw\brri_rice_disease_pest\Rice Blast\RB_463.jpg,brri_rice_disease_pest,Rice Blast,rice_blast,,train,False
data\raw\brri_rice_disease_pest\Rice Blast\RB_464.jpg,brri_rice_disease_pest,Rice Blast,rice_blast,,train,False
data\raw\brri_rice_disease_pest\Rice Blast\RB_465.jpg,brri_rice_disease_pest,Rice Blast,rice_blast,,val,False
data\raw\brri_rice_disease_pest\Rice Blast\RB_466.jpg,brri_rice_disease_pest,Rice Blast,rice_blast,,train,False
data\raw\brri_rice_disease_pest\Rice Blast\RB_467.jpg,brri_rice_disease_pest,Rice Blast,rice_blast,,train,False
data\raw\brri_rice_disease_pest\Rice Blast\RB_468.jpg,brri_rice_disease_pest,Rice Blast,rice_blast,,train,False
data\raw\brri_rice_disease_pest\Rice Blast\RB_469.jpg,brri_rice_disease_pest,Rice Blast,rice_blast,,val,False
data\raw\brri_rice_disease_pest\Rice Blast\RB_47.jpg,brri_rice_disease_pest,Rice Blast,rice_blast,,train,False
data\raw\brri_rice_disease_pest\Rice Blast\RB_470.jpg,brri_rice_disease_pest,Rice Blast,rice_blast,,train,False
data\raw\brri_rice_disease_pest\Rice Blast\RB_471.jpg,brri_rice_disease_pest,Rice Blast,rice_blast,,test,False
data\raw\brri_rice_disease_pest\Rice Blast\RB_472.jpg,brri_rice_disease_pest,Rice Blast,rice_blast,,train,False
data\raw\brri_rice_disease_pest\Rice Blast\RB_473.jpg,brri_rice_disease_pest,Rice Blast,rice_blast,,val,False
data\raw\brri_rice_disease_pest\Rice Blast\RB_474.jpg,brri_rice_disease_pest,Rice Blast,rice_blast,,train,False
data\raw\brri_rice_disease_pest\Rice Blast\RB_475.jpg,brri_rice_disease_pest,Rice Blast,rice_blast,,train,False
data\raw\brri_rice_disease_pest\Rice Blast\RB_476.jpg,brri_rice_disease_pest,Rice Blast,rice_blast,,test,False
data\raw\brri_rice_disease_pest\Rice Blast\RB_477.jpg,brri_rice_disease_pest,Rice Blast,rice_blast,,val,False
data\raw\brri_rice_disease_pest\Rice Blast\RB_478.jpg,brri_rice_disease_pest,Rice Blast,rice_blast,,train,False
data\raw\brri_rice_disease_pest\Rice Blast\RB_479.jpg,brri_rice_disease_pest,Rice Blast,rice_blast,,train,False
data\raw\brri_rice_disease_pest\Rice Blast\RB_48.jpg,brri_rice_disease_pest,Rice Blast,rice_blast,,train,False
data\raw\brri_rice_disease_pest\Rice Blast\RB_480.jpg,brri_rice_disease_pest,Rice Blast,rice_blast,,train,False
data\raw\brri_rice_disease_pest\Rice Blast\RB_481.jpg,brri_rice_disease_pest,Rice Blast,rice_blast,,train,False
data\raw\brri_rice_disease_pest\Rice Blast\RB_482.jpg,brri_rice_disease_pest,Rice Blast,rice_blast,,train,False
data\raw\brri_rice_disease_pest\Rice Blast\RB_483.jpg,brri_rice_disease_pest,Rice Blast,rice_blast,,train,False
data\raw\brri_rice_disease_pest\Rice Blast\RB_484.jpg,brri_rice_disease_pest,Rice Blast,rice_blast,,test,False
data\raw\brri_rice_disease_pest\Rice Blast\RB_485.jpg,brri_rice_disease_pest,Rice Blast,rice_blast,,train,False
data\raw\brri_rice_disease_pest\Rice Blast\RB_486.jpg,brri_rice_disease_pest,Rice Blast,rice_blast,,train,False
data\raw\brri_rice_disease_pest\Rice Blast\RB_487.jpg,brri_rice_disease_pest,Rice Blast,rice_blast,,train,False
data\raw\brri_rice_disease_pest\Rice Blast\RB_488.jpg,brri_rice_disease_pest,Rice Blast,rice_blast,,train,False
data\raw\brri_rice_disease_pest\Rice Blast\RB_489.jpg,brri_rice_disease_pest,Rice Blast,rice_blast,,train,False
data\raw\brri_rice_disease_pest\Rice Blast\RB_49.jpg,brri_rice_disease_pest,Rice Blast,rice_blast,,train,False
data\raw\brri_rice_disease_pest\Rice Blast\RB_490.jpg,brri_rice_disease_pest,Rice Blast,rice_blast,,train,False
data\raw\brri_rice_disease_pest\Rice Blast\RB_491.jpg,brri_rice_disease_pest,Rice Blast,rice_blast,,test,False
data\raw\brri_rice_disease_pest\Rice Blast\RB_492.jpg,brri_rice_disease_pest,Rice Blast,rice_blast,,train,False
data\raw\brri_rice_disease_pest\Rice Blast\RB_493.jpg,brri_rice_disease_pest,Rice Blast,rice_blast,,train,False
data\raw\brri_rice_disease_pest\Rice Blast\RB_494.jpg,brri_rice_disease_pest,Rice Blast,rice_blast,,val,False
data\raw\brri_rice_disease_pest\Rice Blast\RB_495.jpg,brri_rice_disease_pest,Rice Blast,rice_blast,,train,False
data\raw\brri_rice_disease_pest\Rice Blast\RB_496.jpg,brri_rice_disease_pest,Rice Blast,rice_blast,,train,False
data\raw\brri_rice_disease_pest\Rice Blast\RB_497.jpg,brri_rice_disease_pest,Rice Blast,rice_blast,,val,False
data\raw\brri_rice_disease_pest\Rice Blast\RB_498.jpg,brri_rice_disease_pest,Rice Blast,rice_blast,,val,False
data\raw\brri_rice_disease_pest\Rice Blast\RB_499.jpg,brri_rice_disease_pest,Rice Blast,rice_blast,,train,False
data\raw\brri_rice_disease_pest\Rice Blast\RB_5.jpg,brri_rice_disease_pest,Rice Blast,rice_blast,,train,False
data\raw\brri_rice_disease_pest\Rice Blast\RB_50.jpg,brri_rice_disease_pest,Rice Blast,rice_blast,,train,False
data\raw\brri_rice_disease_pest\Rice Blast\RB_500.jpg,brri_rice_disease_pest,Rice Blast,rice_blast,,train,False
data\raw\brri_rice_disease_pest\Rice Blast\RB_501.jpg,brri_rice_disease_pest,Rice Blast,rice_blast,,train,False
data\raw\brri_rice_disease_pest\Rice Blast\RB_502.jpg,brri_rice_disease_pest,Rice Blast,rice_blast,,train,False
data\raw\brri_rice_disease_pest\Rice Blast\RB_503.jpg,brri_rice_disease_pest,Rice Blast,rice_blast,,train,False
data\raw\brri_rice_disease_pest\Rice Blast\RB_504.jpg,brri_rice_disease_pest,Rice Blast,rice_blast,,train,False
data\raw\brri_rice_disease_pest\Rice Blast\RB_505.jpg,brri_rice_disease_pest,Rice Blast,rice_blast,,train,False
data\raw\brri_rice_disease_pest\Rice Blast\RB_506.jpg,brri_rice_disease_pest,Rice Blast,rice_blast,,train,False
data\raw\brri_rice_disease_pest\Rice Blast\RB_507.jpg,brri_rice_disease_pest,Rice Blast,rice_blast,,train,False
data\raw\brri_rice_disease_pest\Rice Blast\RB_508.jpg,brri_rice_disease_pest,Rice Blast,rice_blast,,test,False
data\raw\brri_rice_disease_pest\Rice Blast\RB_509.jpg,brri_rice_disease_pest,Rice Blast,rice_blast,,test,False
data\raw\brri_rice_disease_pest\Rice Blast\RB_51.jpg,brri_rice_disease_pest,Rice Blast,rice_blast,,train,False
data\raw\brri_rice_disease_pest\Rice Blast\RB_510.jpg,brri_rice_disease_pest,Rice Blast,rice_blast,,train,False
data\raw\brri_rice_disease_pest\Rice Blast\RB_511.jpg,brri_rice_disease_pest,Rice Blast,rice_blast,,test,False
data\raw\brri_rice_disease_pest\Rice Blast\RB_512.jpg,brri_rice_disease_pest,Rice Blast,rice_blast,,test,False
data\raw\brri_rice_disease_pest\Rice Blast\RB_513.jpg,brri_rice_disease_pest,Rice Blast,rice_blast,,val,False
data\raw\brri_rice_disease_pest\Rice Blast\RB_514.jpg,brri_rice_disease_pest,Rice Blast,rice_blast,,test,False
data\raw\brri_rice_disease_pest\Rice Blast\RB_515.jpg,brri_rice_disease_pest,Rice Blast,rice_blast,,train,False
data\raw\brri_rice_disease_pest\Rice Blast\RB_516.jpg,brri_rice_disease_pest,Rice Blast,rice_blast,,val,False
data\raw\brri_rice_disease_pest\Rice Blast\RB_517.jpg,brri_rice_disease_pest,Rice Blast,rice_blast,,train,False
data\raw\brri_rice_disease_pest\Rice Blast\RB_518.jpg,brri_rice_disease_pest,Rice Blast,rice_blast,,train,False
data\raw\brri_rice_disease_pest\Rice Blast\RB_519.jpg,brri_rice_disease_pest,Rice Blast,rice_blast,,test,False
data\raw\brri_rice_disease_pest\Rice Blast\RB_52.jpg,brri_rice_disease_pest,Rice Blast,rice_blast,,train,False
data\raw\brri_rice_disease_pest\Rice Blast\RB_520.jpg,brri_rice_disease_pest,Rice Blast,rice_blast,,train,False
data\raw\brri_rice_disease_pest\Rice Blast\RB_521.jpg,brri_rice_disease_pest,Rice Blast,rice_blast,,val,False
data\raw\brri_rice_disease_pest\Rice Blast\RB_522.jpg,brri_rice_disease_pest,Rice Blast,rice_blast,,train,False
data\raw\brri_rice_disease_pest\Rice Blast\RB_523.jpg,brri_rice_disease_pest,Rice Blast,rice_blast,,test,False
data\raw\brri_rice_disease_pest\Rice Blast\RB_524.jpg,brri_rice_disease_pest,Rice Blast,rice_blast,,val,False
data\raw\brri_rice_disease_pest\Rice Blast\RB_525.jpg,brri_rice_disease_pest,Rice Blast,rice_blast,,train,False
data\raw\brri_rice_disease_pest\Rice Blast\RB_526.jpg,brri_rice_disease_pest,Rice Blast,rice_blast,,test,False
data\raw\brri_rice_disease_pest\Rice Blast\RB_527.jpg,brri_rice_disease_pest,Rice Blast,rice_blast,,test,False
data\raw\brri_rice_disease_pest\Rice Blast\RB_528.jpg,brri_rice_disease_pest,Rice Blast,rice_blast,,test,False
data\raw\brri_rice_disease_pest\Rice Blast\RB_529.jpg,brri_rice_disease_pest,Rice Blast,rice_blast,,train,False
data\raw\brri_rice_disease_pest\Rice Blast\RB_53.jpg,brri_rice_disease_pest,Rice Blast,rice_blast,,train,False
data\raw\brri_rice_disease_pest\Rice Blast\RB_530.jpg,brri_rice_disease_pest,Rice Blast,rice_blast,,train,False
data\raw\brri_rice_disease_pest\Rice Blast\RB_531.jpg,brri_rice_disease_pest,Rice Blast,rice_blast,,train,False
data\raw\brri_rice_disease_pest\Rice Blast\RB_532.jpg,brri_rice_disease_pest,Rice Blast,rice_blast,,train,False
data\raw\brri_rice_disease_pest\Rice Blast\RB_533.jpg,brri_rice_disease_pest,Rice Blast,rice_blast,,train,False
data\raw\brri_rice_disease_pest\Rice Blast\RB_534.jpg,brri_rice_disease_pest,Rice Blast,rice_blast,,train,False
data\raw\brri_rice_disease_pest\Rice Blast\RB_535.jpg,brri_rice_disease_pest,Rice Blast,rice_blast,,test,False
data\raw\brri_rice_disease_pest\Rice Blast\RB_536.jpg,brri_rice_disease_pest,Rice Blast,rice_blast,,train,False
data\raw\brri_rice_disease_pest\Rice Blast\RB_537.jpg,brri_rice_disease_pest,Rice Blast,rice_blast,,train,False
data\raw\brri_rice_disease_pest\Rice Blast\RB_538.jpg,brri_rice_disease_pest,Rice Blast,rice_blast,,train,False
data\raw\brri_rice_disease_pest\Rice Blast\RB_539.jpg,brri_rice_disease_pest,Rice Blast,rice_blast,,train,False
data\raw\brri_rice_disease_pest\Rice Blast\RB_54.jpg,brri_rice_disease_pest,Rice Blast,rice_blast,,test,False
data\raw\brri_rice_disease_pest\Rice Blast\RB_540.jpg,brri_rice_disease_pest,Rice Blast,rice_blast,,train,False
data\raw\brri_rice_disease_pest\Rice Blast\RB_541.jpg,brri_rice_disease_pest,Rice Blast,rice_blast,,test,False
data\raw\brri_rice_disease_pest\Rice Blast\RB_542.jpg,brri_rice_disease_pest,Rice Blast,rice_blast,,test,False
data\raw\brri_rice_disease_pest\Rice Blast\RB_543.jpg,brri_rice_disease_pest,Rice Blast,rice_blast,,train,False
data\raw\brri_rice_disease_pest\Rice Blast\RB_544.jpg,brri_rice_disease_pest,Rice Blast,rice_blast,,train,False
data\raw\brri_rice_disease_pest\Rice Blast\RB_545.jpg,brri_rice_disease_pest,Rice Blast,rice_blast,,train,False
data\raw\brri_rice_disease_pest\Rice Blast\RB_546.jpg,brri_rice_disease_pest,Rice Blast,rice_blast,,val,False
data\raw\brri_rice_disease_pest\Rice Blast\RB_547.jpg,brri_rice_disease_pest,Rice Blast,rice_blast,,train,False
data\raw\brri_rice_disease_pest\Rice Blast\RB_548.jpg,brri_rice_disease_pest,Rice Blast,rice_blast,,test,False
data\raw\brri_rice_disease_pest\Rice Blast\RB_549.jpg,brri_rice_disease_pest,Rice Blast,rice_blast,,train,False
data\raw\brri_rice_disease_pest\Rice Blast\RB_55.jpg,brri_rice_disease_pest,Rice Blast,rice_blast,,train,False
data\raw\brri_rice_disease_pest\Rice Blast\RB_550.jpg,brri_rice_disease_pest,Rice Blast,rice_blast,,train,False
data\raw\brri_rice_disease_pest\Rice Blast\RB_551.jpg,brri_rice_disease_pest,Rice Blast,rice_blast,,val,False
data\raw\brri_rice_disease_pest\Rice Blast\RB_552.jpg,brri_rice_disease_pest,Rice Blast,rice_blast,,train,False
data\raw\brri_rice_disease_pest\Rice Blast\RB_553.jpg,brri_rice_disease_pest,Rice Blast,rice_blast,,test,False
data\raw\brri_rice_disease_pest\Rice Blast\RB_554.jpg,brri_rice_disease_pest,Rice Blast,rice_blast,,val,False
data\raw\brri_rice_disease_pest\Rice Blast\RB_555.jpg,brri_rice_disease_pest,Rice Blast,rice_blast,,train,False
data\raw\brri_rice_disease_pest\Rice Blast\RB_556.jpg,brri_rice_disease_pest,Rice Blast,rice_blast,,train,False
data\raw\brri_rice_disease_pest\Rice Blast\RB_557.jpg,brri_rice_disease_pest,Rice Blast,rice_blast,,test,False
data\raw\brri_rice_disease_pest\Rice Blast\RB_558.jpg,brri_rice_disease_pest,Rice Blast,rice_blast,,val,False
data\raw\brri_rice_disease_pest\Rice Blast\RB_559.jpg,brri_rice_disease_pest,Rice Blast,rice_blast,,test,False
data\raw\brri_rice_disease_pest\Rice Blast\RB_56.jpg,brri_rice_disease_pest,Rice Blast,rice_blast,,train,False
data\raw\brri_rice_disease_pest\Rice Blast\RB_560.jpg,brri_rice_disease_pest,Rice Blast,rice_blast,,train,False
data\raw\brri_rice_disease_pest\Rice Blast\RB_561.jpg,brri_rice_disease_pest,Rice Blast,rice_blast,,train,False
data\raw\brri_rice_disease_pest\Rice Blast\RB_562.jpg,brri_rice_disease_pest,Rice Blast,rice_blast,,train,False
data\raw\brri_rice_disease_pest\Rice Blast\RB_563.jpg,brri_rice_disease_pest,Rice Blast,rice_blast,,train,False
data\raw\brri_rice_disease_pest\Rice Blast\RB_564.jpg,brri_rice_disease_pest,Rice Blast,rice_blast,,train,False
data\raw\brri_rice_disease_pest\Rice Blast\RB_565.jpg,brri_rice_disease_pest,Rice Blast,rice_blast,,train,False
data\raw\brri_rice_disease_pest\Rice Blast\RB_566.jpg,brri_rice_disease_pest,Rice Blast,rice_blast,,train,False
data\raw\brri_rice_disease_pest\Rice Blast\RB_567.jpg,brri_rice_disease_pest,Rice Blast,rice_blast,,train,False
data\raw\brri_rice_disease_pest\Rice Blast\RB_568.jpg,brri_rice_disease_pest,Rice Blast,rice_blast,,test,False
data\raw\brri_rice_disease_pest\Rice Blast\RB_569.jpg,brri_rice_disease_pest,Rice Blast,rice_blast,,train,False
data\raw\brri_rice_disease_pest\Rice Blast\RB_57.jpg,brri_rice_disease_pest,Rice Blast,rice_blast,,train,False
data\raw\brri_rice_disease_pest\Rice Blast\RB_570.jpg,brri_rice_disease_pest,Rice Blast,rice_blast,,train,False
data\raw\brri_rice_disease_pest\Rice Blast\RB_571.jpg,brri_rice_disease_pest,Rice Blast,rice_blast,,val,False
data\raw\brri_rice_disease_pest\Rice Blast\RB_572.jpg,brri_rice_disease_pest,Rice Blast,rice_blast,,train,False
data\raw\brri_rice_disease_pest\Rice Blast\RB_573.jpg,brri_rice_disease_pest,Rice Blast,rice_blast,,train,False
data\raw\brri_rice_disease_pest\Rice Blast\RB_574.jpg,brri_rice_disease_pest,Rice Blast,rice_blast,,val,False
data\raw\brri_rice_disease_pest\Rice Blast\RB_575.jpg,brri_rice_disease_pest,Rice Blast,rice_blast,,train,False
data\raw\brri_rice_disease_pest\Rice Blast\RB_576.jpg,brri_rice_disease_pest,Rice Blast,rice_blast,,train,False
data\raw\brri_rice_disease_pest\Rice Blast\RB_577.jpg,brri_rice_disease_pest,Rice Blast,rice_blast,,train,False
data\raw\brri_rice_disease_pest\Rice Blast\RB_578.jpg,brri_rice_disease_pest,Rice Blast,rice_blast,,train,False
data\raw\brri_rice_disease_pest\Rice Blast\RB_579.jpg,brri_rice_disease_pest,Rice Blast,rice_blast,,train,False
data\raw\brri_rice_disease_pest\Rice Blast\RB_58.jpg,brri_rice_disease_pest,Rice Blast,rice_blast,,train,False
data\raw\brri_rice_disease_pest\Rice Blast\RB_580.jpg,brri_rice_disease_pest,Rice Blast,rice_blast,,val,False
data\raw\brri_rice_disease_pest\Rice Blast\RB_581.jpg,brri_rice_disease_pest,Rice Blast,rice_blast,,train,False
data\raw\brri_rice_disease_pest\Rice Blast\RB_582.jpg,brri_rice_disease_pest,Rice Blast,rice_blast,,train,False
data\raw\brri_rice_disease_pest\Rice Blast\RB_583.jpg,brri_rice_disease_pest,Rice Blast,rice_blast,,train,False
data\raw\brri_rice_disease_pest\Rice Blast\RB_584.jpg,brri_rice_disease_pest,Rice Blast,rice_blast,,train,False
data\raw\brri_rice_disease_pest\Rice Blast\RB_585.jpg,brri_rice_disease_pest,Rice Blast,rice_blast,,val,False
data\raw\brri_rice_disease_pest\Rice Blast\RB_586.jpg,brri_rice_disease_pest,Rice Blast,rice_blast,,val,False
data\raw\brri_rice_disease_pest\Rice Blast\RB_587.jpg,brri_rice_disease_pest,Rice Blast,rice_blast,,train,False
data\raw\brri_rice_disease_pest\Rice Blast\RB_588.jpg,brri_rice_disease_pest,Rice Blast,rice_blast,,train,False
data\raw\brri_rice_disease_pest\Rice Blast\RB_589.jpg,brri_rice_disease_pest,Rice Blast,rice_blast,,train,False
data\raw\brri_rice_disease_pest\Rice Blast\RB_59.jpg,brri_rice_disease_pest,Rice Blast,rice_blast,,val,False
data\raw\brri_rice_disease_pest\Rice Blast\RB_590.jpg,brri_rice_disease_pest,Rice Blast,rice_blast,,train,False
data\raw\brri_rice_disease_pest\Rice Blast\RB_591.jpg,brri_rice_disease_pest,Rice Blast,rice_blast,,val,False
data\raw\brri_rice_disease_pest\Rice Blast\RB_592.jpg,brri_rice_disease_pest,Rice Blast,rice_blast,,val,False
data\raw\brri_rice_disease_pest\Rice Blast\RB_593.jpg,brri_rice_disease_pest,Rice Blast,rice_blast,,val,False
data\raw\brri_rice_disease_pest\Rice Blast\RB_594.jpg,brri_rice_disease_pest,Rice Blast,rice_blast,,train,False
data\raw\brri_rice_disease_pest\Rice Blast\RB_595.jpg,brri_rice_disease_pest,Rice Blast,rice_blast,,train,False
data\raw\brri_rice_disease_pest\Rice Blast\RB_596.jpg,brri_rice_disease_pest,Rice Blast,rice_blast,,train,False
data\raw\brri_rice_disease_pest\Rice Blast\RB_597.jpg,brri_rice_disease_pest,Rice Blast,rice_blast,,train,False
data\raw\brri_rice_disease_pest\Rice Blast\RB_598.jpg,brri_rice_disease_pest,Rice Blast,rice_blast,,val,False
data\raw\brri_rice_disease_pest\Rice Blast\RB_599.jpg,brri_rice_disease_pest,Rice Blast,rice_blast,,train,False
data\raw\brri_rice_disease_pest\Rice Blast\RB_6.jpg,brri_rice_disease_pest,Rice Blast,rice_blast,,test,False
data\raw\brri_rice_disease_pest\Rice Blast\RB_60.jpg,brri_rice_disease_pest,Rice Blast,rice_blast,,val,False
data\raw\brri_rice_disease_pest\Rice Blast\RB_600.jpg,brri_rice_disease_pest,Rice Blast,rice_blast,,train,False
data\raw\brri_rice_disease_pest\Rice Blast\RB_601.jpg,brri_rice_disease_pest,Rice Blast,rice_blast,,train,False
data\raw\brri_rice_disease_pest\Rice Blast\RB_602.jpg,brri_rice_disease_pest,Rice Blast,rice_blast,,train,False
data\raw\brri_rice_disease_pest\Rice Blast\RB_603.jpg,brri_rice_disease_pest,Rice Blast,rice_blast,,test,False
data\raw\brri_rice_disease_pest\Rice Blast\RB_604.jpg,brri_rice_disease_pest,Rice Blast,rice_blast,,test,False
data\raw\brri_rice_disease_pest\Rice Blast\RB_605.jpg,brri_rice_disease_pest,Rice Blast,rice_blast,,test,False
data\raw\brri_rice_disease_pest\Rice Blast\RB_606.jpg,brri_rice_disease_pest,Rice Blast,rice_blast,,val,False
data\raw\brri_rice_disease_pest\Rice Blast\RB_607.jpg,brri_rice_disease_pest,Rice Blast,rice_blast,,test,False
data\raw\brri_rice_disease_pest\Rice Blast\RB_608.jpg,brri_rice_disease_pest,Rice Blast,rice_blast,,test,False
data\raw\brri_rice_disease_pest\Rice Blast\RB_609.jpg,brri_rice_disease_pest,Rice Blast,rice_blast,,test,False
data\raw\brri_rice_disease_pest\Rice Blast\RB_61.jpg,brri_rice_disease_pest,Rice Blast,rice_blast,,train,False
data\raw\brri_rice_disease_pest\Rice Blast\RB_610.jpg,brri_rice_disease_pest,Rice Blast,rice_blast,,train,False
data\raw\brri_rice_disease_pest\Rice Blast\RB_611.jpg,brri_rice_disease_pest,Rice Blast,rice_blast,,train,False
data\raw\brri_rice_disease_pest\Rice Blast\RB_612.jpg,brri_rice_disease_pest,Rice Blast,rice_blast,,train,False
data\raw\brri_rice_disease_pest\Rice Blast\RB_613.jpg,brri_rice_disease_pest,Rice Blast,rice_blast,,train,False
data\raw\brri_rice_disease_pest\Rice Blast\RB_614.jpg,brri_rice_disease_pest,Rice Blast,rice_blast,,train,False
data\raw\brri_rice_disease_pest\Rice Blast\RB_615.jpg,brri_rice_disease_pest,Rice Blast,rice_blast,,val,False
data\raw\brri_rice_disease_pest\Rice Blast\RB_616.jpg,brri_rice_disease_pest,Rice Blast,rice_blast,,train,False
data\raw\brri_rice_disease_pest\Rice Blast\RB_617.jpg,brri_rice_disease_pest,Rice Blast,rice_blast,,train,False
data\raw\brri_rice_disease_pest\Rice Blast\RB_618.jpg,brri_rice_disease_pest,Rice Blast,rice_blast,,train,False
data\raw\brri_rice_disease_pest\Rice Blast\RB_619.jpg,brri_rice_disease_pest,Rice Blast,rice_blast,,train,False
data\raw\brri_rice_disease_pest\Rice Blast\RB_62.jpg,brri_rice_disease_pest,Rice Blast,rice_blast,,train,False
data\raw\brri_rice_disease_pest\Rice Blast\RB_620.jpg,brri_rice_disease_pest,Rice Blast,rice_blast,,train,False
data\raw\brri_rice_disease_pest\Rice Blast\RB_621.jpg,brri_rice_disease_pest,Rice Blast,rice_blast,,train,False
data\raw\brri_rice_disease_pest\Rice Blast\RB_622.jpg,brri_rice_disease_pest,Rice Blast,rice_blast,,train,False
data\raw\brri_rice_disease_pest\Rice Blast\RB_623.jpg,brri_rice_disease_pest,Rice Blast,rice_blast,,train,False
data\raw\brri_rice_disease_pest\Rice Blast\RB_624.jpg,brri_rice_disease_pest,Rice Blast,rice_blast,,train,False
data\raw\brri_rice_disease_pest\Rice Blast\RB_625.jpg,brri_rice_disease_pest,Rice Blast,rice_blast,,train,False
data\raw\brri_rice_disease_pest\Rice Blast\RB_626.jpg,brri_rice_disease_pest,Rice Blast,rice_blast,,val,False
data\raw\brri_rice_disease_pest\Rice Blast\RB_627.jpg,brri_rice_disease_pest,Rice Blast,rice_blast,,val,False
data\raw\brri_rice_disease_pest\Rice Blast\RB_628.jpg,brri_rice_disease_pest,Rice Blast,rice_blast,,train,False
data\raw\brri_rice_disease_pest\Rice Blast\RB_629.jpg,brri_rice_disease_pest,Rice Blast,rice_blast,,train,False
data\raw\brri_rice_disease_pest\Rice Blast\RB_63.jpg,brri_rice_disease_pest,Rice Blast,rice_blast,,val,False
data\raw\brri_rice_disease_pest\Rice Blast\RB_630.jpg,brri_rice_disease_pest,Rice Blast,rice_blast,,train,False
data\raw\brri_rice_disease_pest\Rice Blast\RB_631.jpg,brri_rice_disease_pest,Rice Blast,rice_blast,,val,False
data\raw\brri_rice_disease_pest\Rice Blast\RB_632.jpg,brri_rice_disease_pest,Rice Blast,rice_blast,,test,False
data\raw\brri_rice_disease_pest\Rice Blast\RB_633.jpg,brri_rice_disease_pest,Rice Blast,rice_blast,,val,False
data\raw\brri_rice_disease_pest\Rice Blast\RB_634.jpg,brri_rice_disease_pest,Rice Blast,rice_blast,,train,False
data\raw\brri_rice_disease_pest\Rice Blast\RB_635.jpg,brri_rice_disease_pest,Rice Blast,rice_blast,,train,False
data\raw\brri_rice_disease_pest\Rice Blast\RB_636.jpg,brri_rice_disease_pest,Rice Blast,rice_blast,,train,False
data\raw\brri_rice_disease_pest\Rice Blast\RB_637.jpg,brri_rice_disease_pest,Rice Blast,rice_blast,,train,False
data\raw\brri_rice_disease_pest\Rice Blast\RB_638.jpg,brri_rice_disease_pest,Rice Blast,rice_blast,,train,False
data\raw\brri_rice_disease_pest\Rice Blast\RB_639.jpg,brri_rice_disease_pest,Rice Blast,rice_blast,,train,False
data\raw\brri_rice_disease_pest\Rice Blast\RB_64.jpg,brri_rice_disease_pest,Rice Blast,rice_blast,,test,False
data\raw\brri_rice_disease_pest\Rice Blast\RB_640.jpg,brri_rice_disease_pest,Rice Blast,rice_blast,,train,False
data\raw\brri_rice_disease_pest\Rice Blast\RB_641.jpg,brri_rice_disease_pest,Rice Blast,rice_blast,,train,False
data\raw\brri_rice_disease_pest\Rice Blast\RB_642.jpg,brri_rice_disease_pest,Rice Blast,rice_blast,,val,False
data\raw\brri_rice_disease_pest\Rice Blast\RB_643.jpg,brri_rice_disease_pest,Rice Blast,rice_blast,,train,False
data\raw\brri_rice_disease_pest\Rice Blast\RB_644.jpg,brri_rice_disease_pest,Rice Blast,rice_blast,,train,False
data\raw\brri_rice_disease_pest\Rice Blast\RB_645.jpg,brri_rice_disease_pest,Rice Blast,rice_blast,,val,False
data\raw\brri_rice_disease_pest\Rice Blast\RB_646.jpg,brri_rice_disease_pest,Rice Blast,rice_blast,,train,False
data\raw\brri_rice_disease_pest\Rice Blast\RB_647.jpg,brri_rice_disease_pest,Rice Blast,rice_blast,,val,False
data\raw\brri_rice_disease_pest\Rice Blast\RB_648.jpg,brri_rice_disease_pest,Rice Blast,rice_blast,,train,False
data\raw\brri_rice_disease_pest\Rice Blast\RB_649.jpg,brri_rice_disease_pest,Rice Blast,rice_blast,,test,False
data\raw\brri_rice_disease_pest\Rice Blast\RB_65.jpg,brri_rice_disease_pest,Rice Blast,rice_blast,,train,False
data\raw\brri_rice_disease_pest\Rice Blast\RB_650.jpg,brri_rice_disease_pest,Rice Blast,rice_blast,,train,False
data\raw\brri_rice_disease_pest\Rice Blast\RB_651.jpg,brri_rice_disease_pest,Rice Blast,rice_blast,,train,False
data\raw\brri_rice_disease_pest\Rice Blast\RB_652.jpg,brri_rice_disease_pest,Rice Blast,rice_blast,,test,False
data\raw\brri_rice_disease_pest\Rice Blast\RB_653.jpg,brri_rice_disease_pest,Rice Blast,rice_blast,,val,False
data\raw\brri_rice_disease_pest\Rice Blast\RB_654.jpg,brri_rice_disease_pest,Rice Blast,rice_blast,,train,False
data\raw\brri_rice_disease_pest\Rice Blast\RB_655.jpg,brri_rice_disease_pest,Rice Blast,rice_blast,,train,False
data\raw\brri_rice_disease_pest\Rice Blast\RB_656.jpg,brri_rice_disease_pest,Rice Blast,rice_blast,,val,False
data\raw\brri_rice_disease_pest\Rice Blast\RB_657.jpg,brri_rice_disease_pest,Rice Blast,rice_blast,,val,False
data\raw\brri_rice_disease_pest\Rice Blast\RB_658.jpg,brri_rice_disease_pest,Rice Blast,rice_blast,,val,False
data\raw\brri_rice_disease_pest\Rice Blast\RB_659.jpg,brri_rice_disease_pest,Rice Blast,rice_blast,,train,False
data\raw\brri_rice_disease_pest\Rice Blast\RB_66.jpg,brri_rice_disease_pest,Rice Blast,rice_blast,,train,False
data\raw\brri_rice_disease_pest\Rice Blast\RB_660.jpg,brri_rice_disease_pest,Rice Blast,rice_blast,,train,False
data\raw\brri_rice_disease_pest\Rice Blast\RB_661.jpg,brri_rice_disease_pest,Rice Blast,rice_blast,,train,False
data\raw\brri_rice_disease_pest\Rice Blast\RB_662.jpg,brri_rice_disease_pest,Rice Blast,rice_blast,,val,False
data\raw\brri_rice_disease_pest\Rice Blast\RB_663.jpg,brri_rice_disease_pest,Rice Blast,rice_blast,,train,False
data\raw\brri_rice_disease_pest\Rice Blast\RB_664.jpg,brri_rice_disease_pest,Rice Blast,rice_blast,,train,False
data\raw\brri_rice_disease_pest\Rice Blast\RB_665.jpg,brri_rice_disease_pest,Rice Blast,rice_blast,,train,False
data\raw\brri_rice_disease_pest\Rice Blast\RB_666.jpg,brri_rice_disease_pest,Rice Blast,rice_blast,,train,False
data\raw\brri_rice_disease_pest\Rice Blast\RB_667.jpg,brri_rice_disease_pest,Rice Blast,rice_blast,,train,False
data\raw\brri_rice_disease_pest\Rice Blast\RB_668.jpg,brri_rice_disease_pest,Rice Blast,rice_blast,,val,False
data\raw\brri_rice_disease_pest\Rice Blast\RB_669.jpg,brri_rice_disease_pest,Rice Blast,rice_blast,,train,False
data\raw\brri_rice_disease_pest\Rice Blast\RB_67.jpg,brri_rice_disease_pest,Rice Blast,rice_blast,,train,False
data\raw\brri_rice_disease_pest\Rice Blast\RB_670.jpg,brri_rice_disease_pest,Rice Blast,rice_blast,,val,False
data\raw\brri_rice_disease_pest\Rice Blast\RB_671.jpg,brri_rice_disease_pest,Rice Blast,rice_blast,,train,False
data\raw\brri_rice_disease_pest\Rice Blast\RB_672.jpg,brri_rice_disease_pest,Rice Blast,rice_blast,,train,False
data\raw\brri_rice_disease_pest\Rice Blast\RB_673.jpg,brri_rice_disease_pest,Rice Blast,rice_blast,,train,False
data\raw\brri_rice_disease_pest\Rice Blast\RB_674.jpg,brri_rice_disease_pest,Rice Blast,rice_blast,,train,False
data\raw\brri_rice_disease_pest\Rice Blast\RB_675.jpg,brri_rice_disease_pest,Rice Blast,rice_blast,,train,False
data\raw\brri_rice_disease_pest\Rice Blast\RB_676.jpg,brri_rice_disease_pest,Rice Blast,rice_blast,,train,False
data\raw\brri_rice_disease_pest\Rice Blast\RB_677.jpg,brri_rice_disease_pest,Rice Blast,rice_blast,,train,False
data\raw\brri_rice_disease_pest\Rice Blast\RB_678.jpg,brri_rice_disease_pest,Rice Blast,rice_blast,,val,False
data\raw\brri_rice_disease_pest\Rice Blast\RB_679.jpg,brri_rice_disease_pest,Rice Blast,rice_blast,,train,False
data\raw\brri_rice_disease_pest\Rice Blast\RB_68.jpg,brri_rice_disease_pest,Rice Blast,rice_blast,,train,False
data\raw\brri_rice_disease_pest\Rice Blast\RB_680.jpg,brri_rice_disease_pest,Rice Blast,rice_blast,,train,False
data\raw\brri_rice_disease_pest\Rice Blast\RB_681.jpg,brri_rice_disease_pest,Rice Blast,rice_blast,,test,False
data\raw\brri_rice_disease_pest\Rice Blast\RB_682.jpg,brri_rice_disease_pest,Rice Blast,rice_blast,,train,False
data\raw\brri_rice_disease_pest\Rice Blast\RB_683.jpg,brri_rice_disease_pest,Rice Blast,rice_blast,,train,False
data\raw\brri_rice_disease_pest\Rice Blast\RB_684.jpg,brri_rice_disease_pest,Rice Blast,rice_blast,,test,False
data\raw\brri_rice_disease_pest\Rice Blast\RB_685.jpg,brri_rice_disease_pest,Rice Blast,rice_blast,,train,False
data\raw\brri_rice_disease_pest\Rice Blast\RB_686.jpg,brri_rice_disease_pest,Rice Blast,rice_blast,,train,False
data\raw\brri_rice_disease_pest\Rice Blast\RB_687.jpg,brri_rice_disease_pest,Rice Blast,rice_blast,,train,False
data\raw\brri_rice_disease_pest\Rice Blast\RB_688.jpg,brri_rice_disease_pest,Rice Blast,rice_blast,,train,False
data\raw\brri_rice_disease_pest\Rice Blast\RB_689.jpg,brri_rice_disease_pest,Rice Blast,rice_blast,,val,False
data\raw\brri_rice_disease_pest\Rice Blast\RB_69.jpg,brri_rice_disease_pest,Rice Blast,rice_blast,,train,False
data\raw\brri_rice_disease_pest\Rice Blast\RB_690.jpg,brri_rice_disease_pest,Rice Blast,rice_blast,,train,False
data\raw\brri_rice_disease_pest\Rice Blast\RB_691.jpg,brri_rice_disease_pest,Rice Blast,rice_blast,,train,False
data\raw\brri_rice_disease_pest\Rice Blast\RB_692.jpg,brri_rice_disease_pest,Rice Blast,rice_blast,,val,False
data\raw\brri_rice_disease_pest\Rice Blast\RB_693.jpg,brri_rice_disease_pest,Rice Blast,rice_blast,,train,False
data\raw\brri_rice_disease_pest\Rice Blast\RB_694.jpg,brri_rice_disease_pest,Rice Blast,rice_blast,,val,False
data\raw\brri_rice_disease_pest\Rice Blast\RB_695.jpg,brri_rice_disease_pest,Rice Blast,rice_blast,,test,False
data\raw\brri_rice_disease_pest\Rice Blast\RB_696.jpg,brri_rice_disease_pest,Rice Blast,rice_blast,,train,False
data\raw\brri_rice_disease_pest\Rice Blast\RB_7.jpg,brri_rice_disease_pest,Rice Blast,rice_blast,,test,False
data\raw\brri_rice_disease_pest\Rice Blast\RB_70.jpg,brri_rice_disease_pest,Rice Blast,rice_blast,,train,False
data\raw\brri_rice_disease_pest\Rice Blast\RB_71.jpg,brri_rice_disease_pest,Rice Blast,rice_blast,,train,False
data\raw\brri_rice_disease_pest\Rice Blast\RB_72.jpg,brri_rice_disease_pest,Rice Blast,rice_blast,,train,False
data\raw\brri_rice_disease_pest\Rice Blast\RB_73.jpg,brri_rice_disease_pest,Rice Blast,rice_blast,,train,False
data\raw\brri_rice_disease_pest\Rice Blast\RB_74.jpg,brri_rice_disease_pest,Rice Blast,rice_blast,,train,False
data\raw\brri_rice_disease_pest\Rice Blast\RB_75.jpg,brri_rice_disease_pest,Rice Blast,rice_blast,,train,False
data\raw\brri_rice_disease_pest\Rice Blast\RB_76.jpg,brri_rice_disease_pest,Rice Blast,rice_blast,,train,False
data\raw\brri_rice_disease_pest\Rice Blast\RB_77.jpg,brri_rice_disease_pest,Rice Blast,rice_blast,,train,False
data\raw\brri_rice_disease_pest\Rice Blast\RB_78.jpg,brri_rice_disease_pest,Rice Blast,rice_blast,,train,False
data\raw\brri_rice_disease_pest\Rice Blast\RB_79.jpg,brri_rice_disease_pest,Rice Blast,rice_blast,,val,False
data\raw\brri_rice_disease_pest\Rice Blast\RB_8.jpg,brri_rice_disease_pest,Rice Blast,rice_blast,,train,False
data\raw\brri_rice_disease_pest\Rice Blast\RB_80.jpg,brri_rice_disease_pest,Rice Blast,rice_blast,,train,False
data\raw\brri_rice_disease_pest\Rice Blast\RB_81.jpg,brri_rice_disease_pest,Rice Blast,rice_blast,,test,False
data\raw\brri_rice_disease_pest\Rice Blast\RB_82.jpg,brri_rice_disease_pest,Rice Blast,rice_blast,,train,False
data\raw\brri_rice_disease_pest\Rice Blast\RB_83.jpg,brri_rice_disease_pest,Rice Blast,rice_blast,,train,False
data\raw\brri_rice_disease_pest\Rice Blast\RB_84.jpg,brri_rice_disease_pest,Rice Blast,rice_blast,,test,False
data\raw\brri_rice_disease_pest\Rice Blast\RB_85.jpg,brri_rice_disease_pest,Rice Blast,rice_blast,,train,False
data\raw\brri_rice_disease_pest\Rice Blast\RB_86.jpg,brri_rice_disease_pest,Rice Blast,rice_blast,,train,False
data\raw\brri_rice_disease_pest\Rice Blast\RB_87.jpg,brri_rice_disease_pest,Rice Blast,rice_blast,,train,False
data\raw\brri_rice_disease_pest\Rice Blast\RB_88.jpg,brri_rice_disease_pest,Rice Blast,rice_blast,,train,False
data\raw\brri_rice_disease_pest\Rice Blast\RB_89.jpg,brri_rice_disease_pest,Rice Blast,rice_blast,,train,False
data\raw\brri_rice_disease_pest\Rice Blast\RB_9.jpg,brri_rice_disease_pest,Rice Blast,rice_blast,,val,False
data\raw\brri_rice_disease_pest\Rice Blast\RB_90.jpg,brri_rice_disease_pest,Rice Blast,rice_blast,,train,False
data\raw\brri_rice_disease_pest\Rice Blast\RB_91.jpg,brri_rice_disease_pest,Rice Blast,rice_blast,,train,False
data\raw\brri_rice_disease_pest\Rice Blast\RB_92.jpg,brri_rice_disease_pest,Rice Blast,rice_blast,,train,False
data\raw\brri_rice_disease_pest\Rice Blast\RB_93.jpg,brri_rice_disease_pest,Rice Blast,rice_blast,,train,False
data\raw\brri_rice_disease_pest\Rice Blast\RB_94.jpg,brri_rice_disease_pest,Rice Blast,rice_blast,,test,False
data\raw\brri_rice_disease_pest\Rice Blast\RB_95.jpg,brri_rice_disease_pest,Rice Blast,rice_blast,,train,False
data\raw\brri_rice_disease_pest\Rice Blast\RB_96.jpg,brri_rice_disease_pest,Rice Blast,rice_blast,,train,False
data\raw\brri_rice_disease_pest\Rice Blast\RB_97.jpg,brri_rice_disease_pest,Rice Blast,rice_blast,,test,False
data\raw\brri_rice_disease_pest\Rice Blast\RB_98.jpg,brri_rice_disease_pest,Rice Blast,rice_blast,,train,False
data\raw\brri_rice_disease_pest\Rice Blast\RB_99.jpg,brri_rice_disease_pest,Rice Blast,rice_blast,,train,False
data\raw\brri_rice_disease_pest\Rice Leaffolder\RLF_1.jpg,brri_rice_disease_pest,Rice Leaffolder,leaf_folder,,train,False
data\raw\brri_rice_disease_pest\Rice Leaffolder\RLF_10.jpg,brri_rice_disease_pest,Rice Leaffolder,leaf_folder,,test,False
data\raw\brri_rice_disease_pest\Rice Leaffolder\RLF_100.jpg,brri_rice_disease_pest,Rice Leaffolder,leaf_folder,,train,False
data\raw\brri_rice_disease_pest\Rice Leaffolder\RLF_101.jpg,brri_rice_disease_pest,Rice Leaffolder,leaf_folder,,train,False
data\raw\brri_rice_disease_pest\Rice Leaffolder\RLF_102.jpg,brri_rice_disease_pest,Rice Leaffolder,leaf_folder,,train,False
data\raw\brri_rice_disease_pest\Rice Leaffolder\RLF_103.jpg,brri_rice_disease_pest,Rice Leaffolder,leaf_folder,,train,False
data\raw\brri_rice_disease_pest\Rice Leaffolder\RLF_104.jpg,brri_rice_disease_pest,Rice Leaffolder,leaf_folder,,train,False
data\raw\brri_rice_disease_pest\Rice Leaffolder\RLF_105.jpg,brri_rice_disease_pest,Rice Leaffolder,leaf_folder,,val,False
data\raw\brri_rice_disease_pest\Rice Leaffolder\RLF_106.jpg,brri_rice_disease_pest,Rice Leaffolder,leaf_folder,,val,False
data\raw\brri_rice_disease_pest\Rice Leaffolder\RLF_107.jpg,brri_rice_disease_pest,Rice Leaffolder,leaf_folder,,train,False
data\raw\brri_rice_disease_pest\Rice Leaffolder\RLF_108.jpg,brri_rice_disease_pest,Rice Leaffolder,leaf_folder,,train,False
data\raw\brri_rice_disease_pest\Rice Leaffolder\RLF_109.jpg,brri_rice_disease_pest,Rice Leaffolder,leaf_folder,,train,False
data\raw\brri_rice_disease_pest\Rice Leaffolder\RLF_11.jpg,brri_rice_disease_pest,Rice Leaffolder,leaf_folder,,train,False
data\raw\brri_rice_disease_pest\Rice Leaffolder\RLF_110.jpg,brri_rice_disease_pest,Rice Leaffolder,leaf_folder,,val,False
data\raw\brri_rice_disease_pest\Rice Leaffolder\RLF_111.jpg,brri_rice_disease_pest,Rice Leaffolder,leaf_folder,,test,False
data\raw\brri_rice_disease_pest\Rice Leaffolder\RLF_112.jpg,brri_rice_disease_pest,Rice Leaffolder,leaf_folder,,train,False
data\raw\brri_rice_disease_pest\Rice Leaffolder\RLF_113.jpg,brri_rice_disease_pest,Rice Leaffolder,leaf_folder,,train,False
data\raw\brri_rice_disease_pest\Rice Leaffolder\RLF_114.jpg,brri_rice_disease_pest,Rice Leaffolder,leaf_folder,,val,False
data\raw\brri_rice_disease_pest\Rice Leaffolder\RLF_115.jpg,brri_rice_disease_pest,Rice Leaffolder,leaf_folder,,train,False
data\raw\brri_rice_disease_pest\Rice Leaffolder\RLF_116.jpg,brri_rice_disease_pest,Rice Leaffolder,leaf_folder,,train,False
data\raw\brri_rice_disease_pest\Rice Leaffolder\RLF_117.jpg,brri_rice_disease_pest,Rice Leaffolder,leaf_folder,,test,False
data\raw\brri_rice_disease_pest\Rice Leaffolder\RLF_118.jpg,brri_rice_disease_pest,Rice Leaffolder,leaf_folder,,test,False
data\raw\brri_rice_disease_pest\Rice Leaffolder\RLF_119.jpg,brri_rice_disease_pest,Rice Leaffolder,leaf_folder,,train,False
data\raw\brri_rice_disease_pest\Rice Leaffolder\RLF_12.jpg,brri_rice_disease_pest,Rice Leaffolder,leaf_folder,,train,False
data\raw\brri_rice_disease_pest\Rice Leaffolder\RLF_120.jpg,brri_rice_disease_pest,Rice Leaffolder,leaf_folder,,train,False
data\raw\brri_rice_disease_pest\Rice Leaffolder\RLF_121.jpg,brri_rice_disease_pest,Rice Leaffolder,leaf_folder,,train,False
data\raw\brri_rice_disease_pest\Rice Leaffolder\RLF_122.jpg,brri_rice_disease_pest,Rice Leaffolder,leaf_folder,,train,False
data\raw\brri_rice_disease_pest\Rice Leaffolder\RLF_123.jpg,brri_rice_disease_pest,Rice Leaffolder,leaf_folder,,train,False
data\raw\brri_rice_disease_pest\Rice Leaffolder\RLF_124.jpg,brri_rice_disease_pest,Rice Leaffolder,leaf_folder,,train,False
data\raw\brri_rice_disease_pest\Rice Leaffolder\RLF_125.jpg,brri_rice_disease_pest,Rice Leaffolder,leaf_folder,,train,False
data\raw\brri_rice_disease_pest\Rice Leaffolder\RLF_126.jpg,brri_rice_disease_pest,Rice Leaffolder,leaf_folder,,train,False
data\raw\brri_rice_disease_pest\Rice Leaffolder\RLF_127.jpg,brri_rice_disease_pest,Rice Leaffolder,leaf_folder,,train,False
data\raw\brri_rice_disease_pest\Rice Leaffolder\RLF_128.jpg,brri_rice_disease_pest,Rice Leaffolder,leaf_folder,,train,False
data\raw\brri_rice_disease_pest\Rice Leaffolder\RLF_129.jpg,brri_rice_disease_pest,Rice Leaffolder,leaf_folder,,train,False
data\raw\brri_rice_disease_pest\Rice Leaffolder\RLF_13.jpg,brri_rice_disease_pest,Rice Leaffolder,leaf_folder,,val,False
data\raw\brri_rice_disease_pest\Rice Leaffolder\RLF_130.jpg,brri_rice_disease_pest,Rice Leaffolder,leaf_folder,,train,False
data\raw\brri_rice_disease_pest\Rice Leaffolder\RLF_131.jpg,brri_rice_disease_pest,Rice Leaffolder,leaf_folder,,train,False
data\raw\brri_rice_disease_pest\Rice Leaffolder\RLF_132.jpg,brri_rice_disease_pest,Rice Leaffolder,leaf_folder,,test,False
data\raw\brri_rice_disease_pest\Rice Leaffolder\RLF_133.jpg,brri_rice_disease_pest,Rice Leaffolder,leaf_folder,,train,False
data\raw\brri_rice_disease_pest\Rice Leaffolder\RLF_134.jpg,brri_rice_disease_pest,Rice Leaffolder,leaf_folder,,train,False
data\raw\brri_rice_disease_pest\Rice Leaffolder\RLF_135.jpg,brri_rice_disease_pest,Rice Leaffolder,leaf_folder,,train,False
data\raw\brri_rice_disease_pest\Rice Leaffolder\RLF_136.jpg,brri_rice_disease_pest,Rice Leaffolder,leaf_folder,,train,False
data\raw\brri_rice_disease_pest\Rice Leaffolder\RLF_137.jpg,brri_rice_disease_pest,Rice Leaffolder,leaf_folder,,train,False
data\raw\brri_rice_disease_pest\Rice Leaffolder\RLF_138.jpg,brri_rice_disease_pest,Rice Leaffolder,leaf_folder,,train,False
data\raw\brri_rice_disease_pest\Rice Leaffolder\RLF_139.jpg,brri_rice_disease_pest,Rice Leaffolder,leaf_folder,,train,False
data\raw\brri_rice_disease_pest\Rice Leaffolder\RLF_14.jpg,brri_rice_disease_pest,Rice Leaffolder,leaf_folder,,train,False
data\raw\brri_rice_disease_pest\Rice Leaffolder\RLF_140.jpg,brri_rice_disease_pest,Rice Leaffolder,leaf_folder,,train,False
data\raw\brri_rice_disease_pest\Rice Leaffolder\RLF_141.jpg,brri_rice_disease_pest,Rice Leaffolder,leaf_folder,,train,False
data\raw\brri_rice_disease_pest\Rice Leaffolder\RLF_142.jpg,brri_rice_disease_pest,Rice Leaffolder,leaf_folder,,test,False
data\raw\brri_rice_disease_pest\Rice Leaffolder\RLF_143.jpg,brri_rice_disease_pest,Rice Leaffolder,leaf_folder,,val,False
data\raw\brri_rice_disease_pest\Rice Leaffolder\RLF_144.jpg,brri_rice_disease_pest,Rice Leaffolder,leaf_folder,,val,False
data\raw\brri_rice_disease_pest\Rice Leaffolder\RLF_145.jpg,brri_rice_disease_pest,Rice Leaffolder,leaf_folder,,train,False
data\raw\brri_rice_disease_pest\Rice Leaffolder\RLF_146.jpg,brri_rice_disease_pest,Rice Leaffolder,leaf_folder,,test,False
data\raw\brri_rice_disease_pest\Rice Leaffolder\RLF_147.jpg,brri_rice_disease_pest,Rice Leaffolder,leaf_folder,,train,False
data\raw\brri_rice_disease_pest\Rice Leaffolder\RLF_148.jpg,brri_rice_disease_pest,Rice Leaffolder,leaf_folder,,val,False
data\raw\brri_rice_disease_pest\Rice Leaffolder\RLF_149.jpg,brri_rice_disease_pest,Rice Leaffolder,leaf_folder,,train,False
data\raw\brri_rice_disease_pest\Rice Leaffolder\RLF_15.jpg,brri_rice_disease_pest,Rice Leaffolder,leaf_folder,,train,False
data\raw\brri_rice_disease_pest\Rice Leaffolder\RLF_150.jpg,brri_rice_disease_pest,Rice Leaffolder,leaf_folder,,test,False
data\raw\brri_rice_disease_pest\Rice Leaffolder\RLF_151.jpg,brri_rice_disease_pest,Rice Leaffolder,leaf_folder,,test,False
data\raw\brri_rice_disease_pest\Rice Leaffolder\RLF_152.jpg,brri_rice_disease_pest,Rice Leaffolder,leaf_folder,,val,False
data\raw\brri_rice_disease_pest\Rice Leaffolder\RLF_153.jpg,brri_rice_disease_pest,Rice Leaffolder,leaf_folder,,train,False
data\raw\brri_rice_disease_pest\Rice Leaffolder\RLF_154.jpg,brri_rice_disease_pest,Rice Leaffolder,leaf_folder,,train,False
data\raw\brri_rice_disease_pest\Rice Leaffolder\RLF_155.jpg,brri_rice_disease_pest,Rice Leaffolder,leaf_folder,,train,False
data\raw\brri_rice_disease_pest\Rice Leaffolder\RLF_156.jpg,brri_rice_disease_pest,Rice Leaffolder,leaf_folder,,val,False
data\raw\brri_rice_disease_pest\Rice Leaffolder\RLF_157.jpg,brri_rice_disease_pest,Rice Leaffolder,leaf_folder,,train,False
data\raw\brri_rice_disease_pest\Rice Leaffolder\RLF_158.jpg,brri_rice_disease_pest,Rice Leaffolder,leaf_folder,,train,False
data\raw\brri_rice_disease_pest\Rice Leaffolder\RLF_159.jpg,brri_rice_disease_pest,Rice Leaffolder,leaf_folder,,train,False
data\raw\brri_rice_disease_pest\Rice Leaffolder\RLF_16.jpg,brri_rice_disease_pest,Rice Leaffolder,leaf_folder,,train,False
data\raw\brri_rice_disease_pest\Rice Leaffolder\RLF_160.jpg,brri_rice_disease_pest,Rice Leaffolder,leaf_folder,,train,False
data\raw\brri_rice_disease_pest\Rice Leaffolder\RLF_161.jpg,brri_rice_disease_pest,Rice Leaffolder,leaf_folder,,train,False
data\raw\brri_rice_disease_pest\Rice Leaffolder\RLF_162.jpg,brri_rice_disease_pest,Rice Leaffolder,leaf_folder,,train,False
data\raw\brri_rice_disease_pest\Rice Leaffolder\RLF_163.jpg,brri_rice_disease_pest,Rice Leaffolder,leaf_folder,,test,False
data\raw\brri_rice_disease_pest\Rice Leaffolder\RLF_164.jpg,brri_rice_disease_pest,Rice Leaffolder,leaf_folder,,val,False
data\raw\brri_rice_disease_pest\Rice Leaffolder\RLF_165.jpg,brri_rice_disease_pest,Rice Leaffolder,leaf_folder,,train,False
data\raw\brri_rice_disease_pest\Rice Leaffolder\RLF_166.jpg,brri_rice_disease_pest,Rice Leaffolder,leaf_folder,,test,False
data\raw\brri_rice_disease_pest\Rice Leaffolder\RLF_167.jpg,brri_rice_disease_pest,Rice Leaffolder,leaf_folder,,train,False
data\raw\brri_rice_disease_pest\Rice Leaffolder\RLF_168.jpg,brri_rice_disease_pest,Rice Leaffolder,leaf_folder,,train,False
data\raw\brri_rice_disease_pest\Rice Leaffolder\RLF_169.jpg,brri_rice_disease_pest,Rice Leaffolder,leaf_folder,,train,False
data\raw\brri_rice_disease_pest\Rice Leaffolder\RLF_17.jpg,brri_rice_disease_pest,Rice Leaffolder,leaf_folder,,train,False
data\raw\brri_rice_disease_pest\Rice Leaffolder\RLF_170.jpg,brri_rice_disease_pest,Rice Leaffolder,leaf_folder,,train,False
data\raw\brri_rice_disease_pest\Rice Leaffolder\RLF_171.jpg,brri_rice_disease_pest,Rice Leaffolder,leaf_folder,,val,False
data\raw\brri_rice_disease_pest\Rice Leaffolder\RLF_172.jpg,brri_rice_disease_pest,Rice Leaffolder,leaf_folder,,train,False
data\raw\brri_rice_disease_pest\Rice Leaffolder\RLF_173.jpg,brri_rice_disease_pest,Rice Leaffolder,leaf_folder,,train,False
data\raw\brri_rice_disease_pest\Rice Leaffolder\RLF_174.jpg,brri_rice_disease_pest,Rice Leaffolder,leaf_folder,,val,False
data\raw\brri_rice_disease_pest\Rice Leaffolder\RLF_175.jpg,brri_rice_disease_pest,Rice Leaffolder,leaf_folder,,train,False
data\raw\brri_rice_disease_pest\Rice Leaffolder\RLF_176.jpg,brri_rice_disease_pest,Rice Leaffolder,leaf_folder,,train,False
data\raw\brri_rice_disease_pest\Rice Leaffolder\RLF_177.jpg,brri_rice_disease_pest,Rice Leaffolder,leaf_folder,,train,False
data\raw\brri_rice_disease_pest\Rice Leaffolder\RLF_178.jpg,brri_rice_disease_pest,Rice Leaffolder,leaf_folder,,test,False
data\raw\brri_rice_disease_pest\Rice Leaffolder\RLF_179.jpg,brri_rice_disease_pest,Rice Leaffolder,leaf_folder,,test,False
data\raw\brri_rice_disease_pest\Rice Leaffolder\RLF_18.jpg,brri_rice_disease_pest,Rice Leaffolder,leaf_folder,,val,False
data\raw\brri_rice_disease_pest\Rice Leaffolder\RLF_180.jpg,brri_rice_disease_pest,Rice Leaffolder,leaf_folder,,train,False
data\raw\brri_rice_disease_pest\Rice Leaffolder\RLF_181.jpg,brri_rice_disease_pest,Rice Leaffolder,leaf_folder,,val,False
data\raw\brri_rice_disease_pest\Rice Leaffolder\RLF_182.jpg,brri_rice_disease_pest,Rice Leaffolder,leaf_folder,,test,False
data\raw\brri_rice_disease_pest\Rice Leaffolder\RLF_183.jpg,brri_rice_disease_pest,Rice Leaffolder,leaf_folder,,train,False
data\raw\brri_rice_disease_pest\Rice Leaffolder\RLF_184.jpg,brri_rice_disease_pest,Rice Leaffolder,leaf_folder,,train,False
data\raw\brri_rice_disease_pest\Rice Leaffolder\RLF_185.jpg,brri_rice_disease_pest,Rice Leaffolder,leaf_folder,,train,False
data\raw\brri_rice_disease_pest\Rice Leaffolder\RLF_186.jpg,brri_rice_disease_pest,Rice Leaffolder,leaf_folder,,train,False
data\raw\brri_rice_disease_pest\Rice Leaffolder\RLF_187.jpg,brri_rice_disease_pest,Rice Leaffolder,leaf_folder,,train,False
data\raw\brri_rice_disease_pest\Rice Leaffolder\RLF_188.jpg,brri_rice_disease_pest,Rice Leaffolder,leaf_folder,,train,False
data\raw\brri_rice_disease_pest\Rice Leaffolder\RLF_189.jpg,brri_rice_disease_pest,Rice Leaffolder,leaf_folder,,test,False
data\raw\brri_rice_disease_pest\Rice Leaffolder\RLF_19.jpg,brri_rice_disease_pest,Rice Leaffolder,leaf_folder,,train,False
data\raw\brri_rice_disease_pest\Rice Leaffolder\RLF_190.jpg,brri_rice_disease_pest,Rice Leaffolder,leaf_folder,,train,False
data\raw\brri_rice_disease_pest\Rice Leaffolder\RLF_191.jpg,brri_rice_disease_pest,Rice Leaffolder,leaf_folder,,test,False
data\raw\brri_rice_disease_pest\Rice Leaffolder\RLF_192.jpg,brri_rice_disease_pest,Rice Leaffolder,leaf_folder,,test,False
data\raw\brri_rice_disease_pest\Rice Leaffolder\RLF_193.jpg,brri_rice_disease_pest,Rice Leaffolder,leaf_folder,,train,False
data\raw\brri_rice_disease_pest\Rice Leaffolder\RLF_194.jpg,brri_rice_disease_pest,Rice Leaffolder,leaf_folder,,train,False
data\raw\brri_rice_disease_pest\Rice Leaffolder\RLF_195.jpg,brri_rice_disease_pest,Rice Leaffolder,leaf_folder,,test,False
data\raw\brri_rice_disease_pest\Rice Leaffolder\RLF_196.jpg,brri_rice_disease_pest,Rice Leaffolder,leaf_folder,,val,False
data\raw\brri_rice_disease_pest\Rice Leaffolder\RLF_197.jpg,brri_rice_disease_pest,Rice Leaffolder,leaf_folder,,train,False
data\raw\brri_rice_disease_pest\Rice Leaffolder\RLF_198.jpg,brri_rice_disease_pest,Rice Leaffolder,leaf_folder,,train,False
data\raw\brri_rice_disease_pest\Rice Leaffolder\RLF_199.jpg,brri_rice_disease_pest,Rice Leaffolder,leaf_folder,,val,False
data\raw\brri_rice_disease_pest\Rice Leaffolder\RLF_2.jpg,brri_rice_disease_pest,Rice Leaffolder,leaf_folder,,train,False
data\raw\brri_rice_disease_pest\Rice Leaffolder\RLF_20.jpg,brri_rice_disease_pest,Rice Leaffolder,leaf_folder,,train,False
data\raw\brri_rice_disease_pest\Rice Leaffolder\RLF_200.jpg,brri_rice_disease_pest,Rice Leaffolder,leaf_folder,,train,False
data\raw\brri_rice_disease_pest\Rice Leaffolder\RLF_201.jpg,brri_rice_disease_pest,Rice Leaffolder,leaf_folder,,train,False
data\raw\brri_rice_disease_pest\Rice Leaffolder\RLF_202.jpg,brri_rice_disease_pest,Rice Leaffolder,leaf_folder,,train,False
data\raw\brri_rice_disease_pest\Rice Leaffolder\RLF_203.jpg,brri_rice_disease_pest,Rice Leaffolder,leaf_folder,,test,False
data\raw\brri_rice_disease_pest\Rice Leaffolder\RLF_204.jpg,brri_rice_disease_pest,Rice Leaffolder,leaf_folder,,train,False
data\raw\brri_rice_disease_pest\Rice Leaffolder\RLF_205.jpg,brri_rice_disease_pest,Rice Leaffolder,leaf_folder,,train,False
data\raw\brri_rice_disease_pest\Rice Leaffolder\RLF_206.jpg,brri_rice_disease_pest,Rice Leaffolder,leaf_folder,,train,False
data\raw\brri_rice_disease_pest\Rice Leaffolder\RLF_207.jpg,brri_rice_disease_pest,Rice Leaffolder,leaf_folder,,train,False
data\raw\brri_rice_disease_pest\Rice Leaffolder\RLF_208.jpg,brri_rice_disease_pest,Rice Leaffolder,leaf_folder,,test,False
data\raw\brri_rice_disease_pest\Rice Leaffolder\RLF_209.jpg,brri_rice_disease_pest,Rice Leaffolder,leaf_folder,,train,False
data\raw\brri_rice_disease_pest\Rice Leaffolder\RLF_21.jpg,brri_rice_disease_pest,Rice Leaffolder,leaf_folder,,train,False
data\raw\brri_rice_disease_pest\Rice Leaffolder\RLF_210.jpg,brri_rice_disease_pest,Rice Leaffolder,leaf_folder,,train,False
data\raw\brri_rice_disease_pest\Rice Leaffolder\RLF_211.jpg,brri_rice_disease_pest,Rice Leaffolder,leaf_folder,,train,False
data\raw\brri_rice_disease_pest\Rice Leaffolder\RLF_212.jpg,brri_rice_disease_pest,Rice Leaffolder,leaf_folder,,train,False
data\raw\brri_rice_disease_pest\Rice Leaffolder\RLF_213.jpg,brri_rice_disease_pest,Rice Leaffolder,leaf_folder,,train,False
data\raw\brri_rice_disease_pest\Rice Leaffolder\RLF_214.jpg,brri_rice_disease_pest,Rice Leaffolder,leaf_folder,,train,False
data\raw\brri_rice_disease_pest\Rice Leaffolder\RLF_215.jpg,brri_rice_disease_pest,Rice Leaffolder,leaf_folder,,test,False
data\raw\brri_rice_disease_pest\Rice Leaffolder\RLF_216.jpg,brri_rice_disease_pest,Rice Leaffolder,leaf_folder,,test,False
data\raw\brri_rice_disease_pest\Rice Leaffolder\RLF_217.jpg,brri_rice_disease_pest,Rice Leaffolder,leaf_folder,,val,False
data\raw\brri_rice_disease_pest\Rice Leaffolder\RLF_218.jpg,brri_rice_disease_pest,Rice Leaffolder,leaf_folder,,train,False
data\raw\brri_rice_disease_pest\Rice Leaffolder\RLF_219.jpg,brri_rice_disease_pest,Rice Leaffolder,leaf_folder,,train,False
data\raw\brri_rice_disease_pest\Rice Leaffolder\RLF_22.jpg,brri_rice_disease_pest,Rice Leaffolder,leaf_folder,,val,False
data\raw\brri_rice_disease_pest\Rice Leaffolder\RLF_220.jpg,brri_rice_disease_pest,Rice Leaffolder,leaf_folder,,train,False
data\raw\brri_rice_disease_pest\Rice Leaffolder\RLF_221.jpg,brri_rice_disease_pest,Rice Leaffolder,leaf_folder,,train,False
data\raw\brri_rice_disease_pest\Rice Leaffolder\RLF_222.jpg,brri_rice_disease_pest,Rice Leaffolder,leaf_folder,,train,False
data\raw\brri_rice_disease_pest\Rice Leaffolder\RLF_223.jpg,brri_rice_disease_pest,Rice Leaffolder,leaf_folder,,train,False
data\raw\brri_rice_disease_pest\Rice Leaffolder\RLF_224.jpg,brri_rice_disease_pest,Rice Leaffolder,leaf_folder,,train,False
data\raw\brri_rice_disease_pest\Rice Leaffolder\RLF_225.jpg,brri_rice_disease_pest,Rice Leaffolder,leaf_folder,,train,False
data\raw\brri_rice_disease_pest\Rice Leaffolder\RLF_226.jpg,brri_rice_disease_pest,Rice Leaffolder,leaf_folder,,train,False
data\raw\brri_rice_disease_pest\Rice Leaffolder\RLF_227.jpg,brri_rice_disease_pest,Rice Leaffolder,leaf_folder,,train,False
data\raw\brri_rice_disease_pest\Rice Leaffolder\RLF_228.jpg,brri_rice_disease_pest,Rice Leaffolder,leaf_folder,,train,False
data\raw\brri_rice_disease_pest\Rice Leaffolder\RLF_229.jpg,brri_rice_disease_pest,Rice Leaffolder,leaf_folder,,train,False
data\raw\brri_rice_disease_pest\Rice Leaffolder\RLF_23.jpg,brri_rice_disease_pest,Rice Leaffolder,leaf_folder,,train,False
data\raw\brri_rice_disease_pest\Rice Leaffolder\RLF_230.jpg,brri_rice_disease_pest,Rice Leaffolder,leaf_folder,,train,False
data\raw\brri_rice_disease_pest\Rice Leaffolder\RLF_231.jpg,brri_rice_disease_pest,Rice Leaffolder,leaf_folder,,train,False
data\raw\brri_rice_disease_pest\Rice Leaffolder\RLF_232.jpg,brri_rice_disease_pest,Rice Leaffolder,leaf_folder,,train,False
data\raw\brri_rice_disease_pest\Rice Leaffolder\RLF_233.jpg,brri_rice_disease_pest,Rice Leaffolder,leaf_folder,,test,False
data\raw\brri_rice_disease_pest\Rice Leaffolder\RLF_234.jpg,brri_rice_disease_pest,Rice Leaffolder,leaf_folder,,train,False
data\raw\brri_rice_disease_pest\Rice Leaffolder\RLF_235.jpg,brri_rice_disease_pest,Rice Leaffolder,leaf_folder,,test,False
data\raw\brri_rice_disease_pest\Rice Leaffolder\RLF_236.jpg,brri_rice_disease_pest,Rice Leaffolder,leaf_folder,,train,False
data\raw\brri_rice_disease_pest\Rice Leaffolder\RLF_237.jpg,brri_rice_disease_pest,Rice Leaffolder,leaf_folder,,train,False
data\raw\brri_rice_disease_pest\Rice Leaffolder\RLF_238.jpg,brri_rice_disease_pest,Rice Leaffolder,leaf_folder,,train,False
data\raw\brri_rice_disease_pest\Rice Leaffolder\RLF_239.jpg,brri_rice_disease_pest,Rice Leaffolder,leaf_folder,,train,False
data\raw\brri_rice_disease_pest\Rice Leaffolder\RLF_24.jpg,brri_rice_disease_pest,Rice Leaffolder,leaf_folder,,train,False
data\raw\brri_rice_disease_pest\Rice Leaffolder\RLF_240.jpg,brri_rice_disease_pest,Rice Leaffolder,leaf_folder,,test,False
data\raw\brri_rice_disease_pest\Rice Leaffolder\RLF_241.jpg,brri_rice_disease_pest,Rice Leaffolder,leaf_folder,,train,False
data\raw\brri_rice_disease_pest\Rice Leaffolder\RLF_242.jpg,brri_rice_disease_pest,Rice Leaffolder,leaf_folder,,train,False
data\raw\brri_rice_disease_pest\Rice Leaffolder\RLF_243.jpg,brri_rice_disease_pest,Rice Leaffolder,leaf_folder,,test,False
data\raw\brri_rice_disease_pest\Rice Leaffolder\RLF_244.jpg,brri_rice_disease_pest,Rice Leaffolder,leaf_folder,,train,False
data\raw\brri_rice_disease_pest\Rice Leaffolder\RLF_245.jpg,brri_rice_disease_pest,Rice Leaffolder,leaf_folder,,train,False
data\raw\brri_rice_disease_pest\Rice Leaffolder\RLF_246.jpg,brri_rice_disease_pest,Rice Leaffolder,leaf_folder,,val,False
data\raw\brri_rice_disease_pest\Rice Leaffolder\RLF_247.jpg,brri_rice_disease_pest,Rice Leaffolder,leaf_folder,,train,False
data\raw\brri_rice_disease_pest\Rice Leaffolder\RLF_25.jpg,brri_rice_disease_pest,Rice Leaffolder,leaf_folder,,train,False
data\raw\brri_rice_disease_pest\Rice Leaffolder\RLF_26.jpg,brri_rice_disease_pest,Rice Leaffolder,leaf_folder,,val,False
data\raw\brri_rice_disease_pest\Rice Leaffolder\RLF_27.jpg,brri_rice_disease_pest,Rice Leaffolder,leaf_folder,,train,False
data\raw\brri_rice_disease_pest\Rice Leaffolder\RLF_28.jpg,brri_rice_disease_pest,Rice Leaffolder,leaf_folder,,train,False
data\raw\brri_rice_disease_pest\Rice Leaffolder\RLF_29.jpg,brri_rice_disease_pest,Rice Leaffolder,leaf_folder,,val,False
data\raw\brri_rice_disease_pest\Rice Leaffolder\RLF_3.jpg,brri_rice_disease_pest,Rice Leaffolder,leaf_folder,,train,False
data\raw\brri_rice_disease_pest\Rice Leaffolder\RLF_30.jpg,brri_rice_disease_pest,Rice Leaffolder,leaf_folder,,val,False
data\raw\brri_rice_disease_pest\Rice Leaffolder\RLF_31.jpg,brri_rice_disease_pest,Rice Leaffolder,leaf_folder,,train,False
data\raw\brri_rice_disease_pest\Rice Leaffolder\RLF_32.jpg,brri_rice_disease_pest,Rice Leaffolder,leaf_folder,,train,False
data\raw\brri_rice_disease_pest\Rice Leaffolder\RLF_33.jpg,brri_rice_disease_pest,Rice Leaffolder,leaf_folder,,val,False
data\raw\brri_rice_disease_pest\Rice Leaffolder\RLF_34.jpg,brri_rice_disease_pest,Rice Leaffolder,leaf_folder,,train,False
data\raw\brri_rice_disease_pest\Rice Leaffolder\RLF_35.jpg,brri_rice_disease_pest,Rice Leaffolder,leaf_folder,,train,False
data\raw\brri_rice_disease_pest\Rice Leaffolder\RLF_36.jpg,brri_rice_disease_pest,Rice Leaffolder,leaf_folder,,train,False
data\raw\brri_rice_disease_pest\Rice Leaffolder\RLF_37.jpg,brri_rice_disease_pest,Rice Leaffolder,leaf_folder,,train,False
data\raw\brri_rice_disease_pest\Rice Leaffolder\RLF_38.jpg,brri_rice_disease_pest,Rice Leaffolder,leaf_folder,,test,False
data\raw\brri_rice_disease_pest\Rice Leaffolder\RLF_39.jpg,brri_rice_disease_pest,Rice Leaffolder,leaf_folder,,train,False
data\raw\brri_rice_disease_pest\Rice Leaffolder\RLF_4.jpg,brri_rice_disease_pest,Rice Leaffolder,leaf_folder,,train,False
data\raw\brri_rice_disease_pest\Rice Leaffolder\RLF_40.jpg,brri_rice_disease_pest,Rice Leaffolder,leaf_folder,,train,False
data\raw\brri_rice_disease_pest\Rice Leaffolder\RLF_41.jpg,brri_rice_disease_pest,Rice Leaffolder,leaf_folder,,train,False
data\raw\brri_rice_disease_pest\Rice Leaffolder\RLF_42.jpg,brri_rice_disease_pest,Rice Leaffolder,leaf_folder,,train,False
data\raw\brri_rice_disease_pest\Rice Leaffolder\RLF_43.jpg,brri_rice_disease_pest,Rice Leaffolder,leaf_folder,,train,False
data\raw\brri_rice_disease_pest\Rice Leaffolder\RLF_44.jpg,brri_rice_disease_pest,Rice Leaffolder,leaf_folder,,train,False
data\raw\brri_rice_disease_pest\Rice Leaffolder\RLF_45.jpg,brri_rice_disease_pest,Rice Leaffolder,leaf_folder,,test,False
data\raw\brri_rice_disease_pest\Rice Leaffolder\RLF_46.jpg,brri_rice_disease_pest,Rice Leaffolder,leaf_folder,,test,False
data\raw\brri_rice_disease_pest\Rice Leaffolder\RLF_47.jpg,brri_rice_disease_pest,Rice Leaffolder,leaf_folder,,val,False
data\raw\brri_rice_disease_pest\Rice Leaffolder\RLF_48.jpg,brri_rice_disease_pest,Rice Leaffolder,leaf_folder,,train,False
data\raw\brri_rice_disease_pest\Rice Leaffolder\RLF_49.jpg,brri_rice_disease_pest,Rice Leaffolder,leaf_folder,,test,False
data\raw\brri_rice_disease_pest\Rice Leaffolder\RLF_5.jpg,brri_rice_disease_pest,Rice Leaffolder,leaf_folder,,train,False
data\raw\brri_rice_disease_pest\Rice Leaffolder\RLF_50.jpg,brri_rice_disease_pest,Rice Leaffolder,leaf_folder,,train,False
data\raw\brri_rice_disease_pest\Rice Leaffolder\RLF_51.jpg,brri_rice_disease_pest,Rice Leaffolder,leaf_folder,,train,False
data\raw\brri_rice_disease_pest\Rice Leaffolder\RLF_52.jpg,brri_rice_disease_pest,Rice Leaffolder,leaf_folder,,train,False
data\raw\brri_rice_disease_pest\Rice Leaffolder\RLF_53.jpg,brri_rice_disease_pest,Rice Leaffolder,leaf_folder,,train,False
data\raw\brri_rice_disease_pest\Rice Leaffolder\RLF_54.jpg,brri_rice_disease_pest,Rice Leaffolder,leaf_folder,,train,False
data\raw\brri_rice_disease_pest\Rice Leaffolder\RLF_55.jpg,brri_rice_disease_pest,Rice Leaffolder,leaf_folder,,train,False
data\raw\brri_rice_disease_pest\Rice Leaffolder\RLF_56.jpg,brri_rice_disease_pest,Rice Leaffolder,leaf_folder,,train,False
data\raw\brri_rice_disease_pest\Rice Leaffolder\RLF_57.jpg,brri_rice_disease_pest,Rice Leaffolder,leaf_folder,,train,False
data\raw\brri_rice_disease_pest\Rice Leaffolder\RLF_58.jpg,brri_rice_disease_pest,Rice Leaffolder,leaf_folder,,val,False
data\raw\brri_rice_disease_pest\Rice Leaffolder\RLF_59.jpg,brri_rice_disease_pest,Rice Leaffolder,leaf_folder,,test,False
data\raw\brri_rice_disease_pest\Rice Leaffolder\RLF_6.jpg,brri_rice_disease_pest,Rice Leaffolder,leaf_folder,,test,False
data\raw\brri_rice_disease_pest\Rice Leaffolder\RLF_60.jpg,brri_rice_disease_pest,Rice Leaffolder,leaf_folder,,val,False
data\raw\brri_rice_disease_pest\Rice Leaffolder\RLF_61.jpg,brri_rice_disease_pest,Rice Leaffolder,leaf_folder,,val,False
data\raw\brri_rice_disease_pest\Rice Leaffolder\RLF_62.jpg,brri_rice_disease_pest,Rice Leaffolder,leaf_folder,,train,False
data\raw\brri_rice_disease_pest\Rice Leaffolder\RLF_63.jpg,brri_rice_disease_pest,Rice Leaffolder,leaf_folder,,val,False
data\raw\brri_rice_disease_pest\Rice Leaffolder\RLF_64.jpg,brri_rice_disease_pest,Rice Leaffolder,leaf_folder,,train,False
data\raw\brri_rice_disease_pest\Rice Leaffolder\RLF_65.jpg,brri_rice_disease_pest,Rice Leaffolder,leaf_folder,,train,False
data\raw\brri_rice_disease_pest\Rice Leaffolder\RLF_66.jpg,brri_rice_disease_pest,Rice Leaffolder,leaf_folder,,test,False
data\raw\brri_rice_disease_pest\Rice Leaffolder\RLF_67.jpg,brri_rice_disease_pest,Rice Leaffolder,leaf_folder,,train,False
data\raw\brri_rice_disease_pest\Rice Leaffolder\RLF_68.jpg,brri_rice_disease_pest,Rice Leaffolder,leaf_folder,,val,False
data\raw\brri_rice_disease_pest\Rice Leaffolder\RLF_69.jpg,brri_rice_disease_pest,Rice Leaffolder,leaf_folder,,train,False
data\raw\brri_rice_disease_pest\Rice Leaffolder\RLF_7.jpg,brri_rice_disease_pest,Rice Leaffolder,leaf_folder,,test,False
data\raw\brri_rice_disease_pest\Rice Leaffolder\RLF_70.jpg,brri_rice_disease_pest,Rice Leaffolder,leaf_folder,,val,False
data\raw\brri_rice_disease_pest\Rice Leaffolder\RLF_71.jpg,brri_rice_disease_pest,Rice Leaffolder,leaf_folder,,train,False
data\raw\brri_rice_disease_pest\Rice Leaffolder\RLF_72.jpg,brri_rice_disease_pest,Rice Leaffolder,leaf_folder,,val,False
data\raw\brri_rice_disease_pest\Rice Leaffolder\RLF_73.jpg,brri_rice_disease_pest,Rice Leaffolder,leaf_folder,,val,False
data\raw\brri_rice_disease_pest\Rice Leaffolder\RLF_74.jpg,brri_rice_disease_pest,Rice Leaffolder,leaf_folder,,train,False
data\raw\brri_rice_disease_pest\Rice Leaffolder\RLF_75.jpg,brri_rice_disease_pest,Rice Leaffolder,leaf_folder,,val,False
data\raw\brri_rice_disease_pest\Rice Leaffolder\RLF_76.jpg,brri_rice_disease_pest,Rice Leaffolder,leaf_folder,,train,False
data\raw\brri_rice_disease_pest\Rice Leaffolder\RLF_77.jpg,brri_rice_disease_pest,Rice Leaffolder,leaf_folder,,train,False
data\raw\brri_rice_disease_pest\Rice Leaffolder\RLF_78.jpg,brri_rice_disease_pest,Rice Leaffolder,leaf_folder,,train,False
data\raw\brri_rice_disease_pest\Rice Leaffolder\RLF_79.jpg,brri_rice_disease_pest,Rice Leaffolder,leaf_folder,,train,False
data\raw\brri_rice_disease_pest\Rice Leaffolder\RLF_8.jpg,brri_rice_disease_pest,Rice Leaffolder,leaf_folder,,val,False
data\raw\brri_rice_disease_pest\Rice Leaffolder\RLF_80.jpg,brri_rice_disease_pest,Rice Leaffolder,leaf_folder,,train,False
data\raw\brri_rice_disease_pest\Rice Leaffolder\RLF_81.jpg,brri_rice_disease_pest,Rice Leaffolder,leaf_folder,,val,False
data\raw\brri_rice_disease_pest\Rice Leaffolder\RLF_82.jpg,brri_rice_disease_pest,Rice Leaffolder,leaf_folder,,train,False
data\raw\brri_rice_disease_pest\Rice Leaffolder\RLF_83.jpg,brri_rice_disease_pest,Rice Leaffolder,leaf_folder,,train,False
data\raw\brri_rice_disease_pest\Rice Leaffolder\RLF_84.jpg,brri_rice_disease_pest,Rice Leaffolder,leaf_folder,,train,False
data\raw\brri_rice_disease_pest\Rice Leaffolder\RLF_85.jpg,brri_rice_disease_pest,Rice Leaffolder,leaf_folder,,train,False
data\raw\brri_rice_disease_pest\Rice Leaffolder\RLF_86.jpg,brri_rice_disease_pest,Rice Leaffolder,leaf_folder,,test,False
data\raw\brri_rice_disease_pest\Rice Leaffolder\RLF_87.jpg,brri_rice_disease_pest,Rice Leaffolder,leaf_folder,,train,False
data\raw\brri_rice_disease_pest\Rice Leaffolder\RLF_88.jpg,brri_rice_disease_pest,Rice Leaffolder,leaf_folder,,train,False
data\raw\brri_rice_disease_pest\Rice Leaffolder\RLF_89.jpg,brri_rice_disease_pest,Rice Leaffolder,leaf_folder,,train,False
data\raw\brri_rice_disease_pest\Rice Leaffolder\RLF_9.jpg,brri_rice_disease_pest,Rice Leaffolder,leaf_folder,,train,False
data\raw\brri_rice_disease_pest\Rice Leaffolder\RLF_90.jpg,brri_rice_disease_pest,Rice Leaffolder,leaf_folder,,train,False
data\raw\brri_rice_disease_pest\Rice Leaffolder\RLF_91.jpg,brri_rice_disease_pest,Rice Leaffolder,leaf_folder,,train,False
data\raw\brri_rice_disease_pest\Rice Leaffolder\RLF_92.jpg,brri_rice_disease_pest,Rice Leaffolder,leaf_folder,,test,False
data\raw\brri_rice_disease_pest\Rice Leaffolder\RLF_93.jpg,brri_rice_disease_pest,Rice Leaffolder,leaf_folder,,train,False
data\raw\brri_rice_disease_pest\Rice Leaffolder\RLF_94.jpg,brri_rice_disease_pest,Rice Leaffolder,leaf_folder,,train,False
data\raw\brri_rice_disease_pest\Rice Leaffolder\RLF_95.jpg,brri_rice_disease_pest,Rice Leaffolder,leaf_folder,,train,False
data\raw\brri_rice_disease_pest\Rice Leaffolder\RLF_96.jpg,brri_rice_disease_pest,Rice Leaffolder,leaf_folder,,val,False
data\raw\brri_rice_disease_pest\Rice Leaffolder\RLF_97.jpg,brri_rice_disease_pest,Rice Leaffolder,leaf_folder,,train,False
data\raw\brri_rice_disease_pest\Rice Leaffolder\RLF_98.jpg,brri_rice_disease_pest,Rice Leaffolder,leaf_folder,,train,False
data\raw\brri_rice_disease_pest\Rice Leaffolder\RLF_99.jpg,brri_rice_disease_pest,Rice Leaffolder,leaf_folder,,test,False
data\raw\brri_rice_disease_pest\Rice Stripes\RS_1.jpg,brri_rice_disease_pest,Rice Stripes,stripes,,train,False
data\raw\brri_rice_disease_pest\Rice Stripes\RS_10.jpg,brri_rice_disease_pest,Rice Stripes,stripes,,test,False
data\raw\brri_rice_disease_pest\Rice Stripes\RS_100.jpg,brri_rice_disease_pest,Rice Stripes,stripes,,train,False
data\raw\brri_rice_disease_pest\Rice Stripes\RS_101.jpg,brri_rice_disease_pest,Rice Stripes,stripes,,val,False
data\raw\brri_rice_disease_pest\Rice Stripes\RS_102.jpg,brri_rice_disease_pest,Rice Stripes,stripes,,train,False
data\raw\brri_rice_disease_pest\Rice Stripes\RS_103.jpg,brri_rice_disease_pest,Rice Stripes,stripes,,train,False
data\raw\brri_rice_disease_pest\Rice Stripes\RS_104.jpg,brri_rice_disease_pest,Rice Stripes,stripes,,train,False
data\raw\brri_rice_disease_pest\Rice Stripes\RS_105.jpg,brri_rice_disease_pest,Rice Stripes,stripes,,val,False
data\raw\brri_rice_disease_pest\Rice Stripes\RS_106.jpg,brri_rice_disease_pest,Rice Stripes,stripes,,val,False
data\raw\brri_rice_disease_pest\Rice Stripes\RS_107.jpg,brri_rice_disease_pest,Rice Stripes,stripes,,train,False
data\raw\brri_rice_disease_pest\Rice Stripes\RS_108.jpg,brri_rice_disease_pest,Rice Stripes,stripes,,train,False
data\raw\brri_rice_disease_pest\Rice Stripes\RS_109.jpg,brri_rice_disease_pest,Rice Stripes,stripes,,train,False
data\raw\brri_rice_disease_pest\Rice Stripes\RS_11.jpg,brri_rice_disease_pest,Rice Stripes,stripes,,train,False
data\raw\brri_rice_disease_pest\Rice Stripes\RS_110.jpg,brri_rice_disease_pest,Rice Stripes,stripes,,val,False
data\raw\brri_rice_disease_pest\Rice Stripes\RS_111.jpg,brri_rice_disease_pest,Rice Stripes,stripes,,test,False
data\raw\brri_rice_disease_pest\Rice Stripes\RS_112.jpg,brri_rice_disease_pest,Rice Stripes,stripes,,train,False
data\raw\brri_rice_disease_pest\Rice Stripes\RS_113.jpg,brri_rice_disease_pest,Rice Stripes,stripes,,train,False
data\raw\brri_rice_disease_pest\Rice Stripes\RS_114.jpg,brri_rice_disease_pest,Rice Stripes,stripes,,val,False
data\raw\brri_rice_disease_pest\Rice Stripes\RS_115.jpg,brri_rice_disease_pest,Rice Stripes,stripes,,train,False
data\raw\brri_rice_disease_pest\Rice Stripes\RS_116.jpg,brri_rice_disease_pest,Rice Stripes,stripes,,train,False
data\raw\brri_rice_disease_pest\Rice Stripes\RS_117.jpg,brri_rice_disease_pest,Rice Stripes,stripes,,test,False
data\raw\brri_rice_disease_pest\Rice Stripes\RS_118.jpg,brri_rice_disease_pest,Rice Stripes,stripes,,test,False
data\raw\brri_rice_disease_pest\Rice Stripes\RS_119.jpg,brri_rice_disease_pest,Rice Stripes,stripes,,train,False
data\raw\brri_rice_disease_pest\Rice Stripes\RS_12.jpg,brri_rice_disease_pest,Rice Stripes,stripes,,train,False
data\raw\brri_rice_disease_pest\Rice Stripes\RS_120.jpg,brri_rice_disease_pest,Rice Stripes,stripes,,train,False
data\raw\brri_rice_disease_pest\Rice Stripes\RS_121.jpg,brri_rice_disease_pest,Rice Stripes,stripes,,train,False
data\raw\brri_rice_disease_pest\Rice Stripes\RS_122.jpg,brri_rice_disease_pest,Rice Stripes,stripes,,train,False
data\raw\brri_rice_disease_pest\Rice Stripes\RS_123.jpg,brri_rice_disease_pest,Rice Stripes,stripes,,train,False
data\raw\brri_rice_disease_pest\Rice Stripes\RS_124.jpg,brri_rice_disease_pest,Rice Stripes,stripes,,train,False
data\raw\brri_rice_disease_pest\Rice Stripes\RS_125.jpg,brri_rice_disease_pest,Rice Stripes,stripes,,train,False
data\raw\brri_rice_disease_pest\Rice Stripes\RS_126.jpg,brri_rice_disease_pest,Rice Stripes,stripes,,train,False
data\raw\brri_rice_disease_pest\Rice Stripes\RS_127.jpg,brri_rice_disease_pest,Rice Stripes,stripes,,train,False
data\raw\brri_rice_disease_pest\Rice Stripes\RS_128.jpg,brri_rice_disease_pest,Rice Stripes,stripes,,train,False
data\raw\brri_rice_disease_pest\Rice Stripes\RS_129.jpg,brri_rice_disease_pest,Rice Stripes,stripes,,train,False
data\raw\brri_rice_disease_pest\Rice Stripes\RS_13.jpg,brri_rice_disease_pest,Rice Stripes,stripes,,val,False
data\raw\brri_rice_disease_pest\Rice Stripes\RS_130.jpg,brri_rice_disease_pest,Rice Stripes,stripes,,train,False
data\raw\brri_rice_disease_pest\Rice Stripes\RS_131.jpg,brri_rice_disease_pest,Rice Stripes,stripes,,train,False
data\raw\brri_rice_disease_pest\Rice Stripes\RS_132.jpg,brri_rice_disease_pest,Rice Stripes,stripes,,test,False
data\raw\brri_rice_disease_pest\Rice Stripes\RS_133.jpg,brri_rice_disease_pest,Rice Stripes,stripes,,train,False
data\raw\brri_rice_disease_pest\Rice Stripes\RS_134.jpg,brri_rice_disease_pest,Rice Stripes,stripes,,train,False
data\raw\brri_rice_disease_pest\Rice Stripes\RS_135.jpg,brri_rice_disease_pest,Rice Stripes,stripes,,train,False
data\raw\brri_rice_disease_pest\Rice Stripes\RS_136.jpg,brri_rice_disease_pest,Rice Stripes,stripes,,train,False
data\raw\brri_rice_disease_pest\Rice Stripes\RS_137.jpg,brri_rice_disease_pest,Rice Stripes,stripes,,train,False
data\raw\brri_rice_disease_pest\Rice Stripes\RS_138.jpg,brri_rice_disease_pest,Rice Stripes,stripes,,train,False
data\raw\brri_rice_disease_pest\Rice Stripes\RS_139.jpg,brri_rice_disease_pest,Rice Stripes,stripes,,train,False
data\raw\brri_rice_disease_pest\Rice Stripes\RS_14.jpg,brri_rice_disease_pest,Rice Stripes,stripes,,train,False
data\raw\brri_rice_disease_pest\Rice Stripes\RS_140.jpg,brri_rice_disease_pest,Rice Stripes,stripes,,train,False
data\raw\brri_rice_disease_pest\Rice Stripes\RS_141.jpg,brri_rice_disease_pest,Rice Stripes,stripes,,train,False
data\raw\brri_rice_disease_pest\Rice Stripes\RS_142.jpg,brri_rice_disease_pest,Rice Stripes,stripes,,test,False
data\raw\brri_rice_disease_pest\Rice Stripes\RS_143.jpg,brri_rice_disease_pest,Rice Stripes,stripes,,val,False
data\raw\brri_rice_disease_pest\Rice Stripes\RS_144.jpg,brri_rice_disease_pest,Rice Stripes,stripes,,val,False
data\raw\brri_rice_disease_pest\Rice Stripes\RS_145.jpg,brri_rice_disease_pest,Rice Stripes,stripes,,train,False
data\raw\brri_rice_disease_pest\Rice Stripes\RS_146.jpg,brri_rice_disease_pest,Rice Stripes,stripes,,test,False
data\raw\brri_rice_disease_pest\Rice Stripes\RS_147.jpg,brri_rice_disease_pest,Rice Stripes,stripes,,val,False
data\raw\brri_rice_disease_pest\Rice Stripes\RS_148.jpg,brri_rice_disease_pest,Rice Stripes,stripes,,val,False
data\raw\brri_rice_disease_pest\Rice Stripes\RS_149.jpg,brri_rice_disease_pest,Rice Stripes,stripes,,train,False
data\raw\brri_rice_disease_pest\Rice Stripes\RS_15.jpg,brri_rice_disease_pest,Rice Stripes,stripes,,train,False
data\raw\brri_rice_disease_pest\Rice Stripes\RS_150.jpg,brri_rice_disease_pest,Rice Stripes,stripes,,test,False
data\raw\brri_rice_disease_pest\Rice Stripes\RS_151.jpg,brri_rice_disease_pest,Rice Stripes,stripes,,test,False
data\raw\brri_rice_disease_pest\Rice Stripes\RS_152.jpg,brri_rice_disease_pest,Rice Stripes,stripes,,val,False
data\raw\brri_rice_disease_pest\Rice Stripes\RS_153.jpg,brri_rice_disease_pest,Rice Stripes,stripes,,train,False
data\raw\brri_rice_disease_pest\Rice Stripes\RS_154.jpg,brri_rice_disease_pest,Rice Stripes,stripes,,train,False
data\raw\brri_rice_disease_pest\Rice Stripes\RS_155.jpg,brri_rice_disease_pest,Rice Stripes,stripes,,train,False
data\raw\brri_rice_disease_pest\Rice Stripes\RS_156.jpg,brri_rice_disease_pest,Rice Stripes,stripes,,val,False
data\raw\brri_rice_disease_pest\Rice Stripes\RS_157.jpg,brri_rice_disease_pest,Rice Stripes,stripes,,train,False
data\raw\brri_rice_disease_pest\Rice Stripes\RS_158.jpg,brri_rice_disease_pest,Rice Stripes,stripes,,train,False
data\raw\brri_rice_disease_pest\Rice Stripes\RS_159.jpg,brri_rice_disease_pest,Rice Stripes,stripes,,train,False
data\raw\brri_rice_disease_pest\Rice Stripes\RS_16.jpg,brri_rice_disease_pest,Rice Stripes,stripes,,train,False
data\raw\brri_rice_disease_pest\Rice Stripes\RS_160.jpg,brri_rice_disease_pest,Rice Stripes,stripes,,train,False
data\raw\brri_rice_disease_pest\Rice Stripes\RS_161.jpg,brri_rice_disease_pest,Rice Stripes,stripes,,train,False
data\raw\brri_rice_disease_pest\Rice Stripes\RS_162.jpg,brri_rice_disease_pest,Rice Stripes,stripes,,train,False
data\raw\brri_rice_disease_pest\Rice Stripes\RS_163.jpg,brri_rice_disease_pest,Rice Stripes,stripes,,test,False
data\raw\brri_rice_disease_pest\Rice Stripes\RS_164.jpg,brri_rice_disease_pest,Rice Stripes,stripes,,val,False
data\raw\brri_rice_disease_pest\Rice Stripes\RS_165.jpg,brri_rice_disease_pest,Rice Stripes,stripes,,train,False
data\raw\brri_rice_disease_pest\Rice Stripes\RS_166.jpg,brri_rice_disease_pest,Rice Stripes,stripes,,train,False
data\raw\brri_rice_disease_pest\Rice Stripes\RS_167.jpg,brri_rice_disease_pest,Rice Stripes,stripes,,train,False
data\raw\brri_rice_disease_pest\Rice Stripes\RS_168.jpg,brri_rice_disease_pest,Rice Stripes,stripes,,train,False
data\raw\brri_rice_disease_pest\Rice Stripes\RS_169.jpg,brri_rice_disease_pest,Rice Stripes,stripes,,train,False
data\raw\brri_rice_disease_pest\Rice Stripes\RS_17.jpg,brri_rice_disease_pest,Rice Stripes,stripes,,train,False
data\raw\brri_rice_disease_pest\Rice Stripes\RS_170.jpg,brri_rice_disease_pest,Rice Stripes,stripes,,train,False
data\raw\brri_rice_disease_pest\Rice Stripes\RS_171.jpg,brri_rice_disease_pest,Rice Stripes,stripes,,val,False
data\raw\brri_rice_disease_pest\Rice Stripes\RS_172.jpg,brri_rice_disease_pest,Rice Stripes,stripes,,train,False
data\raw\brri_rice_disease_pest\Rice Stripes\RS_173.jpg,brri_rice_disease_pest,Rice Stripes,stripes,,train,False
data\raw\brri_rice_disease_pest\Rice Stripes\RS_174.jpg,brri_rice_disease_pest,Rice Stripes,stripes,,val,False
data\raw\brri_rice_disease_pest\Rice Stripes\RS_175.jpg,brri_rice_disease_pest,Rice Stripes,stripes,,train,False
data\raw\brri_rice_disease_pest\Rice Stripes\RS_176.jpg,brri_rice_disease_pest,Rice Stripes,stripes,,train,False
data\raw\brri_rice_disease_pest\Rice Stripes\RS_177.jpg,brri_rice_disease_pest,Rice Stripes,stripes,,train,False
data\raw\brri_rice_disease_pest\Rice Stripes\RS_178.jpg,brri_rice_disease_pest,Rice Stripes,stripes,,test,False
data\raw\brri_rice_disease_pest\Rice Stripes\RS_179.jpg,brri_rice_disease_pest,Rice Stripes,stripes,,test,False
data\raw\brri_rice_disease_pest\Rice Stripes\RS_18.jpg,brri_rice_disease_pest,Rice Stripes,stripes,,val,False
data\raw\brri_rice_disease_pest\Rice Stripes\RS_180.jpg,brri_rice_disease_pest,Rice Stripes,stripes,,train,False
data\raw\brri_rice_disease_pest\Rice Stripes\RS_181.jpg,brri_rice_disease_pest,Rice Stripes,stripes,,val,False
data\raw\brri_rice_disease_pest\Rice Stripes\RS_182.jpg,brri_rice_disease_pest,Rice Stripes,stripes,,train,False
data\raw\brri_rice_disease_pest\Rice Stripes\RS_183.jpg,brri_rice_disease_pest,Rice Stripes,stripes,,train,False
data\raw\brri_rice_disease_pest\Rice Stripes\RS_184.jpg,brri_rice_disease_pest,Rice Stripes,stripes,,train,False
data\raw\brri_rice_disease_pest\Rice Stripes\RS_185.jpg,brri_rice_disease_pest,Rice Stripes,stripes,,train,False
data\raw\brri_rice_disease_pest\Rice Stripes\RS_186.jpg,brri_rice_disease_pest,Rice Stripes,stripes,,train,False
data\raw\brri_rice_disease_pest\Rice Stripes\RS_187.jpg,brri_rice_disease_pest,Rice Stripes,stripes,,train,False
data\raw\brri_rice_disease_pest\Rice Stripes\RS_188.jpg,brri_rice_disease_pest,Rice Stripes,stripes,,train,False
data\raw\brri_rice_disease_pest\Rice Stripes\RS_189.jpg,brri_rice_disease_pest,Rice Stripes,stripes,,test,False
data\raw\brri_rice_disease_pest\Rice Stripes\RS_19.jpg,brri_rice_disease_pest,Rice Stripes,stripes,,train,False
data\raw\brri_rice_disease_pest\Rice Stripes\RS_190.jpg,brri_rice_disease_pest,Rice Stripes,stripes,,train,False
data\raw\brri_rice_disease_pest\Rice Stripes\RS_191.jpg,brri_rice_disease_pest,Rice Stripes,stripes,,test,False
data\raw\brri_rice_disease_pest\Rice Stripes\RS_192.jpg,brri_rice_disease_pest,Rice Stripes,stripes,,test,False
data\raw\brri_rice_disease_pest\Rice Stripes\RS_193.jpg,brri_rice_disease_pest,Rice Stripes,stripes,,train,False
data\raw\brri_rice_disease_pest\Rice Stripes\RS_194.jpg,brri_rice_disease_pest,Rice Stripes,stripes,,val,False
data\raw\brri_rice_disease_pest\Rice Stripes\RS_195.jpg,brri_rice_disease_pest,Rice Stripes,stripes,,test,False
data\raw\brri_rice_disease_pest\Rice Stripes\RS_196.jpg,brri_rice_disease_pest,Rice Stripes,stripes,,val,False
data\raw\brri_rice_disease_pest\Rice Stripes\RS_197.jpg,brri_rice_disease_pest,Rice Stripes,stripes,,train,False
data\raw\brri_rice_disease_pest\Rice Stripes\RS_198.jpg,brri_rice_disease_pest,Rice Stripes,stripes,,train,False
data\raw\brri_rice_disease_pest\Rice Stripes\RS_199.jpg,brri_rice_disease_pest,Rice Stripes,stripes,,val,False
data\raw\brri_rice_disease_pest\Rice Stripes\RS_2.jpg,brri_rice_disease_pest,Rice Stripes,stripes,,train,False
data\raw\brri_rice_disease_pest\Rice Stripes\RS_20.jpg,brri_rice_disease_pest,Rice Stripes,stripes,,train,False
data\raw\brri_rice_disease_pest\Rice Stripes\RS_200.jpg,brri_rice_disease_pest,Rice Stripes,stripes,,train,False
data\raw\brri_rice_disease_pest\Rice Stripes\RS_201.jpg,brri_rice_disease_pest,Rice Stripes,stripes,,train,False
data\raw\brri_rice_disease_pest\Rice Stripes\RS_202.jpg,brri_rice_disease_pest,Rice Stripes,stripes,,train,False
data\raw\brri_rice_disease_pest\Rice Stripes\RS_203.jpg,brri_rice_disease_pest,Rice Stripes,stripes,,train,False
data\raw\brri_rice_disease_pest\Rice Stripes\RS_204.jpg,brri_rice_disease_pest,Rice Stripes,stripes,,train,False
data\raw\brri_rice_disease_pest\Rice Stripes\RS_205.jpg,brri_rice_disease_pest,Rice Stripes,stripes,,train,False
data\raw\brri_rice_disease_pest\Rice Stripes\RS_206.jpg,brri_rice_disease_pest,Rice Stripes,stripes,,train,False
data\raw\brri_rice_disease_pest\Rice Stripes\RS_207.jpg,brri_rice_disease_pest,Rice Stripes,stripes,,train,False
data\raw\brri_rice_disease_pest\Rice Stripes\RS_208.jpg,brri_rice_disease_pest,Rice Stripes,stripes,,test,False
data\raw\brri_rice_disease_pest\Rice Stripes\RS_209.jpg,brri_rice_disease_pest,Rice Stripes,stripes,,train,False
data\raw\brri_rice_disease_pest\Rice Stripes\RS_21.jpg,brri_rice_disease_pest,Rice Stripes,stripes,,train,False
data\raw\brri_rice_disease_pest\Rice Stripes\RS_210.jpg,brri_rice_disease_pest,Rice Stripes,stripes,,train,False
data\raw\brri_rice_disease_pest\Rice Stripes\RS_211.jpg,brri_rice_disease_pest,Rice Stripes,stripes,,train,False
data\raw\brri_rice_disease_pest\Rice Stripes\RS_212.jpg,brri_rice_disease_pest,Rice Stripes,stripes,,train,False
data\raw\brri_rice_disease_pest\Rice Stripes\RS_213.jpg,brri_rice_disease_pest,Rice Stripes,stripes,,train,False
data\raw\brri_rice_disease_pest\Rice Stripes\RS_214.jpg,brri_rice_disease_pest,Rice Stripes,stripes,,train,False
data\raw\brri_rice_disease_pest\Rice Stripes\RS_215.jpg,brri_rice_disease_pest,Rice Stripes,stripes,,test,False
data\raw\brri_rice_disease_pest\Rice Stripes\RS_216.jpg,brri_rice_disease_pest,Rice Stripes,stripes,,test,False
data\raw\brri_rice_disease_pest\Rice Stripes\RS_217.jpg,brri_rice_disease_pest,Rice Stripes,stripes,,val,False
data\raw\brri_rice_disease_pest\Rice Stripes\RS_218.jpg,brri_rice_disease_pest,Rice Stripes,stripes,,train,False
data\raw\brri_rice_disease_pest\Rice Stripes\RS_219.jpg,brri_rice_disease_pest,Rice Stripes,stripes,,val,False
data\raw\brri_rice_disease_pest\Rice Stripes\RS_22.jpg,brri_rice_disease_pest,Rice Stripes,stripes,,val,False
data\raw\brri_rice_disease_pest\Rice Stripes\RS_220.jpg,brri_rice_disease_pest,Rice Stripes,stripes,,train,False
data\raw\brri_rice_disease_pest\Rice Stripes\RS_221.jpg,brri_rice_disease_pest,Rice Stripes,stripes,,train,False
data\raw\brri_rice_disease_pest\Rice Stripes\RS_222.jpg,brri_rice_disease_pest,Rice Stripes,stripes,,train,False
data\raw\brri_rice_disease_pest\Rice Stripes\RS_223.jpg,brri_rice_disease_pest,Rice Stripes,stripes,,train,False
data\raw\brri_rice_disease_pest\Rice Stripes\RS_224.jpg,brri_rice_disease_pest,Rice Stripes,stripes,,train,False
data\raw\brri_rice_disease_pest\Rice Stripes\RS_225.jpg,brri_rice_disease_pest,Rice Stripes,stripes,,train,False
data\raw\brri_rice_disease_pest\Rice Stripes\RS_226.jpg,brri_rice_disease_pest,Rice Stripes,stripes,,train,False
data\raw\brri_rice_disease_pest\Rice Stripes\RS_227.jpg,brri_rice_disease_pest,Rice Stripes,stripes,,train,False
data\raw\brri_rice_disease_pest\Rice Stripes\RS_228.jpg,brri_rice_disease_pest,Rice Stripes,stripes,,train,False
data\raw\brri_rice_disease_pest\Rice Stripes\RS_229.jpg,brri_rice_disease_pest,Rice Stripes,stripes,,train,False
data\raw\brri_rice_disease_pest\Rice Stripes\RS_23.jpg,brri_rice_disease_pest,Rice Stripes,stripes,,train,False
data\raw\brri_rice_disease_pest\Rice Stripes\RS_230.jpg,brri_rice_disease_pest,Rice Stripes,stripes,,train,False
data\raw\brri_rice_disease_pest\Rice Stripes\RS_231.jpg,brri_rice_disease_pest,Rice Stripes,stripes,,train,False
data\raw\brri_rice_disease_pest\Rice Stripes\RS_232.jpg,brri_rice_disease_pest,Rice Stripes,stripes,,train,False
data\raw\brri_rice_disease_pest\Rice Stripes\RS_233.jpg,brri_rice_disease_pest,Rice Stripes,stripes,,test,False
data\raw\brri_rice_disease_pest\Rice Stripes\RS_234.jpg,brri_rice_disease_pest,Rice Stripes,stripes,,train,False
data\raw\brri_rice_disease_pest\Rice Stripes\RS_235.jpg,brri_rice_disease_pest,Rice Stripes,stripes,,test,False
data\raw\brri_rice_disease_pest\Rice Stripes\RS_236.jpg,brri_rice_disease_pest,Rice Stripes,stripes,,train,False
data\raw\brri_rice_disease_pest\Rice Stripes\RS_237.jpg,brri_rice_disease_pest,Rice Stripes,stripes,,train,False
data\raw\brri_rice_disease_pest\Rice Stripes\RS_238.jpg,brri_rice_disease_pest,Rice Stripes,stripes,,train,False
data\raw\brri_rice_disease_pest\Rice Stripes\RS_239.jpg,brri_rice_disease_pest,Rice Stripes,stripes,,train,False
data\raw\brri_rice_disease_pest\Rice Stripes\RS_24.jpg,brri_rice_disease_pest,Rice Stripes,stripes,,train,False
data\raw\brri_rice_disease_pest\Rice Stripes\RS_240.jpg,brri_rice_disease_pest,Rice Stripes,stripes,,test,False
data\raw\brri_rice_disease_pest\Rice Stripes\RS_241.jpg,brri_rice_disease_pest,Rice Stripes,stripes,,train,False
data\raw\brri_rice_disease_pest\Rice Stripes\RS_242.jpg,brri_rice_disease_pest,Rice Stripes,stripes,,train,False
data\raw\brri_rice_disease_pest\Rice Stripes\RS_243.jpg,brri_rice_disease_pest,Rice Stripes,stripes,,test,False
data\raw\brri_rice_disease_pest\Rice Stripes\RS_244.jpg,brri_rice_disease_pest,Rice Stripes,stripes,,train,False
data\raw\brri_rice_disease_pest\Rice Stripes\RS_245.jpg,brri_rice_disease_pest,Rice Stripes,stripes,,train,False
data\raw\brri_rice_disease_pest\Rice Stripes\RS_246.jpg,brri_rice_disease_pest,Rice Stripes,stripes,,val,False
data\raw\brri_rice_disease_pest\Rice Stripes\RS_247.jpg,brri_rice_disease_pest,Rice Stripes,stripes,,train,False
data\raw\brri_rice_disease_pest\Rice Stripes\RS_248.jpg,brri_rice_disease_pest,Rice Stripes,stripes,,train,False
data\raw\brri_rice_disease_pest\Rice Stripes\RS_249.jpg,brri_rice_disease_pest,Rice Stripes,stripes,,val,False
data\raw\brri_rice_disease_pest\Rice Stripes\RS_25.jpg,brri_rice_disease_pest,Rice Stripes,stripes,,train,False
data\raw\brri_rice_disease_pest\Rice Stripes\RS_250.jpg,brri_rice_disease_pest,Rice Stripes,stripes,,train,False
data\raw\brri_rice_disease_pest\Rice Stripes\RS_251.jpg,brri_rice_disease_pest,Rice Stripes,stripes,,test,False
data\raw\brri_rice_disease_pest\Rice Stripes\RS_252.jpg,brri_rice_disease_pest,Rice Stripes,stripes,,train,False
data\raw\brri_rice_disease_pest\Rice Stripes\RS_253.jpg,brri_rice_disease_pest,Rice Stripes,stripes,,val,False
data\raw\brri_rice_disease_pest\Rice Stripes\RS_254.jpg,brri_rice_disease_pest,Rice Stripes,stripes,,train,False
data\raw\brri_rice_disease_pest\Rice Stripes\RS_255.jpg,brri_rice_disease_pest,Rice Stripes,stripes,,train,False
data\raw\brri_rice_disease_pest\Rice Stripes\RS_256.jpg,brri_rice_disease_pest,Rice Stripes,stripes,,val,False
data\raw\brri_rice_disease_pest\Rice Stripes\RS_257.jpg,brri_rice_disease_pest,Rice Stripes,stripes,,train,False
data\raw\brri_rice_disease_pest\Rice Stripes\RS_258.jpg,brri_rice_disease_pest,Rice Stripes,stripes,,train,False
data\raw\brri_rice_disease_pest\Rice Stripes\RS_259.jpg,brri_rice_disease_pest,Rice Stripes,stripes,,train,False
data\raw\brri_rice_disease_pest\Rice Stripes\RS_26.jpg,brri_rice_disease_pest,Rice Stripes,stripes,,train,False
data\raw\brri_rice_disease_pest\Rice Stripes\RS_260.jpg,brri_rice_disease_pest,Rice Stripes,stripes,,train,False
data\raw\brri_rice_disease_pest\Rice Stripes\RS_261.jpg,brri_rice_disease_pest,Rice Stripes,stripes,,train,False
data\raw\brri_rice_disease_pest\Rice Stripes\RS_262.jpg,brri_rice_disease_pest,Rice Stripes,stripes,,train,False
data\raw\brri_rice_disease_pest\Rice Stripes\RS_263.jpg,brri_rice_disease_pest,Rice Stripes,stripes,,train,False
data\raw\brri_rice_disease_pest\Rice Stripes\RS_264.jpg,brri_rice_disease_pest,Rice Stripes,stripes,,train,False
data\raw\brri_rice_disease_pest\Rice Stripes\RS_265.jpg,brri_rice_disease_pest,Rice Stripes,stripes,,train,False
data\raw\brri_rice_disease_pest\Rice Stripes\RS_266.jpg,brri_rice_disease_pest,Rice Stripes,stripes,,train,False
data\raw\brri_rice_disease_pest\Rice Stripes\RS_27.jpg,brri_rice_disease_pest,Rice Stripes,stripes,,train,False
data\raw\brri_rice_disease_pest\Rice Stripes\RS_28.jpg,brri_rice_disease_pest,Rice Stripes,stripes,,test,False
data\raw\brri_rice_disease_pest\Rice Stripes\RS_29.jpg,brri_rice_disease_pest,Rice Stripes,stripes,,test,False
data\raw\brri_rice_disease_pest\Rice Stripes\RS_3.jpg,brri_rice_disease_pest,Rice Stripes,stripes,,test,False
data\raw\brri_rice_disease_pest\Rice Stripes\RS_30.jpg,brri_rice_disease_pest,Rice Stripes,stripes,,train,False
data\raw\brri_rice_disease_pest\Rice Stripes\RS_31.jpg,brri_rice_disease_pest,Rice Stripes,stripes,,test,False
data\raw\brri_rice_disease_pest\Rice Stripes\RS_32.jpg,brri_rice_disease_pest,Rice Stripes,stripes,,train,False
data\raw\brri_rice_disease_pest\Rice Stripes\RS_33.jpg,brri_rice_disease_pest,Rice Stripes,stripes,,train,False
data\raw\brri_rice_disease_pest\Rice Stripes\RS_34.jpg,brri_rice_disease_pest,Rice Stripes,stripes,,train,False
data\raw\brri_rice_disease_pest\Rice Stripes\RS_35.jpg,brri_rice_disease_pest,Rice Stripes,stripes,,train,False
data\raw\brri_rice_disease_pest\Rice Stripes\RS_36.jpg,brri_rice_disease_pest,Rice Stripes,stripes,,train,False
data\raw\brri_rice_disease_pest\Rice Stripes\RS_37.jpg,brri_rice_disease_pest,Rice Stripes,stripes,,train,False
data\raw\brri_rice_disease_pest\Rice Stripes\RS_38.jpg,brri_rice_disease_pest,Rice Stripes,stripes,,val,False
data\raw\brri_rice_disease_pest\Rice Stripes\RS_39.jpg,brri_rice_disease_pest,Rice Stripes,stripes,,train,False
data\raw\brri_rice_disease_pest\Rice Stripes\RS_4.jpg,brri_rice_disease_pest,Rice Stripes,stripes,,train,False
data\raw\brri_rice_disease_pest\Rice Stripes\RS_40.jpg,brri_rice_disease_pest,Rice Stripes,stripes,,train,False
data\raw\brri_rice_disease_pest\Rice Stripes\RS_41.jpg,brri_rice_disease_pest,Rice Stripes,stripes,,train,False
data\raw\brri_rice_disease_pest\Rice Stripes\RS_42.jpg,brri_rice_disease_pest,Rice Stripes,stripes,,test,False
data\raw\brri_rice_disease_pest\Rice Stripes\RS_43.jpg,brri_rice_disease_pest,Rice Stripes,stripes,,train,False
data\raw\brri_rice_disease_pest\Rice Stripes\RS_44.jpg,brri_rice_disease_pest,Rice Stripes,stripes,,train,False
data\raw\brri_rice_disease_pest\Rice Stripes\RS_45.jpg,brri_rice_disease_pest,Rice Stripes,stripes,,train,False
data\raw\brri_rice_disease_pest\Rice Stripes\RS_46.jpg,brri_rice_disease_pest,Rice Stripes,stripes,,test,False
data\raw\brri_rice_disease_pest\Rice Stripes\RS_47.jpg,brri_rice_disease_pest,Rice Stripes,stripes,,train,False
data\raw\brri_rice_disease_pest\Rice Stripes\RS_48.jpg,brri_rice_disease_pest,Rice Stripes,stripes,,train,False
data\raw\brri_rice_disease_pest\Rice Stripes\RS_49.jpg,brri_rice_disease_pest,Rice Stripes,stripes,,train,False
data\raw\brri_rice_disease_pest\Rice Stripes\RS_5.jpg,brri_rice_disease_pest,Rice Stripes,stripes,,train,False
data\raw\brri_rice_disease_pest\Rice Stripes\RS_50.jpg,brri_rice_disease_pest,Rice Stripes,stripes,,val,False
data\raw\brri_rice_disease_pest\Rice Stripes\RS_51.jpg,brri_rice_disease_pest,Rice Stripes,stripes,,train,False
data\raw\brri_rice_disease_pest\Rice Stripes\RS_52.jpg,brri_rice_disease_pest,Rice Stripes,stripes,,test,False
data\raw\brri_rice_disease_pest\Rice Stripes\RS_53.jpg,brri_rice_disease_pest,Rice Stripes,stripes,,train,False
data\raw\brri_rice_disease_pest\Rice Stripes\RS_54.jpg,brri_rice_disease_pest,Rice Stripes,stripes,,train,False
data\raw\brri_rice_disease_pest\Rice Stripes\RS_55.jpg,brri_rice_disease_pest,Rice Stripes,stripes,,train,False
data\raw\brri_rice_disease_pest\Rice Stripes\RS_56.jpg,brri_rice_disease_pest,Rice Stripes,stripes,,test,False
data\raw\brri_rice_disease_pest\Rice Stripes\RS_57.jpg,brri_rice_disease_pest,Rice Stripes,stripes,,test,False
data\raw\brri_rice_disease_pest\Rice Stripes\RS_58.jpg,brri_rice_disease_pest,Rice Stripes,stripes,,train,False
data\raw\brri_rice_disease_pest\Rice Stripes\RS_59.jpg,brri_rice_disease_pest,Rice Stripes,stripes,,train,False
data\raw\brri_rice_disease_pest\Rice Stripes\RS_6.jpg,brri_rice_disease_pest,Rice Stripes,stripes,,train,False
data\raw\brri_rice_disease_pest\Rice Stripes\RS_60.jpg,brri_rice_disease_pest,Rice Stripes,stripes,,val,False
data\raw\brri_rice_disease_pest\Rice Stripes\RS_61.jpg,brri_rice_disease_pest,Rice Stripes,stripes,,train,False
data\raw\brri_rice_disease_pest\Rice Stripes\RS_62.jpg,brri_rice_disease_pest,Rice Stripes,stripes,,val,False
data\raw\brri_rice_disease_pest\Rice Stripes\RS_63.jpg,brri_rice_disease_pest,Rice Stripes,stripes,,val,False
data\raw\brri_rice_disease_pest\Rice Stripes\RS_64.jpg,brri_rice_disease_pest,Rice Stripes,stripes,,test,False
data\raw\brri_rice_disease_pest\Rice Stripes\RS_65.jpg,brri_rice_disease_pest,Rice Stripes,stripes,,train,False
data\raw\brri_rice_disease_pest\Rice Stripes\RS_66.jpg,brri_rice_disease_pest,Rice Stripes,stripes,,train,False
data\raw\brri_rice_disease_pest\Rice Stripes\RS_67.jpg,brri_rice_disease_pest,Rice Stripes,stripes,,val,False
data\raw\brri_rice_disease_pest\Rice Stripes\RS_68.jpg,brri_rice_disease_pest,Rice Stripes,stripes,,train,False
data\raw\brri_rice_disease_pest\Rice Stripes\RS_69.jpg,brri_rice_disease_pest,Rice Stripes,stripes,,train,False
data\raw\brri_rice_disease_pest\Rice Stripes\RS_7.jpg,brri_rice_disease_pest,Rice Stripes,stripes,,train,False
data\raw\brri_rice_disease_pest\Rice Stripes\RS_70.jpg,brri_rice_disease_pest,Rice Stripes,stripes,,train,False
data\raw\brri_rice_disease_pest\Rice Stripes\RS_71.jpg,brri_rice_disease_pest,Rice Stripes,stripes,,test,False
data\raw\brri_rice_disease_pest\Rice Stripes\RS_72.jpg,brri_rice_disease_pest,Rice Stripes,stripes,,val,False
data\raw\brri_rice_disease_pest\Rice Stripes\RS_73.jpg,brri_rice_disease_pest,Rice Stripes,stripes,,train,False
data\raw\brri_rice_disease_pest\Rice Stripes\RS_74.jpg,brri_rice_disease_pest,Rice Stripes,stripes,,train,False
data\raw\brri_rice_disease_pest\Rice Stripes\RS_75.jpg,brri_rice_disease_pest,Rice Stripes,stripes,,train,False
data\raw\brri_rice_disease_pest\Rice Stripes\RS_76.jpg,brri_rice_disease_pest,Rice Stripes,stripes,,train,False
data\raw\brri_rice_disease_pest\Rice Stripes\RS_77.jpg,brri_rice_disease_pest,Rice Stripes,stripes,,train,False
data\raw\brri_rice_disease_pest\Rice Stripes\RS_78.jpg,brri_rice_disease_pest,Rice Stripes,stripes,,val,False
data\raw\brri_rice_disease_pest\Rice Stripes\RS_79.jpg,brri_rice_disease_pest,Rice Stripes,stripes,,test,False
data\raw\brri_rice_disease_pest\Rice Stripes\RS_8.jpg,brri_rice_disease_pest,Rice Stripes,stripes,,train,False
data\raw\brri_rice_disease_pest\Rice Stripes\RS_80.jpg,brri_rice_disease_pest,Rice Stripes,stripes,,val,False
data\raw\brri_rice_disease_pest\Rice Stripes\RS_81.jpg,brri_rice_disease_pest,Rice Stripes,stripes,,train,False
data\raw\brri_rice_disease_pest\Rice Stripes\RS_82.jpg,brri_rice_disease_pest,Rice Stripes,stripes,,train,False
data\raw\brri_rice_disease_pest\Rice Stripes\RS_83.jpg,brri_rice_disease_pest,Rice Stripes,stripes,,test,False
data\raw\brri_rice_disease_pest\Rice Stripes\RS_84.jpg,brri_rice_disease_pest,Rice Stripes,stripes,,train,False
data\raw\brri_rice_disease_pest\Rice Stripes\RS_85.jpg,brri_rice_disease_pest,Rice Stripes,stripes,,val,False
data\raw\brri_rice_disease_pest\Rice Stripes\RS_86.jpg,brri_rice_disease_pest,Rice Stripes,stripes,,val,False
data\raw\brri_rice_disease_pest\Rice Stripes\RS_87.jpg,brri_rice_disease_pest,Rice Stripes,stripes,,train,False
data\raw\brri_rice_disease_pest\Rice Stripes\RS_88.jpg,brri_rice_disease_pest,Rice Stripes,stripes,,val,False
data\raw\brri_rice_disease_pest\Rice Stripes\RS_89.jpg,brri_rice_disease_pest,Rice Stripes,stripes,,train,False
data\raw\brri_rice_disease_pest\Rice Stripes\RS_9.jpg,brri_rice_disease_pest,Rice Stripes,stripes,,val,False
data\raw\brri_rice_disease_pest\Rice Stripes\RS_90.jpg,brri_rice_disease_pest,Rice Stripes,stripes,,train,False
data\raw\brri_rice_disease_pest\Rice Stripes\RS_91.jpg,brri_rice_disease_pest,Rice Stripes,stripes,,test,False
data\raw\brri_rice_disease_pest\Rice Stripes\RS_92.jpg,brri_rice_disease_pest,Rice Stripes,stripes,,train,False
data\raw\brri_rice_disease_pest\Rice Stripes\RS_93.jpg,brri_rice_disease_pest,Rice Stripes,stripes,,train,False
data\raw\brri_rice_disease_pest\Rice Stripes\RS_94.jpg,brri_rice_disease_pest,Rice Stripes,stripes,,train,False
data\raw\brri_rice_disease_pest\Rice Stripes\RS_95.jpg,brri_rice_disease_pest,Rice Stripes,stripes,,test,False
data\raw\brri_rice_disease_pest\Rice Stripes\RS_96.jpg,brri_rice_disease_pest,Rice Stripes,stripes,,train,False
data\raw\brri_rice_disease_pest\Rice Stripes\RS_97.jpg,brri_rice_disease_pest,Rice Stripes,stripes,,train,False
data\raw\brri_rice_disease_pest\Rice Stripes\RS_98.jpg,brri_rice_disease_pest,Rice Stripes,stripes,,train,False
data\raw\brri_rice_disease_pest\Rice Stripes\RS_99.jpg,brri_rice_disease_pest,Rice Stripes,stripes,,test,False
data\raw\brri_rice_disease_pest\Rice Tungro\RT_1.jpg,brri_rice_disease_pest,Rice Tungro,tungro,,train,False
data\raw\brri_rice_disease_pest\Rice Tungro\RT_10.jpg,brri_rice_disease_pest,Rice Tungro,tungro,,test,False
data\raw\brri_rice_disease_pest\Rice Tungro\RT_100.jpg,brri_rice_disease_pest,Rice Tungro,tungro,,train,False
data\raw\brri_rice_disease_pest\Rice Tungro\RT_101.jpg,brri_rice_disease_pest,Rice Tungro,tungro,,train,False
data\raw\brri_rice_disease_pest\Rice Tungro\RT_102.jpg,brri_rice_disease_pest,Rice Tungro,tungro,,train,False
data\raw\brri_rice_disease_pest\Rice Tungro\RT_103.jpg,brri_rice_disease_pest,Rice Tungro,tungro,,train,False
data\raw\brri_rice_disease_pest\Rice Tungro\RT_104.jpg,brri_rice_disease_pest,Rice Tungro,tungro,,train,False
data\raw\brri_rice_disease_pest\Rice Tungro\RT_105.jpg,brri_rice_disease_pest,Rice Tungro,tungro,,val,False
data\raw\brri_rice_disease_pest\Rice Tungro\RT_106.jpg,brri_rice_disease_pest,Rice Tungro,tungro,,val,False
data\raw\brri_rice_disease_pest\Rice Tungro\RT_107.jpg,brri_rice_disease_pest,Rice Tungro,tungro,,train,False
data\raw\brri_rice_disease_pest\Rice Tungro\RT_108.jpg,brri_rice_disease_pest,Rice Tungro,tungro,,train,False
data\raw\brri_rice_disease_pest\Rice Tungro\RT_109.jpg,brri_rice_disease_pest,Rice Tungro,tungro,,train,False
data\raw\brri_rice_disease_pest\Rice Tungro\RT_11.jpg,brri_rice_disease_pest,Rice Tungro,tungro,,train,False
data\raw\brri_rice_disease_pest\Rice Tungro\RT_110.jpg,brri_rice_disease_pest,Rice Tungro,tungro,,val,False
data\raw\brri_rice_disease_pest\Rice Tungro\RT_111.jpg,brri_rice_disease_pest,Rice Tungro,tungro,,test,False
data\raw\brri_rice_disease_pest\Rice Tungro\RT_112.jpg,brri_rice_disease_pest,Rice Tungro,tungro,,train,False
data\raw\brri_rice_disease_pest\Rice Tungro\RT_113.jpg,brri_rice_disease_pest,Rice Tungro,tungro,,train,False
data\raw\brri_rice_disease_pest\Rice Tungro\RT_114.jpg,brri_rice_disease_pest,Rice Tungro,tungro,,val,False
data\raw\brri_rice_disease_pest\Rice Tungro\RT_115.jpg,brri_rice_disease_pest,Rice Tungro,tungro,,train,False
data\raw\brri_rice_disease_pest\Rice Tungro\RT_116.jpg,brri_rice_disease_pest,Rice Tungro,tungro,,train,False
data\raw\brri_rice_disease_pest\Rice Tungro\RT_117.jpg,brri_rice_disease_pest,Rice Tungro,tungro,,test,False
data\raw\brri_rice_disease_pest\Rice Tungro\RT_118.jpg,brri_rice_disease_pest,Rice Tungro,tungro,,test,False
data\raw\brri_rice_disease_pest\Rice Tungro\RT_119.jpg,brri_rice_disease_pest,Rice Tungro,tungro,,train,False
data\raw\brri_rice_disease_pest\Rice Tungro\RT_12.jpg,brri_rice_disease_pest,Rice Tungro,tungro,,train,False
data\raw\brri_rice_disease_pest\Rice Tungro\RT_120.jpg,brri_rice_disease_pest,Rice Tungro,tungro,,train,False
data\raw\brri_rice_disease_pest\Rice Tungro\RT_121.jpg,brri_rice_disease_pest,Rice Tungro,tungro,,train,False
data\raw\brri_rice_disease_pest\Rice Tungro\RT_122.jpg,brri_rice_disease_pest,Rice Tungro,tungro,,train,False
data\raw\brri_rice_disease_pest\Rice Tungro\RT_123.jpg,brri_rice_disease_pest,Rice Tungro,tungro,,train,False
data\raw\brri_rice_disease_pest\Rice Tungro\RT_124.jpg,brri_rice_disease_pest,Rice Tungro,tungro,,train,False
data\raw\brri_rice_disease_pest\Rice Tungro\RT_125.jpg,brri_rice_disease_pest,Rice Tungro,tungro,,train,False
data\raw\brri_rice_disease_pest\Rice Tungro\RT_126.jpg,brri_rice_disease_pest,Rice Tungro,tungro,,train,False
data\raw\brri_rice_disease_pest\Rice Tungro\RT_127.jpg,brri_rice_disease_pest,Rice Tungro,tungro,,train,False
data\raw\brri_rice_disease_pest\Rice Tungro\RT_128.jpg,brri_rice_disease_pest,Rice Tungro,tungro,,train,False
data\raw\brri_rice_disease_pest\Rice Tungro\RT_129.jpg,brri_rice_disease_pest,Rice Tungro,tungro,,train,False
data\raw\brri_rice_disease_pest\Rice Tungro\RT_13.jpg,brri_rice_disease_pest,Rice Tungro,tungro,,val,False
data\raw\brri_rice_disease_pest\Rice Tungro\RT_130.jpg,brri_rice_disease_pest,Rice Tungro,tungro,,train,False
data\raw\brri_rice_disease_pest\Rice Tungro\RT_131.jpg,brri_rice_disease_pest,Rice Tungro,tungro,,train,False
data\raw\brri_rice_disease_pest\Rice Tungro\RT_132.jpg,brri_rice_disease_pest,Rice Tungro,tungro,,test,False
data\raw\brri_rice_disease_pest\Rice Tungro\RT_133.jpg,brri_rice_disease_pest,Rice Tungro,tungro,,train,False
data\raw\brri_rice_disease_pest\Rice Tungro\RT_134.jpg,brri_rice_disease_pest,Rice Tungro,tungro,,train,False
data\raw\brri_rice_disease_pest\Rice Tungro\RT_135.jpg,brri_rice_disease_pest,Rice Tungro,tungro,,train,False
data\raw\brri_rice_disease_pest\Rice Tungro\RT_136.jpg,brri_rice_disease_pest,Rice Tungro,tungro,,train,False
data\raw\brri_rice_disease_pest\Rice Tungro\RT_137.jpg,brri_rice_disease_pest,Rice Tungro,tungro,,train,False
data\raw\brri_rice_disease_pest\Rice Tungro\RT_138.jpg,brri_rice_disease_pest,Rice Tungro,tungro,,train,False
data\raw\brri_rice_disease_pest\Rice Tungro\RT_139.jpg,brri_rice_disease_pest,Rice Tungro,tungro,,train,False
data\raw\brri_rice_disease_pest\Rice Tungro\RT_14.jpg,brri_rice_disease_pest,Rice Tungro,tungro,,train,False
data\raw\brri_rice_disease_pest\Rice Tungro\RT_140.jpg,brri_rice_disease_pest,Rice Tungro,tungro,,train,False
data\raw\brri_rice_disease_pest\Rice Tungro\RT_141.jpg,brri_rice_disease_pest,Rice Tungro,tungro,,train,False
data\raw\brri_rice_disease_pest\Rice Tungro\RT_142.jpg,brri_rice_disease_pest,Rice Tungro,tungro,,test,False
data\raw\brri_rice_disease_pest\Rice Tungro\RT_143.jpg,brri_rice_disease_pest,Rice Tungro,tungro,,val,False
data\raw\brri_rice_disease_pest\Rice Tungro\RT_144.jpg,brri_rice_disease_pest,Rice Tungro,tungro,,val,False
data\raw\brri_rice_disease_pest\Rice Tungro\RT_145.jpg,brri_rice_disease_pest,Rice Tungro,tungro,,train,False
data\raw\brri_rice_disease_pest\Rice Tungro\RT_146.jpg,brri_rice_disease_pest,Rice Tungro,tungro,,test,False
data\raw\brri_rice_disease_pest\Rice Tungro\RT_147.jpg,brri_rice_disease_pest,Rice Tungro,tungro,,train,False
data\raw\brri_rice_disease_pest\Rice Tungro\RT_148.jpg,brri_rice_disease_pest,Rice Tungro,tungro,,val,False
data\raw\brri_rice_disease_pest\Rice Tungro\RT_149.jpg,brri_rice_disease_pest,Rice Tungro,tungro,,train,False
data\raw\brri_rice_disease_pest\Rice Tungro\RT_15.jpg,brri_rice_disease_pest,Rice Tungro,tungro,,train,False
data\raw\brri_rice_disease_pest\Rice Tungro\RT_150.jpg,brri_rice_disease_pest,Rice Tungro,tungro,,test,False
data\raw\brri_rice_disease_pest\Rice Tungro\RT_151.jpg,brri_rice_disease_pest,Rice Tungro,tungro,,val,False
data\raw\brri_rice_disease_pest\Rice Tungro\RT_152.jpg,brri_rice_disease_pest,Rice Tungro,tungro,,val,False
data\raw\brri_rice_disease_pest\Rice Tungro\RT_153.jpg,brri_rice_disease_pest,Rice Tungro,tungro,,train,False
data\raw\brri_rice_disease_pest\Rice Tungro\RT_154.jpg,brri_rice_disease_pest,Rice Tungro,tungro,,train,False
data\raw\brri_rice_disease_pest\Rice Tungro\RT_155.jpg,brri_rice_disease_pest,Rice Tungro,tungro,,train,False
data\raw\brri_rice_disease_pest\Rice Tungro\RT_156.jpg,brri_rice_disease_pest,Rice Tungro,tungro,,val,False
data\raw\brri_rice_disease_pest\Rice Tungro\RT_157.jpg,brri_rice_disease_pest,Rice Tungro,tungro,,train,False
data\raw\brri_rice_disease_pest\Rice Tungro\RT_158.jpg,brri_rice_disease_pest,Rice Tungro,tungro,,train,False
data\raw\brri_rice_disease_pest\Rice Tungro\RT_159.jpg,brri_rice_disease_pest,Rice Tungro,tungro,,train,False
data\raw\brri_rice_disease_pest\Rice Tungro\RT_16.jpg,brri_rice_disease_pest,Rice Tungro,tungro,,train,False
data\raw\brri_rice_disease_pest\Rice Tungro\RT_160.jpg,brri_rice_disease_pest,Rice Tungro,tungro,,train,False
data\raw\brri_rice_disease_pest\Rice Tungro\RT_161.jpg,brri_rice_disease_pest,Rice Tungro,tungro,,train,False
data\raw\brri_rice_disease_pest\Rice Tungro\RT_162.jpg,brri_rice_disease_pest,Rice Tungro,tungro,,train,False
data\raw\brri_rice_disease_pest\Rice Tungro\RT_163.jpg,brri_rice_disease_pest,Rice Tungro,tungro,,test,False
data\raw\brri_rice_disease_pest\Rice Tungro\RT_164.jpg,brri_rice_disease_pest,Rice Tungro,tungro,,val,False
data\raw\brri_rice_disease_pest\Rice Tungro\RT_165.jpg,brri_rice_disease_pest,Rice Tungro,tungro,,train,False
data\raw\brri_rice_disease_pest\Rice Tungro\RT_166.jpg,brri_rice_disease_pest,Rice Tungro,tungro,,test,False
data\raw\brri_rice_disease_pest\Rice Tungro\RT_167.jpg,brri_rice_disease_pest,Rice Tungro,tungro,,train,False
data\raw\brri_rice_disease_pest\Rice Tungro\RT_168.jpg,brri_rice_disease_pest,Rice Tungro,tungro,,train,False
data\raw\brri_rice_disease_pest\Rice Tungro\RT_169.jpg,brri_rice_disease_pest,Rice Tungro,tungro,,train,False
data\raw\brri_rice_disease_pest\Rice Tungro\RT_17.jpg,brri_rice_disease_pest,Rice Tungro,tungro,,train,False
data\raw\brri_rice_disease_pest\Rice Tungro\RT_170.jpg,brri_rice_disease_pest,Rice Tungro,tungro,,train,False
data\raw\brri_rice_disease_pest\Rice Tungro\RT_171.jpg,brri_rice_disease_pest,Rice Tungro,tungro,,val,False
data\raw\brri_rice_disease_pest\Rice Tungro\RT_172.jpg,brri_rice_disease_pest,Rice Tungro,tungro,,train,False
data\raw\brri_rice_disease_pest\Rice Tungro\RT_173.jpg,brri_rice_disease_pest,Rice Tungro,tungro,,train,False
data\raw\brri_rice_disease_pest\Rice Tungro\RT_174.jpg,brri_rice_disease_pest,Rice Tungro,tungro,,val,False
data\raw\brri_rice_disease_pest\Rice Tungro\RT_175.jpg,brri_rice_disease_pest,Rice Tungro,tungro,,train,False
data\raw\brri_rice_disease_pest\Rice Tungro\RT_176.jpg,brri_rice_disease_pest,Rice Tungro,tungro,,train,False
data\raw\brri_rice_disease_pest\Rice Tungro\RT_177.jpg,brri_rice_disease_pest,Rice Tungro,tungro,,train,False
data\raw\brri_rice_disease_pest\Rice Tungro\RT_178.jpg,brri_rice_disease_pest,Rice Tungro,tungro,,test,False
data\raw\brri_rice_disease_pest\Rice Tungro\RT_179.jpg,brri_rice_disease_pest,Rice Tungro,tungro,,test,False
data\raw\brri_rice_disease_pest\Rice Tungro\RT_18.jpg,brri_rice_disease_pest,Rice Tungro,tungro,,val,False
data\raw\brri_rice_disease_pest\Rice Tungro\RT_180.jpg,brri_rice_disease_pest,Rice Tungro,tungro,,train,False
data\raw\brri_rice_disease_pest\Rice Tungro\RT_181.jpg,brri_rice_disease_pest,Rice Tungro,tungro,,val,False
data\raw\brri_rice_disease_pest\Rice Tungro\RT_182.jpg,brri_rice_disease_pest,Rice Tungro,tungro,,test,False
data\raw\brri_rice_disease_pest\Rice Tungro\RT_183.jpg,brri_rice_disease_pest,Rice Tungro,tungro,,train,False
data\raw\brri_rice_disease_pest\Rice Tungro\RT_184.jpg,brri_rice_disease_pest,Rice Tungro,tungro,,train,False
data\raw\brri_rice_disease_pest\Rice Tungro\RT_185.jpg,brri_rice_disease_pest,Rice Tungro,tungro,,train,False
data\raw\brri_rice_disease_pest\Rice Tungro\RT_186.jpg,brri_rice_disease_pest,Rice Tungro,tungro,,train,False
data\raw\brri_rice_disease_pest\Rice Tungro\RT_187.jpg,brri_rice_disease_pest,Rice Tungro,tungro,,train,False
data\raw\brri_rice_disease_pest\Rice Tungro\RT_188.jpg,brri_rice_disease_pest,Rice Tungro,tungro,,train,False
data\raw\brri_rice_disease_pest\Rice Tungro\RT_189.jpg,brri_rice_disease_pest,Rice Tungro,tungro,,test,False
data\raw\brri_rice_disease_pest\Rice Tungro\RT_19.jpg,brri_rice_disease_pest,Rice Tungro,tungro,,train,False
data\raw\brri_rice_disease_pest\Rice Tungro\RT_190.jpg,brri_rice_disease_pest,Rice Tungro,tungro,,train,False
data\raw\brri_rice_disease_pest\Rice Tungro\RT_191.jpg,brri_rice_disease_pest,Rice Tungro,tungro,,test,False
data\raw\brri_rice_disease_pest\Rice Tungro\RT_192.jpg,brri_rice_disease_pest,Rice Tungro,tungro,,test,False
data\raw\brri_rice_disease_pest\Rice Tungro\RT_193.jpg,brri_rice_disease_pest,Rice Tungro,tungro,,train,False
data\raw\brri_rice_disease_pest\Rice Tungro\RT_194.jpg,brri_rice_disease_pest,Rice Tungro,tungro,,train,False
data\raw\brri_rice_disease_pest\Rice Tungro\RT_195.jpg,brri_rice_disease_pest,Rice Tungro,tungro,,test,False
data\raw\brri_rice_disease_pest\Rice Tungro\RT_196.jpg,brri_rice_disease_pest,Rice Tungro,tungro,,val,False
data\raw\brri_rice_disease_pest\Rice Tungro\RT_197.jpg,brri_rice_disease_pest,Rice Tungro,tungro,,train,False
data\raw\brri_rice_disease_pest\Rice Tungro\RT_198.jpg,brri_rice_disease_pest,Rice Tungro,tungro,,train,False
data\raw\brri_rice_disease_pest\Rice Tungro\RT_199.jpg,brri_rice_disease_pest,Rice Tungro,tungro,,val,False
data\raw\brri_rice_disease_pest\Rice Tungro\RT_2.jpg,brri_rice_disease_pest,Rice Tungro,tungro,,train,False
data\raw\brri_rice_disease_pest\Rice Tungro\RT_20.jpg,brri_rice_disease_pest,Rice Tungro,tungro,,train,False
data\raw\brri_rice_disease_pest\Rice Tungro\RT_200.jpg,brri_rice_disease_pest,Rice Tungro,tungro,,train,False
data\raw\brri_rice_disease_pest\Rice Tungro\RT_201.jpg,brri_rice_disease_pest,Rice Tungro,tungro,,train,False
data\raw\brri_rice_disease_pest\Rice Tungro\RT_202.jpg,brri_rice_disease_pest,Rice Tungro,tungro,,train,False
data\raw\brri_rice_disease_pest\Rice Tungro\RT_203.jpg,brri_rice_disease_pest,Rice Tungro,tungro,,test,False
data\raw\brri_rice_disease_pest\Rice Tungro\RT_204.jpg,brri_rice_disease_pest,Rice Tungro,tungro,,train,False
data\raw\brri_rice_disease_pest\Rice Tungro\RT_205.jpg,brri_rice_disease_pest,Rice Tungro,tungro,,train,False
data\raw\brri_rice_disease_pest\Rice Tungro\RT_206.jpg,brri_rice_disease_pest,Rice Tungro,tungro,,train,False
data\raw\brri_rice_disease_pest\Rice Tungro\RT_207.jpg,brri_rice_disease_pest,Rice Tungro,tungro,,train,False
data\raw\brri_rice_disease_pest\Rice Tungro\RT_208.jpg,brri_rice_disease_pest,Rice Tungro,tungro,,test,False
data\raw\brri_rice_disease_pest\Rice Tungro\RT_209.jpg,brri_rice_disease_pest,Rice Tungro,tungro,,train,False
data\raw\brri_rice_disease_pest\Rice Tungro\RT_21.jpg,brri_rice_disease_pest,Rice Tungro,tungro,,train,False
data\raw\brri_rice_disease_pest\Rice Tungro\RT_210.jpg,brri_rice_disease_pest,Rice Tungro,tungro,,train,False
data\raw\brri_rice_disease_pest\Rice Tungro\RT_211.jpg,brri_rice_disease_pest,Rice Tungro,tungro,,train,False
data\raw\brri_rice_disease_pest\Rice Tungro\RT_212.jpg,brri_rice_disease_pest,Rice Tungro,tungro,,train,False
data\raw\brri_rice_disease_pest\Rice Tungro\RT_213.jpg,brri_rice_disease_pest,Rice Tungro,tungro,,train,False
data\raw\brri_rice_disease_pest\Rice Tungro\RT_214.jpg,brri_rice_disease_pest,Rice Tungro,tungro,,train,False
data\raw\brri_rice_disease_pest\Rice Tungro\RT_215.jpg,brri_rice_disease_pest,Rice Tungro,tungro,,test,False
data\raw\brri_rice_disease_pest\Rice Tungro\RT_216.jpg,brri_rice_disease_pest,Rice Tungro,tungro,,test,False
data\raw\brri_rice_disease_pest\Rice Tungro\RT_217.jpg,brri_rice_disease_pest,Rice Tungro,tungro,,val,False
data\raw\brri_rice_disease_pest\Rice Tungro\RT_218.jpg,brri_rice_disease_pest,Rice Tungro,tungro,,train,False
data\raw\brri_rice_disease_pest\Rice Tungro\RT_219.jpg,brri_rice_disease_pest,Rice Tungro,tungro,,train,False
data\raw\brri_rice_disease_pest\Rice Tungro\RT_22.jpg,brri_rice_disease_pest,Rice Tungro,tungro,,val,False
data\raw\brri_rice_disease_pest\Rice Tungro\RT_220.jpg,brri_rice_disease_pest,Rice Tungro,tungro,,train,False
data\raw\brri_rice_disease_pest\Rice Tungro\RT_221.jpg,brri_rice_disease_pest,Rice Tungro,tungro,,train,False
data\raw\brri_rice_disease_pest\Rice Tungro\RT_222.jpg,brri_rice_disease_pest,Rice Tungro,tungro,,train,False
data\raw\brri_rice_disease_pest\Rice Tungro\RT_223.jpg,brri_rice_disease_pest,Rice Tungro,tungro,,train,False
data\raw\brri_rice_disease_pest\Rice Tungro\RT_224.jpg,brri_rice_disease_pest,Rice Tungro,tungro,,train,False
data\raw\brri_rice_disease_pest\Rice Tungro\RT_225.jpg,brri_rice_disease_pest,Rice Tungro,tungro,,train,False
data\raw\brri_rice_disease_pest\Rice Tungro\RT_226.jpg,brri_rice_disease_pest,Rice Tungro,tungro,,train,False
data\raw\brri_rice_disease_pest\Rice Tungro\RT_227.jpg,brri_rice_disease_pest,Rice Tungro,tungro,,train,False
data\raw\brri_rice_disease_pest\Rice Tungro\RT_228.jpg,brri_rice_disease_pest,Rice Tungro,tungro,,train,False
data\raw\brri_rice_disease_pest\Rice Tungro\RT_229.jpg,brri_rice_disease_pest,Rice Tungro,tungro,,train,False
data\raw\brri_rice_disease_pest\Rice Tungro\RT_23.jpg,brri_rice_disease_pest,Rice Tungro,tungro,,train,False
data\raw\brri_rice_disease_pest\Rice Tungro\RT_230.jpg,brri_rice_disease_pest,Rice Tungro,tungro,,train,False
data\raw\brri_rice_disease_pest\Rice Tungro\RT_231.jpg,brri_rice_disease_pest,Rice Tungro,tungro,,train,False
data\raw\brri_rice_disease_pest\Rice Tungro\RT_232.jpg,brri_rice_disease_pest,Rice Tungro,tungro,,train,False
data\raw\brri_rice_disease_pest\Rice Tungro\RT_233.jpg,brri_rice_disease_pest,Rice Tungro,tungro,,test,False
data\raw\brri_rice_disease_pest\Rice Tungro\RT_234.jpg,brri_rice_disease_pest,Rice Tungro,tungro,,train,False
data\raw\brri_rice_disease_pest\Rice Tungro\RT_235.jpg,brri_rice_disease_pest,Rice Tungro,tungro,,test,False
data\raw\brri_rice_disease_pest\Rice Tungro\RT_236.jpg,brri_rice_disease_pest,Rice Tungro,tungro,,train,False
data\raw\brri_rice_disease_pest\Rice Tungro\RT_237.jpg,brri_rice_disease_pest,Rice Tungro,tungro,,train,False
data\raw\brri_rice_disease_pest\Rice Tungro\RT_238.jpg,brri_rice_disease_pest,Rice Tungro,tungro,,train,False
data\raw\brri_rice_disease_pest\Rice Tungro\RT_239.jpg,brri_rice_disease_pest,Rice Tungro,tungro,,train,False
data\raw\brri_rice_disease_pest\Rice Tungro\RT_24.jpg,brri_rice_disease_pest,Rice Tungro,tungro,,train,False
data\raw\brri_rice_disease_pest\Rice Tungro\RT_25.jpg,brri_rice_disease_pest,Rice Tungro,tungro,,test,False
data\raw\brri_rice_disease_pest\Rice Tungro\RT_26.jpg,brri_rice_disease_pest,Rice Tungro,tungro,,train,False
data\raw\brri_rice_disease_pest\Rice Tungro\RT_27.jpg,brri_rice_disease_pest,Rice Tungro,tungro,,train,False
data\raw\brri_rice_disease_pest\Rice Tungro\RT_28.jpg,brri_rice_disease_pest,Rice Tungro,tungro,,test,False
data\raw\brri_rice_disease_pest\Rice Tungro\RT_29.jpg,brri_rice_disease_pest,Rice Tungro,tungro,,train,False
data\raw\brri_rice_disease_pest\Rice Tungro\RT_3.jpg,brri_rice_disease_pest,Rice Tungro,tungro,,train,False
data\raw\brri_rice_disease_pest\Rice Tungro\RT_30.jpg,brri_rice_disease_pest,Rice Tungro,tungro,,val,False
data\raw\brri_rice_disease_pest\Rice Tungro\RT_31.jpg,brri_rice_disease_pest,Rice Tungro,tungro,,train,False
data\raw\brri_rice_disease_pest\Rice Tungro\RT_32.jpg,brri_rice_disease_pest,Rice Tungro,tungro,,train,False
data\raw\brri_rice_disease_pest\Rice Tungro\RT_33.jpg,brri_rice_disease_pest,Rice Tungro,tungro,,val,False
data\raw\brri_rice_disease_pest\Rice Tungro\RT_34.jpg,brri_rice_disease_pest,Rice Tungro,tungro,,train,False
data\raw\brri_rice_disease_pest\Rice Tungro\RT_35.jpg,brri_rice_disease_pest,Rice Tungro,tungro,,train,False
data\raw\brri_rice_disease_pest\Rice Tungro\RT_36.jpg,brri_rice_disease_pest,Rice Tungro,tungro,,val,False
data\raw\brri_rice_disease_pest\Rice Tungro\RT_37.jpg,brri_rice_disease_pest,Rice Tungro,tungro,,train,False
data\raw\brri_rice_disease_pest\Rice Tungro\RT_38.jpg,brri_rice_disease_pest,Rice Tungro,tungro,,val,False
data\raw\brri_rice_disease_pest\Rice Tungro\RT_39.jpg,brri_rice_disease_pest,Rice Tungro,tungro,,train,False
data\raw\brri_rice_disease_pest\Rice Tungro\RT_4.jpg,brri_rice_disease_pest,Rice Tungro,tungro,,train,False
data\raw\brri_rice_disease_pest\Rice Tungro\RT_40.jpg,brri_rice_disease_pest,Rice Tungro,tungro,,val,False
data\raw\brri_rice_disease_pest\Rice Tungro\RT_41.jpg,brri_rice_disease_pest,Rice Tungro,tungro,,train,False
data\raw\brri_rice_disease_pest\Rice Tungro\RT_42.jpg,brri_rice_disease_pest,Rice Tungro,tungro,,train,False
data\raw\brri_rice_disease_pest\Rice Tungro\RT_43.jpg,brri_rice_disease_pest,Rice Tungro,tungro,,train,False
data\raw\brri_rice_disease_pest\Rice Tungro\RT_44.jpg,brri_rice_disease_pest,Rice Tungro,tungro,,train,False
data\raw\brri_rice_disease_pest\Rice Tungro\RT_45.jpg,brri_rice_disease_pest,Rice Tungro,tungro,,test,False
data\raw\brri_rice_disease_pest\Rice Tungro\RT_46.jpg,brri_rice_disease_pest,Rice Tungro,tungro,,train,False
data\raw\brri_rice_disease_pest\Rice Tungro\RT_47.jpg,brri_rice_disease_pest,Rice Tungro,tungro,,train,False
data\raw\brri_rice_disease_pest\Rice Tungro\RT_48.jpg,brri_rice_disease_pest,Rice Tungro,tungro,,train,False
data\raw\brri_rice_disease_pest\Rice Tungro\RT_49.jpg,brri_rice_disease_pest,Rice Tungro,tungro,,train,False
data\raw\brri_rice_disease_pest\Rice Tungro\RT_5.jpg,brri_rice_disease_pest,Rice Tungro,tungro,,train,False
data\raw\brri_rice_disease_pest\Rice Tungro\RT_50.jpg,brri_rice_disease_pest,Rice Tungro,tungro,,train,False
data\raw\brri_rice_disease_pest\Rice Tungro\RT_51.jpg,brri_rice_disease_pest,Rice Tungro,tungro,,train,False
data\raw\brri_rice_disease_pest\Rice Tungro\RT_52.jpg,brri_rice_disease_pest,Rice Tungro,tungro,,test,False
data\raw\brri_rice_disease_pest\Rice Tungro\RT_53.jpg,brri_rice_disease_pest,Rice Tungro,tungro,,test,False
data\raw\brri_rice_disease_pest\Rice Tungro\RT_54.jpg,brri_rice_disease_pest,Rice Tungro,tungro,,val,False
data\raw\brri_rice_disease_pest\Rice Tungro\RT_55.jpg,brri_rice_disease_pest,Rice Tungro,tungro,,train,False
data\raw\brri_rice_disease_pest\Rice Tungro\RT_56.jpg,brri_rice_disease_pest,Rice Tungro,tungro,,test,False
data\raw\brri_rice_disease_pest\Rice Tungro\RT_57.jpg,brri_rice_disease_pest,Rice Tungro,tungro,,train,False
data\raw\brri_rice_disease_pest\Rice Tungro\RT_58.jpg,brri_rice_disease_pest,Rice Tungro,tungro,,train,False
data\raw\brri_rice_disease_pest\Rice Tungro\RT_59.jpg,brri_rice_disease_pest,Rice Tungro,tungro,,val,False
data\raw\brri_rice_disease_pest\Rice Tungro\RT_6.jpg,brri_rice_disease_pest,Rice Tungro,tungro,,train,False
data\raw\brri_rice_disease_pest\Rice Tungro\RT_60.jpg,brri_rice_disease_pest,Rice Tungro,tungro,,train,False
data\raw\brri_rice_disease_pest\Rice Tungro\RT_61.jpg,brri_rice_disease_pest,Rice Tungro,tungro,,val,False
data\raw\brri_rice_disease_pest\Rice Tungro\RT_62.jpg,brri_rice_disease_pest,Rice Tungro,tungro,,val,False
data\raw\brri_rice_disease_pest\Rice Tungro\RT_63.jpg,brri_rice_disease_pest,Rice Tungro,tungro,,train,False
data\raw\brri_rice_disease_pest\Rice Tungro\RT_64.jpg,brri_rice_disease_pest,Rice Tungro,tungro,,train,False
data\raw\brri_rice_disease_pest\Rice Tungro\RT_65.jpg,brri_rice_disease_pest,Rice Tungro,tungro,,train,False
data\raw\brri_rice_disease_pest\Rice Tungro\RT_66.jpg,brri_rice_disease_pest,Rice Tungro,tungro,,test,False
data\raw\brri_rice_disease_pest\Rice Tungro\RT_67.jpg,brri_rice_disease_pest,Rice Tungro,tungro,,test,False
data\raw\brri_rice_disease_pest\Rice Tungro\RT_68.jpg,brri_rice_disease_pest,Rice Tungro,tungro,,val,False
data\raw\brri_rice_disease_pest\Rice Tungro\RT_69.jpg,brri_rice_disease_pest,Rice Tungro,tungro,,train,False
data\raw\brri_rice_disease_pest\Rice Tungro\RT_7.jpg,brri_rice_disease_pest,Rice Tungro,tungro,,train,False
data\raw\brri_rice_disease_pest\Rice Tungro\RT_70.jpg,brri_rice_disease_pest,Rice Tungro,tungro,,train,False
data\raw\brri_rice_disease_pest\Rice Tungro\RT_71.jpg,brri_rice_disease_pest,Rice Tungro,tungro,,train,False
data\raw\brri_rice_disease_pest\Rice Tungro\RT_72.jpg,brri_rice_disease_pest,Rice Tungro,tungro,,val,False
data\raw\brri_rice_disease_pest\Rice Tungro\RT_73.jpg,brri_rice_disease_pest,Rice Tungro,tungro,,test,False
data\raw\brri_rice_disease_pest\Rice Tungro\RT_74.jpg,brri_rice_disease_pest,Rice Tungro,tungro,,train,False
data\raw\brri_rice_disease_pest\Rice Tungro\RT_75.jpg,brri_rice_disease_pest,Rice Tungro,tungro,,val,False
data\raw\brri_rice_disease_pest\Rice Tungro\RT_76.jpg,brri_rice_disease_pest,Rice Tungro,tungro,,train,False
data\raw\brri_rice_disease_pest\Rice Tungro\RT_77.jpg,brri_rice_disease_pest,Rice Tungro,tungro,,test,False
data\raw\brri_rice_disease_pest\Rice Tungro\RT_78.jpg,brri_rice_disease_pest,Rice Tungro,tungro,,train,False
data\raw\brri_rice_disease_pest\Rice Tungro\RT_79.jpg,brri_rice_disease_pest,Rice Tungro,tungro,,train,False
data\raw\brri_rice_disease_pest\Rice Tungro\RT_8.jpg,brri_rice_disease_pest,Rice Tungro,tungro,,val,False
data\raw\brri_rice_disease_pest\Rice Tungro\RT_80.jpg,brri_rice_disease_pest,Rice Tungro,tungro,,train,False
data\raw\brri_rice_disease_pest\Rice Tungro\RT_81.jpg,brri_rice_disease_pest,Rice Tungro,tungro,,val,False
data\raw\brri_rice_disease_pest\Rice Tungro\RT_82.jpg,brri_rice_disease_pest,Rice Tungro,tungro,,train,False
data\raw\brri_rice_disease_pest\Rice Tungro\RT_83.jpg,brri_rice_disease_pest,Rice Tungro,tungro,,train,False
data\raw\brri_rice_disease_pest\Rice Tungro\RT_84.jpg,brri_rice_disease_pest,Rice Tungro,tungro,,train,False
data\raw\brri_rice_disease_pest\Rice Tungro\RT_85.jpg,brri_rice_disease_pest,Rice Tungro,tungro,,train,False
data\raw\brri_rice_disease_pest\Rice Tungro\RT_86.jpg,brri_rice_disease_pest,Rice Tungro,tungro,,test,False
data\raw\brri_rice_disease_pest\Rice Tungro\RT_87.jpg,brri_rice_disease_pest,Rice Tungro,tungro,,train,False
data\raw\brri_rice_disease_pest\Rice Tungro\RT_88.jpg,brri_rice_disease_pest,Rice Tungro,tungro,,train,False
data\raw\brri_rice_disease_pest\Rice Tungro\RT_89.jpg,brri_rice_disease_pest,Rice Tungro,tungro,,train,False
data\raw\brri_rice_disease_pest\Rice Tungro\RT_9.jpg,brri_rice_disease_pest,Rice Tungro,tungro,,val,False
data\raw\brri_rice_disease_pest\Rice Tungro\RT_90.jpg,brri_rice_disease_pest,Rice Tungro,tungro,,train,False
data\raw\brri_rice_disease_pest\Rice Tungro\RT_91.jpg,brri_rice_disease_pest,Rice Tungro,tungro,,train,False
data\raw\brri_rice_disease_pest\Rice Tungro\RT_92.jpg,brri_rice_disease_pest,Rice Tungro,tungro,,test,False
data\raw\brri_rice_disease_pest\Rice Tungro\RT_93.jpg,brri_rice_disease_pest,Rice Tungro,tungro,,train,False
data\raw\brri_rice_disease_pest\Rice Tungro\RT_94.jpg,brri_rice_disease_pest,Rice Tungro,tungro,,train,False
data\raw\brri_rice_disease_pest\Rice Tungro\RT_95.jpg,brri_rice_disease_pest,Rice Tungro,tungro,,train,False
data\raw\brri_rice_disease_pest\Rice Tungro\RT_96.jpg,brri_rice_disease_pest,Rice Tungro,tungro,,val,False
data\raw\brri_rice_disease_pest\Rice Tungro\RT_97.jpg,brri_rice_disease_pest,Rice Tungro,tungro,,train,False
data\raw\brri_rice_disease_pest\Rice Tungro\RT_98.jpg,brri_rice_disease_pest,Rice Tungro,tungro,,train,False
data\raw\brri_rice_disease_pest\Rice Tungro\RT_99.jpg,brri_rice_disease_pest,Rice Tungro,tungro,,test,False
