image_path,dataset,foreground_fraction,n_components,largest_component_fraction,sam_score
data\raw\riceleafbd\Bacterial Leaf Blight\287707627_871778014004060_726758636943332730_n.jpg,riceleafbd,0.051381766381766385,1,0.051381766381766385,0.9846120476722717
data\raw\riceleafbd\Bacterial Leaf Blight\306374173_668849494858593_3766180290570057808_n.jpg,riceleafbd,0.17768578270222005,1,0.17768578270222005,0.9870545864105225
data\raw\riceleafbd\Bacterial Leaf Blight\306768571_5705896816098704_5324870073207477777_n.jpg,riceleafbd,0.9870183373573259,1,0.9870183373573259,0.9739388227462769
data\raw\riceleafbd\Bacterial Leaf Blight\308023277_813205076492610_8884314140399816635_n.jpg,riceleafbd,0.9661104145521126,1,0.9661104145521126,1.0070163011550903
data\raw\riceleafbd\Bacterial Leaf Blight\308400042_1457149698084155_2460803779325392734_n.jpg,riceleafbd,0.9904164829512052,1,0.9904164829512052,0.9978376626968384
data\raw\riceleafbd\Bacterial Leaf Blight\309887257_1206708786950023_3999718091796316686_n.jpg,riceleafbd,0.14194115713346483,1,0.14194115713346483,0.9998694658279419
data\raw\riceleafbd\Bacterial Leaf Blight\309889467_1034938934566619_5421307974573115033_n.jpg,riceleafbd,0.00409626216077829,1,0.00409626216077829,0.9094604849815369
data\raw\riceleafbd\Bacterial Leaf Blight\309906799_2995311924109055_1548035455363112562_n (1).jpg,riceleafbd,0.011565855796625028,1,0.011565855796625028,0.9402710199356079
data\raw\riceleafbd\Bacterial Leaf Blight\309906799_2995311924109055_1548035455363112562_n (2).jpg,riceleafbd,0.011565855796625028,1,0.011565855796625028,0.9402710199356079
data\raw\riceleafbd\Bacterial Leaf Blight\309906799_2995311924109055_1548035455363112562_n (3).jpg,riceleafbd,0.011565855796625028,1,0.011565855796625028,0.9402710199356079
data\raw\riceleafbd\Bacterial Leaf Blight\309906799_2995311924109055_1548035455363112562_n.jpg,riceleafbd,0.011565855796625028,1,0.011565855796625028,0.9402710199356079
data\raw\riceleafbd\Bacterial Leaf Blight\309914121_499573125434843_7502151446289468963_n.jpg,riceleafbd,0.21538623005877414,1,0.21538623005877414,0.9942775964736938
data\raw\riceleafbd\Bacterial Leaf Blight\309917130_705181374368022_7708826739424719878_n.jpg,riceleafbd,0.09302579365079365,1,0.09302579365079365,0.9817894697189331
data\raw\riceleafbd\Bacterial Leaf Blight\309927186_1142612546377118_9049401921745677073_n.jpg,riceleafbd,0.9962150869009939,1,0.9962150869009939,0.9933972358703613
data\raw\riceleafbd\Bacterial Leaf Blight\309930035_609965000916713_6053113369076935018_n (1).jpg,riceleafbd,0.09894506262430791,1,0.09894506262430791,0.9689686894416809
data\raw\riceleafbd\Bacterial Leaf Blight\309935720_624667676025618_6020341465910782064_n.jpg,riceleafbd,0.9769240196078431,1,0.9769240196078431,0.9624896049499512
data\raw\riceleafbd\Bacterial Leaf Blight\309944835_403163421908295_9126692865745592080_n (1).jpg,riceleafbd,0.4527627660085507,1,0.4527627660085507,0.9544843435287476
data\raw\riceleafbd\Bacterial Leaf Blight\309944835_403163421908295_9126692865745592080_n.jpg,riceleafbd,0.4527627660085507,1,0.4527627660085507,0.9544843435287476
data\raw\riceleafbd\Bacterial Leaf Blight\309949841_5556370191117231_3092019620081404905_n (1).jpg,riceleafbd,0.05824554294975689,1,0.05824554294975689,0.9537858366966248
data\raw\riceleafbd\Bacterial Leaf Blight\309949841_5556370191117231_3092019620081404905_n.jpg,riceleafbd,0.05824554294975689,1,0.05824554294975689,0.9537858366966248
data\raw\riceleafbd\Bacterial Leaf Blight\309950589_1096526231050520_832987334448539271_n.jpg,riceleafbd,0.10047126237695217,1,0.10047126237695217,0.9895346760749817
data\raw\riceleafbd\Bacterial Leaf Blight\309981324_5716773368401002_4567453957138815972_n.jpg,riceleafbd,0.9648580977427131,1,0.9648580977427131,0.9452009201049805
data\raw\riceleafbd\Bacterial Leaf Blight\310002278_817225236263649_3961895793977925231_n (1).jpg,riceleafbd,0.15211476909007773,1,0.15211476909007773,0.9933887720108032
data\raw\riceleafbd\Bacterial Leaf Blight\310002278_817225236263649_3961895793977925231_n.jpg,riceleafbd,0.15211476909007773,1,0.15211476909007773,0.9933887720108032
data\raw\riceleafbd\Bacterial Leaf Blight\310006532_887017432263227_516046070358667000_n (1).jpg,riceleafbd,0.9929702313234736,1,0.9929702313234736,1.018078327178955
data\raw\riceleafbd\Bacterial Leaf Blight\310011901_727491482067925_2927973224257730841_n.jpg,riceleafbd,0.0034921553497942385,1,0.0034921553497942385,0.9107370376586914
data\raw\riceleafbd\Bacterial Leaf Blight\310061159_1771194393257497_6100627014383132732_n (1).jpg,riceleafbd,0.4007857510288066,1,0.4007857510288066,1.006027102470398
data\raw\riceleafbd\Bacterial Leaf Blight\310067670_1460212497800616_8263437998853540163_n.jpg,riceleafbd,0.996182031433263,1,0.996182031433263,0.9929952621459961
data\raw\riceleafbd\Bacterial Leaf Blight\310068205_3277307199265837_3560960330579466291_n.jpg,riceleafbd,0.04918223619114138,1,0.04918223619114138,0.9498409628868103
data\raw\riceleafbd\Bacterial Leaf Blight\310068205_818588019449923_3913899021171820655_n.jpg,riceleafbd,0.17685120795343326,1,0.17685120795343326,0.9673727750778198
data\raw\riceleafbd\Bacterial Leaf Blight\310068882_691272839033182_5139952364170529372_n.jpg,riceleafbd,0.13325290473531679,1,0.13325290473531679,0.9807380437850952
data\raw\riceleafbd\Bacterial Leaf Blight\310071915_444203177660926_6518706998211739864_n (1).jpg,riceleafbd,0.9131031378600823,1,0.9131031378600823,0.944868803024292
data\raw\riceleafbd\Bacterial Leaf Blight\310071915_444203177660926_6518706998211739864_n.jpg,riceleafbd,0.9131031378600823,1,0.9131031378600823,0.944868803024292
data\raw\riceleafbd\Bacterial Leaf Blight\310073451_670400287776430_8623490334686936705_n.jpg,riceleafbd,0.05757122507122507,1,0.05757122507122507,0.9855024218559265
data\raw\riceleafbd\Bacterial Leaf Blight\310073971_435370668776339_6035196133024949050_n.jpg,riceleafbd,0.492065329218107,1,0.492065329218107,0.9885544776916504
data\raw\riceleafbd\Bacterial Leaf Blight\310077906_1096335294401000_358816161487578227_n (1).jpg,riceleafbd,0.11997670568586372,1,0.11997670568586372,0.9793597459793091
data\raw\riceleafbd\Bacterial Leaf Blight\310077906_1096335294401000_358816161487578227_n.jpg,riceleafbd,0.11997670568586372,1,0.11997670568586372,0.9793597459793091
data\raw\riceleafbd\Bacterial Leaf Blight\310078353_660589472106425_3907303379127533192_n.jpg,riceleafbd,0.06976008810772759,1,0.06976008810772759,0.9591145515441895
data\raw\riceleafbd\Bacterial Leaf Blight\310090711_874207533939594_3235125099262747986_n (1).jpg,riceleafbd,0.5618735711019661,1,0.5618735711019661,0.9616131782531738
data\raw\riceleafbd\Bacterial Leaf Blight\310099266_1114310669474495_1151059898472155262_n.jpg,riceleafbd,0.9945445693709583,1,0.9945445693709583,0.9936302900314331
data\raw\riceleafbd\Bacterial Leaf Blight\310103066_1336526506753515_6186056900445065534_n.jpg,riceleafbd,0.0009472934472934473,1,0.0009472934472934473,0.8774240016937256
data\raw\riceleafbd\Bacterial Leaf Blight\310106462_1093880197983588_1411787509327726484_n.jpg,riceleafbd,0.7096000438308131,1,0.7096000438308131,0.9969393014907837
data\raw\riceleafbd\Bacterial Leaf Blight\310108465_1274344353360521_4050189809060602811_n.jpg,riceleafbd,0.08634313133925237,1,0.08634313133925237,0.972316324710846
data\raw\riceleafbd\Bacterial Leaf Blight\310111298_562164032386723_1187157458750245682_n (1).jpg,riceleafbd,0.8827093397745571,1,0.8827093397745571,0.9324096441268921
data\raw\riceleafbd\Bacterial Leaf Blight\310111298_562164032386723_1187157458750245682_n.jpg,riceleafbd,0.8827093397745571,1,0.8827093397745571,0.9324096441268921
data\raw\riceleafbd\Bacterial Leaf Blight\310114150_1326246238112132_6368990570522175941_n.jpg,riceleafbd,0.9400474956822107,1,0.9400474956822107,0.8737152814865112
data\raw\riceleafbd\Bacterial Leaf Blight\310116581_5529911123723324_4187199742885998953_n.jpg,riceleafbd,0.9960136115378051,1,0.9960136115378051,0.9778228998184204
data\raw\riceleafbd\Bacterial Leaf Blight\310117662_659620325688598_7388704243788229374_n.jpg,riceleafbd,0.29941721132897603,1,0.29941721132897603,0.917312741279602
data\raw\riceleafbd\Bacterial Leaf Blight\310118366_792036068554166_3778291304245694531_n.jpg,riceleafbd,0.1113331228956229,1,0.1113331228956229,0.9812976121902466
data\raw\riceleafbd\Bacterial Leaf Blight\310155672_615122330405118_141836114081908699_n (1).jpg,riceleafbd,0.08198938632781717,1,0.08198938632781717,0.9604374170303345
data\raw\riceleafbd\Bacterial Leaf Blight\310186129_1587918904994279_3358023107928269316_n.jpg,riceleafbd,0.9868896069983026,1,0.9868896069983026,1.0061312913894653
data\raw\riceleafbd\Bacterial Leaf Blight\310204379_844905173419386_2433971113517325536_n.jpg,riceleafbd,0.06634759345163586,1,0.06634759345163586,0.9834102392196655
data\raw\riceleafbd\Bacterial Leaf Blight\310206284_656083739226753_3914532778220688758_n.jpg,riceleafbd,0.1884796891435929,1,0.1884796891435929,0.9984399080276489
data\raw\riceleafbd\Bacterial Leaf Blight\310227896_2359522557534803_874180533767999718_n.jpg,riceleafbd,0.11562239754547447,1,0.11562239754547447,0.974770188331604
data\raw\riceleafbd\Bacterial Leaf Blight\310242655_462324529121851_7634462214048329274_n.jpg,riceleafbd,0.9078296703296703,1,0.9078296703296703,0.9149268865585327
data\raw\riceleafbd\Bacterial Leaf Blight\310245436_530123098626208_7344551422469112740_n.jpg,riceleafbd,0.8069994754491466,1,0.8069994754491466,0.9149904251098633
data\raw\riceleafbd\Bacterial Leaf Blight\310246564_645862093898606_4326219695700720633_n.jpg,riceleafbd,0.22375624219725343,1,0.22375624219725343,0.982001543045044
data\raw\riceleafbd\Bacterial Leaf Blight\310252428_829038964986259_6100403909234475320_n.jpg,riceleafbd,0.9421974066347609,1,0.9421974066347609,0.9882103204727173
data\raw\riceleafbd\Bacterial Leaf Blight\310271125_854878082364909_969723976098953938_n.jpg,riceleafbd,0.2467605782420597,1,0.2467605782420597,1.0079749822616577
data\raw\riceleafbd\Bacterial Leaf Blight\310287299_803094234309195_4665509542057031227_n.jpg,riceleafbd,0.11582347140039448,1,0.11582347140039448,1.0066319704055786
data\raw\riceleafbd\Bacterial Leaf Blight\310290439_684785263013773_6826715026678719745_n.jpg,riceleafbd,0.04008736559139785,1,0.04008736559139785,0.9695533514022827
data\raw\riceleafbd\Bacterial Leaf Blight\310298902_1613877562348531_1007280443627564728_n.jpg,riceleafbd,0.027097147342546115,1,0.027097147342546115,0.8839247226715088
data\raw\riceleafbd\Bacterial Leaf Blight\310301288_829532258098749_271686150820095018_n.jpg,riceleafbd,0.007054183813443073,1,0.007054183813443073,0.9617844820022583
data\raw\riceleafbd\Bacterial Leaf Blight\310321695_687983289408936_7725850286696211803_n.jpg,riceleafbd,0.0831815691431076,1,0.0831815691431076,0.9926761388778687
data\raw\riceleafbd\Bacterial Leaf Blight\310335563_689649512083368_5156866007167643059_n.jpg,riceleafbd,0.9965912861349592,1,0.9965912861349592,1.0001124143600464
data\raw\riceleafbd\Bacterial Leaf Blight\310346992_1108086863410406_8151012851109379531_n (1).jpg,riceleafbd,0.1020329949998503,1,0.1020329949998503,0.9894013404846191
data\raw\riceleafbd\Bacterial Leaf Blight\310348568_1576915136115241_4061210897780894592_n.jpg,riceleafbd,0.9491721455182993,1,0.9491721455182993,1.0096631050109863
data\raw\riceleafbd\Bacterial Leaf Blight\310348569_496418645770619_1973838462801256641_n.jpg,riceleafbd,0.8993354152969537,1,0.8993354152969537,1.0067633390426636
data\raw\riceleafbd\Bacterial Leaf Blight\310398982_1743511802696734_8223560625839530939_n (1).jpg,riceleafbd,0.9797292585120426,1,0.9797292585120426,1.0213677883148193
data\raw\riceleafbd\Bacterial Leaf Blight\310398982_1743511802696734_8223560625839530939_n.jpg,riceleafbd,0.9797292585120426,1,0.9797292585120426,1.0213677883148193
data\raw\riceleafbd\Bacterial Leaf Blight\310399369_540025967958207_1299660027449913615_n.jpg,riceleafbd,0.9811596389091852,1,0.9811596389091852,0.884864091873169
data\raw\riceleafbd\Bacterial Leaf Blight\310399965_525487952452987_1097327620810210042_n.jpg,riceleafbd,0.7391483918128655,1,0.7391483918128655,0.8669408559799194
data\raw\riceleafbd\Bacterial Leaf Blight\310406638_441712651261553_8445621227755511487_n.jpg,riceleafbd,0.137926024428684,1,0.137926024428684,0.9706093072891235
data\raw\riceleafbd\Bacterial Leaf Blight\310408699_496897225830087_237703061076680073_n.jpg,riceleafbd,0.15248535398669447,1,0.15248535398669447,0.9918233156204224
data\raw\riceleafbd\Bacterial Leaf Blight\310408699_822627472279758_1254045115159679670_n (1).jpg,riceleafbd,0.07789351851851851,1,0.07789351851851851,0.9870580434799194
data\raw\riceleafbd\Bacterial Leaf Blight\310408699_822627472279758_1254045115159679670_n.jpg,riceleafbd,0.07789351851851851,1,0.07789351851851851,0.9870580434799194
data\raw\riceleafbd\Bacterial Leaf Blight\310415196_863381368363076_2835015746818951626_n.jpg,riceleafbd,0.045134231865001095,1,0.045134231865001095,0.9508676528930664
data\raw\riceleafbd\Bacterial Leaf Blight\310421506_682212046823295_7959506462679908202_n.jpg,riceleafbd,0.9039729749577734,1,0.9039729749577734,0.9350876808166504
data\raw\riceleafbd\Bacterial Leaf Blight\310425396_1159231851666855_6998416759931708991_n.jpg,riceleafbd,0.22343090074723845,1,0.22343090074723845,0.9661000967025757
data\raw\riceleafbd\Bacterial Leaf Blight\310431608_945940750126887_1669829760117063812_n (1).jpg,riceleafbd,0.1968852282515073,1,0.1968852282515073,1.0114829540252686
data\raw\riceleafbd\Bacterial Leaf Blight\310431608_945940750126887_1669829760117063812_n.jpg,riceleafbd,0.1968852282515073,1,0.1968852282515073,1.0114829540252686
data\raw\riceleafbd\Bacterial Leaf Blight\310448020_682310889868060_4681830072878013283_n.jpg,riceleafbd,0.0014119000657462197,1,0.0014119000657462197,0.96483314037323
data\raw\riceleafbd\Bacterial Leaf Blight\310464016_1164415064492054_7219545344180247598_n.jpg,riceleafbd,0.9945703333744399,1,0.9945703333744399,1.0013149976730347
data\raw\riceleafbd\Bacterial Leaf Blight\310464616_851545286273413_4316228521924337719_n.jpg,riceleafbd,0.29233062763008316,1,0.29233062763008316,0.9931661486625671
data\raw\riceleafbd\Bacterial Leaf Blight\310469690_2436748673143286_2677182688110486122_n.jpg,riceleafbd,0.11203575102880658,1,0.11203575102880658,0.9968595504760742
data\raw\riceleafbd\Bacterial Leaf Blight\310487840_1291281128080362_8434485632634687911_n (1).jpg,riceleafbd,0.21469958587772864,1,0.21469958587772864,0.962395191192627
data\raw\riceleafbd\Bacterial Leaf Blight\310487840_1291281128080362_8434485632634687911_n.jpg,riceleafbd,0.21469958587772864,1,0.21469958587772864,0.962395191192627
data\raw\riceleafbd\Bacterial Leaf Blight\310488167_3283636195219120_6710492829285452029_n (1).jpg,riceleafbd,0.2180404454749024,1,0.2180404454749024,0.9470013380050659
data\raw\riceleafbd\Bacterial Leaf Blight\310488167_3283636195219120_6710492829285452029_n.jpg,riceleafbd,0.2180404454749024,1,0.2180404454749024,0.9470013380050659
data\raw\riceleafbd\Bacterial Leaf Blight\310543147_457255739652955_3429368353373351621_n.jpg,riceleafbd,0.3682451238220469,1,0.3682451238220469,1.0002851486206055
data\raw\riceleafbd\Bacterial Leaf Blight\310551734_1878080685878412_6304500458457326559_n.jpg,riceleafbd,0.09537571692427335,1,0.09537571692427335,0.9881963729858398
data\raw\riceleafbd\Bacterial Leaf Blight\310553566_2995830284047527_316969068202881531_n.jpg,riceleafbd,0.003703703703703704,1,0.003703703703703704,0.9396165609359741
data\raw\riceleafbd\Bacterial Leaf Blight\310559329_690131362347145_6658353345499358807_n (1).jpg,riceleafbd,0.5226318158436214,1,0.5226318158436214,0.954748272895813
data\raw\riceleafbd\Bacterial Leaf Blight\310559329_690131362347145_6658353345499358807_n.jpg,riceleafbd,0.5226318158436214,1,0.5226318158436214,0.954748272895813
data\raw\riceleafbd\Bacterial Leaf Blight\310559970_1213671542697262_8535261898640007138_n.jpg,riceleafbd,0.12219483568075118,1,0.12219483568075118,1.0128631591796875
data\raw\riceleafbd\Bacterial Leaf Blight\310572527_877480326964706_6234914540895705397_n.jpg,riceleafbd,0.9889809782608696,1,0.9889809782608696,0.9881913661956787
data\raw\riceleafbd\Bacterial Leaf Blight\310600434_509085124429604_8918712258124914972_n.jpg,riceleafbd,0.004643765903307888,1,0.004643765903307888,0.98291015625
data\raw\riceleafbd\Bacterial Leaf Blight\310614783_415402003974119_8541969504061395281_n.jpg,riceleafbd,0.13746331587354657,1,0.13746331587354657,0.9849802255630493
data\raw\riceleafbd\Bacterial Leaf Blight\310618161_749865946301961_566346251077039014_n (1).jpg,riceleafbd,0.11481894380445105,1,0.11481894380445105,0.969699501991272
data\raw\riceleafbd\Bacterial Leaf Blight\310640932_1155806921733557_1536466671256326621_n.jpg,riceleafbd,0.07231631169275511,1,0.07231631169275511,1.0022464990615845
data\raw\riceleafbd\Bacterial Leaf Blight\310644021_808218650294002_2396455372290571328_n (1).jpg,riceleafbd,0.08067498844197873,1,0.08067498844197873,0.9878666400909424
data\raw\riceleafbd\Bacterial Leaf Blight\310644021_808218650294002_2396455372290571328_n.jpg,riceleafbd,0.08067498844197873,1,0.08067498844197873,0.9878666400909424
data\raw\riceleafbd\Bacterial Leaf Blight\310646560_492327916186305_3033082180337223512_n.jpg,riceleafbd,0.09155349794238683,1,0.09155349794238683,0.9931144714355469
data\raw\riceleafbd\Bacterial Leaf Blight\310648809_1276299019880335_3987705849652034683_n.jpg,riceleafbd,0.5494997808459346,1,0.5494997808459346,0.9323732852935791
data\raw\riceleafbd\Bacterial Leaf Blight\310670396_429378569378476_2079842306408630720_n (1).jpg,riceleafbd,0.1696081588835212,1,0.1696081588835212,1.0015277862548828
data\raw\riceleafbd\Bacterial Leaf Blight\310670396_429378569378476_2079842306408630720_n.jpg,riceleafbd,0.1696081588835212,1,0.1696081588835212,1.0015277862548828
data\raw\riceleafbd\Bacterial Leaf Blight\310671193_651962683328428_2392190712301200676_n.jpg,riceleafbd,0.11412422839506173,1,0.11412422839506173,0.987135648727417
data\raw\riceleafbd\Bacterial Leaf Blight\310674255_5604488246310964_3622111877303547733_n (1).jpg,riceleafbd,0.4906409276248726,1,0.4906409276248726,0.9729379415512085
data\raw\riceleafbd\Bacterial Leaf Blight\310674255_5604488246310964_3622111877303547733_n.jpg,riceleafbd,0.4906409276248726,1,0.4906409276248726,0.9729379415512085
data\raw\riceleafbd\Bacterial Leaf Blight\310719042_561579772636310_4450666158229352919_n (1).jpg,riceleafbd,0.04763899885633852,1,0.04763899885633852,0.8748610019683838
data\raw\riceleafbd\Bacterial Leaf Blight\310719042_561579772636310_4450666158229352919_n.jpg,riceleafbd,0.04763899885633852,1,0.04763899885633852,0.8748610019683838
data\raw\riceleafbd\Bacterial Leaf Blight\310732056_882974596404588_3333536589152760246_n.jpg,riceleafbd,0.09679503609722756,1,0.09679503609722756,0.9861648082733154
data\raw\riceleafbd\Bacterial Leaf Blight\310773473_503921111704958_8483945229256166615_n.jpg,riceleafbd,0.9373957614446745,1,0.9373957614446745,0.9593149423599243
data\raw\riceleafbd\Bacterial Leaf Blight\310776944_2271192576395292_6697039548256478756_n.jpg,riceleafbd,0.17157285085200077,1,0.17157285085200077,0.9989028573036194
data\raw\riceleafbd\Bacterial Leaf Blight\310786053_1525316674560353_7049264138852649689_n.jpg,riceleafbd,0.1956160441625558,1,0.1956160441625558,0.77937912940979
data\raw\riceleafbd\Bacterial Leaf Blight\310793904_3186523691659403_5383376354122925282_n (1).jpg,riceleafbd,0.22893518518518519,1,0.22893518518518519,0.9974957704544067
data\raw\riceleafbd\Bacterial Leaf Blight\310800911_1086292778725443_5354534637381279077_n.jpg,riceleafbd,0.6035844092135483,1,0.6035844092135483,0.9858779907226562
data\raw\riceleafbd\Bacterial Leaf Blight\310806656_1155600812023590_376145728074683356_n (1).jpg,riceleafbd,0.023727494855967077,1,0.023727494855967077,0.9764890074729919
data\raw\riceleafbd\Bacterial Leaf Blight\310806656_1155600812023590_376145728074683356_n.jpg,riceleafbd,0.023727494855967077,1,0.023727494855967077,0.9764890074729919
data\raw\riceleafbd\Bacterial Leaf Blight\310807976_811879566593115_3526807662723242232_n.jpg,riceleafbd,0.0006393523247455832,1,0.0006393523247455832,0.9035822153091431
data\raw\riceleafbd\Bacterial Leaf Blight\310816588_683444686539952_5848690206784441184_n (1).jpg,riceleafbd,0.9821219135802469,1,0.9821219135802469,0.999826192855835
data\raw\riceleafbd\Bacterial Leaf Blight\310816588_683444686539952_5848690206784441184_n.jpg,riceleafbd,0.9821219135802469,1,0.9821219135802469,0.999826192855835
data\raw\riceleafbd\Bacterial Leaf Blight\310824213_855040892191393_2275687619532873530_n.jpg,riceleafbd,0.9857793587849571,1,0.9857793587849571,0.9606442451477051
data\raw\riceleafbd\Bacterial Leaf Blight\310828816_690325272284589_9142632844752404553_n.jpg,riceleafbd,0.12701202025748978,1,0.12701202025748978,1.0005841255187988
data\raw\riceleafbd\Bacterial Leaf Blight\310828818_502045418606703_6319544330287836103_n.jpg,riceleafbd,0.08811775732788003,1,0.08811775732788003,0.9939388036727905
data\raw\riceleafbd\Bacterial Leaf Blight\310828818_801077407864911_6593082883199240119_n.jpg,riceleafbd,0.09745901956235986,1,0.09745901956235986,0.9935954809188843
data\raw\riceleafbd\Bacterial Leaf Blight\310839695_5693966490642265_4289994576722985164_n.jpg,riceleafbd,0.10910636118096302,1,0.10910636118096302,0.9799751043319702
data\raw\riceleafbd\Bacterial Leaf Blight\310852417_3265459660435599_1909107167551415250_n.jpg,riceleafbd,0.1013983801569223,1,0.1013983801569223,0.9871182441711426
data\raw\riceleafbd\Bacterial Leaf Blight\310853518_1159479021645279_1488304423547265573_n.jpg,riceleafbd,0.5182322883049024,1,0.5182322883049024,1.0008524656295776
data\raw\riceleafbd\Bacterial Leaf Blight\310854028_435802855205808_7539885840348190946_n.jpg,riceleafbd,0.04826594345825115,1,0.04826594345825115,0.9745718836784363
data\raw\riceleafbd\Bacterial Leaf Blight\310860211_1195211697757300_6481156105053704010_n.jpg,riceleafbd,0.14111038203557888,1,0.14111038203557888,1.003952980041504
data\raw\riceleafbd\Bacterial Leaf Blight\310899607_1814307275582501_3557432218080740998_n.jpg,riceleafbd,0.11388067061143985,1,0.11388067061143985,0.9951905012130737
data\raw\riceleafbd\Bacterial Leaf Blight\310910786_497041972358154_3724793616908977131_n.jpg,riceleafbd,0.8732963847957874,1,0.8732963847957874,0.9876621961593628
data\raw\riceleafbd\Bacterial Leaf Blight\310939144_520951129667148_9028737506706713083_n.jpg,riceleafbd,0.1374905397095691,1,0.1374905397095691,0.9871354103088379
data\raw\riceleafbd\Bacterial Leaf Blight\310957993_531393051801796_7180472141142317761_n (1).jpg,riceleafbd,0.5246836419753086,1,0.5246836419753086,1.0001649856567383
data\raw\riceleafbd\Bacterial Leaf Blight\310959560_1164934114442829_2311022066141502967_n (1).jpg,riceleafbd,0.08820756968308514,1,0.08820756968308514,0.9931508898735046
data\raw\riceleafbd\Bacterial Leaf Blight\310959560_1164934114442829_2311022066141502967_n (2).jpg,riceleafbd,0.08820756968308514,1,0.08820756968308514,0.9931508898735046
data\raw\riceleafbd\Bacterial Leaf Blight\310959560_1164934114442829_2311022066141502967_n.jpg,riceleafbd,0.08820756968308514,1,0.08820756968308514,0.9931508898735046
data\raw\riceleafbd\Bacterial Leaf Blight\310962820_3246774055651160_4343341207776874939_n.jpg,riceleafbd,0.015378040762656147,1,0.015378040762656147,0.981110692024231
data\raw\riceleafbd\Bacterial Leaf Blight\310973863_659588705790448_79279918050844787_n.jpg,riceleafbd,0.8571713456226394,1,0.8571713456226394,0.9468677043914795
data\raw\riceleafbd\Bacterial Leaf Blight\310974891_450883127170242_460585121222718338_n (1).jpg,riceleafbd,0.5081827042353358,1,0.5081827042353358,0.9924050569534302
data\raw\riceleafbd\Bacterial Leaf Blight\310974891_450883127170242_460585121222718338_n (2).jpg,riceleafbd,0.5081827042353358,1,0.5081827042353358,0.9924050569534302
data\raw\riceleafbd\Bacterial Leaf Blight\310974891_450883127170242_460585121222718338_n.jpg,riceleafbd,0.5081827042353358,1,0.5081827042353358,0.9924050569534302
data\raw\riceleafbd\Bacterial Leaf Blight\310974927_491049266314337_8022843233606053562_n (1).jpg,riceleafbd,0.724353356969251,1,0.724353356969251,0.9771829843521118
data\raw\riceleafbd\Bacterial Leaf Blight\310974927_491049266314337_8022843233606053562_n.jpg,riceleafbd,0.724353356969251,1,0.724353356969251,0.9771829843521118
data\raw\riceleafbd\Bacterial Leaf Blight\310974928_1248138435919353_5243267489632069214_n.jpg,riceleafbd,0.9406904186795492,1,0.9406904186795492,1.0049086809158325
data\raw\riceleafbd\Bacterial Leaf Blight\310986458_1422967054894315_2215338726885638584_n.jpg,riceleafbd,0.21187741054457546,1,0.21187741054457546,0.9942530393600464
data\raw\riceleafbd\Bacterial Leaf Blight\310986470_827527985246219_5182457811937271935_n.jpg,riceleafbd,0.988893271970195,1,0.988893271970195,0.9144328832626343
data\raw\riceleafbd\Bacterial Leaf Blight\310987026_3261889310716732_1126130837070880892_n.jpg,riceleafbd,0.06063142515138713,1,0.06063142515138713,0.9785845875740051
data\raw\riceleafbd\Bacterial Leaf Blight\310989352_452640626791616_6700188349420952797_n.jpg,riceleafbd,0.055161078238001315,1,0.055161078238001315,0.9919829964637756
data\raw\riceleafbd\Bacterial Leaf Blight\310989352_840479063762307_7205381542363703990_n.jpg,riceleafbd,0.9946836186639813,1,0.9946836186639813,0.9957292079925537
data\raw\riceleafbd\Bacterial Leaf Blight\311006291_1283093285821857_4533140281566325969_n.jpg,riceleafbd,0.9428860145513339,1,0.9428860145513339,0.7749700546264648
data\raw\riceleafbd\Bacterial Leaf Blight\311024973_1610391142753270_631261596346559709_n.jpg,riceleafbd,0.2121711493239271,1,0.2121711493239271,0.9897819757461548
data\raw\riceleafbd\Bacterial Leaf Blight\311039233_647379983529818_3179780877140814952_n (1).jpg,riceleafbd,0.01641518737672584,1,0.01641518737672584,0.9750881195068359
data\raw\riceleafbd\Bacterial Leaf Blight\311039233_647379983529818_3179780877140814952_n.jpg,riceleafbd,0.01641518737672584,1,0.01641518737672584,0.9750881195068359
data\raw\riceleafbd\Bacterial Leaf Blight\311120128_827872505301907_5738768674890653677_n.jpg,riceleafbd,0.0054992779476724435,1,0.0054992779476724435,0.9674775004386902
data\raw\riceleafbd\Bacterial Leaf Blight\311127088_3070769586478834_593695714921536743_n.jpg,riceleafbd,0.12691439380072,1,0.12691439380072,1.0026965141296387
data\raw\riceleafbd\Bacterial Leaf Blight\311146649_1109249426367992_2020093549392706267_n.jpg,riceleafbd,0.9722370535714285,1,0.9722370535714285,0.9425903558731079
data\raw\riceleafbd\Bacterial Leaf Blight\311150408_1181671116062665_4258769257725963297_n.jpg,riceleafbd,0.08206552706552707,1,0.08206552706552707,0.9706798791885376
data\raw\riceleafbd\Bacterial Leaf Blight\311155755_667001898417987_5463193008355939533_n.jpg,riceleafbd,0.4564092990840303,1,0.4564092990840303,0.9879003763198853
data\raw\riceleafbd\Bacterial Leaf Blight\311162571_5469448139777618_6986294095882567716_n (1).jpg,riceleafbd,0.19558678500986193,1,0.19558678500986193,0.9999059438705444
data\raw\riceleafbd\Bacterial Leaf Blight\311162571_5469448139777618_6986294095882567716_n.jpg,riceleafbd,0.19558678500986193,1,0.19558678500986193,0.9999059438705444
data\raw\riceleafbd\Bacterial Leaf Blight\311173558_1078001522862587_6821030613800710079_n.jpg,riceleafbd,0.03280953559349996,1,0.03280953559349996,0.9669809937477112
data\raw\riceleafbd\Bacterial Leaf Blight\311176948_1173457476855843_8876369629576747934_n (1).jpg,riceleafbd,0.9608894396940956,1,0.9608894396940956,0.9835696220397949
data\raw\riceleafbd\Bacterial Leaf Blight\311176948_1173457476855843_8876369629576747934_n.jpg,riceleafbd,0.9608894396940956,1,0.9608894396940956,0.9835696220397949
data\raw\riceleafbd\Bacterial Leaf Blight\311215805_2327211210781483_4316745845371875045_n (1).jpg,riceleafbd,0.01327364646667112,1,0.01327364646667112,0.9628632068634033
data\raw\riceleafbd\Bacterial Leaf Blight\311215805_2327211210781483_4316745845371875045_n.jpg,riceleafbd,0.01327364646667112,1,0.01327364646667112,0.9628632068634033
data\raw\riceleafbd\Bacterial Leaf Blight\311228557_3354837764782169_1347128547830875125_n.jpg,riceleafbd,0.0038423186500109578,1,0.0038423186500109578,0.8957604765892029
data\raw\riceleafbd\Bacterial Leaf Blight\311241844_867069184651555_26029076582327398_n.jpg,riceleafbd,0.4914140916063993,1,0.4914140916063993,0.9855011701583862
data\raw\riceleafbd\Bacterial Leaf Blight\311265233_657558655877043_5865489749184376197_n.jpg,riceleafbd,0.0005188472496164804,1,0.0005188472496164804,0.9276720285415649
data\raw\riceleafbd\Bacterial Leaf Blight\311279607_8500016796705278_1785616972798444820_n.jpg,riceleafbd,0.9227739425816349,1,0.9227739425816349,0.9596192836761475
data\raw\riceleafbd\Bacterial Leaf Blight\311296765_525129705864898_613330793096347451_n.jpg,riceleafbd,0.12659568378270078,1,0.12659568378270078,1.0024288892745972
data\raw\riceleafbd\Bacterial Leaf Blight\311311853_5451057041609361_5671669149495919327_n (1).jpg,riceleafbd,0.9933325980932775,1,0.9933325980932775,0.9915202856063843
data\raw\riceleafbd\Bacterial Leaf Blight\311316953_2333723993468631_1150700993852292418_n.jpg,riceleafbd,0.28392454885263757,1,0.28392454885263757,0.9962539672851562
data\raw\riceleafbd\Bacterial Leaf Blight\311332387_657230612713643_6199394551710473389_n (1).jpg,riceleafbd,0.1437409288824383,1,0.1437409288824383,1.004926323890686
data\raw\riceleafbd\Bacterial Leaf Blight\311332387_657230612713643_6199394551710473389_n.jpg,riceleafbd,0.1437409288824383,1,0.1437409288824383,1.004926323890686
data\raw\riceleafbd\Bacterial Leaf Blight\311441515_1079990362543994_6288708335709485111_n.jpg,riceleafbd,0.09355303528380451,1,0.09355303528380451,1.0008655786514282
data\raw\riceleafbd\Bacterial Leaf Blight\311442085_3290982681175106_6220041470786268097_n.jpg,riceleafbd,0.4033150756390193,1,0.4033150756390193,0.9827398061752319
data\raw\riceleafbd\Bacterial Leaf Blight\311453915_3375316629450850_968877061441042640_n.jpg,riceleafbd,0.294670578168928,1,0.294670578168928,0.9869328141212463
data\raw\riceleafbd\Bacterial Leaf Blight\311466345_1063398244336523_5655169926138422138_n.jpg,riceleafbd,0.5872196428571429,1,0.5872196428571429,0.8267526626586914
data\raw\riceleafbd\Bacterial Leaf Blight\311866964_567071142085825_622814194050866011_n.jpg,riceleafbd,0.014972035361736127,1,0.014972035361736127,0.8132239580154419
data\raw\riceleafbd\Bacterial Leaf Blight\311877206_813451169874270_1813155305506983296_n (1).jpg,riceleafbd,0.0021050913838120103,1,0.0021050913838120103,0.9500161409378052
data\raw\riceleafbd\Bacterial Leaf Blight\311877206_850779099448782_7344538294085096936_n.jpg,riceleafbd,0.1174710798693751,1,0.1174710798693751,0.9635252952575684
data\raw\riceleafbd\Bacterial Leaf Blight\311900983_689802402358732_3634352778830511459_n (1).jpg,riceleafbd,0.9606897547903789,1,0.9606897547903789,0.9865902662277222
data\raw\riceleafbd\Bacterial Leaf Blight\311900983_689802402358732_3634352778830511459_n.jpg,riceleafbd,0.9606897547903789,1,0.9606897547903789,0.9865902662277222
data\raw\riceleafbd\Bacterial Leaf Blight\311903426_838983637128251_2126702621483037354_n.jpg,riceleafbd,0.005196036345424626,1,0.005196036345424626,0.9288564324378967
data\raw\riceleafbd\Bacterial Leaf Blight\311905670_494313549327013_3366459603905626498_n (1).jpg,riceleafbd,0.16419920009833305,1,0.16419920009833305,0.9909317493438721
data\raw\riceleafbd\Bacterial Leaf Blight\311905670_494313549327013_3366459603905626498_n.jpg,riceleafbd,0.16419920009833305,1,0.16419920009833305,0.9909317493438721
data\raw\riceleafbd\Bacterial Leaf Blight\311922711_862621194774744_1639676549932614409_n.jpg,riceleafbd,0.025632201646090536,1,0.025632201646090536,0.9784414768218994
data\raw\riceleafbd\Bacterial Leaf Blight\311950185_1181251602817107_2793916819747041864_n.jpg,riceleafbd,0.01014847687924611,1,0.01014847687924611,0.9732145071029663
data\raw\riceleafbd\Bacterial Leaf Blight\311958416_856690878677156_2200993711463183195_n.jpg,riceleafbd,0.010699753482431911,1,0.010699753482431911,0.9765023589134216
data\raw\riceleafbd\Bacterial Leaf Blight\311994481_1554859204947566_3246896678956371692_n.jpg,riceleafbd,0.0064250493096646944,1,0.0064250493096646944,0.9656957983970642
data\raw\riceleafbd\Bacterial Leaf Blight\311996253_708829197508056_1204240679350468183_n.jpg,riceleafbd,0.9912932687455849,1,0.9912932687455849,1.0146746635437012
data\raw\riceleafbd\Bacterial Leaf Blight\312005263_671890507987285_3104310052928250043_n.jpg,riceleafbd,0.07911343399148277,1,0.07911343399148277,0.9826613068580627
data\raw\riceleafbd\Bacterial Leaf Blight\312109408_775761866918297_6977507205127226856_n.jpg,riceleafbd,0.18854481700635548,1,0.18854481700635548,1.008639931678772
data\raw\riceleafbd\Bacterial Leaf Blight\312115862_868821337579765_6672153462436386912_n.jpg,riceleafbd,0.10033353938082729,1,0.10033353938082729,0.9668291807174683
data\raw\riceleafbd\Bacterial Leaf Blight\312117365_3213264032297783_6825796052983078457_n.jpg,riceleafbd,0.12951324588477367,1,0.12951324588477367,1.0016752481460571
data\raw\riceleafbd\Bacterial Leaf Blight\312124793_2094179050769487_8295648045246142761_n (1).jpg,riceleafbd,0.0005915637860082304,1,0.0005915637860082304,0.8410668969154358
data\raw\riceleafbd\Bacterial Leaf Blight\312124793_2094179050769487_8295648045246142761_n (2).jpg,riceleafbd,0.0005915637860082304,1,0.0005915637860082304,0.8410668969154358
data\raw\riceleafbd\Bacterial Leaf Blight\312124793_2094179050769487_8295648045246142761_n.jpg,riceleafbd,0.0005915637860082304,1,0.0005915637860082304,0.8410668969154358
data\raw\riceleafbd\Bacterial Leaf Blight\312134552_1074778793216195_7727199800077020230_n.jpg,riceleafbd,0.1503056203056203,1,0.1503056203056203,0.99400794506073
data\raw\riceleafbd\Bacterial Leaf Blight\312144415_509177034425217_5689135141004163658_n.jpg,riceleafbd,0.020545982142857144,1,0.020545982142857144,0.9519319534301758
data\raw\riceleafbd\Bacterial Leaf Blight\312156860_1303276270474197_3862165336192323356_n.jpg,riceleafbd,0.12020852677189725,1,0.12020852677189725,0.9776151180267334
data\raw\riceleafbd\Bacterial Leaf Blight\312168283_695866688628163_6057433753176077367_n.jpg,riceleafbd,0.9849774718915344,1,0.9849774718915344,0.8815191984176636
data\raw\riceleafbd\Bacterial Leaf Blight\312183275_656322959375215_4017854485040632635_n.jpg,riceleafbd,0.897196875,1,0.897196875,0.972628116607666
data\raw\riceleafbd\Bacterial Leaf Blight\312203278_5366371953471241_8735366072359109211_n.jpg,riceleafbd,0.9458837387683542,1,0.9458837387683542,0.9983386993408203
data\raw\riceleafbd\Bacterial Leaf Blight\312203280_1112869256098748_5917544327451324383_n.jpg,riceleafbd,0.07213734567901235,1,0.07213734567901235,1.0024299621582031
data\raw\riceleafbd\Bacterial Leaf Blight\312216982_865720758115042_5955277785360983136_n.jpg,riceleafbd,0.077102849002849,1,0.077102849002849,0.9924957752227783
data\raw\riceleafbd\Bacterial Leaf Blight\312240092_427147422938967_679263528616862535_n.jpg,riceleafbd,0.20301156751539706,1,0.20301156751539706,0.9968852400779724
data\raw\riceleafbd\Bacterial Leaf Blight\312262792_903324473966751_5231161925546916462_n.jpg,riceleafbd,0.025956805719312036,1,0.025956805719312036,0.9366004467010498
data\raw\riceleafbd\Bacterial Leaf Blight\312265952_860714698675407_8304289516212089109_n.jpg,riceleafbd,0.12641466666666668,1,0.12641466666666668,1.000656008720398
data\raw\riceleafbd\Bacterial Leaf Blight\312270228_804664440820807_2302721452737006100_n.jpg,riceleafbd,0.19639550264550265,1,0.19639550264550265,1.0093152523040771
data\raw\riceleafbd\Bacterial Leaf Blight\312305620_840412667306112_5109935503413715418_n.jpg,riceleafbd,0.09570951128643436,1,0.09570951128643436,0.9689337611198425
data\raw\riceleafbd\Bacterial Leaf Blight\312307012_1137047957009667_5775483781927203184_n.jpg,riceleafbd,0.9966049382716049,1,0.9966049382716049,1.0095226764678955
data\raw\riceleafbd\Bacterial Leaf Blight\312319966_688919419618010_4242118936767372404_n (1).jpg,riceleafbd,0.2133863214246695,1,0.2133863214246695,0.9891900420188904
data\raw\riceleafbd\Bacterial Leaf Blight\312358944_1165312637746496_9080282855795945222_n.jpg,riceleafbd,0.1794762217839141,1,0.1794762217839141,0.9598450660705566
data\raw\riceleafbd\Bacterial Leaf Blight\312362021_897971174434056_4612567614879769508_n.jpg,riceleafbd,0.0019366740218758156,1,0.0019366740218758156,0.9160651564598083
data\raw\riceleafbd\Bacterial Leaf Blight\312366899_848781659487265_7905190979807373086_n.jpg,riceleafbd,0.9634008701198123,1,0.9634008701198123,0.9012367725372314
data\raw\riceleafbd\Bacterial Leaf Blight\312372571_868246384178924_1560286390148884930_n.jpg,riceleafbd,0.0027016217400832785,1,0.0027016217400832785,0.9435300827026367
data\raw\riceleafbd\Bacterial Leaf Blight\312376726_506582041393533_6134942179223141876_n.jpg,riceleafbd,0.003138834100372562,1,0.003138834100372562,0.9636750817298889
data\raw\riceleafbd\Bacterial Leaf Blight\312380040_666514341810864_640069108703250035_n (1).jpg,riceleafbd,0.9926380514881807,1,0.9926380514881807,1.0164916515350342
data\raw\riceleafbd\Bacterial Leaf Blight\312380040_666514341810864_640069108703250035_n.jpg,riceleafbd,0.9926380514881807,1,0.9926380514881807,1.0164916515350342
data\raw\riceleafbd\Bacterial Leaf Blight\312430212_856443215361815_4156088728725466798_n.jpg,riceleafbd,0.981640625,1,0.981640625,1.0089781284332275
data\raw\riceleafbd\Bacterial Leaf Blight\312460599_615434820370384_4814049240850019307_n.jpg,riceleafbd,0.6124112654320988,1,0.6124112654320988,0.9918022155761719
data\raw\riceleafbd\Bacterial Leaf Blight\312468370_5637100656380348_703247384194259115_n.jpg,riceleafbd,0.5173352678571429,1,0.5173352678571429,0.9875553846359253
data\raw\riceleafbd\Bacterial Leaf Blight\312472792_444886301126098_1501912677559689732_n (1).jpg,riceleafbd,0.1037125878543789,1,0.1037125878543789,0.9844961762428284
data\raw\riceleafbd\Bacterial Leaf Blight\312472792_444886301126098_1501912677559689732_n.jpg,riceleafbd,0.1037125878543789,1,0.1037125878543789,0.9844961762428284
data\raw\riceleafbd\Bacterial Leaf Blight\312492836_921608635883654_5040495292452316542_n.jpg,riceleafbd,0.5025262984878369,1,0.5025262984878369,0.9395365715026855
data\raw\riceleafbd\Bacterial Leaf Blight\312497633_493821666106853_2003525939535835671_n.jpg,riceleafbd,0.22566492004225366,1,0.22566492004225366,1.0056548118591309
data\raw\riceleafbd\Bacterial Leaf Blight\312501455_701030871075552_5552237118172408186_n.jpg,riceleafbd,0.5676967592592592,1,0.5676967592592592,0.9609501361846924
data\raw\riceleafbd\Bacterial Leaf Blight\312533724_527055925932704_529721116070509117_n.jpg,riceleafbd,0.07219933093994778,1,0.07219933093994778,0.9537434577941895
data\raw\riceleafbd\Bacterial Leaf Blight\312544784_688879059321101_6372406967365528103_n.jpg,riceleafbd,0.044320766359334206,1,0.044320766359334206,0.9825598001480103
data\raw\riceleafbd\Bacterial Leaf Blight\312562418_839362653763759_9061241516002192433_n.jpg,riceleafbd,0.018123214285714284,1,0.018123214285714284,0.8993663787841797
data\raw\riceleafbd\Bacterial Leaf Blight\312567234_1137342777156531_6664665408580704339_n.jpg,riceleafbd,0.0011060834590246355,1,0.0011060834590246355,0.9030096530914307
data\raw\riceleafbd\Bacterial Leaf Blight\312602648_1233624923888692_5205660825053270302_n (1).jpg,riceleafbd,0.23341339459760513,1,0.23341339459760513,1.0105892419815063
data\raw\riceleafbd\Bacterial Leaf Blight\312602648_1233624923888692_5205660825053270302_n.jpg,riceleafbd,0.23341339459760513,1,0.23341339459760513,1.0105892419815063
data\raw\riceleafbd\Bacterial Leaf Blight\312646122_640566951102447_2555335777393358146_n.jpg,riceleafbd,0.0005912075510413461,1,0.0005912075510413461,0.9004196524620056
data\raw\riceleafbd\Bacterial Leaf Blight\312656411_465523942147125_5077802567650565707_n.jpg,riceleafbd,0.6718535714285714,1,0.6718535714285714,0.9255777597427368
data\raw\riceleafbd\Bacterial Leaf Blight\312662581_465466095568796_6078116808070006939_n.jpg,riceleafbd,0.12449319584736251,1,0.12449319584736251,1.000897765159607
data\raw\riceleafbd\Bacterial Leaf Blight\312665151_823751822349646_2099650976172566029_n.jpg,riceleafbd,0.9553796844181459,1,0.9553796844181459,0.9886168241500854
data\raw\riceleafbd\Bacterial Leaf Blight\312665151_8320432917998191_1604786143188951266_n (1).jpg,riceleafbd,0.9421981152750384,1,0.9421981152750384,0.947901725769043
data\raw\riceleafbd\Bacterial Leaf Blight\312665151_8320432917998191_1604786143188951266_n.jpg,riceleafbd,0.9421981152750384,1,0.9421981152750384,0.947901725769043
data\raw\riceleafbd\Bacterial Leaf Blight\312701781_1737299809990745_2445287125465582583_n.jpg,riceleafbd,0.09177439212065251,1,0.09177439212065251,0.9936944842338562
data\raw\riceleafbd\Bacterial Leaf Blight\312704681_795162698218208_1051476981153219409_n (1).jpg,riceleafbd,0.12758933333333333,1,0.12758933333333333,1.0002449750900269
data\raw\riceleafbd\Bacterial Leaf Blight\312704681_795162698218208_1051476981153219409_n.jpg,riceleafbd,0.12758933333333333,1,0.12758933333333333,1.0002449750900269
data\raw\riceleafbd\Bacterial Leaf Blight\312706214_427375179400683_5301068537977839772_n.jpg,riceleafbd,0.36108152531229454,1,0.36108152531229454,0.903364896774292
data\raw\riceleafbd\Bacterial Leaf Blight\312708295_658525155897001_2690667916063653321_n.jpg,riceleafbd,0.012048660714285715,1,0.012048660714285715,0.8649401068687439
data\raw\riceleafbd\Bacterial Leaf Blight\312708644_1280225746108999_5061069931412327781_n.jpg,riceleafbd,0.14617764899477714,1,0.14617764899477714,0.9896833896636963
data\raw\riceleafbd\Bacterial Leaf Blight\312709288_1547785992338261_1313766342061877705_n (1).jpg,riceleafbd,0.16905691634126138,1,0.16905691634126138,0.9967554211616516
data\raw\riceleafbd\Bacterial Leaf Blight\312729215_2367073810112328_6929513737770592226_n.jpg,riceleafbd,0.0020501862809555117,1,0.0020501862809555117,0.9029536247253418
data\raw\riceleafbd\Bacterial Leaf Blight\312735367_788952488860882_5846495993529613836_n.jpg,riceleafbd,0.15076858486341244,1,0.15076858486341244,0.9701436161994934
data\raw\riceleafbd\Bacterial Leaf Blight\312785445_1599618183789246_6785072920701701173_n.jpg,riceleafbd,0.06757581304533529,1,0.06757581304533529,1.0041064023971558
data\raw\riceleafbd\Bacterial Leaf Blight\312814131_5737346553026808_4825949185555821636_n.jpg,riceleafbd,0.1254552925706772,1,0.1254552925706772,1.0032000541687012
data\raw\riceleafbd\Bacterial Leaf Blight\312814140_676724064091604_719715407509556462_n.jpg,riceleafbd,0.0007610124917817226,1,0.0007610124917817226,0.8218390941619873
data\raw\riceleafbd\Bacterial Leaf Blight\312825899_918213142479666_8187078238093186601_n.jpg,riceleafbd,0.9430754464285714,1,0.9430754464285714,0.9430968761444092
data\raw\riceleafbd\Bacterial Leaf Blight\312832518_549472323680260_2663611904166783782_n.jpg,riceleafbd,0.0013766718106995885,1,0.0013766718106995885,0.9629712104797363
data\raw\riceleafbd\Bacterial Leaf Blight\312847473_1461819517659471_8659958642311574889_n (1).jpg,riceleafbd,0.0029732510288065844,1,0.0029732510288065844,0.9642813205718994
data\raw\riceleafbd\Bacterial Leaf Blight\312890873_497867222269951_4022885594997532713_n (1).jpg,riceleafbd,0.1553676949562628,1,0.1553676949562628,0.9854650497436523
data\raw\riceleafbd\Bacterial Leaf Blight\312899709_676667683828905_3129524143857991819_n.jpg,riceleafbd,0.9691956018518518,1,0.9691956018518518,0.9944601058959961
data\raw\riceleafbd\Bacterial Leaf Blight\312912387_542087637738188_9057210992686544035_n.jpg,riceleafbd,0.534652491998171,1,0.534652491998171,1.0001248121261597
data\raw\riceleafbd\Bacterial Leaf Blight\312915118_662477082240879_7201080361578101744_n.jpg,riceleafbd,0.11986832441506662,1,0.11986832441506662,0.9919822216033936
data\raw\riceleafbd\Bacterial Leaf Blight\312918593_812923126632902_6109964321710625166_n.jpg,riceleafbd,0.004798378259916722,1,0.004798378259916722,0.9347120523452759
data\raw\riceleafbd\Bacterial Leaf Blight\312925345_1156721908267660_1075663843189959229_n (1).jpg,riceleafbd,0.07748700816629547,1,0.07748700816629547,1.008158802986145
data\raw\riceleafbd\Bacterial Leaf Blight\312925345_1156721908267660_1075663843189959229_n.jpg,riceleafbd,0.07748700816629547,1,0.07748700816629547,1.008158802986145
data\raw\riceleafbd\Bacterial Leaf Blight\312964669_454960753440897_8478428658294630974_n.jpg,riceleafbd,0.90820305714782,1,0.90820305714782,0.9308767318725586
data\raw\riceleafbd\Bacterial Leaf Blight\312974194_2709532582801460_3219081549650181894_n (1).jpg,riceleafbd,0.2592875858650237,1,0.2592875858650237,0.9487468004226685
data\raw\riceleafbd\Bacterial Leaf Blight\312974194_2709532582801460_3219081549650181894_n.jpg,riceleafbd,0.2592875858650237,1,0.2592875858650237,0.9487468004226685
data\raw\riceleafbd\Bacterial Leaf Blight\312975402_1528136661036791_1394897624014877779_n.jpg,riceleafbd,0.025692936421763783,1,0.025692936421763783,0.947098970413208
data\raw\riceleafbd\Bacterial Leaf Blight\312978871_660758595666798_3325351575029013031_n.jpg,riceleafbd,0.012183333333333332,1,0.012183333333333332,0.9503716230392456
data\raw\riceleafbd\Bacterial Leaf Blight\312990018_1136540447236375_5043220856020100086_n.jpg,riceleafbd,0.17184766763848397,1,0.17184766763848397,0.9513951539993286
data\raw\riceleafbd\Bacterial Leaf Blight\312990018_1337846716966826_4711896998053243296_n.jpg,riceleafbd,0.1486478194170502,1,0.1486478194170502,0.9825758934020996
data\raw\riceleafbd\Bacterial Leaf Blight\313004913_3389591657947614_3495100598670456610_n.jpg,riceleafbd,0.541756,1,0.541756,0.7814083099365234
data\raw\riceleafbd\Bacterial Leaf Blight\313016481_5867146806663135_5094170152353790410_n (1).jpg,riceleafbd,0.17245320197044334,1,0.17245320197044334,0.9929412603378296
data\raw\riceleafbd\Bacterial Leaf Blight\313016481_5867146806663135_5094170152353790410_n.jpg,riceleafbd,0.17245320197044334,1,0.17245320197044334,0.9929412603378296
data\raw\riceleafbd\Bacterial Leaf Blight\313075917_3424973521160379_7569098915164717131_n.jpg,riceleafbd,0.19334489559953752,1,0.19334489559953752,0.9894585609436035
data\raw\riceleafbd\Bacterial Leaf Blight\313092833_3347182755503283_5311448066645106633_n.jpg,riceleafbd,0.020466222222222222,1,0.020466222222222222,0.8680158853530884
data\raw\riceleafbd\Bacterial Leaf Blight\313097918_877942733376868_9194036881977719275_n.jpg,riceleafbd,0.9833990859310999,1,0.9833990859310999,0.939203143119812
data\raw\riceleafbd\Bacterial Leaf Blight\313116912_431918332474198_784020068876008549_n (1).jpg,riceleafbd,0.9949561691869384,1,0.9949561691869384,0.9875394105911255
data\raw\riceleafbd\Bacterial Leaf Blight\313116912_431918332474198_784020068876008549_n.jpg,riceleafbd,0.9949561691869384,1,0.9949561691869384,0.9875394105911255
data\raw\riceleafbd\Bacterial Leaf Blight\313125469_1532710907153871_4052787896055209520_n.jpg,riceleafbd,0.08272321428571429,1,0.08272321428571429,0.9807337522506714
data\raw\riceleafbd\Bacterial Leaf Blight\313184079_3469583136607090_449427817064877970_n.jpg,riceleafbd,0.06148157491497552,1,0.06148157491497552,0.9860433340072632
data\raw\riceleafbd\Bacterial Leaf Blight\313190303_841405017284368_6724129714613041782_n.jpg,riceleafbd,0.33875260916757116,1,0.33875260916757116,0.9951510429382324
data\raw\riceleafbd\Bacterial Leaf Blight\313201251_810379590028458_3127202997446956919_n (1).jpg,riceleafbd,0.058579852482940876,1,0.058579852482940876,0.8902478218078613
data\raw\riceleafbd\Bacterial Leaf Blight\313201251_810379590028458_3127202997446956919_n.jpg,riceleafbd,0.058579852482940876,1,0.058579852482940876,0.8902478218078613
data\raw\riceleafbd\Bacterial Leaf Blight\313202214_984414079628034_5421652704516354868_n.jpg,riceleafbd,0.022112712510897994,1,0.022112712510897994,0.9522499442100525
data\raw\riceleafbd\Bacterial Leaf Blight\313216803_856009255430748_230503132216514310_n (1).jpg,riceleafbd,0.12586364391297128,1,0.12586364391297128,0.9794641733169556
data\raw\riceleafbd\Bacterial Leaf Blight\313216803_856009255430748_230503132216514310_n.jpg,riceleafbd,0.12586364391297128,1,0.12586364391297128,0.9794641733169556
data\raw\riceleafbd\Bacterial Leaf Blight\313272390_828425448210000_7218589833982451236_n.jpg,riceleafbd,0.9194507007007007,1,0.9194507007007007,0.9091213941574097
data\raw\riceleafbd\Bacterial Leaf Blight\313280596_458699843022179_8235591247668221753_n (1).jpg,riceleafbd,0.12229112052161054,1,0.12229112052161054,0.9939004182815552
data\raw\riceleafbd\Bacterial Leaf Blight\313288395_1379966989200457_645103067676935316_n (1).jpg,riceleafbd,0.08917565244569464,1,0.08917565244569464,0.9860836267471313
data\raw\riceleafbd\Bacterial Leaf Blight\313288395_1379966989200457_645103067676935316_n.jpg,riceleafbd,0.08917565244569464,1,0.08917565244569464,0.9860836267471313
data\raw\riceleafbd\Bacterial Leaf Blight\313290041_487455263360439_5527203075568716606_n.jpg,riceleafbd,0.23423296753543668,1,0.23423296753543668,1.0058013200759888
data\raw\riceleafbd\Bacterial Leaf Blight\313296761_807379907162244_3739428451411564338_n.jpg,riceleafbd,0.08992616999206784,1,0.08992616999206784,1.0047104358673096
data\raw\riceleafbd\Bacterial Leaf Blight\313335724_680172380155038_5711655244716331428_n (1).jpg,riceleafbd,0.06876074829075962,1,0.06876074829075962,0.9642776250839233
data\raw\riceleafbd\Bacterial Leaf Blight\313335724_680172380155038_5711655244716331428_n.jpg,riceleafbd,0.06876074829075962,1,0.06876074829075962,0.9642776250839233
data\raw\riceleafbd\Bacterial Leaf Blight\313364190_666995381649861_2601386126776133066_n.jpg,riceleafbd,0.926876292536191,1,0.926876292536191,0.9725289344787598
data\raw\riceleafbd\Bacterial Leaf Blight\313368565_2901629056648728_1986317717129065125_n.jpg,riceleafbd,0.8512071330589849,1,0.8512071330589849,0.9176121950149536
data\raw\riceleafbd\Bacterial Leaf Blight\313377554_884564552529914_7976321575616993713_n.jpg,riceleafbd,0.001394831930775448,1,0.001394831930775448,0.8901635408401489
data\raw\riceleafbd\Bacterial Leaf Blight\313387124_524718646179149_2682641858435266165_n.jpg,riceleafbd,0.030952224413762875,1,0.030952224413762875,0.9248391389846802
data\raw\riceleafbd\Bacterial Leaf Blight\313390589_1512623025830711_8179220880642290492_n.jpg,riceleafbd,0.5786198772737234,1,0.5786198772737234,0.8522129058837891
data\raw\riceleafbd\Bacterial Leaf Blight\313391547_893590681654312_977410686022984017_n.jpg,riceleafbd,0.004923687423687424,1,0.004923687423687424,0.9583113193511963
data\raw\riceleafbd\Bacterial Leaf Blight\313443110_443164957984102_2372957647976202316_n.jpg,riceleafbd,0.5812791495198902,1,0.5812791495198902,0.9724770784378052
data\raw\riceleafbd\Bacterial Leaf Blight\313455391_1101637010529676_1240998423287300582_n.jpg,riceleafbd,0.35517341423787263,1,0.35517341423787263,0.9917912483215332
data\raw\riceleafbd\Bacterial Leaf Blight\313474843_811852343475263_5798374518245765759_n (1).jpg,riceleafbd,0.2118820730452675,1,0.2118820730452675,0.9941302537918091
data\raw\riceleafbd\Bacterial Leaf Blight\313474843_811852343475263_5798374518245765759_n.jpg,riceleafbd,0.2118820730452675,1,0.2118820730452675,0.9941302537918091
data\raw\riceleafbd\Bacterial Leaf Blight\313480265_703472411381217_4218896468161941377_n.jpg,riceleafbd,0.9118469208853824,1,0.9118469208853824,0.941489577293396
data\raw\riceleafbd\Bacterial Leaf Blight\313488018_1544669256051042_2288142598022210757_n.jpg,riceleafbd,0.053199633403417976,1,0.053199633403417976,0.960338294506073
data\raw\riceleafbd\Bacterial Leaf Blight\313517573_1530247807422505_3741303846692974961_n.jpg,riceleafbd,0.21181897874205566,1,0.21181897874205566,0.9953665733337402
data\raw\riceleafbd\Bacterial Leaf Blight\313529323_632659951929018_5164044943661756511_n(1).jpg,riceleafbd,0.005282708744247206,1,0.005282708744247206,0.8356267213821411
data\raw\riceleafbd\Bacterial Leaf Blight\313529323_632659951929018_5164044943661756511_n.jpg,riceleafbd,0.005282708744247206,1,0.005282708744247206,0.8356267213821411
data\raw\riceleafbd\Bacterial Leaf Blight\313531062_1123370891907164_288597222568799908_n(1).jpg,riceleafbd,0.5091945522893943,1,0.5091945522893943,0.976181149482727
data\raw\riceleafbd\Bacterial Leaf Blight\313531062_1123370891907164_288597222568799908_n.jpg,riceleafbd,0.5091945522893943,1,0.5091945522893943,0.976181149482727
data\raw\riceleafbd\Bacterial Leaf Blight\313789844_438648228421486_791084882802911761_n (1)(1).jpg,riceleafbd,0.6021860618014464,1,0.6021860618014464,0.9357242584228516
data\raw\riceleafbd\Bacterial Leaf Blight\313789844_438648228421486_791084882802911761_n (1).jpg,riceleafbd,0.6021860618014464,1,0.6021860618014464,0.9357242584228516
data\raw\riceleafbd\Bacterial Leaf Blight\313789844_438648228421486_791084882802911761_n (2)(1).jpg,riceleafbd,0.6021860618014464,1,0.6021860618014464,0.9357242584228516
data\raw\riceleafbd\Bacterial Leaf Blight\313789844_438648228421486_791084882802911761_n (2).jpg,riceleafbd,0.6021860618014464,1,0.6021860618014464,0.9357242584228516
data\raw\riceleafbd\Bacterial Leaf Blight\313789844_438648228421486_791084882802911761_n(1).jpg,riceleafbd,0.6021860618014464,1,0.6021860618014464,0.9357242584228516
data\raw\riceleafbd\Bacterial Leaf Blight\313789844_438648228421486_791084882802911761_n.jpg,riceleafbd,0.6021860618014464,1,0.6021860618014464,0.9357242584228516
data\raw\riceleafbd\Bacterial Leaf Blight\313797027_521015683244868_2452302897003697668_n (1).jpg,riceleafbd,0.09487590020576132,1,0.09487590020576132,0.987582266330719
data\raw\riceleafbd\Bacterial Leaf Blight\313797027_521015683244868_2452302897003697668_n (2).jpg,riceleafbd,0.09487590020576132,1,0.09487590020576132,0.987582266330719
data\raw\riceleafbd\Bacterial Leaf Blight\313797027_521015683244868_2452302897003697668_n.jpg,riceleafbd,0.09487590020576132,1,0.09487590020576132,0.987582266330719
data\raw\riceleafbd\Bacterial Leaf Blight\313827047_434148212214126_4413127387676911482_n.jpg,riceleafbd,0.12994989609132576,1,0.12994989609132576,1.0008102655410767
data\raw\riceleafbd\Bacterial Leaf Blight\313854034_491226366111736_6843130050787536538_n.jpg,riceleafbd,0.01242670631907534,1,0.01242670631907534,0.9404177069664001
data\raw\riceleafbd\Bacterial Leaf Blight\313856946_1833550937021923_5512337559482885285_n.jpg,riceleafbd,0.0619959456497918,1,0.0619959456497918,0.9902003407478333
data\raw\riceleafbd\Bacterial Leaf Blight\313857637_831454774572196_484695248932998142_n.jpg,riceleafbd,0.13956384568550395,1,0.13956384568550395,0.9890815019607544
data\raw\riceleafbd\Bacterial Leaf Blight\313918636_1533100613781539_3758552531449923107_n.jpg,riceleafbd,0.9187188385462075,1,0.9187188385462075,0.98899245262146
data\raw\riceleafbd\Bacterial Leaf Blight\313927021_678147093672689_6312163041575514342_n.jpg,riceleafbd,0.9362245233399079,1,0.9362245233399079,0.926116943359375
data\raw\riceleafbd\Bacterial Leaf Blight\313987825_643470467424649_5538335259530142053_n (1).jpg,riceleafbd,0.10473168673599709,1,0.10473168673599709,0.9518250226974487
data\raw\riceleafbd\Bacterial Leaf Blight\313987825_643470467424649_5538335259530142053_n (2).jpg,riceleafbd,0.10473168673599709,1,0.10473168673599709,0.9518250226974487
data\raw\riceleafbd\Bacterial Leaf Blight\313987825_643470467424649_5538335259530142053_n.jpg,riceleafbd,0.10473168673599709,1,0.10473168673599709,0.9518250226974487
data\raw\riceleafbd\Bacterial Leaf Blight\314028895_801848780916809_8811364587906290773_n.jpg,riceleafbd,0.09393219572102644,1,0.09393219572102644,0.9526869058609009
data\raw\riceleafbd\Bacterial Leaf Blight\314029427_1474908556324251_8704600103163320252_n (1).jpg,riceleafbd,0.977465920781893,1,0.977465920781893,0.9772833585739136
data\raw\riceleafbd\Bacterial Leaf Blight\314029427_1474908556324251_8704600103163320252_n.jpg,riceleafbd,0.977465920781893,1,0.977465920781893,0.9772833585739136
data\raw\riceleafbd\Bacterial Leaf Blight\314072790_834891124599416_4941628278594523902_n.jpg,riceleafbd,0.0577380126693485,1,0.0577380126693485,0.9775924682617188
data\raw\riceleafbd\Bacterial Leaf Blight\314121731_1145899412694737_3396488001877568627_n.jpg,riceleafbd,0.987796405873329,1,0.987796405873329,0.966739296913147
data\raw\riceleafbd\Bacterial Leaf Blight\314351327_808863677041455_5740930604287503069_n (1).jpg,riceleafbd,0.15321322476544635,1,0.15321322476544635,0.9827367067337036
data\raw\riceleafbd\Bacterial Leaf Blight\314351327_808863677041455_5740930604287503069_n.jpg,riceleafbd,0.15321322476544635,1,0.15321322476544635,0.9827367067337036
data\raw\riceleafbd\Bacterial Leaf Blight\314355869_1099539654040045_6996823663406357561_n.jpg,riceleafbd,0.045973214285714284,1,0.045973214285714284,0.8891558647155762
data\raw\riceleafbd\Bacterial Leaf Blight\314357746_694845125075823_5816002003456285487_n.jpg,riceleafbd,0.4001955371520589,1,0.4001955371520589,1.000637173652649
data\raw\riceleafbd\Bacterial Leaf Blight\314376862_786742659055499_1521945375934901831_n.jpg,riceleafbd,0.22565343378730804,1,0.22565343378730804,0.9628466367721558
data\raw\riceleafbd\Bacterial Leaf Blight\314393577_661221312389182_6637831798883137321_n.jpg,riceleafbd,0.9919833442910366,1,0.9919833442910366,0.9822202920913696
data\raw\riceleafbd\Bacterial Leaf Blight\314394408_666716938414137_4252503226096246667_n (1).jpg,riceleafbd,0.699362062812277,1,0.699362062812277,0.990942120552063
data\raw\riceleafbd\Bacterial Leaf Blight\314397624_435216292139693_3187008454940169565_n.jpg,riceleafbd,0.9847933035714286,1,0.9847933035714286,0.983123779296875
data\raw\riceleafbd\Bacterial Leaf Blight\314401729_523319616043432_4076016159667800144_n.jpg,riceleafbd,0.9638642340565418,1,0.9638642340565418,0.9362629652023315
data\raw\riceleafbd\Bacterial Leaf Blight\314402079_3286041288337304_8955342581891349412_n.jpg,riceleafbd,0.9135837168529476,1,0.9135837168529476,0.9386308193206787
data\raw\riceleafbd\Bacterial Leaf Blight\314404506_780148943082485_5897280051167182181_n (1).jpg,riceleafbd,0.9829078412811108,1,0.9829078412811108,0.9155529737472534
data\raw\riceleafbd\Bacterial Leaf Blight\314404506_780148943082485_5897280051167182181_n.jpg,riceleafbd,0.9829078412811108,1,0.9829078412811108,0.9155529737472534
data\raw\riceleafbd\Bacterial Leaf Blight\314409345_841701453811073_7061125291719242458_n (1).jpg,riceleafbd,0.08836448598130842,1,0.08836448598130842,0.9697639346122742
data\raw\riceleafbd\Bacterial Leaf Blight\314410540_822820188940428_2126467225077651625_n.jpg,riceleafbd,0.4341016162933971,1,0.4341016162933971,1.0038658380508423
data\raw\riceleafbd\Bacterial Leaf Blight\314410853_1119103932308053_5933860079944818362_n.jpg,riceleafbd,0.14253878719076676,1,0.14253878719076676,0.9991133213043213
data\raw\riceleafbd\Bacterial Leaf Blight\314415059_640803711164560_6347233167110396111_n.jpg,riceleafbd,0.08996177777777778,1,0.08996177777777778,1.0018073320388794
data\raw\riceleafbd\Bacterial Leaf Blight\314429060_589187009361649_7522663317960405558_n (1).jpg,riceleafbd,0.084198723240328,1,0.084198723240328,1.0034537315368652
data\raw\riceleafbd\Bacterial Leaf Blight\314429060_589187009361649_7522663317960405558_n.jpg,riceleafbd,0.084198723240328,1,0.084198723240328,1.0034537315368652
data\raw\riceleafbd\Bacterial Leaf Blight\314439181_819540292697799_4616355629563509887_n.jpg,riceleafbd,0.9404946428571429,1,0.9404946428571429,0.8890939950942993
data\raw\riceleafbd\Bacterial Leaf Blight\314441579_508227617897984_5101677207747213181_n.jpg,riceleafbd,0.8025115055884287,1,0.8025115055884287,0.938515305519104
data\raw\riceleafbd\Bacterial Leaf Blight\314441983_2244418075720062_4174869389399198009_n (1).jpg,riceleafbd,0.0016954868776060828,1,0.0016954868776060828,0.9091963768005371
data\raw\riceleafbd\Bacterial Leaf Blight\314441983_2244418075720062_4174869389399198009_n.jpg,riceleafbd,0.0016954868776060828,1,0.0016954868776060828,0.9091963768005371
data\raw\riceleafbd\Bacterial Leaf Blight\314451539_1835505676788232_3371884482373564247_n.jpg,riceleafbd,0.534134175361523,1,0.534134175361523,0.8947924375534058
data\raw\riceleafbd\Bacterial Leaf Blight\314463837_5702007336511438_8700558555560432166_n.jpg,riceleafbd,0.11594071502057614,1,0.11594071502057614,1.0073020458221436
data\raw\riceleafbd\Bacterial Leaf Blight\314472624_964919151565455_3531763840417720217_n.jpg,riceleafbd,0.0028111607142857144,1,0.0028111607142857144,0.9279491901397705
data\raw\riceleafbd\Bacterial Leaf Blight\314477102_664878278644574_8181446894341452010_n (1).jpg,riceleafbd,0.9970495956062336,1,0.9970495956062336,0.9075515270233154
data\raw\riceleafbd\Bacterial Leaf Blight\314496509_810216386943549_7270184481671125128_n.jpg,riceleafbd,0.003705895244356783,1,0.003705895244356783,0.9492555856704712
data\raw\riceleafbd\Bacterial Leaf Blight\314502779_544122287528925_5404724053188449320_n.jpg,riceleafbd,0.9515406378600823,1,0.9515406378600823,0.973670244216919
data\raw\riceleafbd\Bacterial Leaf Blight\314506181_2214276502088148_8611441168398325446_n.jpg,riceleafbd,0.04230550076703923,1,0.04230550076703923,0.9751114845275879
data\raw\riceleafbd\Bacterial Leaf Blight\314548529_1364720347607678_1648343751211277692_n.jpg,riceleafbd,0.5069160997732426,1,0.5069160997732426,0.971187949180603
data\raw\riceleafbd\Bacterial Leaf Blight\314551869_1138758503423341_1674044700241260944_n (1).jpg,riceleafbd,0.09816550925925926,1,0.09816550925925926,0.971913754940033
data\raw\riceleafbd\Bacterial Leaf Blight\314551869_1138758503423341_1674044700241260944_n.jpg,riceleafbd,0.09816550925925926,1,0.09816550925925926,0.971913754940033
data\raw\riceleafbd\Bacterial Leaf Blight\314574999_1353767665365023_4727371206751064709_n.jpg,riceleafbd,0.9503637957484111,1,0.9503637957484111,1.0011487007141113
data\raw\riceleafbd\Bacterial Leaf Blight\314585873_500957292090998_2790838066914251733_n.jpg,riceleafbd,0.08615603769449923,1,0.08615603769449923,0.9885706901550293
data\raw\riceleafbd\Bacterial Leaf Blight\314593313_2288775861301246_3006187957377964012_n.jpg,riceleafbd,0.5225327932098766,1,0.5225327932098766,0.989688515663147
data\raw\riceleafbd\Bacterial Leaf Blight\314598396_535855474615564_5258295899288853222_n.jpg,riceleafbd,0.0009144203374972606,1,0.0009144203374972606,0.9164575338363647
data\raw\riceleafbd\Bacterial Leaf Blight\314635055_786524529119140_9186089258053961087_n.jpg,riceleafbd,0.9876282051282051,1,0.9876282051282051,0.8962177038192749
data\raw\riceleafbd\Bacterial Leaf Blight\314644652_703448734631594_5743254173818613983_n.jpg,riceleafbd,0.00032276785714285713,1,0.00032276785714285713,0.8601939082145691
data\raw\riceleafbd\Bacterial Leaf Blight\314675712_625650222639071_2589804356355308691_n.jpg,riceleafbd,0.9898196428571429,1,0.9898196428571429,0.9836628437042236
data\raw\riceleafbd\Bacterial Leaf Blight\314678583_438510178466480_3607749174548309620_n.jpg,riceleafbd,0.038281284242822705,1,0.038281284242822705,0.9264096617698669
data\raw\riceleafbd\Bacterial Leaf Blight\314697782_5612750502150745_5814902332967440189_n.jpg,riceleafbd,0.019188582073197458,1,0.019188582073197458,0.9475003480911255
data\raw\riceleafbd\Bacterial Leaf Blight\314702573_523287219813784_9055721019609953534_n.jpg,riceleafbd,0.9009850823045268,1,0.9009850823045268,0.9738199710845947
data\raw\riceleafbd\Bacterial Leaf Blight\314860880_1269561237234922_2030127976134928341_n.jpg,riceleafbd,0.008109796186719264,1,0.008109796186719264,0.9089840650558472
data\raw\riceleafbd\Bacterial Leaf Blight\314908866_1572489049861194_2745779637557302996_n.jpg,riceleafbd,0.0744197896120973,1,0.0744197896120973,1.0058033466339111
data\raw\riceleafbd\Bacterial Leaf Blight\314923345_1130901067547900_8004910236694075430_n.jpg,riceleafbd,0.06325005478851632,1,0.06325005478851632,0.9728817939758301
data\raw\riceleafbd\Bacterial Leaf Blight\314989868_534931571427059_7838929276660168273_n.jpg,riceleafbd,0.1397728888888889,1,0.1397728888888889,0.9864946603775024
data\raw\riceleafbd\Bacterial Leaf Blight\314990569_2958429804456984_2635856298122951277_n.jpg,riceleafbd,0.001133574402805172,1,0.001133574402805172,0.9353447556495667
data\raw\riceleafbd\Bacterial Leaf Blight\314991235_1781177362259728_2375544211862643572_n.jpg,riceleafbd,0.74672419460881,1,0.74672419460881,0.9569997787475586
data\raw\riceleafbd\Bacterial Leaf Blight\314994201_1390162368477722_8862583186667038312_n.jpg,riceleafbd,0.004892614507999124,1,0.004892614507999124,0.936415433883667
data\raw\riceleafbd\Bacterial Leaf Blight\314999191_865432541298738_5106694513451358739_n.jpg,riceleafbd,0.9738812184966031,1,0.9738812184966031,0.99384605884552
data\raw\riceleafbd\Bacterial Leaf Blight\315009589_1782680888761755_205823445997496934_n.jpg,riceleafbd,0.002148805610344072,1,0.002148805610344072,0.8930830955505371
data\raw\riceleafbd\Bacterial Leaf Blight\315016546_2218749368305006_5076810308451690999_n.jpg,riceleafbd,0.03624500244778068,1,0.03624500244778068,0.9438990950584412
data\raw\riceleafbd\Bacterial Leaf Blight\315027221_1538525549906371_9169566106709057222_n.jpg,riceleafbd,0.8999821428571428,1,0.8999821428571428,1.0172855854034424
data\raw\riceleafbd\Bacterial Leaf Blight\315071468_2401943333288552_3485159411988415665_n.jpg,riceleafbd,0.0012174008327854482,1,0.0012174008327854482,0.9431843757629395
data\raw\riceleafbd\Bacterial Leaf Blight\315074520_5751664111539900_3631585951625988479_n.jpg,riceleafbd,0.3919844400613631,1,0.3919844400613631,0.9795273542404175
data\raw\riceleafbd\Bacterial Leaf Blight\315077827_621088336473764_8668136715430723613_n.jpg,riceleafbd,0.007536160420775806,1,0.007536160420775806,0.9366781711578369
data\raw\riceleafbd\Bacterial Leaf Blight\315086347_507127591472883_5806831084092326784_n.jpg,riceleafbd,0.9597872343138055,1,0.9597872343138055,0.9392622709274292
data\raw\riceleafbd\Bacterial Leaf Blight\315089161_651317073354981_3643435809460826645_n.jpg,riceleafbd,0.8635618014464168,1,0.8635618014464168,0.8385146856307983
data\raw\riceleafbd\Bacterial Leaf Blight\315101941_371070788540716_8224649232538059011_n.jpg,riceleafbd,0.9334944115713346,1,0.9334944115713346,0.9925647974014282
data\raw\riceleafbd\Bacterial Leaf Blight\315101944_1297318541097689_5451123898314564856_n.jpg,riceleafbd,0.9211620644312952,1,0.9211620644312952,0.9560145139694214
data\raw\riceleafbd\Bacterial Leaf Blight\315103055_793382671749644_9052517081369098851_n.jpg,riceleafbd,0.034964387464387466,1,0.034964387464387466,0.9233845472335815
data\raw\riceleafbd\Bacterial Leaf Blight\315103057_1111400676175700_5432031046975784486_n.jpg,riceleafbd,0.6920984001753232,1,0.6920984001753232,0.926115870475769
data\raw\riceleafbd\Bacterial Leaf Blight\315103063_624143302825103_7132876366463172174_n.jpg,riceleafbd,0.038448389217619984,1,0.038448389217619984,0.9598448276519775
data\raw\riceleafbd\Bacterial Leaf Blight\315103065_5765950963474243_5937345883256512876_n.jpg,riceleafbd,0.17218222660530352,1,0.17218222660530352,1.0187300443649292
data\raw\riceleafbd\Bacterial Leaf Blight\315103069_682543376486399_2331184656930360648_n.jpg,riceleafbd,0.8357029366644751,1,0.8357029366644751,0.9820597171783447
data\raw\riceleafbd\Bacterial Leaf Blight\315104143_1206895939923217_5543788513976286344_n.jpg,riceleafbd,0.06763258820951129,1,0.06763258820951129,1.0004550218582153
data\raw\riceleafbd\Bacterial Leaf Blight\315106325_522197449759150_6261279372278398762_n.jpg,riceleafbd,0.44539612097304404,1,0.44539612097304404,0.7982076406478882
data\raw\riceleafbd\Bacterial Leaf Blight\315107087_1171245770130671_2229195706849003534_n.jpg,riceleafbd,0.1251265614727153,1,0.1251265614727153,0.9224557876586914
data\raw\riceleafbd\Bacterial Leaf Blight\315107778_5614062285347913_4261856392199548789_n.jpg,riceleafbd,0.9849111607142857,1,0.9849111607142857,0.9868302345275879
data\raw\riceleafbd\Bacterial Leaf Blight\315109192_653319659728355_4967674981338515450_n.jpg,riceleafbd,0.5588286215209292,1,0.5588286215209292,0.9349350929260254
data\raw\riceleafbd\Bacterial Leaf Blight\315109280_1334075877408768_3043399210035198683_n.jpg,riceleafbd,0.7454120096427789,1,0.7454120096427789,0.9909030199050903
data\raw\riceleafbd\Bacterial Leaf Blight\315109344_490554359521669_3605999754783295753_n.jpg,riceleafbd,0.08962195923734385,1,0.08962195923734385,0.9827496409416199
data\raw\riceleafbd\Bacterial Leaf Blight\315110834_825434625377548_7799740694883268375_n.jpg,riceleafbd,0.9663182117028271,1,0.9663182117028271,0.9459837675094604
data\raw\riceleafbd\Bacterial Leaf Blight\315112385_1760978674281935_194414106869409992_n.jpg,riceleafbd,0.0941151654613193,1,0.0941151654613193,0.966930627822876
data\raw\riceleafbd\Bacterial Leaf Blight\315112603_5904872452931613_6623045049893129241_n.jpg,riceleafbd,0.013838483453868069,1,0.013838483453868069,0.9765534996986389
data\raw\riceleafbd\Bacterial Leaf Blight\315176547_961944554678531_2072620674157332322_n.jpg,riceleafbd,0.004060924830155599,1,0.004060924830155599,0.9331521987915039
data\raw\riceleafbd\Bacterial Leaf Blight\315183999_790535685577645_6340853242658624367_n.jpg,riceleafbd,0.12432007451238221,1,0.12432007451238221,0.9002903699874878
data\raw\riceleafbd\Bacterial Leaf Blight\315203775_830516898283616_2907511732247535087_n.jpg,riceleafbd,0.916939513477975,1,0.916939513477975,0.9648716449737549
data\raw\riceleafbd\Bacterial Leaf Blight\315208022_798774971206720_1687696613883098690_n.jpg,riceleafbd,0.17165182527024633,1,0.17165182527024633,0.9898231625556946
data\raw\riceleafbd\Bacterial Leaf Blight\315262988_659326702239981_4957574645755378364_n.jpg,riceleafbd,0.0018332237563006793,1,0.0018332237563006793,0.8626662492752075
data\raw\riceleafbd\Bacterial Leaf Blight\315288471_652278516358984_6474206586868454970_n.jpg,riceleafbd,0.02488705357142857,1,0.02488705357142857,0.9479407668113708
data\raw\riceleafbd\Bacterial Leaf Blight\315518389_1748571678849511_9171680535233049298_n.jpg,riceleafbd,0.9631567344286642,1,0.9631567344286642,1.0057734251022339
data\raw\riceleafbd\Bacterial Leaf Blight\315531765_1673445079719873_5494100703377762286_n.jpg,riceleafbd,0.9955611607142857,1,0.9955611607142857,0.995805025100708
data\raw\riceleafbd\Bacterial Leaf Blight\315930074_1075350293144099_1989168563865613542_n.jpg,riceleafbd,0.8209888392857143,1,0.8209888392857143,0.990012526512146
data\raw\riceleafbd\Bacterial Leaf Blight\316050249_3162601460622353_2004653722111855928_n.jpg,riceleafbd,0.157740625,1,0.157740625,0.9941638708114624
data\raw\riceleafbd\Bacterial Leaf Blight\316100811_1187208431886572_9196050605949563222_n.jpg,riceleafbd,0.010554464285714285,1,0.010554464285714285,0.9130244851112366
data\raw\riceleafbd\Bacterial Leaf Blight\316177080_845639723533726_8267250599617390004_n.jpg,riceleafbd,0.001115625,1,0.001115625,0.9413842558860779
data\raw\riceleafbd\Brown Spot\306636683_1075699563116434_3688220584841276761_n.png,riceleafbd,0.0008494578638561746,1,0.0008494578638561746,0.876282811164856
data\raw\riceleafbd\Brown Spot\308278744_606334647906871_7109375032890807056_n.jpg,riceleafbd,0.13018132716049383,1,0.13018132716049383,1.0091361999511719
data\raw\riceleafbd\Brown Spot\308308969_1158070344844591_368051609697725308_n.jpg,riceleafbd,0.22762674711858014,1,0.22762674711858014,0.9986780285835266
data\raw\riceleafbd\Brown Spot\309493078_674517544280445_2780755483028955674_n.jpg,riceleafbd,0.3111711807840278,1,0.3111711807840278,0.9973655939102173
data\raw\riceleafbd\Brown Spot\309856581_1540544999720159_3167110615008965834_n.jpg,riceleafbd,0.3364185821751329,1,0.3364185821751329,1.0050692558288574
data\raw\riceleafbd\Brown Spot\309909525_2499918870173412_1188415515568731275_n.jpg,riceleafbd,0.2684601185379577,1,0.2684601185379577,0.9875383377075195
data\raw\riceleafbd\Brown Spot\309914645_512032790836766_3232278334211904072_n.jpg,riceleafbd,0.3948030498427566,1,0.3948030498427566,1.0140684843063354
data\raw\riceleafbd\Brown Spot\309914653_1176550713259738_1105670629556489780_n.jpg,riceleafbd,0.30937620048358305,1,0.30937620048358305,0.9813315868377686
data\raw\riceleafbd\Brown Spot\309926482_543090584297337_3614563266431093962_n.jpg,riceleafbd,0.9939332741948675,1,0.9939332741948675,0.9935301542282104
data\raw\riceleafbd\Brown Spot\309933374_813227523318866_5419753912257273000_n.jpg,riceleafbd,0.1287037037037037,1,0.1287037037037037,0.9961342811584473
data\raw\riceleafbd\Brown Spot\309939907_1298534884255323_1747386383395765499_n.jpg,riceleafbd,0.41007231946336864,1,0.41007231946336864,0.9943195581436157
data\raw\riceleafbd\Brown Spot\309946730_2973301759636647_3744589297634946481_n.jpg,riceleafbd,0.9711214082573306,1,0.9711214082573306,0.9720761775970459
data\raw\riceleafbd\Brown Spot\309949831_1336776450479892_2221528534198295843_n.jpg,riceleafbd,0.2336009314119913,1,0.2336009314119913,1.001543402671814
data\raw\riceleafbd\Brown Spot\309953022_725741598999109_8842452746849133819_n.jpg,riceleafbd,0.9950899416027754,1,0.9950899416027754,0.9874719381332397
data\raw\riceleafbd\Brown Spot\309953967_1351192915416250_8181016055482165956_n.jpg,riceleafbd,0.24070938770556466,1,0.24070938770556466,0.9831387996673584
data\raw\riceleafbd\Brown Spot\309958158_1574264802991543_3732718783421117392_n.jpg,riceleafbd,0.012937873357228196,1,0.012937873357228196,0.935639500617981
data\raw\riceleafbd\Brown Spot\309962532_861398241722730_4166811756916713153_n.jpg,riceleafbd,0.39617642195767194,1,0.39617642195767194,1.0276925563812256
data\raw\riceleafbd\Brown Spot\309964523_2318278248336267_948119003886079338_n.jpg,riceleafbd,0.35140688855803914,1,0.35140688855803914,0.9836194515228271
data\raw\riceleafbd\Brown Spot\309993664_1567873237000612_7794085351818485330_n.jpg,riceleafbd,0.48945241347905283,1,0.48945241347905283,0.9889389872550964
data\raw\riceleafbd\Brown Spot\309996257_480800110695748_6992653624216699035_n.jpg,riceleafbd,0.2747346533770375,1,0.2747346533770375,1.0119563341140747
data\raw\riceleafbd\Brown Spot\310008198_1320242232080932_4364812681009576646_n.jpg,riceleafbd,0.3768804887361588,1,0.3768804887361588,1.0086567401885986
data\raw\riceleafbd\Brown Spot\310009622_1110367876295321_5321306325847120324_n.jpg,riceleafbd,0.3724850343115783,1,0.3724850343115783,0.9859298467636108
data\raw\riceleafbd\Brown Spot\310011903_461069906169423_6180653117817214589_n.jpg,riceleafbd,0.25713790713790713,1,0.25713790713790713,0.9999310970306396
data\raw\riceleafbd\Brown Spot\310015336_557923699425815_1708555633980798458_n.jpg,riceleafbd,0.462427684911851,1,0.462427684911851,0.9934828877449036
data\raw\riceleafbd\Brown Spot\310062871_1876024519400996_8219913860789849669_n.jpg,riceleafbd,0.25774216524216526,1,0.25774216524216526,1.0063012838363647
data\raw\riceleafbd\Brown Spot\310068201_974682670600775_2172701830537907723_n.jpg,riceleafbd,0.2489457455530603,1,0.2489457455530603,0.9993970394134521
data\raw\riceleafbd\Brown Spot\310069559_844675403226330_7800477233685291706_n.jpg,riceleafbd,0.25286263721223073,1,0.25286263721223073,1.003638505935669
data\raw\riceleafbd\Brown Spot\310070338_1221984858350826_7709976709562904139_n.jpg,riceleafbd,0.4274238979023271,1,0.4274238979023271,1.0069934129714966
data\raw\riceleafbd\Brown Spot\310071915_490449669710602_3589257402027487119_n.jpg,riceleafbd,0.2727436664320901,1,0.2727436664320901,1.005422592163086
data\raw\riceleafbd\Brown Spot\310076727_857027329056921_1136202015508284715_n.jpg,riceleafbd,0.3444187291235095,1,0.3444187291235095,0.9638881683349609
data\raw\riceleafbd\Brown Spot\310077906_692868602038815_1527612901872866553_n.jpg,riceleafbd,0.01843042695473251,1,0.01843042695473251,0.9710410833358765
data\raw\riceleafbd\Brown Spot\310082918_871415177202516_5002521107004828589_n.jpg,riceleafbd,0.27326060921046685,1,0.27326060921046685,0.9559152722358704
data\raw\riceleafbd\Brown Spot\310090427_533931768138521_5214171824331083059_n.jpg,riceleafbd,0.7519215758299279,1,0.7519215758299279,0.9952096939086914
data\raw\riceleafbd\Brown Spot\310091333_655570942821741_6999184718027168547_n.jpg,riceleafbd,0.17685394355198572,1,0.17685394355198572,0.9802871346473694
data\raw\riceleafbd\Brown Spot\310104735_514443447243614_5741446641291179102_n.jpg,riceleafbd,0.2818975063963035,1,0.2818975063963035,0.995161771774292
data\raw\riceleafbd\Brown Spot\310108464_434577971983783_3352364910713725183_n.jpg,riceleafbd,0.31671626762852173,1,0.31671626762852173,1.0375791788101196
data\raw\riceleafbd\Brown Spot\310108465_513514257115787_8697196049310722085_n.jpg,riceleafbd,0.272901558318225,1,0.272901558318225,0.9930200576782227
data\raw\riceleafbd\Brown Spot\310115075_498868342299013_3194400662650127897_n.jpg,riceleafbd,0.34374820727068656,1,0.34374820727068656,0.9985970258712769
data\raw\riceleafbd\Brown Spot\310116800_2633953446742264_5075079932730326382_n.jpg,riceleafbd,0.38316941119166714,1,0.38316941119166714,0.9950441122055054
data\raw\riceleafbd\Brown Spot\310125872_562390022555910_4194683443636044021_n.jpg,riceleafbd,0.3445053265063457,1,0.3445053265063457,1.003890037536621
data\raw\riceleafbd\Brown Spot\310138548_585933979969601_3292203972379903687_n.jpg,riceleafbd,0.30567689121853364,1,0.30567689121853364,1.0095980167388916
data\raw\riceleafbd\Brown Spot\310166255_8397939406945445_2537616112883189039_n.jpg,riceleafbd,0.24543613474647957,1,0.24543613474647957,0.9965816736221313
data\raw\riceleafbd\Brown Spot\310184338_712786060181148_6045441015911569486_n.jpg,riceleafbd,0.30761669910313644,1,0.30761669910313644,1.0096668004989624
data\raw\riceleafbd\Brown Spot\310227896_1156794111890459_7330375921245463272_n.jpg,riceleafbd,0.4534796006162835,1,0.4534796006162835,0.9746737480163574
data\raw\riceleafbd\Brown Spot\310230697_687200202593410_773732709845143863_n.jpg,riceleafbd,0.279159534184044,1,0.279159534184044,1.0050410032272339
data\raw\riceleafbd\Brown Spot\310232432_916004359371667_480001528006557110_n.jpg,riceleafbd,0.24253615229727257,1,0.24253615229727257,1.0139349699020386
data\raw\riceleafbd\Brown Spot\310235593_1080264705967044_7076671397801331634_n.jpg,riceleafbd,0.1863643604636914,1,0.1863643604636914,0.9955585598945618
data\raw\riceleafbd\Brown Spot\310235967_705575307176920_6174025801346000024_n.jpg,riceleafbd,0.5112930904427849,1,0.5112930904427849,0.9823359251022339
data\raw\riceleafbd\Brown Spot\310240154_653748513071128_7809190233150817814_n.jpg,riceleafbd,0.2643581081081081,1,0.2643581081081081,0.9987921714782715
data\raw\riceleafbd\Brown Spot\310240474_1067068477295579_1067343616679042913_n.jpg,riceleafbd,0.41956980045086417,1,0.41956980045086417,1.0049651861190796
data\raw\riceleafbd\Brown Spot\310243653_1175890976471607_174154916313519198_n.jpg,riceleafbd,0.3620808474609644,1,0.3620808474609644,0.9820120334625244
data\raw\riceleafbd\Brown Spot\310246263_629224232229317_3057882260199121970_n.jpg,riceleafbd,0.9920979127520186,1,0.9920979127520186,0.9949074983596802
data\raw\riceleafbd\Brown Spot\310252934_458496419686388_869526501005796402_n.jpg,riceleafbd,0.6766380115264496,1,0.6766380115264496,0.9647526741027832
data\raw\riceleafbd\Brown Spot\310273432_860229471821624_5544502880723430289_n.jpg,riceleafbd,0.4217282054199617,1,0.4217282054199617,1.0082449913024902
data\raw\riceleafbd\Brown Spot\310279124_1308745899888984_1786932448113474810_n.jpg,riceleafbd,0.462992366588257,1,0.462992366588257,1.002524733543396
data\raw\riceleafbd\Brown Spot\310301753_3256048104662186_7766892706666530682_n.jpg,riceleafbd,0.4680814555814556,1,0.4680814555814556,1.0002577304840088
data\raw\riceleafbd\Brown Spot\310310726_521973126475182_1577311798757957966_n.jpg,riceleafbd,0.42302258574216933,1,0.42302258574216933,1.0009832382202148
data\raw\riceleafbd\Brown Spot\310360089_591896359375980_4721300831126999238_n.jpg,riceleafbd,0.5855963814726701,1,0.5855963814726701,0.9923449754714966
data\raw\riceleafbd\Brown Spot\310367674_1269873143864271_5071878590540429049_n.jpg,riceleafbd,0.4289208510223003,1,0.4289208510223003,0.9517822265625
data\raw\riceleafbd\Brown Spot\310397769_1160405084550868_5795423925770958169_n.jpg,riceleafbd,0.3729893612798222,1,0.3729893612798222,1.0186856985092163
data\raw\riceleafbd\Brown Spot\310401093_1145771346047730_890553304188097791_n.jpg,riceleafbd,0.2493091878923685,1,0.2493091878923685,1.012347936630249
data\raw\riceleafbd\Brown Spot\310408699_581222973762479_3034583721755206178_n.jpg,riceleafbd,0.36247229326513214,1,0.36247229326513214,1.0097867250442505
data\raw\riceleafbd\Brown Spot\310412950_3299455947038250_6118699778973115620_n.jpg,riceleafbd,0.42741257267119337,1,0.42741257267119337,1.0087424516677856
data\raw\riceleafbd\Brown Spot\310413706_406779671529288_6083541172236119468_n.jpg,riceleafbd,0.7185950738916256,1,0.7185950738916256,0.9910686016082764
data\raw\riceleafbd\Brown Spot\310413706_542920307667959_7271112821702146072_n.jpg,riceleafbd,0.3208856808052866,1,0.3208856808052866,1.01282799243927
data\raw\riceleafbd\Brown Spot\310426342_1297660331049973_5517302091758027512_n.jpg,riceleafbd,0.9971175395140364,1,0.9971175395140364,0.9975728988647461
data\raw\riceleafbd\Brown Spot\310433287_1170527013537104_2288436462912475998_n.jpg,riceleafbd,0.28007356671740236,1,0.28007356671740236,0.9975783824920654
data\raw\riceleafbd\Brown Spot\310440595_437763975176397_3421827152598261933_n.jpg,riceleafbd,0.5150172937847186,1,0.5150172937847186,0.9943211078643799
data\raw\riceleafbd\Brown Spot\310448023_2785363404931753_357066214047467928_n.jpg,riceleafbd,0.3043914442551581,1,0.3043914442551581,0.9952777028083801
data\raw\riceleafbd\Brown Spot\310448892_865948157757587_1575096072039838138_n.jpg,riceleafbd,0.32215099715099715,1,0.32215099715099715,0.9843671321868896
data\raw\riceleafbd\Brown Spot\310456200_860362441810426_2125457529938607800_n.jpg,riceleafbd,0.3309449171518137,1,0.3309449171518137,0.9999357461929321
data\raw\riceleafbd\Brown Spot\310464731_2095864390596693_7529287577372319351_n.jpg,riceleafbd,0.5235994397759104,1,0.5235994397759104,0.9985700845718384
data\raw\riceleafbd\Brown Spot\310466281_445412417740074_3454842528657237988_n.jpg,riceleafbd,0.7770893412630125,1,0.7770893412630125,0.9565005302429199
data\raw\riceleafbd\Brown Spot\310479672_1548736808895214_1122183377644120885_n.jpg,riceleafbd,0.9947344750286361,1,0.9947344750286361,0.9942642450332642
data\raw\riceleafbd\Brown Spot\310503754_3406179269667322_6868493276527715507_n.jpg,riceleafbd,0.29197113780447115,1,0.29197113780447115,1.0017237663269043
data\raw\riceleafbd\Brown Spot\310509792_5559735287442458_3971883232493130140_n.jpg,riceleafbd,0.4012735978949301,1,0.4012735978949301,0.998508095741272
data\raw\riceleafbd\Brown Spot\310515645_429000562741465_2293056403644865098_n.jpg,riceleafbd,0.3039136302294197,1,0.3039136302294197,0.9984374046325684
data\raw\riceleafbd\Brown Spot\310531220_463358079230548_4330153429928501160_n.jpg,riceleafbd,0.26248716089662255,1,0.26248716089662255,1.009049654006958
data\raw\riceleafbd\Brown Spot\310538123_800092631250475_2661903395682189719_n.jpg,riceleafbd,0.2577812907758707,1,0.2577812907758707,0.9991247653961182
data\raw\riceleafbd\Brown Spot\310549204_862490201570514_2698855657437861283_n.jpg,riceleafbd,0.8772057856673241,1,0.8772057856673241,0.9778274297714233
data\raw\riceleafbd\Brown Spot\310551734_6208035492545976_1642254191197766220_n.jpg,riceleafbd,0.14344491550373903,1,0.14344491550373903,0.9977566599845886
data\raw\riceleafbd\Brown Spot\310552937_2304234059764535_643117186335999333_n.jpg,riceleafbd,0.2583568656831105,1,0.2583568656831105,1.0038130283355713
data\raw\riceleafbd\Brown Spot\310552937_663060611980047_7867110391988752020_n.jpg,riceleafbd,0.9808582940382103,1,0.9808582940382103,0.9780367612838745
data\raw\riceleafbd\Brown Spot\310552940_1513055385866693_5202646752382774347_n.jpg,riceleafbd,0.2750145513586374,1,0.2750145513586374,1.0126360654830933
data\raw\riceleafbd\Brown Spot\310568407_1600675443720770_3405254753128624442_n.jpg,riceleafbd,0.28782021604938274,1,0.28782021604938274,1.0040054321289062
data\raw\riceleafbd\Brown Spot\310572005_585774859972846_8887018455851724965_n.jpg,riceleafbd,0.3841915370603895,1,0.3841915370603895,0.9888023138046265
data\raw\riceleafbd\Brown Spot\310574100_3177827532469376_3606010084420014810_n.jpg,riceleafbd,0.33477655582146815,1,0.33477655582146815,1.0064918994903564
data\raw\riceleafbd\Brown Spot\310591531_647596893482328_2416547431702864403_n.jpg,riceleafbd,0.2881159420289855,1,0.2881159420289855,0.9898478984832764
data\raw\riceleafbd\Brown Spot\310600431_1176906219620409_5572658965513226166_n.jpg,riceleafbd,0.2299686782008912,1,0.2299686782008912,0.9956883192062378
data\raw\riceleafbd\Brown Spot\310600434_673533360790656_5382092698552622711_n.jpg,riceleafbd,0.17660192187533666,1,0.17660192187533666,0.9775410890579224
data\raw\riceleafbd\Brown Spot\310618169_1095591744338175_6293196138231764647_n.jpg,riceleafbd,0.3256717501815541,1,0.3256717501815541,1.0062575340270996
data\raw\riceleafbd\Brown Spot\310633591_435998688516676_4687821410676363321_n.jpg,riceleafbd,0.00557059654776212,1,0.00557059654776212,0.9417498707771301
data\raw\riceleafbd\Brown Spot\310644021_563178102237151_1801329210829339387_n.jpg,riceleafbd,0.9984647938051504,1,0.9984647938051504,0.9991827011108398
data\raw\riceleafbd\Brown Spot\310646878_652622709743689_4280957580249613305_n.jpg,riceleafbd,0.4342159055126515,1,0.4342159055126515,0.9937897324562073
data\raw\riceleafbd\Brown Spot\310658174_1811366175890472_634044558163658478_n.jpg,riceleafbd,0.31370414357350224,1,0.31370414357350224,0.9843080639839172
data\raw\riceleafbd\Brown Spot\310658884_446068057647401_6642037205738559820_n.jpg,riceleafbd,0.335655737704918,1,0.335655737704918,1.0133159160614014
data\raw\riceleafbd\Brown Spot\310661186_680508230184016_1666128555220764955_n.jpg,riceleafbd,0.37212140234739105,1,0.37212140234739105,1.0082944631576538
data\raw\riceleafbd\Brown Spot\310690626_807803723801286_3580362136413475553_n.jpg,riceleafbd,0.01135374295297224,1,0.01135374295297224,0.9785001873970032
data\raw\riceleafbd\Brown Spot\310776944_2271192576395292_6697039548256478756_n.jpg,riceleafbd,0.17157285085200077,1,0.17157285085200077,0.9989028573036194
data\raw\riceleafbd\Brown Spot\310789414_904359843869479_2426029954085555124_n.jpg,riceleafbd,0.3608035128172596,1,0.3608035128172596,1.0019042491912842
data\raw\riceleafbd\Brown Spot\310804511_648697216660190_3587973030833937162_n.jpg,riceleafbd,0.4859511370309621,1,0.4859511370309621,0.9990105628967285
data\raw\riceleafbd\Brown Spot\310807976_1267804150453137_2952585295063268243_n.jpg,riceleafbd,0.7287435017287267,1,0.7287435017287267,0.958500862121582
data\raw\riceleafbd\Brown Spot\310818069_530673785156674_5674307323228277295_n.jpg,riceleafbd,0.38488139985525177,1,0.38488139985525177,1.033768653869629
data\raw\riceleafbd\Brown Spot\310823410_418061953701303_2392965091483809066_n.jpg,riceleafbd,0.3711007943877025,1,0.3711007943877025,0.9992024302482605
data\raw\riceleafbd\Brown Spot\310824212_668508701381573_7641199740375120880_n.jpg,riceleafbd,0.5359454338764683,1,0.5359454338764683,0.9548344612121582
data\raw\riceleafbd\Brown Spot\310824228_524471822554248_358818164046999562_n.jpg,riceleafbd,0.39525830393885947,1,0.39525830393885947,1.0112706422805786
data\raw\riceleafbd\Brown Spot\310828063_1446078215877474_1905737522057351903_n.jpg,riceleafbd,0.5746345962821059,1,0.5746345962821059,1.0050745010375977
data\raw\riceleafbd\Brown Spot\310828816_3348217798776258_724187761063625091_n.jpg,riceleafbd,0.9954514658348271,1,0.9954514658348271,1.0026246309280396
data\raw\riceleafbd\Brown Spot\310828818_502045418606703_6319544330287836103_n.jpg,riceleafbd,0.08811775732788003,1,0.08811775732788003,0.9939388036727905
data\raw\riceleafbd\Brown Spot\310835321_3253575268305521_4194507410517847799_n (1).jpg,riceleafbd,0.3443889376860391,1,0.3443889376860391,1.0061395168304443
data\raw\riceleafbd\Brown Spot\310835321_3253575268305521_4194507410517847799_n.jpg,riceleafbd,0.3443889376860391,1,0.3443889376860391,1.0061395168304443
data\raw\riceleafbd\Brown Spot\310844257_509440641199570_5702343190639353102_n.jpg,riceleafbd,0.0014288368636194723,1,0.0014288368636194723,0.9409897327423096
data\raw\riceleafbd\Brown Spot\310853531_652581173058231_1063835090034377594_n.jpg,riceleafbd,0.4261633817758547,1,0.4261633817758547,1.0065345764160156
data\raw\riceleafbd\Brown Spot\310862149_2316976765132110_2200817704905796416_n.jpg,riceleafbd,0.2542508417508417,1,0.2542508417508417,0.9967069625854492
data\raw\riceleafbd\Brown Spot\310885383_815755239635944_8200766767589677304_n.jpg,riceleafbd,0.6128824238439623,1,0.6128824238439623,0.7919892072677612
data\raw\riceleafbd\Brown Spot\310907388_3266484753614015_2615133480251311747_n.jpg,riceleafbd,0.33510788465416413,1,0.33510788465416413,0.9841004610061646
data\raw\riceleafbd\Brown Spot\310910786_1513395185739435_204951998156743921_n.jpg,riceleafbd,0.3312983164983165,1,0.3312983164983165,1.0115450620651245
data\raw\riceleafbd\Brown Spot\310943241_449647463945146_639634782995154368_n.jpg,riceleafbd,0.5150599773331688,1,0.5150599773331688,1.0073416233062744
data\raw\riceleafbd\Brown Spot\310949660_1699018083827986_56126341270983836_n.jpg,riceleafbd,0.12997264153537352,1,0.12997264153537352,0.9795661568641663
data\raw\riceleafbd\Brown Spot\310949660_683939402972570_2384416694152309614_n.jpg,riceleafbd,0.3306853460517682,1,0.3306853460517682,1.0105717182159424
data\raw\riceleafbd\Brown Spot\310958148_807649880308425_292737329862633011_n.jpg,riceleafbd,0.4481727898673526,1,0.4481727898673526,0.9925003051757812
data\raw\riceleafbd\Brown Spot\310966908_460000666237274_4340544923399777166_n.jpg,riceleafbd,0.44579692051602166,1,0.44579692051602166,0.9911153316497803
data\raw\riceleafbd\Brown Spot\310968022_509822557521186_5444277443482914274_n.jpg,riceleafbd,0.3911314379240252,1,0.3911314379240252,1.007135033607483
data\raw\riceleafbd\Brown Spot\310977568_1514622672347385_8736818964133698049_n.jpg,riceleafbd,0.13842031686859274,1,0.13842031686859274,0.9937252998352051
data\raw\riceleafbd\Brown Spot\310984154_694067871853184_2163653223673718597_n.jpg,riceleafbd,0.2730778701138812,1,0.2730778701138812,0.9972243905067444
data\raw\riceleafbd\Brown Spot\310987026_495529472618032_469706044882835937_n (1).jpg,riceleafbd,0.9899221965020576,1,0.9899221965020576,0.9475929737091064
data\raw\riceleafbd\Brown Spot\310987026_495529472618032_469706044882835937_n.jpg,riceleafbd,0.9899221965020576,1,0.9899221965020576,0.9475929737091064
data\raw\riceleafbd\Brown Spot\310996256_842961983582812_6278524794023676205_n.jpg,riceleafbd,0.4458879519078233,1,0.4458879519078233,0.9929189682006836
data\raw\riceleafbd\Brown Spot\310997509_578806160671820_2590837107383300728_n.jpg,riceleafbd,0.23260609567901236,1,0.23260609567901236,0.993979811668396
data\raw\riceleafbd\Brown Spot\311021703_1507971309689477_3485279124224682658_n.jpg,riceleafbd,0.34561137591990587,1,0.34561137591990587,0.9943310022354126
data\raw\riceleafbd\Brown Spot\311026301_667593804714222_1324197971946391729_n.jpg,riceleafbd,0.17893066467140542,1,0.17893066467140542,0.9744070768356323
data\raw\riceleafbd\Brown Spot\311040835_1082378245793340_3748689263983894360_n.jpg,riceleafbd,0.26331441782261455,1,0.26331441782261455,1.0001543760299683
data\raw\riceleafbd\Brown Spot\311043994_3234524246878187_6853227440626132597_n.jpg,riceleafbd,0.28857767489711933,1,0.28857767489711933,1.0056352615356445
data\raw\riceleafbd\Brown Spot\311052757_1662312644170393_664664330632009953_n.jpg,riceleafbd,0.32327577298280424,1,0.32327577298280424,1.0026354789733887
data\raw\riceleafbd\Brown Spot\311052757_578359977380937_3643681530688443368_n.jpg,riceleafbd,0.7002418972680486,1,0.7002418972680486,1.0102182626724243
data\raw\riceleafbd\Brown Spot\311057508_665142201662772_2586560655691049853_n.jpg,riceleafbd,0.34975852363589843,1,0.34975852363589843,1.011104702949524
data\raw\riceleafbd\Brown Spot\311057508_913574306621065_7934301880931283898_n.jpg,riceleafbd,0.23704280006147227,1,0.23704280006147227,1.012535572052002
data\raw\riceleafbd\Brown Spot\311073757_672101004374904_1475839309996704675_n.jpg,riceleafbd,0.40258458203750824,1,0.40258458203750824,0.9909495115280151
data\raw\riceleafbd\Brown Spot\311124288_475510674646539_1867154576088742452_n.jpg,riceleafbd,0.22780735596707818,1,0.22780735596707818,1.006258487701416
data\raw\riceleafbd\Brown Spot\311130886_426783756282010_6214404032701960436_n.jpg,riceleafbd,0.9965957590949123,1,0.9965957590949123,0.9915722608566284
data\raw\riceleafbd\Brown Spot\311140425_1168751807079842_3950150907155685313_n.jpg,riceleafbd,0.3129292162321775,1,0.3129292162321775,1.0098870992660522
data\raw\riceleafbd\Brown Spot\311161314_829598394755680_4737991771902303326_n.jpg,riceleafbd,0.5401499659168371,1,0.5401499659168371,0.9965280294418335
data\raw\riceleafbd\Brown Spot\311202622_681717036612752_636487386220260721_n.jpg,riceleafbd,0.2811944564538598,1,0.2811944564538598,0.9936075210571289
data\raw\riceleafbd\Brown Spot\311213447_1111101009548880_9186270975712037966_n.jpg,riceleafbd,0.9906777896740423,1,0.9906777896740423,0.9832973480224609
data\raw\riceleafbd\Brown Spot\311215314_451765910395630_6401476738363950100_n.jpg,riceleafbd,0.7397443367409997,1,0.7397443367409997,0.9895581007003784
data\raw\riceleafbd\Brown Spot\311216422_438794945077183_6633890714686824563_n.jpg,riceleafbd,0.4006331916400992,1,0.4006331916400992,1.0024157762527466
data\raw\riceleafbd\Brown Spot\311238271_3583923715161873_9176656190329904768_n.jpg,riceleafbd,0.22044084064796973,1,0.22044084064796973,0.9890652298927307
data\raw\riceleafbd\Brown Spot\311271897_1056552061707110_5402107187246718929_n.jpg,riceleafbd,0.47309438470728793,1,0.47309438470728793,1.0132367610931396
data\raw\riceleafbd\Brown Spot\311277018_1953567501515058_7969272057765421987_n.jpg,riceleafbd,0.41522789229518386,1,0.41522789229518386,0.9954537749290466
data\raw\riceleafbd\Brown Spot\311285716_1159560954663132_2971789968105334662_n.jpg,riceleafbd,0.3261160394906281,1,0.3261160394906281,1.0203707218170166
data\raw\riceleafbd\Brown Spot\311296765_978416633114600_8053663257899152685_n.jpg,riceleafbd,0.2573308797756747,1,0.2573308797756747,0.9978697299957275
data\raw\riceleafbd\Brown Spot\311300529_496557825753120_7006532035661778892_n.jpg,riceleafbd,0.2098393957919405,1,0.2098393957919405,0.9932610988616943
data\raw\riceleafbd\Brown Spot\311316953_1222914088643370_3433756191131106554_n.jpg,riceleafbd,0.23125762317634713,1,0.23125762317634713,0.9949066042900085
data\raw\riceleafbd\Brown Spot\311330755_540922951205269_9047410166727285240_n.jpg,riceleafbd,0.2913025036209394,1,0.2913025036209394,1.004925012588501
data\raw\riceleafbd\Brown Spot\311377246_810766993317222_9100351975254516487_n.jpg,riceleafbd,0.2576080025506137,1,0.2576080025506137,1.0058739185333252
data\raw\riceleafbd\Brown Spot\311380503_1351490178930581_846371559059730686_n.jpg,riceleafbd,0.5254848783694938,1,0.5254848783694938,0.9315814971923828
data\raw\riceleafbd\Brown Spot\311386232_685870439447238_1373729858025101687_n.jpg,riceleafbd,0.2941866970319578,1,0.2941866970319578,0.9872008562088013
data\raw\riceleafbd\Brown Spot\311396297_829005278365176_1374891973416584192_n.jpg,riceleafbd,0.4483530415555075,1,0.4483530415555075,0.968269944190979
data\raw\riceleafbd\Brown Spot\311406569_1095409827827436_6560628508321962026_n.jpg,riceleafbd,0.0031498068766142983,1,0.0031498068766142983,0.8465442657470703
data\raw\riceleafbd\Brown Spot\311408901_519141103418762_4335388543255097599_n.jpg,riceleafbd,0.41103303571428573,1,0.41103303571428573,0.9921495914459229
data\raw\riceleafbd\Brown Spot\311416513_1109471589709308_8180735797175148639_n.jpg,riceleafbd,0.3032770848618244,1,0.3032770848618244,1.0013606548309326
data\raw\riceleafbd\Brown Spot\311417279_802982790934579_6928591112788404232_n.jpg,riceleafbd,0.9943198351563135,1,0.9943198351563135,0.9737570285797119
data\raw\riceleafbd\Brown Spot\311428112_1137683283546380_8377865949876745685_n.jpg,riceleafbd,0.21184350628795073,1,0.21184350628795073,1.0042134523391724
data\raw\riceleafbd\Brown Spot\311431730_432763282267257_5061788090332940654_n.jpg,riceleafbd,0.31863842259525715,1,0.31863842259525715,1.0090272426605225
data\raw\riceleafbd\Brown Spot\311453915_3375316629450850_968877061441042640_n.jpg,riceleafbd,0.294670578168928,1,0.294670578168928,0.9869328141212463
data\raw\riceleafbd\Brown Spot\311462290_1523806308136409_1620723249680699873_n.jpg,riceleafbd,0.34635012174804564,1,0.34635012174804564,0.9843027591705322
data\raw\riceleafbd\Brown Spot\311486043_1306022510155226_6152244108715750966_n.jpg,riceleafbd,0.3793607582173825,1,0.3793607582173825,1.0111279487609863
data\raw\riceleafbd\Brown Spot\311486043_851216852725879_4856467563986000375_n.jpg,riceleafbd,0.32743621729187083,1,0.32743621729187083,0.9880466461181641
data\raw\riceleafbd\Brown Spot\311869507_654707029438611_4227447126501839018_n.jpg,riceleafbd,0.5050272783156601,1,0.5050272783156601,0.9875094294548035
data\raw\riceleafbd\Brown Spot\311873170_1292561338206591_2970536920858156407_n.jpg,riceleafbd,0.40297549146700423,1,0.40297549146700423,1.0066746473312378
data\raw\riceleafbd\Brown Spot\311922711_653462639606123_2554408956699866739_n.jpg,riceleafbd,0.5061557973678406,1,0.5061557973678406,0.9939104318618774
data\raw\riceleafbd\Brown Spot\311953561_412065494318391_2659692527148639224_n.jpg,riceleafbd,0.01005184019807598,1,0.01005184019807598,0.9623723030090332
data\raw\riceleafbd\Brown Spot\311966500_1218844282308245_2136710182395461767_n.jpg,riceleafbd,0.2580685815322687,1,0.2580685815322687,1.0138514041900635
data\raw\riceleafbd\Brown Spot\311977195_1310726413011036_3359377035045024594_n.jpg,riceleafbd,0.4352363040123457,1,0.4352363040123457,0.9961607456207275
data\raw\riceleafbd\Brown Spot\311977195_1557255631363450_3642511899748077977_n.jpg,riceleafbd,0.2977409254556395,1,0.2977409254556395,1.007741093635559
data\raw\riceleafbd\Brown Spot\311982221_1269766160475674_6749695651504417821_n.jpg,riceleafbd,0.266610725308642,1,0.266610725308642,1.008575677871704
data\raw\riceleafbd\Brown Spot\311994477_808004087120124_4789279673069325208_n.jpg,riceleafbd,0.0027763373952121684,1,0.0027763373952121684,0.9643956422805786
data\raw\riceleafbd\Brown Spot\312016287_5257096791062384_969213634235200911_n.jpg,riceleafbd,0.5761896576281009,1,0.5761896576281009,0.9946664571762085
data\raw\riceleafbd\Brown Spot\312109407_1220699645455560_2742647944434764488_n.jpg,riceleafbd,0.6291459603741238,1,0.6291459603741238,0.9808520078659058
data\raw\riceleafbd\Brown Spot\312112038_3412358252419684_455379211809313426_n.jpg,riceleafbd,0.3827356941475354,1,0.3827356941475354,0.9950829148292542
data\raw\riceleafbd\Brown Spot\312122856_1167298270561140_2414166199220239812_n.jpg,riceleafbd,0.2755470387840671,1,0.2755470387840671,0.9876017570495605
data\raw\riceleafbd\Brown Spot\312127844_572747297942794_8506920159216579211_n.jpg,riceleafbd,0.5168867603861744,1,0.5168867603861744,1.0096927881240845
data\raw\riceleafbd\Brown Spot\312149269_1304740540260222_2269084485641565875_n.jpg,riceleafbd,0.6237455483760902,1,0.6237455483760902,0.9920370578765869
data\raw\riceleafbd\Brown Spot\312168694_869198991062369_2282186203934686543_n.jpg,riceleafbd,0.4508778247951742,1,0.4508778247951742,1.0085546970367432
data\raw\riceleafbd\Brown Spot\312182903_888814375834945_724937048690758269_n.jpg,riceleafbd,0.27946259985475674,1,0.27946259985475674,0.9708022475242615
data\raw\riceleafbd\Brown Spot\312200158_2052677011592758_4127150590826511509_n.jpg,riceleafbd,0.34452992930690024,1,0.34452992930690024,0.9924956560134888
data\raw\riceleafbd\Brown Spot\312207002_2741301756002006_8386953099903781042_n.jpg,riceleafbd,0.44014324618736383,1,0.44014324618736383,0.9975498914718628
data\raw\riceleafbd\Brown Spot\312216426_427424412918302_4487343712450077075_n.jpg,riceleafbd,0.0027736131934032984,1,0.0027736131934032984,0.9468604326248169
data\raw\riceleafbd\Brown Spot\312217600_2173196119533853_7591157869470821724_n.jpg,riceleafbd,0.18952289094650207,1,0.18952289094650207,1.0070937871932983
data\raw\riceleafbd\Brown Spot\312250047_1501595143682656_6875401553277024264_n.jpg,riceleafbd,0.007996909524504794,1,0.007996909524504794,0.966532289981842
data\raw\riceleafbd\Brown Spot\312285453_1846453892358024_562901013174433459_n.jpg,riceleafbd,0.0027095990900174367,1,0.0027095990900174367,0.8970624208450317
data\raw\riceleafbd\Brown Spot\312316744_578052897456678_8878432331654448719_n.jpg,riceleafbd,0.20464299869769548,1,0.20464299869769548,1.0154626369476318
data\raw\riceleafbd\Brown Spot\312326382_3211361932446366_6682615499917169209_n.jpg,riceleafbd,0.42807217227601047,1,0.42807217227601047,1.0074666738510132
data\raw\riceleafbd\Brown Spot\312411158_398111535753549_7820183711646867822_n.jpg,riceleafbd,0.3566335071022048,1,0.3566335071022048,0.9986101388931274
data\raw\riceleafbd\Brown Spot\312415299_824724295458341_4435560014065582603_n.jpg,riceleafbd,0.9916524839938406,1,0.9916524839938406,0.923988938331604
data\raw\riceleafbd\Brown Spot\312418780_528454468732938_8639071520617950282_n.jpg,riceleafbd,0.0009993849938499384,1,0.0009993849938499384,0.9450535774230957
data\raw\riceleafbd\Brown Spot\312450370_1200425843914858_2691683223786668142_n.jpg,riceleafbd,0.3316863672182821,1,0.3316863672182821,0.9815685749053955
data\raw\riceleafbd\Brown Spot\312462597_1340965113373984_7107727838575005015_n.jpg,riceleafbd,0.16142723214285715,1,0.16142723214285715,0.9979429841041565
data\raw\riceleafbd\Brown Spot\312468370_467936182144882_9198694886679060052_n.jpg,riceleafbd,0.4517868123551393,1,0.4517868123551393,0.9940091967582703
data\raw\riceleafbd\Brown Spot\312468839_1155393468739536_7446444415184539186_n.jpg,riceleafbd,0.6804858322177599,1,0.6804858322177599,0.9430950880050659
data\raw\riceleafbd\Brown Spot\312468839_883410106373406_7427785833496039760_n.jpg,riceleafbd,0.125609126984127,1,0.125609126984127,1.0056833028793335
data\raw\riceleafbd\Brown Spot\312473726_1347140749453800_8586112422622010727_n.jpg,riceleafbd,0.5465136876006441,1,0.5465136876006441,0.9908177256584167
data\raw\riceleafbd\Brown Spot\312483884_1135763497066114_1872967696229782204_n.jpg,riceleafbd,0.28081366743136943,1,0.28081366743136943,0.9083245992660522
data\raw\riceleafbd\Brown Spot\312491989_1463091247434685_6471606596499252519_n.jpg,riceleafbd,0.5457154896511592,1,0.5457154896511592,0.9899125099182129
data\raw\riceleafbd\Brown Spot\312493995_518891206821158_2451505034306284224_n.jpg,riceleafbd,0.00891332304526749,1,0.00891332304526749,0.973173201084137
data\raw\riceleafbd\Brown Spot\312503446_540164490875263_2001101002353738981_n.jpg,riceleafbd,0.2625638392857143,1,0.2625638392857143,1.0050158500671387
data\raw\riceleafbd\Brown Spot\312503446_666739771742720_6762388731615910390_n.jpg,riceleafbd,0.43193631171835467,1,0.43193631171835467,0.9876121282577515
data\raw\riceleafbd\Brown Spot\312507714_625422329328078_3227556915707526033_n.jpg,riceleafbd,0.6330128205128205,1,0.6330128205128205,0.9902187585830688
data\raw\riceleafbd\Brown Spot\312508600_850099849677212_4932547305293176252_n.jpg,riceleafbd,0.8170310442374287,1,0.8170310442374287,0.9943838119506836
data\raw\riceleafbd\Brown Spot\312542524_535800327990654_1398698022178015049_n.jpg,riceleafbd,0.04141919136878814,1,0.04141919136878814,0.9492923617362976
data\raw\riceleafbd\Brown Spot\312543158_1535564896911975_8790435692373126595_n.jpg,riceleafbd,0.1951384086368526,1,0.1951384086368526,0.9985582828521729
data\raw\riceleafbd\Brown Spot\312568870_539931711306532_4791649090066758558_n.jpg,riceleafbd,0.39015412314023423,1,0.39015412314023423,1.0081512928009033
data\raw\riceleafbd\Brown Spot\312599184_5789777247745082_6383773596011309887_n.jpg,riceleafbd,0.0039805800236954614,1,0.0039805800236954614,0.9463571310043335
data\raw\riceleafbd\Brown Spot\312605447_859952318778629_4075546059769046499_n.jpg,riceleafbd,0.9866078118188754,1,0.9866078118188754,0.9625345468521118
data\raw\riceleafbd\Brown Spot\312605472_3216861428528922_2417221825122347717_n.jpg,riceleafbd,0.45361526658995016,1,0.45361526658995016,1.0076111555099487
data\raw\riceleafbd\Brown Spot\312624476_1542725682816824_8317943095646573923_n.jpg,riceleafbd,0.34588788006756754,1,0.34588788006756754,1.0014293193817139
data\raw\riceleafbd\Brown Spot\312626918_1064003364271971_6918153625436859637_n (1).jpg,riceleafbd,0.3372257777777778,1,0.3372257777777778,0.9801177978515625
data\raw\riceleafbd\Brown Spot\312626918_1064003364271971_6918153625436859637_n.jpg,riceleafbd,0.3372257777777778,1,0.3372257777777778,0.9801177978515625
data\raw\riceleafbd\Brown Spot\312650022_1590933194698091_8842488122149296381_n.jpg,riceleafbd,0.007701066762555436,1,0.007701066762555436,0.9649244546890259
data\raw\riceleafbd\Brown Spot\312656423_1886260965042253_4104566990259317701_n.jpg,riceleafbd,0.9913308459362925,1,0.9913308459362925,1.0072153806686401
data\raw\riceleafbd\Brown Spot\312657031_3058400534452532_1328461594379077604_n.jpg,riceleafbd,0.41626774166456704,1,0.41626774166456704,0.9914678931236267
data\raw\riceleafbd\Brown Spot\312657031_501514062025673_1489350545664885358_n.jpg,riceleafbd,0.9929481947845011,1,0.9929481947845011,0.9952511787414551
data\raw\riceleafbd\Brown Spot\312673622_1400262767178257_3465454752664560964_n.jpg,riceleafbd,0.3891174815618657,1,0.3891174815618657,1.022767424583435
data\raw\riceleafbd\Brown Spot\312673622_804776877418000_5769243431422334528_n.jpg,riceleafbd,0.2944026625172891,1,0.2944026625172891,0.9819904565811157
data\raw\riceleafbd\Brown Spot\312701781_3203358663309803_8048151636091502591_n.jpg,riceleafbd,0.5146009852216749,1,0.5146009852216749,1.006217360496521
data\raw\riceleafbd\Brown Spot\312704681_1564966897290914_2672687311402357149_n.jpg,riceleafbd,0.25871202663337495,1,0.25871202663337495,1.011919617652893
data\raw\riceleafbd\Brown Spot\312705278_904176174300596_1023886317679089896_n.jpg,riceleafbd,0.9910149007129089,1,0.9910149007129089,0.9707382917404175
data\raw\riceleafbd\Brown Spot\312713315_800827291014467_3360469540928375428_n.jpg,riceleafbd,0.45904653813322904,1,0.45904653813322904,1.007256031036377
data\raw\riceleafbd\Brown Spot\312713631_2630739317057681_4271562754030695868_n.jpg,riceleafbd,0.5035586666666667,1,0.5035586666666667,1.0038477182388306
data\raw\riceleafbd\Brown Spot\312743599_2996132730681639_1015794871523886221_n.jpg,riceleafbd,0.3271024342288047,1,0.3271024342288047,1.011342167854309
data\raw\riceleafbd\Brown Spot\312754257_1461968737658444_7812299738048516497_n.jpg,riceleafbd,0.6324898216253908,1,0.6324898216253908,0.9939615726470947
data\raw\riceleafbd\Brown Spot\312785445_494747079380367_5564936186963074528_n.jpg,riceleafbd,0.0011973180076628352,1,0.0011973180076628352,0.8712800741195679
data\raw\riceleafbd\Brown Spot\312814751_497951362394840_2572588937313993891_n.jpg,riceleafbd,0.3438210366451107,1,0.3438210366451107,1.018990159034729
data\raw\riceleafbd\Brown Spot\312837208_452364840339763_5950782252438415365_n.jpg,riceleafbd,0.1206867525833043,1,0.1206867525833043,1.0043251514434814
data\raw\riceleafbd\Brown Spot\312851479_1584426495351573_7607532617817906551_n.jpg,riceleafbd,0.7582924107142858,1,0.7582924107142858,0.9657076597213745
data\raw\riceleafbd\Brown Spot\312894972_1104945293497646_1918185069297066553_n.jpg,riceleafbd,0.3609625483692648,1,0.3609625483692648,1.002048373222351
data\raw\riceleafbd\Brown Spot\312915611_5393961817379901_3138009470531982446_n.jpg,riceleafbd,0.40323197250280585,1,0.40323197250280585,1.0019396543502808
data\raw\riceleafbd\Brown Spot\312918593_3019054218387911_6260339169932920433_n.jpg,riceleafbd,0.25861043875826034,1,0.25861043875826034,1.009364366531372
data\raw\riceleafbd\Brown Spot\312926107_1174445859865737_8382402113262465598_n.jpg,riceleafbd,0.526881498422379,1,0.526881498422379,0.9452266693115234
data\raw\riceleafbd\Brown Spot\312926591_709349247371085_1561864667575996091_n.jpg,riceleafbd,0.2726282051282051,1,0.2726282051282051,0.9994292259216309
data\raw\riceleafbd\Brown Spot\312960922_525831542403279_2981497864395214871_n.jpg,riceleafbd,0.27216331639790886,1,0.27216331639790886,1.0109659433364868
data\raw\riceleafbd\Brown Spot\312966504_673218164375266_4041043239838845621_n.jpg,riceleafbd,0.26896610632772994,1,0.26896610632772994,1.0045819282531738
data\raw\riceleafbd\Brown Spot\312983874_859760771819001_131939447506262278_n.jpg,riceleafbd,0.19551588673735976,1,0.19551588673735976,1.0036659240722656
data\raw\riceleafbd\Brown Spot\312990612_815521916323792_8011887704274325683_n.jpg,riceleafbd,0.03059542181069959,1,0.03059542181069959,0.9795970320701599
data\raw\riceleafbd\Brown Spot\313008866_496520642436904_2924966479548296923_n.jpg,riceleafbd,0.3576808888888889,1,0.3576808888888889,0.980525016784668
data\raw\riceleafbd\Brown Spot\313013515_449283840610204_7718562001052880566_n.jpg,riceleafbd,0.3534660983735058,1,0.3534660983735058,0.9905710220336914
data\raw\riceleafbd\Brown Spot\313021143_670068854703164_5946638557118877665_n.jpg,riceleafbd,0.42835661425647253,1,0.42835661425647253,0.9965605735778809
data\raw\riceleafbd\Brown Spot\313026176_2993191530826747_2009825573964015015_n.jpg,riceleafbd,0.23685123508187622,1,0.23685123508187622,0.9965564012527466
data\raw\riceleafbd\Brown Spot\313037588_1389630804901347_61214276780093632_n.jpg,riceleafbd,0.33569688109161794,1,0.33569688109161794,1.0072863101959229
data\raw\riceleafbd\Brown Spot\313044741_940161667365135_8176943767780723505_n.jpg,riceleafbd,0.15158388899275047,1,0.15158388899275047,1.002178430557251
data\raw\riceleafbd\Brown Spot\313079003_681191920262202_6988357429358526175_n.jpg,riceleafbd,0.3409242505842651,1,0.3409242505842651,1.0110973119735718
data\raw\riceleafbd\Brown Spot\313088562_5276220615823216_3949357152659744167_n.jpg,riceleafbd,0.28946004113061363,1,0.28946004113061363,0.9950751066207886
data\raw\riceleafbd\Brown Spot\313100040_2997063293772408_2121424917163754721_n.jpg,riceleafbd,0.3717108321710832,1,0.3717108321710832,1.0166237354278564
data\raw\riceleafbd\Brown Spot\313122966_3357308827891884_5607156245178439381_n.jpg,riceleafbd,0.312364,1,0.312364,0.9776085615158081
data\raw\riceleafbd\Brown Spot\313137344_453066063659459_4539515531255138182_n.jpg,riceleafbd,0.8160610688444597,1,0.8160610688444597,0.9909189939498901
data\raw\riceleafbd\Brown Spot\313190730_867262601121613_4659600057425030114_n.jpg,riceleafbd,0.3958595741490478,1,0.3958595741490478,1.009137749671936
data\raw\riceleafbd\Brown Spot\313196278_785443535888737_6085952194869446721_n.jpg,riceleafbd,0.2838574032645621,1,0.2838574032645621,0.9999611377716064
data\raw\riceleafbd\Brown Spot\313200257_1800922796935491_8912526736572429090_n.jpg,riceleafbd,0.43264957264957266,1,0.43264957264957266,1.0146311521530151
data\raw\riceleafbd\Brown Spot\313201251_1279540446137615_4527461508937194296_n.jpg,riceleafbd,0.9949943440977924,1,0.9949943440977924,0.9989053010940552
data\raw\riceleafbd\Brown Spot\313201251_1360785834659276_1671577078989613552_n.jpg,riceleafbd,0.3139528691252829,1,0.3139528691252829,1.0011190176010132
data\raw\riceleafbd\Brown Spot\313203978_1481994085643046_5405086585397455603_n.jpg,riceleafbd,0.11036110559636468,1,0.11036110559636468,1.0071977376937866
data\raw\riceleafbd\Brown Spot\313218339_2107899189412026_6678791404989715775_n.jpg,riceleafbd,0.4364168229410845,1,0.4364168229410845,0.9993353486061096
data\raw\riceleafbd\Brown Spot\313288716_691003395531457_4469374338787993945_n.jpg,riceleafbd,0.39323183015651636,1,0.39323183015651636,1.013980746269226
data\raw\riceleafbd\Brown Spot\313292780_616438710166241_8433472569148000157_n.jpg,riceleafbd,0.18022754341478409,1,0.18022754341478409,0.9975690245628357
data\raw\riceleafbd\Brown Spot\313343929_527753235548244_7427689794941281736_n.jpg,riceleafbd,0.47778732449943356,1,0.47778732449943356,1.0017330646514893
data\raw\riceleafbd\Brown Spot\313367123_671899961314140_4138694422553878803_n.jpg,riceleafbd,0.3864115942733231,1,0.3864115942733231,1.0002202987670898
data\raw\riceleafbd\Brown Spot\313443110_623853019516830_3637481474544736728_n.jpg,riceleafbd,0.23279449054863993,1,0.23279449054863993,1.0085572004318237
data\raw\riceleafbd\Brown Spot\313465036_823869582222083_6764479244017405113_n.jpg,riceleafbd,0.53416,1,0.53416,0.9678378105163574
data\raw\riceleafbd\Brown Spot\313471489_507105181355779_6643479046716805490_n.jpg,riceleafbd,0.17452346122304233,1,0.17452346122304233,0.984330415725708
data\raw\riceleafbd\Brown Spot\313476491_3175701916074728_527524997302136500_n.jpg,riceleafbd,0.347412765607661,1,0.347412765607661,0.991906464099884
data\raw\riceleafbd\Brown Spot\313497222_1182350742356260_5290045930983092519_n.jpg,riceleafbd,0.23527791589472538,1,0.23527791589472538,1.0090270042419434
data\raw\riceleafbd\Brown Spot\313498066_535157491452250_1329302867298406929_n.jpg,riceleafbd,0.19581508375595513,1,0.19581508375595513,0.9880505800247192
data\raw\riceleafbd\Brown Spot\313507057_1514928955694609_1492636158783579161_n.jpg,riceleafbd,0.1256228033729294,1,0.1256228033729294,0.999427318572998
data\raw\riceleafbd\Brown Spot\313507059_687911266004453_2238914050500173857_n.jpg,riceleafbd,0.5635728888888889,1,0.5635728888888889,1.0092107057571411
data\raw\riceleafbd\Brown Spot\313512745_1168304934102850_7313338003394803090_n.jpg,riceleafbd,0.26355928528059674,1,0.26355928528059674,1.007105827331543
data\raw\riceleafbd\Brown Spot\313521607_2935141333457692_6365098809202735581_n.jpg,riceleafbd,0.2834012650134722,1,0.2834012650134722,1.009674310684204
data\raw\riceleafbd\Brown Spot\313527189_843167327134071_8289772897838938874_n.jpg,riceleafbd,0.517824074074074,1,0.517824074074074,1.0120022296905518
data\raw\riceleafbd\Brown Spot\313549376_556381899657306_7967741370575984897_n.jpg,riceleafbd,0.19478482142857143,1,0.19478482142857143,1.0002214908599854
data\raw\riceleafbd\Brown Spot\313780514_868414660828438_7501140312432378251_n.jpg,riceleafbd,0.5359124444444444,1,0.5359124444444444,0.9848450422286987
data\raw\riceleafbd\Brown Spot\313781090_507682281373522_2089694049691707996_n.jpg,riceleafbd,0.38687222222222223,1,0.38687222222222223,1.01504385471344
data\raw\riceleafbd\Brown Spot\313787284_5605262332924023_8290024618087006306_n.jpg,riceleafbd,0.3055896990740741,1,0.3055896990740741,1.005945086479187
data\raw\riceleafbd\Brown Spot\313788732_658467679019784_6012187736439260086_n (1).jpg,riceleafbd,0.6242073739330034,1,0.6242073739330034,0.9881700277328491
data\raw\riceleafbd\Brown Spot\313788732_658467679019784_6012187736439260086_n.jpg,riceleafbd,0.6242073739330034,1,0.6242073739330034,0.9881700277328491
data\raw\riceleafbd\Brown Spot\313792446_1180428119542131_6726753210234874025_n.jpg,riceleafbd,0.15244150800416786,1,0.15244150800416786,1.0030394792556763
data\raw\riceleafbd\Brown Spot\313839151_1512509475894873_2957257885488620837_n.jpg,riceleafbd,0.46353023909985935,1,0.46353023909985935,0.9581573009490967
data\raw\riceleafbd\Brown Spot\313841367_886737832496256_3356739023714713080_n.jpg,riceleafbd,0.3191998319226844,1,0.3191998319226844,1.0278358459472656
data\raw\riceleafbd\Brown Spot\313843566_448312090764650_153050250218982431_n.jpg,riceleafbd,0.42858035714285714,1,0.42858035714285714,1.0151551961898804
data\raw\riceleafbd\Brown Spot\313848161_1283580309108341_2525421339042143756_n.jpg,riceleafbd,0.2830918864744203,1,0.2830918864744203,1.009035587310791
data\raw\riceleafbd\Brown Spot\313873555_679701266830562_7608209160872213402_n.jpg,riceleafbd,0.0002031247033809822,1,0.0002031247033809822,0.872800886631012
data\raw\riceleafbd\Brown Spot\313886118_459647506271197_7186982696650057808_n.jpg,riceleafbd,0.8961184119037686,1,0.8961184119037686,0.9621521234512329
data\raw\riceleafbd\Brown Spot\313904672_526861012614721_3175874261717514500_n.jpg,riceleafbd,0.23797111720420114,1,0.23797111720420114,0.9999698400497437
data\raw\riceleafbd\Brown Spot\313905884_1541156186329606_6073291171599025418_n.jpg,riceleafbd,0.28157922340466107,1,0.28157922340466107,0.9964901208877563
data\raw\riceleafbd\Brown Spot\313916932_2020659934783822_4577738886421413429_n.jpg,riceleafbd,0.003141366188161712,1,0.003141366188161712,0.9031240940093994
data\raw\riceleafbd\Brown Spot\313920622_540390544155560_4529905783466902933_n.jpg,riceleafbd,0.147024,1,0.147024,0.9605316519737244
data\raw\riceleafbd\Brown Spot\313921450_5196670513767037_4792001202803130901_n.jpg,riceleafbd,0.957588116316854,1,0.957588116316854,0.9708634614944458
data\raw\riceleafbd\Brown Spot\313933080_876168170054115_3203624880911853400_n.jpg,riceleafbd,0.3507944557133198,1,0.3507944557133198,1.0049775838851929
data\raw\riceleafbd\Brown Spot\313981249_1160269761589507_4774587326214898658_n.jpg,riceleafbd,0.4940787426081544,1,0.4940787426081544,0.9683334827423096
data\raw\riceleafbd\Brown Spot\313982795_1148588266065201_978676265172239895_n.jpg,riceleafbd,0.42431356273720805,1,0.42431356273720805,0.9964485764503479
data\raw\riceleafbd\Brown Spot\314002624_3136045473374649_708243515860012079_n.jpg,riceleafbd,0.2574639485423799,1,0.2574639485423799,0.9956749081611633
data\raw\riceleafbd\Brown Spot\314066540_808080653609255_4419829392342996875_n.jpg,riceleafbd,0.3379345671588606,1,0.3379345671588606,1.0047595500946045
data\raw\riceleafbd\Brown Spot\314078646_569039298559942_1240593749695925494_n.jpg,riceleafbd,0.50602,1,0.50602,1.008915662765503
data\raw\riceleafbd\Brown Spot\314080532_557378226226410_3977761834456156449_n.jpg,riceleafbd,0.5002754297896687,1,0.5002754297896687,1.0057240724563599
data\raw\riceleafbd\Brown Spot\314113258_493930932804086_7003408735421398601_n.jpg,riceleafbd,0.9911091989527255,1,0.9911091989527255,1.0086421966552734
data\raw\riceleafbd\Brown Spot\314382668_1142392413131890_4642286598799239154_n.jpg,riceleafbd,0.5276088888888889,1,0.5276088888888889,1.0112909078598022
data\raw\riceleafbd\Brown Spot\314392161_523010439434403_4571452848046606078_n.jpg,riceleafbd,0.9778966934515563,1,0.9778966934515563,0.9891326427459717
data\raw\riceleafbd\Brown Spot\314403959_412809837726615_3425650493758437022_n.jpg,riceleafbd,0.3410536273011715,1,0.3410536273011715,0.9685616493225098
data\raw\riceleafbd\Brown Spot\314411012_787021242366649_5043583151562013626_n.jpg,riceleafbd,0.9832577251808021,1,0.9832577251808021,0.9693710803985596
data\raw\riceleafbd\Brown Spot\314441577_2092691457598438_8028060264829702049_n.jpg,riceleafbd,0.32810702229829314,1,0.32810702229829314,0.9944818019866943
data\raw\riceleafbd\Brown Spot\314441983_854258495994149_9085209384012503446_n.jpg,riceleafbd,0.4393173936241163,1,0.4393173936241163,1.0106500387191772
data\raw\riceleafbd\Brown Spot\314449111_3385199401747010_1733313334172839935_n.jpg,riceleafbd,0.9849620443275937,1,0.9849620443275937,0.9087685346603394
data\raw\riceleafbd\Brown Spot\314460390_1283878442463186_6741471866538760147_n.jpg,riceleafbd,0.6668376975701816,1,0.6668376975701816,1.0065395832061768
data\raw\riceleafbd\Brown Spot\314468783_787196999050898_4238190933447609878_n.jpg,riceleafbd,0.1905237782160859,1,0.1905237782160859,1.0090945959091187
data\raw\riceleafbd\Brown Spot\314475046_449615730696969_2020808720417944523_n.jpg,riceleafbd,0.1370788189641924,1,0.1370788189641924,0.987174928188324
data\raw\riceleafbd\Brown Spot\314493944_434540202166130_6724789783015710950_n.jpg,riceleafbd,0.13502572948452485,1,0.13502572948452485,0.9637020826339722
data\raw\riceleafbd\Brown Spot\314493944_896629368719715_6174451010360346064_n.jpg,riceleafbd,0.9710415588219268,1,0.9710415588219268,1.0048826932907104
data\raw\riceleafbd\Brown Spot\314496508_832188851450129_3949600698718863168_n (1).jpg,riceleafbd,0.16637630074782467,1,0.16637630074782467,0.951757550239563
data\raw\riceleafbd\Brown Spot\314496508_832188851450129_3949600698718863168_n.jpg,riceleafbd,0.16637630074782467,1,0.16637630074782467,0.951757550239563
data\raw\riceleafbd\Brown Spot\314503450_3450819201904812_8236415469040261609_n.jpg,riceleafbd,0.029070238877931184,1,0.029070238877931184,0.9637565016746521
data\raw\riceleafbd\Brown Spot\314517615_3247310182157760_4133044286808674124_n.jpg,riceleafbd,0.001864652671104284,1,0.001864652671104284,0.9443213939666748
data\raw\riceleafbd\Brown Spot\314529399_537487667824391_2423738442387014019_n.jpg,riceleafbd,0.6342377533783784,1,0.6342377533783784,0.9273039102554321
data\raw\riceleafbd\Brown Spot\314580999_5503515786370001_3031398001200277706_n.jpg,riceleafbd,0.3613111149852782,1,0.3613111149852782,1.0108925104141235
data\raw\riceleafbd\Brown Spot\314589722_2117316805128700_9017813880459002249_n.jpg,riceleafbd,0.21804782404314801,1,0.21804782404314801,1.0072531700134277
data\raw\riceleafbd\Brown Spot\314598876_699510691701820_1277708613828209943_n.jpg,riceleafbd,0.4066560691285563,1,0.4066560691285563,0.9990040063858032
data\raw\riceleafbd\Brown Spot\314640601_709961973358128_4798426186434847938_n.jpg,riceleafbd,0.3383251578066773,1,0.3383251578066773,0.9797210097312927
data\raw\riceleafbd\Brown Spot\314657099_484002436885994_2177909731256155998_n.jpg,riceleafbd,0.9962035813535309,1,0.9962035813535309,0.9424433708190918
data\raw\riceleafbd\Brown Spot\314679770_472008061475256_3088224257870849867_n.jpg,riceleafbd,0.09632174965421854,1,0.09632174965421854,0.9740750789642334
data\raw\riceleafbd\Brown Spot\314691830_3284950125103632_3153144999633685146_n.jpg,riceleafbd,0.9639892615644691,1,0.9639892615644691,1.0010406970977783
data\raw\riceleafbd\Brown Spot\314717655_875312090546753_4643848658424466249_n.jpg,riceleafbd,0.36026295324195584,1,0.36026295324195584,1.0022552013397217
data\raw\riceleafbd\Brown Spot\314762837_830823594906665_3631159329207564654_n.jpg,riceleafbd,0.2819179894179894,1,0.2819179894179894,1.0043901205062866
data\raw\riceleafbd\Brown Spot\314836160_686022666252685_2388751079063871472_n.jpg,riceleafbd,0.15774592006320837,1,0.15774592006320837,1.0009353160858154
data\raw\riceleafbd\Brown Spot\314897354_1068355603852774_6702650815049470796_n.jpg,riceleafbd,0.5164919469277707,1,0.5164919469277707,1.012310266494751
data\raw\riceleafbd\Brown Spot\314909411_840232823692333_8663297012923790195_n.jpg,riceleafbd,0.2670137777777778,1,0.2670137777777778,0.996532142162323
data\raw\riceleafbd\Brown Spot\314914670_3288213108083345_3503386539476326102_n.jpg,riceleafbd,0.4460919540229885,1,0.4460919540229885,1.0062334537506104
data\raw\riceleafbd\Brown Spot\314923157_539197087571514_8591771152756420979_n.jpg,riceleafbd,0.014966031119877274,1,0.014966031119877274,0.9462411403656006
data\raw\riceleafbd\Brown Spot\314928674_1132940953994475_5783303463284993329_n.jpg,riceleafbd,0.30734659125463726,1,0.30734659125463726,0.9962139129638672
data\raw\riceleafbd\Brown Spot\315016712_445045054471624_6038365941329369149_n.jpg,riceleafbd,0.5476424501424502,1,0.5476424501424502,0.980148434638977
data\raw\riceleafbd\Brown Spot\315077830_792639481827514_8300753796232755874_n.jpg,riceleafbd,0.010967111111111112,1,0.010967111111111112,0.9622308611869812
data\raw\riceleafbd\Brown Spot\315090181_511040484415475_501719187235376817_n.jpg,riceleafbd,0.14677513009481255,1,0.14677513009481255,0.9762976169586182
data\raw\riceleafbd\Brown Spot\315092006_5840330365988599_5190716989043173993_n.jpg,riceleafbd,0.9655504168482999,1,0.9655504168482999,0.8739490509033203
data\raw\riceleafbd\Brown Spot\315097556_651623386416300_315809802883710010_n.jpg,riceleafbd,0.3053029804952882,1,0.3053029804952882,1.0054931640625
data\raw\riceleafbd\Brown Spot\315101357_875258810168304_6328451652199300794_n.jpg,riceleafbd,0.968598509752356,1,0.968598509752356,0.9733297824859619
data\raw\riceleafbd\Brown Spot\315111727_1257256914842639_765387376634031605_n.jpg,riceleafbd,0.11331963620425159,1,0.11331963620425159,1.0013455152511597
data\raw\riceleafbd\Brown Spot\315111874_660996902279870_7720110767850067310_n.jpg,riceleafbd,0.009053711387736285,1,0.009053711387736285,0.9525966644287109
data\raw\riceleafbd\Brown Spot\315181632_619130999956574_6092454196105885976_n.jpg,riceleafbd,0.8661517647940279,1,0.8661517647940279,0.9875996112823486
data\raw\riceleafbd\Brown Spot\315231791_678232013697601_8184602897231972298_n.jpg,riceleafbd,0.20235466666666665,1,0.20235466666666665,1.0028247833251953
data\raw\riceleafbd\Brown Spot\315258105_1121822611851832_6151382853616864934_n.jpg,riceleafbd,0.9332004005013078,1,0.9332004005013078,0.9732356071472168
data\raw\riceleafbd\Brown Spot\315285784_834642564406283_3135547978717655405_n.jpg,riceleafbd,0.17777142857142858,1,0.17777142857142858,0.9771616458892822
data\raw\riceleafbd\Brown Spot\315310250_1257634864795249_3192148898317066974_n.jpg,riceleafbd,0.1417016026863557,1,0.1417016026863557,0.9712144732475281
data\raw\riceleafbd\Brown Spot\315441571_1085626215414943_185580167438404121_n.jpg,riceleafbd,0.7753667856364429,1,0.7753667856364429,0.9677523374557495
data\raw\riceleafbd\Brown Spot\315497380_1295206221267803_1595982017898207424_n.jpg,riceleafbd,0.9884345030514385,1,0.9884345030514385,0.9313045740127563
data\raw\riceleafbd\Brown Spot\315518994_655956559597171_6356719280846853770_n.jpg,riceleafbd,0.883613672896687,1,0.883613672896687,0.9545996189117432
data\raw\riceleafbd\Brown Spot\315526987_700198001332805_5532396989396921167_n.jpg,riceleafbd,0.8918012171697908,1,0.8918012171697908,0.9749362468719482
data\raw\riceleafbd\Brown Spot\315528173_800099651085389_2576233260830535491_n.jpg,riceleafbd,0.10044732142857143,1,0.10044732142857143,0.9957894682884216
data\raw\riceleafbd\Brown Spot\315532239_557495366186340_7408530394173486829_n.jpg,riceleafbd,0.8971263350043592,1,0.8971263350043592,0.9128192663192749
data\raw\riceleafbd\Brown Spot\315532476_678564123619299_2314158013159928732_n.jpg,riceleafbd,0.8653569774411508,1,0.8653569774411508,0.95367431640625
data\raw\riceleafbd\Brown Spot\316041923_803682534254590_8305339248818396829_n.jpg,riceleafbd,0.9931717251525719,1,0.9931717251525719,0.977878212928772
data\raw\riceleafbd\Healthy Leaf\IMG20231027082814_01.jpg,riceleafbd,0.30426302083333334,1,0.30426302083333334,1.0093858242034912
data\raw\riceleafbd\Healthy Leaf\IMG20231027082943.jpg,riceleafbd,0.3255239583333333,1,0.3255239583333333,1.022825837135315
data\raw\riceleafbd\Healthy Leaf\IMG20231027082956_01.jpg,riceleafbd,0.25548125,1,0.25548125,1.0091825723648071
data\raw\riceleafbd\Healthy Leaf\IMG20231027083007_01.jpg,riceleafbd,0.9981223958333333,1,0.9981223958333333,1.0055793523788452
data\raw\riceleafbd\Healthy Leaf\IMG20231027083045_01.jpg,riceleafbd,0.356171875,1,0.356171875,0.936935544013977
data\raw\riceleafbd\Healthy Leaf\IMG20231027083100.jpg,riceleafbd,0.22206302083333335,1,0.22206302083333335,1.0095933675765991
data\raw\riceleafbd\Healthy Leaf\IMG20231027083121.jpg,riceleafbd,0.2194328125,1,0.2194328125,1.0250954627990723
data\raw\riceleafbd\Healthy Leaf\IMG20231027083123_01.jpg,riceleafbd,0.21965989583333334,1,0.21965989583333334,1.0243388414382935
data\raw\riceleafbd\Healthy Leaf\IMG20231027083140_01.jpg,riceleafbd,0.5161885416666666,1,0.5161885416666666,0.9688990116119385
data\raw\riceleafbd\Healthy Leaf\IMG20231027083218_01.jpg,riceleafbd,0.0570703125,1,0.0570703125,0.9715873003005981
data\raw\riceleafbd\Healthy Leaf\IMG20231027083228_01.jpg,riceleafbd,0.818490625,1,0.818490625,1.007689356803894
data\raw\riceleafbd\Healthy Leaf\IMG20231027083315_01.jpg,riceleafbd,0.096575,1,0.096575,0.9963615536689758
data\raw\riceleafbd\Healthy Leaf\IMG20231027083324_01.jpg,riceleafbd,0.17150416666666668,1,0.17150416666666668,0.9959405660629272
data\raw\riceleafbd\Healthy Leaf\IMG20231027083351_01.jpg,riceleafbd,0.10555572916666667,1,0.10555572916666667,1.0034282207489014
data\raw\riceleafbd\Healthy Leaf\IMG20231027083408_01.jpg,riceleafbd,0.19172447916666666,1,0.19172447916666666,0.9859670400619507
data\raw\riceleafbd\Healthy Leaf\IMG20231027083426_01.jpg,riceleafbd,0.5031317708333334,1,0.5031317708333334,0.9796770811080933
data\raw\riceleafbd\Healthy Leaf\IMG20231027083440_01.jpg,riceleafbd,0.14450364583333333,1,0.14450364583333333,1.0006016492843628
data\raw\riceleafbd\Healthy Leaf\IMG20231027083446_01.jpg,riceleafbd,0.0093,1,0.0093,0.9252537488937378
data\raw\riceleafbd\Healthy Leaf\IMG20231027083456_01.jpg,riceleafbd,0.45458333333333334,1,0.45458333333333334,0.962361216545105
data\raw\riceleafbd\Healthy Leaf\IMG20231027083504_01.jpg,riceleafbd,0.12850885416666666,1,0.12850885416666666,0.9981430172920227
data\raw\riceleafbd\Healthy Leaf\IMG20231027083512.jpg,riceleafbd,0.9129171875,1,0.9129171875,0.9821945428848267
data\raw\riceleafbd\Healthy Leaf\IMG20231027083526_01.jpg,riceleafbd,0.18160572916666667,1,0.18160572916666667,1.0009093284606934
data\raw\riceleafbd\Healthy Leaf\IMG20231027083535.jpg,riceleafbd,0.17429166666666668,1,0.17429166666666668,1.0018064975738525
data\raw\riceleafbd\Healthy Leaf\IMG20231027083550_01.jpg,riceleafbd,0.20076145833333334,1,0.20076145833333334,1.0102890729904175
data\raw\riceleafbd\Healthy Leaf\IMG20231027083600_01.jpg,riceleafbd,0.17866822916666666,1,0.17866822916666666,1.0123339891433716
data\raw\riceleafbd\Healthy Leaf\IMG20231027083607_01.jpg,riceleafbd,0.13686666666666666,1,0.13686666666666666,1.0037840604782104
data\raw\riceleafbd\Healthy Leaf\IMG20231027083617_01.jpg,riceleafbd,0.5135661458333334,1,0.5135661458333334,0.965345025062561
data\raw\riceleafbd\Healthy Leaf\IMG20231027083630_01.jpg,riceleafbd,0.2343109375,1,0.2343109375,1.0188872814178467
data\raw\riceleafbd\Healthy Leaf\IMG20231027083641_01.jpg,riceleafbd,0.5315984375,1,0.5315984375,0.987174391746521
data\raw\riceleafbd\Healthy Leaf\IMG20231027083655_01.jpg,riceleafbd,0.21393854166666668,1,0.21393854166666668,1.0065252780914307
data\raw\riceleafbd\Healthy Leaf\IMG20231027083701_01.jpg,riceleafbd,0.5223286458333334,1,0.5223286458333334,0.9877512454986572
data\raw\riceleafbd\Healthy Leaf\IMG20231027083711_01.jpg,riceleafbd,0.24964947916666666,1,0.24964947916666666,1.010943055152893
data\raw\riceleafbd\Healthy Leaf\IMG20231027083727_01.jpg,riceleafbd,0.22429010416666667,1,0.22429010416666667,1.0143824815750122
data\raw\riceleafbd\Healthy Leaf\IMG20231027083741_01.jpg,riceleafbd,0.22868489583333335,1,0.22868489583333335,1.0121047496795654
data\raw\riceleafbd\Healthy Leaf\IMG20231027083809_01.jpg,riceleafbd,0.4904145833333333,1,0.4904145833333333,0.8617947101593018
data\raw\riceleafbd\Healthy Leaf\IMG20231027083820_01.jpg,riceleafbd,0.20990208333333332,1,0.20990208333333332,1.0240939855575562
data\raw\riceleafbd\Healthy Leaf\IMG20231027083843_01.jpg,riceleafbd,0.20169114583333334,1,0.20169114583333334,1.01167893409729
data\raw\riceleafbd\Healthy Leaf\IMG20231027083903_01.jpg,riceleafbd,0.4044609375,1,0.4044609375,0.996043860912323
data\raw\riceleafbd\Healthy Leaf\IMG20231027083906_01.jpg,riceleafbd,0.24499427083333333,1,0.24499427083333333,1.005154013633728
data\raw\riceleafbd\Healthy Leaf\IMG20231027083921.jpg,riceleafbd,0.24270572916666666,1,0.24270572916666666,1.0060865879058838
data\raw\riceleafbd\Healthy Leaf\IMG20231027083930.jpg,riceleafbd,0.33650885416666665,1,0.33650885416666665,0.9830374717712402
data\raw\riceleafbd\Healthy Leaf\IMG20231027083946.jpg,riceleafbd,0.38574322916666665,1,0.38574322916666665,1.012014389038086
data\raw\riceleafbd\Healthy Leaf\IMG20231027083959_01.jpg,riceleafbd,0.234003125,1,0.234003125,1.007391333580017
data\raw\riceleafbd\Healthy Leaf\IMG20231027084017_01.jpg,riceleafbd,0.31011770833333335,1,0.31011770833333335,0.9967197179794312
data\raw\riceleafbd\Healthy Leaf\IMG20231027084032_01.jpg,riceleafbd,0.235884375,1,0.235884375,1.00253427028656
data\raw\riceleafbd\Healthy Leaf\IMG20231027084040_01.jpg,riceleafbd,0.3571203125,1,0.3571203125,1.0186587572097778
data\raw\riceleafbd\Healthy Leaf\IMG20231027084048_01.jpg,riceleafbd,0.9614578125,1,0.9614578125,0.9851070642471313
data\raw\riceleafbd\Healthy Leaf\IMG20231027084059_01.jpg,riceleafbd,0.31103125,1,0.31103125,1.0205206871032715
data\raw\riceleafbd\Healthy Leaf\IMG20231027084115_01.jpg,riceleafbd,0.3650703125,1,0.3650703125,1.009299397468567
data\raw\riceleafbd\Healthy Leaf\IMG20231027084124_01.jpg,riceleafbd,0.3525583333333333,1,0.3525583333333333,1.010939598083496
data\raw\riceleafbd\Healthy Leaf\IMG20231027084139_01.jpg,riceleafbd,0.3259484375,1,0.3259484375,0.9241546392440796
data\raw\riceleafbd\Healthy Leaf\IMG20231027084212_01.jpg,riceleafbd,0.4569197916666667,1,0.4569197916666667,1.0162287950515747
data\raw\riceleafbd\Healthy Leaf\IMG20231027084226_01.jpg,riceleafbd,0.4861375,1,0.4861375,1.0157729387283325
data\raw\riceleafbd\Healthy Leaf\IMG20231027084302_01.jpg,riceleafbd,0.001009375,1,0.001009375,0.9393644332885742
data\raw\riceleafbd\Healthy Leaf\IMG20231027084313_01.jpg,riceleafbd,0.6161395833333333,1,0.6161395833333333,1.0015531778335571
data\raw\riceleafbd\Healthy Leaf\IMG20231027084332_01.jpg,riceleafbd,0.9847979166666667,1,0.9847979166666667,1.0147809982299805
data\raw\riceleafbd\Healthy Leaf\IMG20231027084349_01.jpg,riceleafbd,0.7221348958333333,1,0.7221348958333333,0.9654449224472046
data\raw\riceleafbd\Healthy Leaf\IMG20231027084350_01.jpg,riceleafbd,0.7655130208333333,1,0.7655130208333333,0.946723461151123
data\raw\riceleafbd\Healthy Leaf\IMG20231027084401_01.jpg,riceleafbd,0.3534203125,1,0.3534203125,0.9955601096153259
data\raw\riceleafbd\Healthy Leaf\IMG20231027084408_01.jpg,riceleafbd,0.3782447916666667,1,0.3782447916666667,1.0150691270828247
data\raw\riceleafbd\Healthy Leaf\IMG20231027084417.jpg,riceleafbd,0.3782203125,1,0.3782203125,1.0088943243026733
data\raw\riceleafbd\Healthy Leaf\IMG20231027084433.jpg,riceleafbd,0.24271614583333334,1,0.24271614583333334,1.0157606601715088
data\raw\riceleafbd\Healthy Leaf\IMG20231027084450_01.jpg,riceleafbd,0.6337265625,1,0.6337265625,1.0045058727264404
data\raw\riceleafbd\Healthy Leaf\IMG20231027084521_01.jpg,riceleafbd,0.9960598958333333,1,0.9960598958333333,1.0046173334121704
data\raw\riceleafbd\Healthy Leaf\IMG20231027084539_01.jpg,riceleafbd,0.3953979166666667,1,0.3953979166666667,0.975759744644165
data\raw\riceleafbd\Healthy Leaf\IMG20231027084555_01.jpg,riceleafbd,0.25456510416666667,1,0.25456510416666667,1.0069024562835693
data\raw\riceleafbd\Healthy Leaf\IMG20231027084603.jpg,riceleafbd,0.2390515625,1,0.2390515625,1.0012508630752563
data\raw\riceleafbd\Healthy Leaf\IMG20231027084611.jpg,riceleafbd,0.2897822916666667,1,0.2897822916666667,1.0188087224960327
data\raw\riceleafbd\Healthy Leaf\IMG20231027084620_01.jpg,riceleafbd,0.20123541666666667,1,0.20123541666666667,0.983130693435669
data\raw\riceleafbd\Healthy Leaf\IMG20231027084637_01.jpg,riceleafbd,0.5519203125,1,0.5519203125,0.9893096685409546
data\raw\riceleafbd\Healthy Leaf\IMG20231027084655_01.jpg,riceleafbd,0.45059375,1,0.45059375,1.0104423761367798
data\raw\riceleafbd\Healthy Leaf\IMG20231027084708_01.jpg,riceleafbd,0.2863875,1,0.2863875,0.9146099090576172
data\raw\riceleafbd\Healthy Leaf\IMG20231027084720_01.jpg,riceleafbd,0.2902901041666667,1,0.2902901041666667,1.0048178434371948
data\raw\riceleafbd\Healthy Leaf\IMG20231027084732_01.jpg,riceleafbd,0.5659390625,1,0.5659390625,0.9739779233932495
data\raw\riceleafbd\Healthy Leaf\IMG20231027084743_01.jpg,riceleafbd,0.5133640625,1,0.5133640625,1.010857343673706
data\raw\riceleafbd\Healthy Leaf\IMG20231027084803_01.jpg,riceleafbd,0.34419635416666666,1,0.34419635416666666,1.0100466012954712
data\raw\riceleafbd\Healthy Leaf\IMG20231027084815_01.jpg,riceleafbd,0.41759583333333333,1,0.41759583333333333,0.980867862701416
data\raw\riceleafbd\Healthy Leaf\IMG20231027084830.jpg,riceleafbd,0.20172864583333333,1,0.20172864583333333,0.9932069182395935
data\raw\riceleafbd\Healthy Leaf\IMG20231027084837_01.jpg,riceleafbd,0.587,1,0.587,0.971656322479248
data\raw\riceleafbd\Healthy Leaf\IMG20231027084849_01.jpg,riceleafbd,0.5775197916666667,1,0.5775197916666667,0.9923126697540283
data\raw\riceleafbd\Healthy Leaf\IMG20231027084901_01.jpg,riceleafbd,0.3530296875,1,0.3530296875,1.0065417289733887
data\raw\riceleafbd\Healthy Leaf\IMG20231027084916_01.jpg,riceleafbd,0.3008921875,1,0.3008921875,1.022172451019287
data\raw\riceleafbd\Healthy Leaf\IMG20231027084926.jpg,riceleafbd,0.39914479166666667,1,0.39914479166666667,1.010554552078247
data\raw\riceleafbd\Healthy Leaf\IMG20231027085837_01.jpg,riceleafbd,0.3772229166666667,1,0.3772229166666667,1.0160839557647705
data\raw\riceleafbd\Healthy Leaf\IMG20231027085849_01.jpg,riceleafbd,0.3905885416666667,1,0.3905885416666667,1.005308747291565
data\raw\riceleafbd\Healthy Leaf\IMG20231027085857_01.jpg,riceleafbd,0.39450885416666664,1,0.39450885416666664,1.0033637285232544
data\raw\riceleafbd\Healthy Leaf\IMG20231027085904_01.jpg,riceleafbd,0.26179166666666664,1,0.26179166666666664,1.0089154243469238
data\raw\riceleafbd\Healthy Leaf\IMG20231027085910_01.jpg,riceleafbd,0.5975067708333334,1,0.5975067708333334,0.9983320236206055
data\raw\riceleafbd\Healthy Leaf\IMG20231027085919_01.jpg,riceleafbd,0.3276880208333333,1,0.3276880208333333,1.018084168434143
data\raw\riceleafbd\Healthy Leaf\IMG20231027090205.jpg,riceleafbd,0.139440625,1,0.139440625,1.000519037246704
data\raw\riceleafbd\Healthy Leaf\IMG20231027090212_01.jpg,riceleafbd,0.2662765625,1,0.2662765625,1.0018442869186401
data\raw\riceleafbd\Healthy Leaf\IMG20231027090219_01.jpg,riceleafbd,0.2762546875,1,0.2762546875,1.0057164430618286
data\raw\riceleafbd\Healthy Leaf\IMG20231027090223_01.jpg,riceleafbd,0.23458177083333334,1,0.23458177083333334,0.9874156713485718
data\raw\riceleafbd\Healthy Leaf\IMG20231027090224_01.jpg,riceleafbd,0.9966973958333334,1,0.9966973958333334,1.0063279867172241
data\raw\riceleafbd\Healthy Leaf\IMG20231027090227_01.jpg,riceleafbd,0.2873291666666667,1,0.2873291666666667,1.0017282962799072
data\raw\riceleafbd\Healthy Leaf\IMG20231027090232_01.jpg,riceleafbd,0.25039791666666666,1,0.25039791666666666,1.0026638507843018
data\raw\riceleafbd\Healthy Leaf\IMG20231027090239_01.jpg,riceleafbd,0.22615989583333335,1,0.22615989583333335,0.9995617866516113
data\raw\riceleafbd\Healthy Leaf\IMG20231027090243_01.jpg,riceleafbd,0.14646145833333332,1,0.14646145833333332,0.9886248111724854
data\raw\riceleafbd\Healthy Leaf\IMG20231027090248_01.jpg,riceleafbd,0.22727864583333332,1,0.22727864583333332,1.0030858516693115
data\raw\riceleafbd\Healthy Leaf\IMG20231027090250_01.jpg,riceleafbd,0.23048020833333333,1,0.23048020833333333,1.018691062927246
data\raw\riceleafbd\Healthy Leaf\IMG20231027090252_01.jpg,riceleafbd,0.27757916666666665,1,0.27757916666666665,1.0150309801101685
data\raw\riceleafbd\Healthy Leaf\IMG20231027090255_01.jpg,riceleafbd,0.213659375,1,0.213659375,0.9965834617614746
data\raw\riceleafbd\Healthy Leaf\IMG20231027090257_01.jpg,riceleafbd,0.205740625,1,0.205740625,1.0045865774154663
data\raw\riceleafbd\Healthy Leaf\IMG20231027090300_01.jpg,riceleafbd,0.20861979166666667,1,0.20861979166666667,1.007590651512146
data\raw\riceleafbd\Healthy Leaf\IMG20231027090303_01.jpg,riceleafbd,0.23510885416666666,1,0.23510885416666666,0.9901168346405029
data\raw\riceleafbd\Healthy Leaf\IMG20231027090311_01.jpg,riceleafbd,0.48882916666666665,1,0.48882916666666665,0.9306539297103882
data\raw\riceleafbd\Healthy Leaf\IMG20231027090315.jpg,riceleafbd,0.4552703125,1,0.4552703125,1.0002551078796387
data\raw\riceleafbd\Healthy Leaf\IMG20231027090318_01.jpg,riceleafbd,0.25430104166666667,1,0.25430104166666667,1.0101706981658936
data\raw\riceleafbd\Healthy Leaf\IMG20231027090321.jpg,riceleafbd,0.2599,1,0.2599,1.0111080408096313
data\raw\riceleafbd\Healthy Leaf\IMG20231027090323_01.jpg,riceleafbd,0.22721197916666666,1,0.22721197916666666,1.0078773498535156
data\raw\riceleafbd\Healthy Leaf\IMG20231027090331.jpg,riceleafbd,0.15665625,1,0.15665625,0.9759939908981323
data\raw\riceleafbd\Healthy Leaf\IMG20231027090340_01.jpg,riceleafbd,0.20489947916666668,1,0.20489947916666668,1.0022532939910889
data\raw\riceleafbd\Healthy Leaf\IMG20231027090354_01.jpg,riceleafbd,0.3288109375,1,0.3288109375,1.0095059871673584
data\raw\riceleafbd\Healthy Leaf\IMG20231027090355_01.jpg,riceleafbd,0.27641614583333335,1,0.27641614583333335,1.012899398803711
data\raw\riceleafbd\Healthy Leaf\IMG20231027090402_01.jpg,riceleafbd,0.31709635416666665,1,0.31709635416666665,1.0229870080947876
data\raw\riceleafbd\Healthy Leaf\IMG20231027090411_01.jpg,riceleafbd,0.7983583333333333,1,0.7983583333333333,0.9917141199111938
data\raw\riceleafbd\Healthy Leaf\IMG20231027090415_01.jpg,riceleafbd,0.9705364583333334,1,0.9705364583333334,1.0037826299667358
data\raw\riceleafbd\Healthy Leaf\IMG20231027090419_01.jpg,riceleafbd,0.1280078125,1,0.1280078125,0.9924492239952087
data\raw\riceleafbd\Healthy Leaf\IMG20231027090422.jpg,riceleafbd,0.20981666666666668,1,0.20981666666666668,1.0020970106124878
data\raw\riceleafbd\Healthy Leaf\IMG20231027090436.jpg,riceleafbd,0.3407640625,1,0.3407640625,1.003589391708374
data\raw\riceleafbd\Healthy Leaf\IMG20231027090438.jpg,riceleafbd,0.998675,1,0.998675,1.014028549194336
data\raw\riceleafbd\Healthy Leaf\IMG20231027090447_01.jpg,riceleafbd,0.19672291666666666,1,0.19672291666666666,0.9877448678016663
data\raw\riceleafbd\Healthy Leaf\IMG20231027090452_01.jpg,riceleafbd,0.0019859375,1,0.0019859375,0.9615819454193115
data\raw\riceleafbd\Healthy Leaf\IMG20231027090456_01.jpg,riceleafbd,0.18466875,1,0.18466875,0.978844165802002
data\raw\riceleafbd\Healthy Leaf\IMG20231027090500_01.jpg,riceleafbd,0.9941,1,0.9941,1.0034297704696655
data\raw\riceleafbd\Healthy Leaf\IMG20231027090504_01.jpg,riceleafbd,0.2224515625,1,0.2224515625,1.0195571184158325
data\raw\riceleafbd\Healthy Leaf\IMG20231027090510.jpg,riceleafbd,0.5633135416666667,1,0.5633135416666667,0.9071935415267944
data\raw\riceleafbd\Healthy Leaf\IMG20231027090523_01.jpg,riceleafbd,0.17532604166666665,1,0.17532604166666665,1.0065020322799683
data\raw\riceleafbd\Healthy Leaf\IMG20231027090736_01.jpg,riceleafbd,0.2991921875,1,0.2991921875,0.9939863085746765
data\raw\riceleafbd\Healthy Leaf\IMG20231027090749.jpg,riceleafbd,0.23717135416666665,1,0.23717135416666665,0.9997446537017822
data\raw\riceleafbd\Healthy Leaf\IMG20231027090755_01.jpg,riceleafbd,0.27962447916666666,1,0.27962447916666666,1.005643606185913
data\raw\riceleafbd\Healthy Leaf\IMG20231027090803_01.jpg,riceleafbd,0.1978890625,1,0.1978890625,1.0118787288665771
data\raw\riceleafbd\Healthy Leaf\IMG20231027090808_01.jpg,riceleafbd,0.31781302083333335,1,0.31781302083333335,1.010805606842041
data\raw\riceleafbd\Healthy Leaf\IMG20231027090829_01.jpg,riceleafbd,0.2355234375,1,0.2355234375,1.0186806917190552
data\raw\riceleafbd\Healthy Leaf\IMG20231027090836_01.jpg,riceleafbd,0.20977708333333334,1,0.20977708333333334,0.9936618804931641
data\raw\riceleafbd\Healthy Leaf\IMG20231027090848.jpg,riceleafbd,0.23235416666666667,1,0.23235416666666667,0.9984397292137146
data\raw\riceleafbd\Healthy Leaf\IMG20231027090859_01.jpg,riceleafbd,0.3101072916666667,1,0.3101072916666667,1.0119235515594482
data\raw\riceleafbd\Healthy Leaf\IMG20231027090915.jpg,riceleafbd,0.32929895833333334,1,0.32929895833333334,1.012330174446106
data\raw\riceleafbd\Healthy Leaf\IMG20231027090925.jpg,riceleafbd,0.3426885416666667,1,0.3426885416666667,1.0123165845870972
data\raw\riceleafbd\Healthy Leaf\IMG20231027090933_01.jpg,riceleafbd,0.2614734375,1,0.2614734375,1.0226837396621704
data\raw\riceleafbd\Healthy Leaf\IMG20231027090939_01.jpg,riceleafbd,0.23832447916666666,1,0.23832447916666666,1.0180697441101074
data\raw\riceleafbd\Healthy Leaf\IMG20231027091001_01.jpg,riceleafbd,0.2465421875,1,0.2465421875,1.0077065229415894
data\raw\riceleafbd\Healthy Leaf\IMG20231027091016.jpg,riceleafbd,0.3265151041666667,1,0.3265151041666667,1.0063194036483765
data\raw\riceleafbd\Healthy Leaf\IMG20231027091031_01.jpg,riceleafbd,0.5469203125,1,0.5469203125,0.92945396900177
data\raw\riceleafbd\Healthy Leaf\IMG20231027091112_01.jpg,riceleafbd,0.25702708333333335,1,0.25702708333333335,1.0116432905197144
data\raw\riceleafbd\Healthy Leaf\IMG20231027091120_01.jpg,riceleafbd,0.28255104166666667,1,0.28255104166666667,1.0172709226608276
data\raw\riceleafbd\Healthy Leaf\IMG20231027091126_01.jpg,riceleafbd,0.5348776041666666,1,0.5348776041666666,0.9825160503387451
data\raw\riceleafbd\Healthy Leaf\IMG20231027091135_01.jpg,riceleafbd,0.31359583333333335,1,0.31359583333333335,1.0068928003311157
data\raw\riceleafbd\Healthy Leaf\IMG20231027091146.jpg,riceleafbd,0.2209359375,1,0.2209359375,1.0205928087234497
data\raw\riceleafbd\Healthy Leaf\IMG20231027091151_01.jpg,riceleafbd,0.236171875,1,0.236171875,1.017388105392456
data\raw\riceleafbd\Healthy Leaf\IMG20231027091201_01.jpg,riceleafbd,0.26210625,1,0.26210625,1.0265188217163086
data\raw\riceleafbd\Healthy Leaf\IMG20231027091207_01.jpg,riceleafbd,0.33407760416666665,1,0.33407760416666665,0.9977924227714539
data\raw\riceleafbd\Healthy Leaf\IMG20231027091217.jpg,riceleafbd,0.33758802083333334,1,0.33758802083333334,1.0081794261932373
data\raw\riceleafbd\Healthy Leaf\IMG20231027091224_01.jpg,riceleafbd,0.0009,1,0.0009,0.9156048893928528
data\raw\riceleafbd\Healthy Leaf\IMG20231027091230_01.jpg,riceleafbd,0.239571875,1,0.239571875,1.0183775424957275
data\raw\riceleafbd\Healthy Leaf\IMG20231027091239_01.jpg,riceleafbd,0.2570338541666667,1,0.2570338541666667,1.0177406072616577
data\raw\riceleafbd\Healthy Leaf\IMG20231027091247_01.jpg,riceleafbd,0.3068015625,1,0.3068015625,1.022582769393921
data\raw\riceleafbd\Healthy Leaf\IMG20231027091318.jpg,riceleafbd,0.29687447916666665,1,0.29687447916666665,1.0115880966186523
data\raw\riceleafbd\Healthy Leaf\IMG20231027091335_01.jpg,riceleafbd,0.31641979166666667,1,0.31641979166666667,1.0195618867874146
data\raw\riceleafbd\Healthy Leaf\IMG20231027091344_01.jpg,riceleafbd,0.2726140625,1,0.2726140625,1.0168064832687378
data\raw\riceleafbd\Healthy Leaf\IMG20231027091353.jpg,riceleafbd,0.22473802083333333,1,0.22473802083333333,1.0171456336975098
data\raw\riceleafbd\Healthy Leaf\IMG20231027091400_01.jpg,riceleafbd,0.22639010416666666,1,0.22639010416666666,1.0203502178192139
data\raw\riceleafbd\Healthy Leaf\IMG20231027091419_01.jpg,riceleafbd,0.2748083333333333,1,0.2748083333333333,1.009276270866394
data\raw\riceleafbd\Healthy Leaf\IMG20231027091426_01.jpg,riceleafbd,0.5202260416666666,1,0.5202260416666666,0.9896284341812134
data\raw\riceleafbd\Healthy Leaf\IMG20231027091433.jpg,riceleafbd,0.23076197916666666,1,0.23076197916666666,1.013890266418457
data\raw\riceleafbd\Healthy Leaf\IMG20231027091440.jpg,riceleafbd,0.2447015625,1,0.2447015625,1.0156025886535645
data\raw\riceleafbd\Healthy Leaf\IMG20231027091450_01.jpg,riceleafbd,0.19901666666666668,1,0.19901666666666668,1.0142394304275513
data\raw\riceleafbd\Healthy Leaf\IMG20231027091458_01.jpg,riceleafbd,0.3457921875,1,0.3457921875,1.0072942972183228
data\raw\riceleafbd\Healthy Leaf\IMG20231027091524_01.jpg,riceleafbd,0.2928385416666667,1,0.2928385416666667,1.018275260925293
data\raw\riceleafbd\Healthy Leaf\IMG20231027091532_01.jpg,riceleafbd,0.3330234375,1,0.3330234375,1.0243206024169922
data\raw\riceleafbd\Healthy Leaf\IMG20231027091550_01.jpg,riceleafbd,0.5363927083333333,1,0.5363927083333333,0.9798184633255005
data\raw\riceleafbd\Healthy Leaf\IMG20231027091558_01.jpg,riceleafbd,0.22385729166666668,1,0.22385729166666668,1.0110536813735962
data\raw\riceleafbd\Healthy Leaf\IMG20231027091621_01.jpg,riceleafbd,0.24282552083333334,1,0.24282552083333334,1.0162147283554077
data\raw\riceleafbd\Healthy Leaf\IMG20231027091628_01.jpg,riceleafbd,0.2583239583333333,1,0.2583239583333333,1.0095099210739136
data\raw\riceleafbd\Healthy Leaf\IMG20231027091640_01.jpg,riceleafbd,0.22619947916666666,1,0.22619947916666666,0.9895131587982178
data\raw\riceleafbd\Healthy Leaf\IMG20231027091653.jpg,riceleafbd,0.24383541666666667,1,0.24383541666666667,1.0166525840759277
data\raw\riceleafbd\Healthy Leaf\IMG20231027091700_01.jpg,riceleafbd,0.24995,1,0.24995,0.9977834820747375
data\raw\riceleafbd\Healthy Leaf\IMG20231027091708_01.jpg,riceleafbd,0.250765625,1,0.250765625,1.0194039344787598
data\raw\riceleafbd\Healthy Leaf\IMG20231027091754.jpg,riceleafbd,0.5529208333333333,1,0.5529208333333333,0.9775545597076416
data\raw\riceleafbd\Healthy Leaf\IMG20231027091759_01.jpg,riceleafbd,0.0007848958333333333,1,0.0007848958333333333,0.9228487014770508
data\raw\riceleafbd\Healthy Leaf\IMG20231027091806_01.jpg,riceleafbd,0.00013177083333333332,1,0.00013177083333333332,0.9034693241119385
data\raw\riceleafbd\Healthy Leaf\IMG20231027091818_01.jpg,riceleafbd,0.2509234375,1,0.2509234375,1.0224872827529907
data\raw\riceleafbd\Healthy Leaf\IMG20231027091846_01.jpg,riceleafbd,0.199103125,1,0.199103125,1.016562581062317
data\raw\riceleafbd\Healthy Leaf\IMG20231027091902_01.jpg,riceleafbd,0.19137604166666666,1,0.19137604166666666,1.011145830154419
data\raw\riceleafbd\Healthy Leaf\IMG20231027091933.jpg,riceleafbd,0.345228125,1,0.345228125,1.0089889764785767
data\raw\riceleafbd\Healthy Leaf\IMG20231027091940.jpg,riceleafbd,0.494165625,1,0.494165625,0.9871022701263428
data\raw\riceleafbd\Healthy Leaf\IMG20231027091949_01.jpg,riceleafbd,0.22562864583333334,1,0.22562864583333334,1.0104624032974243
data\raw\riceleafbd\Healthy Leaf\IMG20231027091956_01.jpg,riceleafbd,0.3208213541666667,1,0.3208213541666667,1.0203920602798462
data\raw\riceleafbd\Healthy Leaf\IMG20231027092031_01.jpg,riceleafbd,0.18997135416666666,1,0.18997135416666666,1.0098459720611572
data\raw\riceleafbd\Healthy Leaf\IMG20231027092100_01.jpg,riceleafbd,0.2968619791666667,1,0.2968619791666667,1.0165742635726929
data\raw\riceleafbd\Healthy Leaf\IMG20231027092121_01.jpg,riceleafbd,0.27980052083333334,1,0.27980052083333334,1.003613829612732
data\raw\riceleafbd\Healthy Leaf\IMG20231027092134_01.jpg,riceleafbd,0.28820989583333334,1,0.28820989583333334,1.0238648653030396
data\raw\riceleafbd\Healthy Leaf\IMG20231027092141.jpg,riceleafbd,0.23517864583333334,1,0.23517864583333334,1.00572669506073
data\raw\riceleafbd\Healthy Leaf\IMG20231027092155_01.jpg,riceleafbd,0.31255364583333334,1,0.31255364583333334,1.0126562118530273
data\raw\riceleafbd\Healthy Leaf\IMG20231027092203_01.jpg,riceleafbd,0.23751614583333333,1,0.23751614583333333,1.012953281402588
data\raw\riceleafbd\Healthy Leaf\IMG20231027092220_01.jpg,riceleafbd,0.2260890625,1,0.2260890625,1.0136594772338867
data\raw\riceleafbd\Healthy Leaf\IMG20231027092230.jpg,riceleafbd,0.0024223958333333333,1,0.0024223958333333333,0.9231099486351013
data\raw\riceleafbd\Healthy Leaf\IMG20231027092236_01.jpg,riceleafbd,0.32250729166666664,1,0.32250729166666664,1.0128982067108154
data\raw\riceleafbd\Healthy Leaf\IMG20231027092242.jpg,riceleafbd,0.242575,1,0.242575,1.0221027135849
data\raw\riceleafbd\Healthy Leaf\IMG20231027092250_01.jpg,riceleafbd,0.21124479166666665,1,0.21124479166666665,1.0131771564483643
data\raw\riceleafbd\Healthy Leaf\IMG20231027092329_01.jpg,riceleafbd,0.2733421875,1,0.2733421875,1.010755181312561
data\raw\riceleafbd\Healthy Leaf\IMG20231027092339_01.jpg,riceleafbd,0.27246197916666665,1,0.27246197916666665,1.0103315114974976
data\raw\riceleafbd\Healthy Leaf\IMG20231027092406_01.jpg,riceleafbd,0.3094119791666667,1,0.3094119791666667,1.0109331607818604
data\raw\riceleafbd\Healthy Leaf\IMG20231027092414_01.jpg,riceleafbd,0.26028229166666667,1,0.26028229166666667,1.0215703248977661
data\raw\riceleafbd\Healthy Leaf\IMG20231027092418.jpg,riceleafbd,0.21983802083333334,1,0.21983802083333334,1.004683256149292
data\raw\riceleafbd\Healthy Leaf\IMG20231027092427_01.jpg,riceleafbd,0.6458677083333333,1,0.6458677083333333,0.9823070764541626
data\raw\riceleafbd\Healthy Leaf\IMG20231027092433_01.jpg,riceleafbd,0.1706890625,1,0.1706890625,1.0041694641113281
data\raw\riceleafbd\Healthy Leaf\IMG20231027092438_01.jpg,riceleafbd,0.25225989583333336,1,0.25225989583333336,1.0117934942245483
data\raw\riceleafbd\Healthy Leaf\IMG20231027092449_01.jpg,riceleafbd,0.2698786458333333,1,0.2698786458333333,1.0257949829101562
data\raw\riceleafbd\Healthy Leaf\IMG20231027092612_01.jpg,riceleafbd,0.26712552083333335,1,0.26712552083333335,1.013351559638977
data\raw\riceleafbd\Healthy Leaf\IMG20231027092616_01.jpg,riceleafbd,0.27595833333333336,1,0.27595833333333336,1.0101674795150757
data\raw\riceleafbd\Healthy Leaf\IMG20231027092621_01.jpg,riceleafbd,0.22719739583333334,1,0.22719739583333334,1.0055394172668457
data\raw\riceleafbd\Healthy Leaf\IMG20231027092623_01.jpg,riceleafbd,0.22993385416666667,1,0.22993385416666667,1.0115829706192017
data\raw\riceleafbd\Healthy Leaf\IMG20231027092630_01.jpg,riceleafbd,0.355184375,1,0.355184375,1.0162849426269531
data\raw\riceleafbd\Healthy Leaf\IMG20231027092637_01.jpg,riceleafbd,0.37125104166666667,1,0.37125104166666667,1.0167986154556274
data\raw\riceleafbd\Healthy Leaf\IMG20231027092643_01.jpg,riceleafbd,0.30286145833333333,1,0.30286145833333333,1.0216295719146729
data\raw\riceleafbd\Healthy Leaf\IMG20231027092648_01.jpg,riceleafbd,0.344715625,1,0.344715625,1.0188149213790894
data\raw\riceleafbd\Healthy Leaf\IMG20231027092658_01.jpg,riceleafbd,0.374846875,1,0.374846875,1.0100195407867432
data\raw\riceleafbd\Healthy Leaf\IMG20231027092711_01.jpg,riceleafbd,0.30326875,1,0.30326875,1.0088114738464355
data\raw\riceleafbd\Healthy Leaf\IMG20231027092721_01.jpg,riceleafbd,0.3440265625,1,0.3440265625,1.018744945526123
data\raw\riceleafbd\Healthy Leaf\IMG20231027092737_01.jpg,riceleafbd,0.262171875,1,0.262171875,1.0010323524475098
data\raw\riceleafbd\Healthy Leaf\IMG20231027092859_01.jpg,riceleafbd,0.11767916666666667,1,0.11767916666666667,0.9943766593933105
data\raw\riceleafbd\Healthy Leaf\IMG20231027092907_01.jpg,riceleafbd,0.15124635416666668,1,0.15124635416666668,1.0074032545089722
data\raw\riceleafbd\Healthy Leaf\IMG20231027092913_01.jpg,riceleafbd,0.1765875,1,0.1765875,1.0060466527938843
data\raw\riceleafbd\Healthy Leaf\IMG20231027092919_01.jpg,riceleafbd,0.4902302083333333,1,0.4902302083333333,0.9592785835266113
data\raw\riceleafbd\Healthy Leaf\IMG20231027092927_01.jpg,riceleafbd,0.20990833333333334,1,0.20990833333333334,1.009836196899414
data\raw\riceleafbd\Healthy Leaf\IMG20231027092937_01.jpg,riceleafbd,0.5383578125,1,0.5383578125,0.9889726638793945
data\raw\riceleafbd\Healthy Leaf\IMG20231027092940_01.jpg,riceleafbd,0.2580765625,1,0.2580765625,1.0130354166030884
data\raw\riceleafbd\Healthy Leaf\IMG20231027092945_01.jpg,riceleafbd,0.23723385416666667,1,0.23723385416666667,1.0163460969924927
data\raw\riceleafbd\Healthy Leaf\IMG20231027092957_01.jpg,riceleafbd,0.24135677083333335,1,0.24135677083333335,1.0228054523468018
data\raw\riceleafbd\Healthy Leaf\IMG20231027093006_01.jpg,riceleafbd,0.18369322916666667,1,0.18369322916666667,1.0116082429885864
data\raw\riceleafbd\Healthy Leaf\IMG20231027093010.jpg,riceleafbd,0.0030640625,1,0.0030640625,0.9202901124954224
data\raw\riceleafbd\Healthy Leaf\IMG20231027093025_01.jpg,riceleafbd,0.21751979166666666,1,0.21751979166666666,1.0019404888153076
data\raw\riceleafbd\Healthy Leaf\IMG20231027093043_01.jpg,riceleafbd,0.2191328125,1,0.2191328125,1.0178282260894775
data\raw\riceleafbd\Healthy Leaf\IMG20231027093053_01.jpg,riceleafbd,0.2370015625,1,0.2370015625,1.0082101821899414
data\raw\riceleafbd\Healthy Leaf\IMG20231027093101_01.jpg,riceleafbd,0.23708854166666668,1,0.23708854166666668,1.0163850784301758
data\raw\riceleafbd\Healthy Leaf\IMG20231027093110_01.jpg,riceleafbd,0.25452604166666665,1,0.25452604166666665,1.0148322582244873
data\raw\riceleafbd\Healthy Leaf\IMG20231027093116_01.jpg,riceleafbd,0.3285921875,1,0.3285921875,1.0152976512908936
data\raw\riceleafbd\Healthy Leaf\IMG20231027093122_01.jpg,riceleafbd,0.28941510416666666,1,0.28941510416666666,1.0118083953857422
data\raw\riceleafbd\Healthy Leaf\IMG20231027093129_01.jpg,riceleafbd,0.27203958333333333,1,0.27203958333333333,1.0107874870300293
data\raw\riceleafbd\Healthy Leaf\IMG20231027093139_01.jpg,riceleafbd,0.28181875,1,0.28181875,1.023223876953125
data\raw\riceleafbd\Healthy Leaf\IMG20231027093145_01.jpg,riceleafbd,0.001503125,1,0.001503125,0.9193993210792542
data\raw\riceleafbd\Healthy Leaf\IMG20231027093149_01.jpg,riceleafbd,0.25761354166666667,1,0.25761354166666667,1.0078630447387695
data\raw\riceleafbd\Healthy Leaf\IMG20231027093150_01.jpg,riceleafbd,0.22021145833333333,1,0.22021145833333333,1.008667230606079
data\raw\riceleafbd\Healthy Leaf\IMG20231027093151_01.jpg,riceleafbd,0.5537708333333333,1,0.5537708333333333,0.9799768924713135
data\raw\riceleafbd\Healthy Leaf\IMG20231027093153_01.jpg,riceleafbd,0.2389640625,1,0.2389640625,1.0103259086608887
data\raw\riceleafbd\Healthy Leaf\IMG20231027093200_01.jpg,riceleafbd,0.38865625,1,0.38865625,1.0123131275177002
data\raw\riceleafbd\Healthy Leaf\IMG20231027093204_01.jpg,riceleafbd,0.8200453125,1,0.8200453125,0.9735969305038452
data\raw\riceleafbd\Healthy Leaf\IMG20231027093521.jpg,riceleafbd,0.3992234375,1,0.3992234375,1.0116660594940186
data\raw\riceleafbd\Healthy Leaf\IMG20231027093532_01.jpg,riceleafbd,0.3519088541666667,1,0.3519088541666667,0.9902787208557129
data\raw\riceleafbd\Healthy Leaf\IMG20231027093535_01.jpg,riceleafbd,0.39088489583333336,1,0.39088489583333336,0.9721508026123047
data\raw\riceleafbd\Healthy Leaf\IMG20231027093619_01.jpg,riceleafbd,0.12306979166666666,1,0.12306979166666666,0.9969500303268433
data\raw\riceleafbd\Tungro Virus\0a854ee6-4eb7-4a97-8c9e-064b78f96d92.jpg,riceleafbd,0.00060302734375,1,0.00060302734375,0.9278035759925842
data\raw\riceleafbd\Tungro Virus\14fd1f33-d623-4c6e-9ab3-26a95ad4afae.jpg,riceleafbd,0.97562255859375,1,0.97562255859375,0.9623719453811646
data\raw\riceleafbd\Tungro Virus\20231027_082937.jpg,riceleafbd,0.20058802083333332,1,0.20058802083333332,1.0104562044143677
data\raw\riceleafbd\Tungro Virus\20231027_082950.jpg,riceleafbd,0.23643020833333334,1,0.23643020833333334,1.015739917755127
data\raw\riceleafbd\Tungro Virus\20231027_083016.jpg,riceleafbd,0.13077708333333332,1,0.13077708333333332,1.0062066316604614
data\raw\riceleafbd\Tungro Virus\20231027_083032.jpg,riceleafbd,0.169953125,1,0.169953125,0.9983968734741211
data\raw\riceleafbd\Tungro Virus\20231027_083303.jpg,riceleafbd,0.239596875,1,0.239596875,1.0115314722061157
data\raw\riceleafbd\Tungro Virus\20231027_083634.jpg,riceleafbd,0.22036458333333334,1,0.22036458333333334,0.991965651512146
data\raw\riceleafbd\Tungro Virus\20231027_083715.jpg,riceleafbd,0.161909375,1,0.161909375,1.0059643983840942
data\raw\riceleafbd\Tungro Virus\20231027_083734.jpg,riceleafbd,0.285084375,1,0.285084375,1.0099016427993774
data\raw\riceleafbd\Tungro Virus\20231027_083908.jpg,riceleafbd,0.3420859375,1,0.3420859375,1.0154011249542236
data\raw\riceleafbd\Tungro Virus\20231027_083941.jpg,riceleafbd,0.2735239583333333,1,0.2735239583333333,1.0160020589828491
data\raw\riceleafbd\Tungro Virus\20231027_084058.jpg,riceleafbd,0.21284427083333332,1,0.21284427083333332,1.0129643678665161
data\raw\riceleafbd\Tungro Virus\20231027_084127.jpg,riceleafbd,0.18114114583333332,1,0.18114114583333332,1.007107138633728
data\raw\riceleafbd\Tungro Virus\20231027_084215.jpg,riceleafbd,0.23958489583333334,1,0.23958489583333334,1.015812873840332
data\raw\riceleafbd\Tungro Virus\20231027_084232.jpg,riceleafbd,0.23506666666666667,1,0.23506666666666667,1.0200905799865723
data\raw\riceleafbd\Tungro Virus\20231027_084245.jpg,riceleafbd,0.2469421875,1,0.2469421875,1.0146950483322144
data\raw\riceleafbd\Tungro Virus\20231027_084306.jpg,riceleafbd,0.25366458333333336,1,0.25366458333333336,1.0088578462600708
data\raw\riceleafbd\Tungro Virus\20231027_084322.jpg,riceleafbd,0.22664114583333334,1,0.22664114583333334,1.0203436613082886
data\raw\riceleafbd\Tungro Virus\20231027_084339.jpg,riceleafbd,0.1943078125,1,0.1943078125,1.0223606824874878
data\raw\riceleafbd\Tungro Virus\20231027_084424.jpg,riceleafbd,0.1697953125,1,0.1697953125,1.0033290386199951
data\raw\riceleafbd\Tungro Virus\20231027_084437.jpg,riceleafbd,0.18080833333333332,1,0.18080833333333332,1.0066360235214233
data\raw\riceleafbd\Tungro Virus\20231027_084445.jpg,riceleafbd,0.167625,1,0.167625,1.0074141025543213
data\raw\riceleafbd\Tungro Virus\20231027_084453.jpg,riceleafbd,0.24056875,1,0.24056875,1.0123586654663086
data\raw\riceleafbd\Tungro Virus\20231027_084520.jpg,riceleafbd,0.215825,1,0.215825,1.005025863647461
data\raw\riceleafbd\Tungro Virus\20231027_084556.jpg,riceleafbd,0.5441921875,1,0.5441921875,0.9862570762634277
data\raw\riceleafbd\Tungro Virus\20231027_084615.jpg,riceleafbd,0.08518958333333333,1,0.08518958333333333,1.011640191078186
data\raw\riceleafbd\Tungro Virus\20231027_084702.jpg,riceleafbd,0.1329953125,1,0.1329953125,1.0202053785324097
data\raw\riceleafbd\Tungro Virus\20231027_084711.jpg,riceleafbd,0.47681875,1,0.47681875,0.9228862524032593
data\raw\riceleafbd\Tungro Virus\20231027_084731.jpg,riceleafbd,0.10486979166666667,1,0.10486979166666667,1.0025655031204224
data\raw\riceleafbd\Tungro Virus\20231027_084737.jpg,riceleafbd,0.12043697916666667,1,0.12043697916666667,1.0189645290374756
data\raw\riceleafbd\Tungro Virus\20231027_084800.jpg,riceleafbd,0.13066510416666666,1,0.13066510416666666,1.0145487785339355
data\raw\riceleafbd\Tungro Virus\20231027_084835.jpg,riceleafbd,0.12118229166666666,1,0.12118229166666666,0.9982398748397827
data\raw\riceleafbd\Tungro Virus\20231027_084842.jpg,riceleafbd,0.5087145833333333,1,0.5087145833333333,0.9566700458526611
data\raw\riceleafbd\Tungro Virus\20231027_084901.jpg,riceleafbd,0.5094208333333333,1,0.5094208333333333,1.010913372039795
data\raw\riceleafbd\Tungro Virus\20231027_084914.jpg,riceleafbd,0.1465734375,1,0.1465734375,1.0122884511947632
data\raw\riceleafbd\Tungro Virus\20231027_084918.jpg,riceleafbd,0.07039583333333334,1,0.07039583333333334,0.9995176792144775
data\raw\riceleafbd\Tungro Virus\20231027_084935.jpg,riceleafbd,0.18268697916666668,1,0.18268697916666668,1.0094234943389893
data\raw\riceleafbd\Tungro Virus\20231027_084949.jpg,riceleafbd,0.19152760416666667,1,0.19152760416666667,1.013313889503479
data\raw\riceleafbd\Tungro Virus\20231027_085008.jpg,riceleafbd,0.006529166666666667,1,0.006529166666666667,0.9900974631309509
data\raw\riceleafbd\Tungro Virus\20231027_085023.jpg,riceleafbd,0.14344895833333332,1,0.14344895833333332,1.004402995109558
data\raw\riceleafbd\Tungro Virus\20231027_085049.jpg,riceleafbd,0.22306302083333332,1,0.22306302083333332,1.0148802995681763
data\raw\riceleafbd\Tungro Virus\20231027_085057.jpg,riceleafbd,0.3886322916666667,1,0.3886322916666667,0.9786810874938965
data\raw\riceleafbd\Tungro Virus\20231027_085108.jpg,riceleafbd,0.22128020833333334,1,0.22128020833333334,1.0153101682662964
data\raw\riceleafbd\Tungro Virus\20231027_085114.jpg,riceleafbd,0.26109739583333336,1,0.26109739583333336,1.0147638320922852
data\raw\riceleafbd\Tungro Virus\20231027_085126.jpg,riceleafbd,0.41192864583333333,1,0.41192864583333333,1.0159233808517456
data\raw\riceleafbd\Tungro Virus\20231027_085137.jpg,riceleafbd,0.17797552083333334,1,0.17797552083333334,1.0129342079162598
data\raw\riceleafbd\Tungro Virus\20231027_085148.jpg,riceleafbd,0.138790625,1,0.138790625,1.0089538097381592
data\raw\riceleafbd\Tungro Virus\20231027_090324.jpg,riceleafbd,0.21124895833333332,1,0.21124895833333332,1.0108892917633057
data\raw\riceleafbd\Tungro Virus\20231027_090338.jpg,riceleafbd,0.2414484375,1,0.2414484375,1.0107190608978271
data\raw\riceleafbd\Tungro Virus\20231027_090417.jpg,riceleafbd,0.2824828125,1,0.2824828125,1.0093841552734375
data\raw\riceleafbd\Tungro Virus\20231027_090422.jpg,riceleafbd,0.14283802083333333,1,0.14283802083333333,0.9950854778289795
data\raw\riceleafbd\Tungro Virus\20231027_090449.jpg,riceleafbd,0.19636979166666665,1,0.19636979166666665,0.9719315767288208
data\raw\riceleafbd\Tungro Virus\20231027_090454.jpg,riceleafbd,0.14590416666666667,1,0.14590416666666667,1.004252314567566
data\raw\riceleafbd\Tungro Virus\20231027_090510.jpg,riceleafbd,0.26271614583333336,1,0.26271614583333336,1.004106044769287
data\raw\riceleafbd\Tungro Virus\20231027_090526.jpg,riceleafbd,0.5088057291666667,1,0.5088057291666667,0.9523583650588989
data\raw\riceleafbd\Tungro Virus\20231027_090533.jpg,riceleafbd,0.5355765625,1,0.5355765625,1.0005866289138794
data\raw\riceleafbd\Tungro Virus\20231027_090557.jpg,riceleafbd,0.13043229166666667,1,0.13043229166666667,1.014173984527588
data\raw\riceleafbd\Tungro Virus\20231027_090600.jpg,riceleafbd,0.21254739583333335,1,0.21254739583333335,1.0121768712997437
data\raw\riceleafbd\Tungro Virus\20231027_090612.jpg,riceleafbd,0.2120765625,1,0.2120765625,1.0188379287719727
data\raw\riceleafbd\Tungro Virus\20231027_090623.jpg,riceleafbd,0.152865625,1,0.152865625,1.0144386291503906
data\raw\riceleafbd\Tungro Virus\20231027_090629.jpg,riceleafbd,0.18942916666666668,1,0.18942916666666668,1.0104128122329712
data\raw\riceleafbd\Tungro Virus\20231027_090655.jpg,riceleafbd,0.24912552083333334,1,0.24912552083333334,1.0132286548614502
data\raw\riceleafbd\Tungro Virus\20231027_090701.jpg,riceleafbd,0.14638072916666667,1,0.14638072916666667,0.9973904490470886
data\raw\riceleafbd\Tungro Virus\20231027_090705.jpg,riceleafbd,0.20175729166666667,1,0.20175729166666667,1.0011266469955444
data\raw\riceleafbd\Tungro Virus\20231027_090714.jpg,riceleafbd,0.18096927083333333,1,0.18096927083333333,1.005463719367981
data\raw\riceleafbd\Tungro Virus\20231027_090724.jpg,riceleafbd,0.27158333333333334,1,0.27158333333333334,1.0073376893997192
data\raw\riceleafbd\Tungro Virus\20231027_090729.jpg,riceleafbd,0.21515052083333333,1,0.21515052083333333,1.01909601688385
data\raw\riceleafbd\Tungro Virus\20231027_090746.jpg,riceleafbd,0.13531875,1,0.13531875,1.0174425840377808
data\raw\riceleafbd\Tungro Virus\20231027_090755.jpg,riceleafbd,0.25828125,1,0.25828125,1.0195634365081787
data\raw\riceleafbd\Tungro Virus\20231027_090807.jpg,riceleafbd,0.13424895833333333,1,0.13424895833333333,1.0225555896759033
data\raw\riceleafbd\Tungro Virus\20231027_090814.jpg,riceleafbd,0.12224427083333333,1,0.12224427083333333,1.0138468742370605
data\raw\riceleafbd\Tungro Virus\20231027_090817.jpg,riceleafbd,0.167746875,1,0.167746875,0.9991873502731323
data\raw\riceleafbd\Tungro Virus\20231027_090821.jpg,riceleafbd,0.1880296875,1,0.1880296875,1.0014939308166504
data\raw\riceleafbd\Tungro Virus\20231027_090833.jpg,riceleafbd,0.1668890625,1,0.1668890625,1.0071632862091064
data\raw\riceleafbd\Tungro Virus\20231027_090901.jpg,riceleafbd,0.12855052083333332,1,0.12855052083333332,1.0143394470214844
data\raw\riceleafbd\Tungro Virus\20231027_090906.jpg,riceleafbd,0.08141145833333334,1,0.08141145833333334,1.016689419746399
data\raw\riceleafbd\Tungro Virus\20231027_090914.jpg,riceleafbd,0.5351953125,1,0.5351953125,0.8832734823226929
data\raw\riceleafbd\Tungro Virus\20231027_090919.jpg,riceleafbd,0.13712604166666667,1,0.13712604166666667,1.0045708417892456
data\raw\riceleafbd\Tungro Virus\20231027_090934.jpg,riceleafbd,0.21439270833333332,1,0.21439270833333332,1.0234322547912598
data\raw\riceleafbd\Tungro Virus\20231027_090945.jpg,riceleafbd,0.5042072916666667,1,0.5042072916666667,0.9864966869354248
data\raw\riceleafbd\Tungro Virus\20231027_091002.jpg,riceleafbd,0.18868645833333333,1,0.18868645833333333,1.0118803977966309
data\raw\riceleafbd\Tungro Virus\20231027_091014.jpg,riceleafbd,0.14606302083333333,1,0.14606302083333333,1.0153194665908813
data\raw\riceleafbd\Tungro Virus\20231027_091020.jpg,riceleafbd,0.12845677083333334,1,0.12845677083333334,1.012730598449707
data\raw\riceleafbd\Tungro Virus\20231027_091027.jpg,riceleafbd,0.074596875,1,0.074596875,1.0094115734100342
data\raw\riceleafbd\Tungro Virus\20231027_091032.jpg,riceleafbd,0.13578802083333333,1,0.13578802083333333,1.0022917985916138
data\raw\riceleafbd\Tungro Virus\20231027_091045.jpg,riceleafbd,0.13975989583333334,1,0.13975989583333334,1.0151586532592773
data\raw\riceleafbd\Tungro Virus\20231027_091053.jpg,riceleafbd,0.1171109375,1,0.1171109375,0.9810625314712524
data\raw\riceleafbd\Tungro Virus\20231027_091106.jpg,riceleafbd,0.09139375,1,0.09139375,1.0137850046157837
data\raw\riceleafbd\Tungro Virus\20231027_091112.jpg,riceleafbd,0.08444479166666667,1,0.08444479166666667,1.0098727941513062
data\raw\riceleafbd\Tungro Virus\20231027_091119.jpg,riceleafbd,0.06457916666666667,1,0.06457916666666667,1.0069351196289062
data\raw\riceleafbd\Tungro Virus\20231027_091125.jpg,riceleafbd,0.13011302083333334,1,0.13011302083333334,1.0127276182174683
data\raw\riceleafbd\Tungro Virus\20231027_091130.jpg,riceleafbd,0.11275052083333334,1,0.11275052083333334,0.9910521507263184
data\raw\riceleafbd\Tungro Virus\20231027_091138.jpg,riceleafbd,0.048534375,1,0.048534375,0.990760326385498
data\raw\riceleafbd\Tungro Virus\20231027_091152.jpg,riceleafbd,0.1829125,1,0.1829125,0.9963167905807495
data\raw\riceleafbd\Tungro Virus\20231027_091156.jpg,riceleafbd,0.22651197916666665,1,0.22651197916666665,1.0227655172348022
data\raw\riceleafbd\Tungro Virus\20231027_091201.jpg,riceleafbd,0.27121979166666665,1,0.27121979166666665,1.0210509300231934
data\raw\riceleafbd\Tungro Virus\20231027_091205.jpg,riceleafbd,0.17467552083333332,1,0.17467552083333332,1.0194995403289795
data\raw\riceleafbd\Tungro Virus\20231027_091215.jpg,riceleafbd,0.19367708333333333,1,0.19367708333333333,1.0234225988388062
data\raw\riceleafbd\Tungro Virus\20231027_091218.jpg,riceleafbd,0.16277135416666666,1,0.16277135416666666,1.0057671070098877
data\raw\riceleafbd\Tungro Virus\20231027_091225.jpg,riceleafbd,0.17731614583333333,1,0.17731614583333333,1.0184361934661865
data\raw\riceleafbd\Tungro Virus\20231027_091233.jpg,riceleafbd,0.1050875,1,0.1050875,1.0052061080932617
data\raw\riceleafbd\Tungro Virus\20231027_091238.jpg,riceleafbd,0.16355833333333333,1,0.16355833333333333,1.0191503763198853
data\raw\riceleafbd\Tungro Virus\20231027_091244.jpg,riceleafbd,0.15101979166666665,1,0.15101979166666665,1.0202653408050537
data\raw\riceleafbd\Tungro Virus\20231027_091252.jpg,riceleafbd,0.21301979166666668,1,0.21301979166666668,1.0192526578903198
data\raw\riceleafbd\Tungro Virus\20231027_091256.jpg,riceleafbd,0.157915625,1,0.157915625,1.0004674196243286
data\raw\riceleafbd\Tungro Virus\20231027_091259.jpg,riceleafbd,0.12586354166666666,1,0.12586354166666666,1.015923261642456
data\raw\riceleafbd\Tungro Virus\20231027_091307.jpg,riceleafbd,0.114609375,1,0.114609375,1.0173197984695435
data\raw\riceleafbd\Tungro Virus\20231027_091340.jpg,riceleafbd,0.15931458333333334,1,0.15931458333333334,1.017433762550354
data\raw\riceleafbd\Tungro Virus\20231027_091345.jpg,riceleafbd,0.18275416666666666,1,0.18275416666666666,1.0200262069702148
data\raw\riceleafbd\Tungro Virus\20231027_091347.jpg,riceleafbd,0.15133229166666667,1,0.15133229166666667,1.0168782472610474
data\raw\riceleafbd\Tungro Virus\20231027_091354.jpg,riceleafbd,0.09308125,1,0.09308125,1.0141456127166748
data\raw\riceleafbd\Tungro Virus\20231027_091401.jpg,riceleafbd,0.16785,1,0.16785,1.0172368288040161
data\raw\riceleafbd\Tungro Virus\20231027_091405.jpg,riceleafbd,0.14405677083333332,1,0.14405677083333332,1.019267201423645
data\raw\riceleafbd\Tungro Virus\20231027_091411.jpg,riceleafbd,0.15130729166666668,1,0.15130729166666668,1.0181660652160645
data\raw\riceleafbd\Tungro Virus\20231027_091416.jpg,riceleafbd,0.11875625,1,0.11875625,1.0176512002944946
data\raw\riceleafbd\Tungro Virus\20231027_091434.jpg,riceleafbd,0.11870833333333333,1,0.11870833333333333,1.0029526948928833
data\raw\riceleafbd\Tungro Virus\20231027_091445.jpg,riceleafbd,0.2284734375,1,0.2284734375,1.0033260583877563
data\raw\riceleafbd\Tungro Virus\20231027_091450.jpg,riceleafbd,0.20826875,1,0.20826875,1.0124058723449707
data\raw\riceleafbd\Tungro Virus\20231027_091453.jpg,riceleafbd,0.25865520833333333,1,0.25865520833333333,0.9663174152374268
data\raw\riceleafbd\Tungro Virus\20231027_091458.jpg,riceleafbd,0.178478125,1,0.178478125,0.9986519813537598
data\raw\riceleafbd\Tungro Virus\20231027_091505.jpg,riceleafbd,0.20426666666666668,1,0.20426666666666668,1.0111929178237915
data\raw\riceleafbd\Tungro Virus\20231027_091511.jpg,riceleafbd,0.24049479166666668,1,0.24049479166666668,1.0168437957763672
data\raw\riceleafbd\Tungro Virus\20231027_091527.jpg,riceleafbd,0.2920786458333333,1,0.2920786458333333,1.004954218864441
data\raw\riceleafbd\Tungro Virus\20231027_091535.jpg,riceleafbd,0.49871197916666665,1,0.49871197916666665,0.7645741701126099
data\raw\riceleafbd\Tungro Virus\20231027_091542.jpg,riceleafbd,0.17966822916666667,1,0.17966822916666667,1.017228364944458
data\raw\riceleafbd\Tungro Virus\20231027_091544.jpg,riceleafbd,0.1948328125,1,0.1948328125,1.0155003070831299
data\raw\riceleafbd\Tungro Virus\20231027_091552.jpg,riceleafbd,0.18536458333333333,1,0.18536458333333333,1.0068156719207764
data\raw\riceleafbd\Tungro Virus\20231027_091556.jpg,riceleafbd,0.20379010416666668,1,0.20379010416666668,0.9955013990402222
data\raw\riceleafbd\Tungro Virus\20231027_091608.jpg,riceleafbd,0.1311484375,1,0.1311484375,1.0156824588775635
data\raw\riceleafbd\Tungro Virus\20231027_091612.jpg,riceleafbd,0.19818072916666668,1,0.19818072916666668,1.0112907886505127
data\raw\riceleafbd\Tungro Virus\20231027_091616.jpg,riceleafbd,0.17818854166666667,1,0.17818854166666667,1.0134795904159546
data\raw\riceleafbd\Tungro Virus\20231027_091622.jpg,riceleafbd,0.1404984375,1,0.1404984375,1.0052417516708374
data\raw\riceleafbd\Tungro Virus\20231027_091629.jpg,riceleafbd,0.07852291666666666,1,0.07852291666666666,1.003652572631836
data\raw\riceleafbd\Tungro Virus\20231027_091637.jpg,riceleafbd,0.49643489583333333,1,0.49643489583333333,1.002421498298645
data\raw\riceleafbd\Tungro Virus\20231027_091645.jpg,riceleafbd,0.1073296875,1,0.1073296875,1.0170857906341553
data\raw\riceleafbd\Tungro Virus\20231027_091652.jpg,riceleafbd,0.088634375,1,0.088634375,1.0099114179611206
data\raw\riceleafbd\Tungro Virus\20231027_091703.jpg,riceleafbd,0.1834265625,1,0.1834265625,1.0142053365707397
data\raw\riceleafbd\Tungro Virus\20231027_091708.jpg,riceleafbd,0.153128125,1,0.153128125,1.006883144378662
data\raw\riceleafbd\Tungro Virus\20231027_091729.jpg,riceleafbd,0.1254015625,1,0.1254015625,1.0028834342956543
data\raw\riceleafbd\Tungro Virus\20231027_091746.jpg,riceleafbd,0.22396979166666667,1,0.22396979166666667,1.0077661275863647
data\raw\riceleafbd\Tungro Virus\20231027_091800.jpg,riceleafbd,0.15396510416666667,1,0.15396510416666667,1.012775182723999
data\raw\riceleafbd\Tungro Virus\20231027_091821.jpg,riceleafbd,0.18468802083333333,1,0.18468802083333333,1.0068622827529907
data\raw\riceleafbd\Tungro Virus\20231027_091902.jpg,riceleafbd,0.24966354166666666,1,0.24966354166666666,1.017846941947937
data\raw\riceleafbd\Tungro Virus\20231027_091906.jpg,riceleafbd,0.310096875,1,0.310096875,1.008788824081421
data\raw\riceleafbd\Tungro Virus\20231027_091910.jpg,riceleafbd,0.17740416666666667,1,0.17740416666666667,1.0073875188827515
data\raw\riceleafbd\Tungro Virus\20231027_091921.jpg,riceleafbd,0.13090416666666665,1,0.13090416666666665,1.002920389175415
data\raw\riceleafbd\Tungro Virus\20231027_091927.jpg,riceleafbd,0.20009427083333334,1,0.20009427083333334,1.0162957906723022
data\raw\riceleafbd\Tungro Virus\20231027_091941.jpg,riceleafbd,0.25216041666666666,1,0.25216041666666666,1.0146896839141846
data\raw\riceleafbd\Tungro Virus\20231027_091945.jpg,riceleafbd,0.20728125,1,0.20728125,1.0223544836044312
data\raw\riceleafbd\Tungro Virus\20231027_091951.jpg,riceleafbd,0.23004010416666668,1,0.23004010416666668,0.9982638359069824
data\raw\riceleafbd\Tungro Virus\20231027_091956.jpg,riceleafbd,0.3431427083333333,1,0.3431427083333333,1.0104433298110962
data\raw\riceleafbd\Tungro Virus\20231027_091959.jpg,riceleafbd,0.3088942708333333,1,0.3088942708333333,1.0104262828826904
data\raw\riceleafbd\Tungro Virus\20231027_092005.jpg,riceleafbd,0.2383296875,1,0.2383296875,1.0153703689575195
data\raw\riceleafbd\Tungro Virus\20231027_092008.jpg,riceleafbd,0.19347239583333334,1,0.19347239583333334,1.0067962408065796
data\raw\riceleafbd\Tungro Virus\20231027_092012.jpg,riceleafbd,0.18681197916666667,1,0.18681197916666667,1.0073729753494263
data\raw\riceleafbd\Tungro Virus\20231027_092018.jpg,riceleafbd,0.192065625,1,0.192065625,1.0070230960845947
data\raw\riceleafbd\Tungro Virus\20231027_092022.jpg,riceleafbd,0.2694447916666667,1,0.2694447916666667,1.0224210023880005
data\raw\riceleafbd\Tungro Virus\20231027_092026.jpg,riceleafbd,0.20770729166666665,1,0.20770729166666665,1.0240005254745483
data\raw\riceleafbd\Tungro Virus\20231027_092031.jpg,riceleafbd,0.1722875,1,0.1722875,1.01352858543396
data\raw\riceleafbd\Tungro Virus\20231027_092034.jpg,riceleafbd,0.0011510416666666667,1,0.0011510416666666667,0.8750168085098267
data\raw\riceleafbd\Tungro Virus\20231027_092038.jpg,riceleafbd,0.17485729166666666,1,0.17485729166666666,1.0188350677490234
data\raw\riceleafbd\Tungro Virus\20231027_092051.jpg,riceleafbd,0.14129375,1,0.14129375,1.0110169649124146
data\raw\riceleafbd\Tungro Virus\20231027_092106.jpg,riceleafbd,0.16209166666666666,1,0.16209166666666666,1.0258158445358276
data\raw\riceleafbd\Tungro Virus\20231027_092109.jpg,riceleafbd,0.22846197916666666,1,0.22846197916666666,1.0272842645645142
data\raw\riceleafbd\Tungro Virus\20231027_092113.jpg,riceleafbd,0.17519635416666668,1,0.17519635416666668,1.0188959836959839
data\raw\riceleafbd\Tungro Virus\20231027_092116.jpg,riceleafbd,0.22246458333333333,1,0.22246458333333333,1.0197077989578247
data\raw\riceleafbd\Tungro Virus\20231027_092129.jpg,riceleafbd,0.25721927083333335,1,0.25721927083333335,1.022131323814392
data\raw\riceleafbd\Tungro Virus\20231027_092144.jpg,riceleafbd,0.2198296875,1,0.2198296875,1.0170305967330933
data\raw\riceleafbd\Tungro Virus\20231027_092148.jpg,riceleafbd,0.1830078125,1,0.1830078125,1.020394206047058
data\raw\riceleafbd\Tungro Virus\20231027_092152.jpg,riceleafbd,0.1421953125,1,0.1421953125,1.024699091911316
data\raw\riceleafbd\Tungro Virus\20231027_092201.jpg,riceleafbd,0.5466901041666666,1,0.5466901041666666,1.0153217315673828
data\raw\riceleafbd\Tungro Virus\20231027_092203.jpg,riceleafbd,0.22912604166666667,1,0.22912604166666667,1.0239850282669067
data\raw\riceleafbd\Tungro Virus\20231027_092211.jpg,riceleafbd,0.135096875,1,0.135096875,1.0086923837661743
data\raw\riceleafbd\Tungro Virus\20231027_092217.jpg,riceleafbd,0.20934166666666668,1,0.20934166666666668,1.008562684059143
data\raw\riceleafbd\Tungro Virus\20231027_092220.jpg,riceleafbd,0.25364114583333336,1,0.25364114583333336,1.0159735679626465
data\raw\riceleafbd\Tungro Virus\20231027_092224.jpg,riceleafbd,0.19968072916666665,1,0.19968072916666665,1.0185047388076782
data\raw\riceleafbd\Tungro Virus\20231027_092227.jpg,riceleafbd,0.17574427083333333,1,0.17574427083333333,1.0203317403793335
data\raw\riceleafbd\Tungro Virus\20231027_092229.jpg,riceleafbd,0.12002395833333333,1,0.12002395833333333,1.011479139328003
data\raw\riceleafbd\Tungro Virus\20231027_092232.jpg,riceleafbd,0.09049166666666666,1,0.09049166666666666,1.018917441368103
data\raw\riceleafbd\Tungro Virus\20231027_092237.jpg,riceleafbd,0.12882291666666668,1,0.12882291666666668,1.0185251235961914
data\raw\riceleafbd\Tungro Virus\20231027_092243.jpg,riceleafbd,0.13171875,1,0.13171875,1.0113738775253296
data\raw\riceleafbd\Tungro Virus\20231027_092246.jpg,riceleafbd,0.21036666666666667,1,0.21036666666666667,1.0212355852127075
data\raw\riceleafbd\Tungro Virus\20231027_092249.jpg,riceleafbd,0.14867239583333333,1,0.14867239583333333,1.0168052911758423
data\raw\riceleafbd\Tungro Virus\20231027_092253.jpg,riceleafbd,0.13933125,1,0.13933125,1.0193216800689697
data\raw\riceleafbd\Tungro Virus\20231027_092301.jpg,riceleafbd,0.178553125,1,0.178553125,1.0121986865997314
data\raw\riceleafbd\Tungro Virus\20231027_092309.jpg,riceleafbd,0.17933333333333334,1,0.17933333333333334,1.0059372186660767
data\raw\riceleafbd\Tungro Virus\20231027_092316.jpg,riceleafbd,0.14973333333333333,1,0.14973333333333333,1.0077027082443237
data\raw\riceleafbd\Tungro Virus\20231027_092318.jpg,riceleafbd,0.2355203125,1,0.2355203125,1.0245630741119385
data\raw\riceleafbd\Tungro Virus\20231027_092323.jpg,riceleafbd,0.23721614583333334,1,0.23721614583333334,1.0140366554260254
data\raw\riceleafbd\Tungro Virus\20231027_092326.jpg,riceleafbd,0.21783072916666665,1,0.21783072916666665,0.9994240999221802
data\raw\riceleafbd\Tungro Virus\20231027_092334.jpg,riceleafbd,0.18395677083333334,1,0.18395677083333334,1.008858561515808
data\raw\riceleafbd\Tungro Virus\20231027_092337.jpg,riceleafbd,0.1825421875,1,0.1825421875,1.0122108459472656
data\raw\riceleafbd\Tungro Virus\20231027_092344.jpg,riceleafbd,0.28098854166666665,1,0.28098854166666665,1.0097590684890747
data\raw\riceleafbd\Tungro Virus\20231027_092352.jpg,riceleafbd,0.1670171875,1,0.1670171875,1.0143810510635376
data\raw\riceleafbd\Tungro Virus\20231027_092358.jpg,riceleafbd,0.19562708333333334,1,0.19562708333333334,1.009642243385315
data\raw\riceleafbd\Tungro Virus\20231027_092403.jpg,riceleafbd,0.17480520833333332,1,0.17480520833333332,1.0180752277374268
data\raw\riceleafbd\Tungro Virus\20231027_092410.jpg,riceleafbd,0.22796822916666667,1,0.22796822916666667,1.0062220096588135
data\raw\riceleafbd\Tungro Virus\20231027_092416.jpg,riceleafbd,0.20342760416666666,1,0.20342760416666666,1.009778618812561
data\raw\riceleafbd\Tungro Virus\20231027_092420.jpg,riceleafbd,0.23209270833333334,1,0.23209270833333334,1.0257117748260498
data\raw\riceleafbd\Tungro Virus\20231027_092428.jpg,riceleafbd,0.15361875,1,0.15361875,1.0195263624191284
data\raw\riceleafbd\Tungro Virus\20231027_092432.jpg,riceleafbd,0.20716875,1,0.20716875,1.0006471872329712
data\raw\riceleafbd\Tungro Virus\20231027_092436.jpg,riceleafbd,0.27150520833333336,1,0.27150520833333336,0.9780733585357666
data\raw\riceleafbd\Tungro Virus\20231027_092447.jpg,riceleafbd,0.4653791666666667,1,0.4653791666666667,0.9935305118560791
data\raw\riceleafbd\Tungro Virus\20231027_092450.jpg,riceleafbd,0.25866822916666665,1,0.25866822916666665,0.9923288822174072
data\raw\riceleafbd\Tungro Virus\20231027_092500.jpg,riceleafbd,0.024266666666666666,1,0.024266666666666666,0.9732732772827148
data\raw\riceleafbd\Tungro Virus\20231027_092504.jpg,riceleafbd,0.017672395833333333,1,0.017672395833333333,0.9522262811660767
data\raw\riceleafbd\Tungro Virus\20231027_092514.jpg,riceleafbd,0.13364895833333335,1,0.13364895833333335,0.9820764660835266
data\raw\riceleafbd\Tungro Virus\20231027_092530.jpg,riceleafbd,0.19788020833333334,1,0.19788020833333334,1.01388680934906
data\raw\riceleafbd\Tungro Virus\20231027_092533.jpg,riceleafbd,0.14602395833333334,1,0.14602395833333334,1.013988971710205
data\raw\riceleafbd\Tungro Virus\20231027_092542.jpg,riceleafbd,0.16517239583333335,1,0.16517239583333335,1.0126664638519287
data\raw\riceleafbd\Tungro Virus\20231027_092549.jpg,riceleafbd,0.1518921875,1,0.1518921875,1.021582841873169
data\raw\riceleafbd\Tungro Virus\20231027_092553.jpg,riceleafbd,0.2190546875,1,0.2190546875,1.020113468170166
data\raw\riceleafbd\Tungro Virus\20231027_092707.jpg,riceleafbd,0.2664958333333333,1,0.2664958333333333,1.0085129737854004
data\raw\riceleafbd\Tungro Virus\20231027_092711.jpg,riceleafbd,0.23842447916666668,1,0.23842447916666668,1.0226473808288574
data\raw\riceleafbd\Tungro Virus\20231027_092718.jpg,riceleafbd,0.1492828125,1,0.1492828125,1.0173765420913696
data\raw\riceleafbd\Tungro Virus\20231027_092721.jpg,riceleafbd,0.25283489583333335,1,0.25283489583333335,1.023269772529602
data\raw\riceleafbd\Tungro Virus\20231027_092729.jpg,riceleafbd,0.189359375,1,0.189359375,1.0108120441436768
data\raw\riceleafbd\Tungro Virus\20231027_092737.jpg,riceleafbd,0.28718645833333334,1,0.28718645833333334,1.0250846147537231
data\raw\riceleafbd\Tungro Virus\20231027_092741.jpg,riceleafbd,0.5087411458333333,1,0.5087411458333333,0.9713006019592285
data\raw\riceleafbd\Tungro Virus\20231027_092749.jpg,riceleafbd,0.17448489583333332,1,0.17448489583333332,1.0105316638946533
data\raw\riceleafbd\Tungro Virus\20231027_092753.jpg,riceleafbd,0.346909375,1,0.346909375,0.9749243259429932
data\raw\riceleafbd\Tungro Virus\20231027_092756.jpg,riceleafbd,0.22657552083333332,1,0.22657552083333332,1.0072546005249023
data\raw\riceleafbd\Tungro Virus\20231027_092759.jpg,riceleafbd,0.245078125,1,0.245078125,1.019389271736145
data\raw\riceleafbd\Tungro Virus\20231027_092803.jpg,riceleafbd,0.17754583333333335,1,0.17754583333333335,1.018754482269287
data\raw\riceleafbd\Tungro Virus\20231027_092805.jpg,riceleafbd,0.2146140625,1,0.2146140625,1.0186883211135864
data\raw\riceleafbd\Tungro Virus\20231027_092818.jpg,riceleafbd,0.240078125,1,0.240078125,1.0089434385299683
data\raw\riceleafbd\Tungro Virus\20231027_092823.jpg,riceleafbd,0.200178125,1,0.200178125,1.0062514543533325
data\raw\riceleafbd\Tungro Virus\20231027_092830.jpg,riceleafbd,0.2085515625,1,0.2085515625,1.0028483867645264
data\raw\riceleafbd\Tungro Virus\20231027_092837.jpg,riceleafbd,0.25003177083333333,1,0.25003177083333333,1.0203527212142944
data\raw\riceleafbd\Tungro Virus\20231027_092840.jpg,riceleafbd,0.153353125,1,0.153353125,1.0138521194458008
data\raw\riceleafbd\Tungro Virus\20231027_092844.jpg,riceleafbd,0.15206875,1,0.15206875,1.0064228773117065
data\raw\riceleafbd\Tungro Virus\20231027_092853.jpg,riceleafbd,0.23056614583333335,1,0.23056614583333335,1.0054640769958496
data\raw\riceleafbd\Tungro Virus\20231027_092855.jpg,riceleafbd,0.21454947916666667,1,0.21454947916666667,1.007468342781067
data\raw\riceleafbd\Tungro Virus\20231027_092903.jpg,riceleafbd,0.290046875,1,0.290046875,1.0070381164550781
data\raw\riceleafbd\Tungro Virus\20231027_092908.jpg,riceleafbd,0.272784375,1,0.272784375,1.0169494152069092
data\raw\riceleafbd\Tungro Virus\20231027_092913.jpg,riceleafbd,0.26254375,1,0.26254375,1.0067505836486816
data\raw\riceleafbd\Tungro Virus\20231027_092916.jpg,riceleafbd,0.25969010416666666,1,0.25969010416666666,1.014249563217163
data\raw\riceleafbd\Tungro Virus\20231027_092921.jpg,riceleafbd,0.22072083333333334,1,0.22072083333333334,1.0100257396697998
data\raw\riceleafbd\Tungro Virus\20231027_092926.jpg,riceleafbd,0.152434375,1,0.152434375,1.0169295072555542
data\raw\riceleafbd\Tungro Virus\20231027_092933.jpg,riceleafbd,0.184571875,1,0.184571875,1.0174322128295898
data\raw\riceleafbd\Tungro Virus\20231027_092938.jpg,riceleafbd,0.16370572916666667,1,0.16370572916666667,1.0238655805587769
data\raw\riceleafbd\Tungro Virus\285130074_1958566287669306_5779024507956012822_n.jpg,riceleafbd,0.9462121913580247,1,0.9462121913580247,0.9831786155700684
data\raw\riceleafbd\Tungro Virus\305281543_476048271149769_1345474471593407586_n.jpg,riceleafbd,0.7457668378354377,1,0.7457668378354377,0.9927211999893188
data\raw\riceleafbd\Tungro Virus\307087578_1497954137346716_8074518751848465199_n.jpg,riceleafbd,0.9977064043209877,1,0.9977064043209877,0.9283275604248047
data\raw\riceleafbd\Tungro Virus\307724583_619334003160590_6908966497817736856_n.jpg,riceleafbd,0.8956746176625695,1,0.8956746176625695,0.9951685667037964
data\raw\riceleafbd\Tungro Virus\309480331_1464580340692640_5619545751329618325_n.jpg,riceleafbd,0.2208956027022664,1,0.2208956027022664,0.9861233830451965
data\raw\riceleafbd\Tungro Virus\309821639_502462041941786_3523493796833777290_n.jpg,riceleafbd,0.0010463515937968492,1,0.0010463515937968492,0.8812987208366394
data\raw\riceleafbd\Tungro Virus\309834544_1734586700260709_991547985444882083_n.jpg,riceleafbd,0.16813191562932228,1,0.16813191562932228,0.9945496320724487
data\raw\riceleafbd\Tungro Virus\309926485_661575525361211_8667938868942051720_n.jpg,riceleafbd,0.9954437608074959,1,0.9954437608074959,1.0027403831481934
data\raw\riceleafbd\Tungro Virus\309930035_609965000916713_6053113369076935018_n.jpg,riceleafbd,0.09894506262430791,1,0.09894506262430791,0.9689686894416809
data\raw\riceleafbd\Tungro Virus\309930035_616661363588862_7059469319010392906_n.jpg,riceleafbd,0.5169277263374485,1,0.5169277263374485,0.9749411344528198
data\raw\riceleafbd\Tungro Virus\309930325_820783729253983_3223355523480106890_n.jpg,riceleafbd,0.24721417069243157,1,0.24721417069243157,0.9858850836753845
data\raw\riceleafbd\Tungro Virus\309935720_654882102743273_6639414839224862608_n (1).jpg,riceleafbd,0.23761764796247556,1,0.23761764796247556,0.9704031944274902
data\raw\riceleafbd\Tungro Virus\309935720_654882102743273_6639414839224862608_n.jpg,riceleafbd,0.23761764796247556,1,0.23761764796247556,0.9704031944274902
data\raw\riceleafbd\Tungro Virus\309950782_484950463598154_7805033458252585635_n.jpg,riceleafbd,0.002898438508194606,1,0.002898438508194606,0.9663023352622986
data\raw\riceleafbd\Tungro Virus\309950784_1400191223847825_1082688536218990528_n.jpg,riceleafbd,0.10706206946956824,1,0.10706206946956824,0.9784424304962158
data\raw\riceleafbd\Tungro Virus\309953022_1153827685530326_5148005179114895078_n.jpg,riceleafbd,0.29062086987864955,1,0.29062086987864955,0.998725950717926
data\raw\riceleafbd\Tungro Virus\309953022_836481064334892_6320986830440369757_n.jpg,riceleafbd,0.9865087954373669,1,0.9865087954373669,0.9831947088241577
data\raw\riceleafbd\Tungro Virus\309953848_5646894845347853_448600926339126591_n.jpg,riceleafbd,0.15197491455471723,1,0.15197491455471723,0.9887019395828247
data\raw\riceleafbd\Tungro Virus\309953848_848882896547823_20400691071425205_n.jpg,riceleafbd,0.1400925925925926,1,0.1400925925925926,0.9799067974090576
data\raw\riceleafbd\Tungro Virus\309954763_812750029983606_6035929305074607338_n.jpg,riceleafbd,0.6776729681069958,1,0.6776729681069958,1.000309705734253
data\raw\riceleafbd\Tungro Virus\309987036_1260428421402878_7563233421972400824_n.jpg,riceleafbd,0.12320480746911511,1,0.12320480746911511,0.9939357042312622
data\raw\riceleafbd\Tungro Virus\310000293_1098310987537090_6322717086135563663_n.jpg,riceleafbd,0.7377333990795529,1,0.7377333990795529,0.9764705896377563
data\raw\riceleafbd\Tungro Virus\310000293_3467146783513572_5799773669428981004_n.jpg,riceleafbd,0.02928150284591235,1,0.02928150284591235,0.931094229221344
data\raw\riceleafbd\Tungro Virus\310006532_887017432263227_516046070358667000_n.jpg,riceleafbd,0.9929702313234736,1,0.9929702313234736,1.018078327178955
data\raw\riceleafbd\Tungro Virus\310008197_560884219090009_8295696486399650342_n.jpg,riceleafbd,0.5163540178571429,1,0.5163540178571429,0.9470055103302002
data\raw\riceleafbd\Tungro Virus\310012597_815087263051277_2857872179504552006_n (1).jpg,riceleafbd,0.07156992813709231,1,0.07156992813709231,0.962409496307373
data\raw\riceleafbd\Tungro Virus\310012597_815087263051277_2857872179504552006_n.jpg,riceleafbd,0.07156992813709231,1,0.07156992813709231,0.962409496307373
data\raw\riceleafbd\Tungro Virus\310058458_5435377266574873_8991017856371085014_n.jpg,riceleafbd,0.10155099894847529,1,0.10155099894847529,0.9653602838516235
data\raw\riceleafbd\Tungro Virus\310059906_648718010165408_9111129139756640564_n.jpg,riceleafbd,0.12114811466077288,1,0.12114811466077288,0.9951179623603821
data\raw\riceleafbd\Tungro Virus\310061159_1771194393257497_6100627014383132732_n.jpg,riceleafbd,0.4007857510288066,1,0.4007857510288066,1.006027102470398
data\raw\riceleafbd\Tungro Virus\310073746_641071220902093_1844154564457607035_n.jpg,riceleafbd,0.20920389461626576,1,0.20920389461626576,0.9835662841796875
data\raw\riceleafbd\Tungro Virus\310080827_457367869857837_7203426182418778053_n (1).jpg,riceleafbd,0.029847457627118643,1,0.029847457627118643,0.9818295836448669
data\raw\riceleafbd\Tungro Virus\310080827_457367869857837_7203426182418778053_n.jpg,riceleafbd,0.029847457627118643,1,0.029847457627118643,0.9818295836448669
data\raw\riceleafbd\Tungro Virus\310090427_798882844546270_2705517204061326425_n (1).jpg,riceleafbd,0.9933037744429286,1,0.9933037744429286,1.0276193618774414
data\raw\riceleafbd\Tungro Virus\310090427_798882844546270_2705517204061326425_n.jpg,riceleafbd,0.9933037744429286,1,0.9933037744429286,1.0276193618774414
data\raw\riceleafbd\Tungro Virus\310090711_874207533939594_3235125099262747986_n.jpg,riceleafbd,0.5618735711019661,1,0.5618735711019661,0.9616131782531738
data\raw\riceleafbd\Tungro Virus\310091332_520694346331411_2052371814305115005_n.jpg,riceleafbd,0.06258601797063336,1,0.06258601797063336,0.970876932144165
data\raw\riceleafbd\Tungro Virus\310101275_849836282727887_931394239994161265_n.jpg,riceleafbd,0.1665379881391966,1,0.1665379881391966,0.9814544916152954
data\raw\riceleafbd\Tungro Virus\310104735_1563603237424825_2848177413329468665_n.jpg,riceleafbd,0.995580476309643,1,0.995580476309643,1.0036853551864624
data\raw\riceleafbd\Tungro Virus\310114150_2878360552307799_9030656098792189011_n.jpg,riceleafbd,0.883408454551663,1,0.883408454551663,0.9916322231292725
data\raw\riceleafbd\Tungro Virus\310115832_638971484630477_7092380302409656064_n.jpg,riceleafbd,0.7292773394696471,1,0.7292773394696471,0.9521557092666626
data\raw\riceleafbd\Tungro Virus\310115832_795098784901126_5828849780582886280_n.jpg,riceleafbd,0.0008406953548019379,1,0.0008406953548019379,0.8714028596878052
data\raw\riceleafbd\Tungro Virus\310124726_2227322190762154_164120697270318229_n.jpg,riceleafbd,0.7733768125997363,1,0.7733768125997363,0.9999945163726807
data\raw\riceleafbd\Tungro Virus\310155672_615122330405118_141836114081908699_n.jpg,riceleafbd,0.08198938632781717,1,0.08198938632781717,0.9604374170303345
data\raw\riceleafbd\Tungro Virus\310166255_3160429967601256_6298213693638421337_n.jpg,riceleafbd,0.13022008405220084,1,0.13022008405220084,0.9919540286064148
data\raw\riceleafbd\Tungro Virus\310166255_809485707004206_2941236105033104728_n.jpg,riceleafbd,0.23310941660614865,1,0.23310941660614865,0.9865186214447021
data\raw\riceleafbd\Tungro Virus\310180475_5721477531224330_1862080541967900866_n.jpg,riceleafbd,0.08607574588477367,1,0.08607574588477367,0.9808140993118286
data\raw\riceleafbd\Tungro Virus\310206884_584493210148153_4275495300891282291_n.jpg,riceleafbd,0.2568435795988484,1,0.2568435795988484,1.0080229043960571
data\raw\riceleafbd\Tungro Virus\310206884_643854170860834_5690548384887000617_n.jpg,riceleafbd,0.30342364532019706,1,0.30342364532019706,0.9929360151290894
data\raw\riceleafbd\Tungro Virus\310227896_861699958363810_4646590070449898376_n.jpg,riceleafbd,0.13901973781467722,1,0.13901973781467722,0.9940236806869507
data\raw\riceleafbd\Tungro Virus\310235593_1080264705967044_7076671397801331634_n.jpg,riceleafbd,0.1863643604636914,1,0.1863643604636914,0.9955585598945618
data\raw\riceleafbd\Tungro Virus\310235967_692038872077734_8233959099719107321_n.jpg,riceleafbd,0.0029991181657848323,1,0.0029991181657848323,0.9534823298454285
data\raw\riceleafbd\Tungro Virus\310240156_941625033387517_6502489587316622626_n.jpg,riceleafbd,0.9531772321428571,1,0.9531772321428571,0.9977201223373413
data\raw\riceleafbd\Tungro Virus\310253654_839268957321041_7259669799050819404_n.jpg,riceleafbd,0.10487247657850517,1,0.10487247657850517,0.9912354946136475
data\raw\riceleafbd\Tungro Virus\310268038_804696484123301_1985871416987943438_n.jpg,riceleafbd,0.3787903667214012,1,0.3787903667214012,0.976457953453064
data\raw\riceleafbd\Tungro Virus\310268752_449730560606251_4593279629437682934_n.jpg,riceleafbd,0.013878479070786763,1,0.013878479070786763,0.9775025844573975
data\raw\riceleafbd\Tungro Virus\310274378_498973912279317_8565466750188486747_n.jpg,riceleafbd,0.520628078817734,1,0.520628078817734,0.9940539598464966
data\raw\riceleafbd\Tungro Virus\310287443_9038792376134549_6977333361332373890_n (1).jpg,riceleafbd,0.1999084284445523,1,0.1999084284445523,0.9919921159744263
data\raw\riceleafbd\Tungro Virus\310287443_9038792376134549_6977333361332373890_n.jpg,riceleafbd,0.1999084284445523,1,0.1999084284445523,0.9919921159744263
data\raw\riceleafbd\Tungro Virus\310303607_1165121824416340_747132358305290768_n.jpg,riceleafbd,0.3256518522528375,1,0.3256518522528375,0.9973205924034119
data\raw\riceleafbd\Tungro Virus\310304355_642685684071363_2949118793663218513_n.jpg,riceleafbd,0.18026493646931604,1,0.18026493646931604,0.9803256988525391
data\raw\riceleafbd\Tungro Virus\310310727_1837906706550600_2119869081175796951_n.jpg,riceleafbd,0.11478812145478812,1,0.11478812145478812,0.9651296138763428
data\raw\riceleafbd\Tungro Virus\310330766_3293283674245085_5197938768122015021_n.jpg,riceleafbd,0.14556248681553807,1,0.14556248681553807,0.9725337624549866
data\raw\riceleafbd\Tungro Virus\310346992_1108086863410406_8151012851109379531_n.jpg,riceleafbd,0.1020329949998503,1,0.1020329949998503,0.9894013404846191
data\raw\riceleafbd\Tungro Virus\310359156_859753515195754_4139812278162868234_n.jpg,riceleafbd,0.285520909757887,1,0.285520909757887,0.9984863996505737
data\raw\riceleafbd\Tungro Virus\310386967_640800180850901_489249241632020439_n.jpg,riceleafbd,0.09983175387996154,1,0.09983175387996154,0.9927781820297241
data\raw\riceleafbd\Tungro Virus\310405604_1547648199028432_13448007881822863_n.jpg,riceleafbd,0.5555584454616914,1,0.5555584454616914,0.9868335723876953
data\raw\riceleafbd\Tungro Virus\310414448_487949023286030_5183288363010753439_n.jpg,riceleafbd,0.9628831045497712,1,0.9628831045497712,0.9704467058181763
data\raw\riceleafbd\Tungro Virus\310414486_711033726562335_2654656506430722548_n.jpg,riceleafbd,0.9960443366098461,1,0.9960443366098461,1.0049880743026733
data\raw\riceleafbd\Tungro Virus\310430707_562678052339311_9134216316141936573_n (1).jpg,riceleafbd,0.12440846560846561,1,0.12440846560846561,0.9977841377258301
data\raw\riceleafbd\Tungro Virus\310443905_790751088677435_8922078220628597498_n.jpg,riceleafbd,0.11104028372314247,1,0.11104028372314247,0.9888789653778076
data\raw\riceleafbd\Tungro Virus\310448892_674315764255050_3698112518923791099_n.jpg,riceleafbd,0.10325554884999665,1,0.10325554884999665,1.000140905380249
data\raw\riceleafbd\Tungro Virus\310464016_795714631508840_4328718470423110809_n.jpg,riceleafbd,0.14096964884418564,1,0.14096964884418564,1.001983404159546
data\raw\riceleafbd\Tungro Virus\310470779_794875571608690_8000422143451305191_n.jpg,riceleafbd,0.008628095551172475,1,0.008628095551172475,0.9453230500221252
data\raw\riceleafbd\Tungro Virus\310470784_851149216096291_218887264537295503_n.jpg,riceleafbd,0.11911883110732216,1,0.11911883110732216,0.9841789603233337
data\raw\riceleafbd\Tungro Virus\310488167_826891445284261_8834833935576097200_n.jpg,riceleafbd,0.04310600664767331,1,0.04310600664767331,0.9634116888046265
data\raw\riceleafbd\Tungro Virus\310503754_3377964169111722_5053301515091256141_n (1).jpg,riceleafbd,0.002578875171467764,1,0.002578875171467764,0.9056190252304077
data\raw\riceleafbd\Tungro Virus\310503754_3377964169111722_5053301515091256141_n.jpg,riceleafbd,0.002578875171467764,1,0.002578875171467764,0.9056190252304077
data\raw\riceleafbd\Tungro Virus\310517900_535047628013452_188626495743857687_n.jpg,riceleafbd,0.1183476736775016,1,0.1183476736775016,0.9851024746894836
data\raw\riceleafbd\Tungro Virus\310532980_683162163178692_7597889448881133211_n.jpg,riceleafbd,0.16770547318323265,1,0.16770547318323265,0.980040431022644
data\raw\riceleafbd\Tungro Virus\310542088_652404423164808_7307972691943922793_n.jpg,riceleafbd,0.2820171188630491,1,0.2820171188630491,0.9962106943130493
data\raw\riceleafbd\Tungro Virus\310554810_512720707445384_8489204493411512142_n.jpg,riceleafbd,0.26496620129114395,1,0.26496620129114395,0.9997295141220093
data\raw\riceleafbd\Tungro Virus\310613168_645574633772642_193586395774156356_n.jpg,riceleafbd,0.17869063488329542,1,0.17869063488329542,0.9985455274581909
data\raw\riceleafbd\Tungro Virus\310644021_3325504807726129_1969690517648212982_n.jpg,riceleafbd,0.007948170063554678,1,0.007948170063554678,0.9453688859939575
data\raw\riceleafbd\Tungro Virus\310687929_978876909743878_7668343769964729222_n (1).jpg,riceleafbd,0.16153653653653655,1,0.16153653653653655,0.9856500625610352
data\raw\riceleafbd\Tungro Virus\310687929_978876909743878_7668343769964729222_n.jpg,riceleafbd,0.16153653653653655,1,0.16153653653653655,0.9856500625610352
data\raw\riceleafbd\Tungro Virus\310705175_688693755811520_2723304770977161261_n.jpg,riceleafbd,0.013138138138138139,1,0.013138138138138139,0.9591766595840454
data\raw\riceleafbd\Tungro Virus\310727994_681313779998217_2631106456169043158_n.jpg,riceleafbd,0.9888933899176955,1,0.9888933899176955,0.9728319644927979
data\raw\riceleafbd\Tungro Virus\310754268_519232116767959_5981375087941134508_n.jpg,riceleafbd,0.1639454858281264,1,0.1639454858281264,0.9917396306991577
data\raw\riceleafbd\Tungro Virus\310766233_1144477363111023_990541891346526775_n.jpg,riceleafbd,0.9028789642936349,1,0.9028789642936349,0.9130473136901855
data\raw\riceleafbd\Tungro Virus\310793904_3186523691659403_5383376354122925282_n.jpg,riceleafbd,0.22893518518518519,1,0.22893518518518519,0.9974957704544067
data\raw\riceleafbd\Tungro Virus\310794444_5566048033503368_8677618128368401793_n.jpg,riceleafbd,0.031680812757201644,1,0.031680812757201644,0.9632725119590759
data\raw\riceleafbd\Tungro Virus\310816596_4932092406894303_4101681100577008840_n.jpg,riceleafbd,0.01064212141135218,1,0.01064212141135218,0.9431547522544861
data\raw\riceleafbd\Tungro Virus\310818053_5630234907045670_453401267910908838_n (1).jpg,riceleafbd,0.866019898971307,1,0.866019898971307,0.8990119695663452
data\raw\riceleafbd\Tungro Virus\310818053_5630234907045670_453401267910908838_n.jpg,riceleafbd,0.866019898971307,1,0.866019898971307,0.8990119695663452
data\raw\riceleafbd\Tungro Virus\310826482_903845010497475_946149415401065093_n.jpg,riceleafbd,0.003904963991769547,1,0.003904963991769547,0.9311853647232056
data\raw\riceleafbd\Tungro Virus\310831574_458152639761879_3761783135168318975_n (1).jpg,riceleafbd,0.2485814250675021,1,0.2485814250675021,1.01835036277771
data\raw\riceleafbd\Tungro Virus\310831574_458152639761879_3761783135168318975_n.jpg,riceleafbd,0.2485814250675021,1,0.2485814250675021,1.01835036277771
data\raw\riceleafbd\Tungro Virus\310832534_2182558585286556_3064366352706517468_n.jpg,riceleafbd,0.9946608014437471,1,0.9946608014437471,0.9956512451171875
data\raw\riceleafbd\Tungro Virus\310842908_896274255112692_2735851284286739229_n.jpg,riceleafbd,0.0014227430555555556,1,0.0014227430555555556,0.8408408164978027
data\raw\riceleafbd\Tungro Virus\310851825_516937643401410_5833091596939407809_n.jpg,riceleafbd,0.03410861054745947,1,0.03410861054745947,0.9836164712905884
data\raw\riceleafbd\Tungro Virus\310853987_808922100224499_1782628690862739867_n.jpg,riceleafbd,0.1605659893267652,1,0.1605659893267652,1.0019152164459229
data\raw\riceleafbd\Tungro Virus\310858682_1157260805227050_504034491669553958_n.jpg,riceleafbd,0.8829853675354209,1,0.8829853675354209,0.9711557626724243
data\raw\riceleafbd\Tungro Virus\310864115_680848040068733_297764260615056490_n.jpg,riceleafbd,0.4520170265942906,1,0.4520170265942906,0.9966858625411987
data\raw\riceleafbd\Tungro Virus\310887121_433725515418425_8329625995980831063_n.jpg,riceleafbd,0.21182254366683212,1,0.21182254366683212,1.0064761638641357
data\raw\riceleafbd\Tungro Virus\310905712_676731077353571_1226416667545354658_n (1).jpg,riceleafbd,0.0014493893804238631,1,0.0014493893804238631,0.8955753445625305
data\raw\riceleafbd\Tungro Virus\310905712_676731077353571_1226416667545354658_n.jpg,riceleafbd,0.0014493893804238631,1,0.0014493893804238631,0.8955753445625305
data\raw\riceleafbd\Tungro Virus\310935045_668649344644230_7340995907597209416_n.jpg,riceleafbd,0.21392468028433434,1,0.21392468028433434,0.9961799383163452
data\raw\riceleafbd\Tungro Virus\310949137_475181868050032_5643835808243661523_n.jpg,riceleafbd,0.2352777405071783,1,0.2352777405071783,1.0095030069351196
data\raw\riceleafbd\Tungro Virus\310957993_531393051801796_7180472141142317761_n.jpg,riceleafbd,0.5246836419753086,1,0.5246836419753086,1.0001649856567383
data\raw\riceleafbd\Tungro Virus\310965605_2097293530661359_342849557705737694_n.jpg,riceleafbd,0.5067013888888889,1,0.5067013888888889,0.9810324907302856
data\raw\riceleafbd\Tungro Virus\310977133_557053889758233_7902809781452832866_n.jpg,riceleafbd,0.17968797188589627,1,0.17968797188589627,1.002922773361206
data\raw\riceleafbd\Tungro Virus\310992297_5757601620928763_6689482061341883117_n.jpg,riceleafbd,0.9746658925151774,1,0.9746658925151774,0.8627731800079346
data\raw\riceleafbd\Tungro Virus\310997509_948650016018116_1256797957062704030_n.jpg,riceleafbd,0.5203007889546352,1,0.5203007889546352,0.8841018676757812
data\raw\riceleafbd\Tungro Virus\311011284_618860806687490_6184160514985253202_n (1).jpg,riceleafbd,0.15360158266731297,1,0.15360158266731297,0.9974684119224548
data\raw\riceleafbd\Tungro Virus\311011284_618860806687490_6184160514985253202_n.jpg,riceleafbd,0.15360158266731297,1,0.15360158266731297,0.9974684119224548
data\raw\riceleafbd\Tungro Virus\311025707_1127815761219760_6638192155412520177_n.jpg,riceleafbd,0.20443140323422013,1,0.20443140323422013,1.0100314617156982
data\raw\riceleafbd\Tungro Virus\311039238_698668801694257_5281982016457142340_n.jpg,riceleafbd,0.016481481481481482,1,0.016481481481481482,0.9343491792678833
data\raw\riceleafbd\Tungro Virus\311074308_514751183892118_2717955295308456702_n.jpg,riceleafbd,0.2860658498589533,1,0.2860658498589533,0.9989144802093506
data\raw\riceleafbd\Tungro Virus\311124010_952353622391471_5418530257230415945_n.jpg,riceleafbd,0.09154706790123457,1,0.09154706790123457,0.9941102266311646
data\raw\riceleafbd\Tungro Virus\311124014_487515326672920_2288132983398637297_n.jpg,riceleafbd,0.20516655544291673,1,0.20516655544291673,1.0005794763565063
data\raw\riceleafbd\Tungro Virus\311151036_5554131108036912_1277920390382865385_n.jpg,riceleafbd,0.19907237823904492,1,0.19907237823904492,1.0121198892593384
data\raw\riceleafbd\Tungro Virus\311156425_5670613863029210_5647177995040242266_n.jpg,riceleafbd,0.19776662561576355,1,0.19776662561576355,0.9957969188690186
data\raw\riceleafbd\Tungro Virus\311228557_1256624291562373_5006144916115853738_n.jpg,riceleafbd,0.5999484987946526,1,0.5999484987946526,1.0001822710037231
data\raw\riceleafbd\Tungro Virus\311252736_872221660685039_72166961851318318_n.jpg,riceleafbd,0.1754854681069959,1,0.1754854681069959,1.0059894323349
data\raw\riceleafbd\Tungro Virus\311289922_1245167219362347_6537231354775006236_n.jpg,riceleafbd,0.00236255320841787,1,0.00236255320841787,0.9277150630950928
data\raw\riceleafbd\Tungro Virus\311290581_1174947579773623_4915588994811508522_n.jpg,riceleafbd,0.3478312266563633,1,0.3478312266563633,1.0053147077560425
data\raw\riceleafbd\Tungro Virus\311294950_5540820316037623_2782916142505585909_n.jpg,riceleafbd,0.1353312745648512,1,0.1353312745648512,0.9738233089447021
data\raw\riceleafbd\Tungro Virus\311301160_1990546277804789_8529153620771004201_n.jpg,riceleafbd,0.1253222932606645,1,0.1253222932606645,0.9911215305328369
data\raw\riceleafbd\Tungro Virus\311307115_821670192489845_8017563545608434427_n.jpg,riceleafbd,0.10591789797999522,1,0.10591789797999522,0.9880634546279907
data\raw\riceleafbd\Tungro Virus\311311853_5451057041609361_5671669149495919327_n.jpg,riceleafbd,0.9933325980932775,1,0.9933325980932775,0.9915202856063843
data\raw\riceleafbd\Tungro Virus\311327088_5651260414921821_5734679146610198150_n (1).jpg,riceleafbd,0.2285338154286685,1,0.2285338154286685,0.9979420900344849
data\raw\riceleafbd\Tungro Virus\311328303_671228877910493_4748948475799566782_n.jpg,riceleafbd,0.11980375898286345,1,0.11980375898286345,0.9895446300506592
data\raw\riceleafbd\Tungro Virus\311378852_1005025434221404_1147904174313826797_n.jpg,riceleafbd,0.9267843364197531,1,0.9267843364197531,0.9303724765777588
data\raw\riceleafbd\Tungro Virus\311396297_501459351916871_5192016517817698735_n.jpg,riceleafbd,0.5271109825102881,1,0.5271109825102881,0.8967212438583374
data\raw\riceleafbd\Tungro Virus\311408901_801224157650005_3413420887903183641_n.jpg,riceleafbd,0.8820620376813836,1,0.8820620376813836,0.9673557281494141
data\raw\riceleafbd\Tungro Virus\311421857_1104574683529185_2639210763774619633_n (1).jpg,riceleafbd,0.18909589244046077,1,0.18909589244046077,0.9980893135070801
data\raw\riceleafbd\Tungro Virus\311450265_869361227772637_8060160036185063201_n.jpg,riceleafbd,0.15970928043672644,1,0.15970928043672644,0.9877743721008301
data\raw\riceleafbd\Tungro Virus\311450267_523683082982950_6831924632383006359_n.jpg,riceleafbd,0.15438076416337285,1,0.15438076416337285,1.008986234664917
data\raw\riceleafbd\Tungro Virus\311471795_811109150121472_4164395137124423428_n.jpg,riceleafbd,0.9435128029263832,1,0.9435128029263832,0.9950244426727295
data\raw\riceleafbd\Tungro Virus\311477801_829411965149992_4505844150502370083_n.jpg,riceleafbd,0.27617407274000194,1,0.27617407274000194,1.0022549629211426
data\raw\riceleafbd\Tungro Virus\311877206_813451169874270_1813155305506983296_n.jpg,riceleafbd,0.0021050913838120103,1,0.0021050913838120103,0.9500161409378052
data\raw\riceleafbd\Tungro Virus\311887696_695884595261718_5685289833719088513_n.jpg,riceleafbd,0.10663234013928459,1,0.10663234013928459,0.9973043203353882
data\raw\riceleafbd\Tungro Virus\311905670_493385039521759_6639495290559951934_n.jpg,riceleafbd,0.22132282974674278,1,0.22132282974674278,0.9650633335113525
data\raw\riceleafbd\Tungro Virus\311945743_1130454914309359_1109530908743137201_n.jpg,riceleafbd,0.16125821564970247,1,0.16125821564970247,0.9870820045471191
data\raw\riceleafbd\Tungro Virus\311958416_702332527899167_8337027578548737849_n.jpg,riceleafbd,0.2329171343060232,1,0.2329171343060232,0.9850501418113708
data\raw\riceleafbd\Tungro Virus\311964463_665795595199651_8728135720238096675_n.jpg,riceleafbd,0.12824445633434398,1,0.12824445633434398,0.9827604293823242
data\raw\riceleafbd\Tungro Virus\311982774_497216262461714_3029253594789800980_n.jpg,riceleafbd,0.046489197530864196,1,0.046489197530864196,0.9780635237693787
data\raw\riceleafbd\Tungro Virus\312011898_660767788847500_3941963218308031261_n.jpg,riceleafbd,0.2717197523687136,1,0.2717197523687136,1.0134217739105225
data\raw\riceleafbd\Tungro Virus\312026965_822061342180180_7673092683367473646_n.jpg,riceleafbd,0.25462905661311486,1,0.25462905661311486,0.9771381616592407
data\raw\riceleafbd\Tungro Virus\312027383_1345748869523035_572647338936946650_n.jpg,riceleafbd,0.9110641718106995,1,0.9110641718106995,0.9159368276596069
data\raw\riceleafbd\Tungro Virus\312097851_799244964519043_4647236552895719733_n.jpg,riceleafbd,0.26347502349454205,1,0.26347502349454205,1.0044246912002563
data\raw\riceleafbd\Tungro Virus\312133344_3428750697409610_9134336873871728995_n.jpg,riceleafbd,0.16129934274999674,1,0.16129934274999674,1.0043121576309204
data\raw\riceleafbd\Tungro Virus\312193568_803821240698170_510594501575197999_n.jpg,riceleafbd,0.13765817901234567,1,0.13765817901234567,0.9962321519851685
data\raw\riceleafbd\Tungro Virus\312201200_682722439795341_8854308435112613352_n.jpg,riceleafbd,0.1421710982372747,1,0.1421710982372747,1.0032782554626465
data\raw\riceleafbd\Tungro Virus\312207002_1204119966810165_6916516093249879724_n.jpg,riceleafbd,0.16422789831910653,1,0.16422789831910653,1.0001583099365234
data\raw\riceleafbd\Tungro Virus\312218559_496435832529811_7452354127649073607_n.jpg,riceleafbd,0.9543916651412533,1,0.9543916651412533,0.9667919874191284
data\raw\riceleafbd\Tungro Virus\312229733_1558214171265614_8336671811768937959_n.jpg,riceleafbd,0.09608498129342598,1,0.09608498129342598,0.9861757755279541
data\raw\riceleafbd\Tungro Virus\312312812_506500381535641_2480379998116933346_n.jpg,riceleafbd,0.17074338356032068,1,0.17074338356032068,0.9933851361274719
data\raw\riceleafbd\Tungro Virus\312319966_682698013505066_4348395650474933352_n.jpg,riceleafbd,0.2603519113969275,1,0.2603519113969275,0.9875034093856812
data\raw\riceleafbd\Tungro Virus\312319966_688919419618010_4242118936767372404_n.jpg,riceleafbd,0.2133863214246695,1,0.2133863214246695,0.9891900420188904
data\raw\riceleafbd\Tungro Virus\312379173_660196672356452_7373936849988029036_n.jpg,riceleafbd,0.9398865318204243,1,0.9398865318204243,0.9818538427352905
data\raw\riceleafbd\Tungro Virus\312380040_491412266276635_8013958576201577137_n.jpg,riceleafbd,0.002187627187627188,1,0.002187627187627188,0.912801206111908
data\raw\riceleafbd\Tungro Virus\312424914_659303268900332_8036795355042233890_n.jpg,riceleafbd,0.5195326539557309,1,0.5195326539557309,1.0010201930999756
data\raw\riceleafbd\Tungro Virus\312430528_1137183750248070_570644524148386317_n.jpg,riceleafbd,0.2827942845352316,1,0.2827942845352316,0.9979052543640137
data\raw\riceleafbd\Tungro Virus\312441817_517686766648970_828596623368045386_n.jpg,riceleafbd,0.9828229477877365,1,0.9828229477877365,0.9851135015487671
data\raw\riceleafbd\Tungro Virus\312470292_855767878929265_2110265727004027892_n.jpg,riceleafbd,0.7958426592059685,1,0.7958426592059685,0.9776901006698608
data\raw\riceleafbd\Tungro Virus\312481659_1269343737181405_1223348796224830154_n.jpg,riceleafbd,0.99613572701808,1,0.99613572701808,1.0160136222839355
data\raw\riceleafbd\Tungro Virus\312493993_536559831209033_2944407188601078758_n.jpg,riceleafbd,0.8452938528806584,1,0.8452938528806584,0.9251364469528198
data\raw\riceleafbd\Tungro Virus\312506789_516224180377390_4965560825398796231_n (1).jpg,riceleafbd,0.525049154092364,1,0.525049154092364,0.8231855630874634
data\raw\riceleafbd\Tungro Virus\312506789_516224180377390_4965560825398796231_n.jpg,riceleafbd,0.525049154092364,1,0.525049154092364,0.8231855630874634
data\raw\riceleafbd\Tungro Virus\312531062_1583975688689866_22141460678968472_n.jpg,riceleafbd,0.06406988120195667,1,0.06406988120195667,0.9906616806983948
data\raw\riceleafbd\Tungro Virus\312537215_1197917324271245_6821966797154988651_n.jpg,riceleafbd,0.019730440499671268,1,0.019730440499671268,0.9574455618858337
data\raw\riceleafbd\Tungro Virus\312545686_672993700881462_7107649582821136971_n (1).jpg,riceleafbd,0.5718480501030474,1,0.5718480501030474,0.9911746978759766
data\raw\riceleafbd\Tungro Virus\312551832_1418171448707219_4402475644198271515_n.jpg,riceleafbd,0.2453396427400852,1,0.2453396427400852,0.9903961420059204
data\raw\riceleafbd\Tungro Virus\312564696_5503339866409591_3912351667139695221_n.jpg,riceleafbd,0.9509091463786686,1,0.9509091463786686,0.9706878662109375
data\raw\riceleafbd\Tungro Virus\312570002_656634889304715_6252336098531220253_n.jpg,riceleafbd,0.11689750516446845,1,0.11689750516446845,0.9951081275939941
data\raw\riceleafbd\Tungro Virus\312584511_797351931346927_3523327868034010467_n.jpg,riceleafbd,0.9579148155302298,1,0.9579148155302298,0.994477391242981
data\raw\riceleafbd\Tungro Virus\312624486_675060277291867_7528285692741017397_n.jpg,riceleafbd,0.11052015250544663,1,0.11052015250544663,0.9984776973724365
data\raw\riceleafbd\Tungro Virus\312629690_1950704055134883_7933430699209201621_n (1).jpg,riceleafbd,0.19302829429827909,1,0.19302829429827909,0.9973008632659912
data\raw\riceleafbd\Tungro Virus\312629699_1411737855902554_5296360051612735934_n.jpg,riceleafbd,0.19750767236613864,1,0.19750767236613864,1.0095731019973755
data\raw\riceleafbd\Tungro Virus\312665146_1059703718003281_3135594726137138436_n.jpg,riceleafbd,0.0015035992966260028,1,0.0015035992966260028,0.9298904538154602
data\raw\riceleafbd\Tungro Virus\312667199_1182424129359032_5166349958032193148_n.jpg,riceleafbd,0.27051398337112625,1,0.27051398337112625,0.9925685524940491
data\raw\riceleafbd\Tungro Virus\312700371_432518065710171_8063987810203739467_n.jpg,riceleafbd,0.6021822199714562,1,0.6021822199714562,1.009871482849121
data\raw\riceleafbd\Tungro Virus\312709288_1547785992338261_1313766342061877705_n.jpg,riceleafbd,0.16905691634126138,1,0.16905691634126138,0.9967554211616516
data\raw\riceleafbd\Tungro Virus\312733642_5992270867460528_3274104348813363464_n.jpg,riceleafbd,0.1189447731755424,1,0.1189447731755424,0.9770728349685669
data\raw\riceleafbd\Tungro Virus\312786876_841817763798870_7613152504738535985_n.jpg,riceleafbd,0.5519714506172839,1,0.5519714506172839,0.9743664264678955
data\raw\riceleafbd\Tungro Virus\312811595_523964712917208_6773961654921321697_n.jpg,riceleafbd,0.5725654402343034,1,0.5725654402343034,1.00324547290802
data\raw\riceleafbd\Tungro Virus\312830527_992982388324320_7406514724990505039_n.jpg,riceleafbd,0.08830848214285714,1,0.08830848214285714,0.973223090171814
data\raw\riceleafbd\Tungro Virus\312847473_1461819517659471_8659958642311574889_n.jpg,riceleafbd,0.0029732510288065844,1,0.0029732510288065844,0.9642813205718994
data\raw\riceleafbd\Tungro Virus\312889488_574444127855327_2024543328451872117_n.jpg,riceleafbd,0.17546939300411524,1,0.17546939300411524,1.0106076002120972
data\raw\riceleafbd\Tungro Virus\312890873_497867222269951_4022885594997532713_n.jpg,riceleafbd,0.1553676949562628,1,0.1553676949562628,0.9854650497436523
data\raw\riceleafbd\Tungro Virus\312892745_1220328658516055_685874829593176905_n.jpg,riceleafbd,0.27158374033374033,1,0.27158374033374033,0.9780700206756592
data\raw\riceleafbd\Tungro Virus\312915150_498487428903457_5308885668375378577_n.jpg,riceleafbd,0.08833172127513804,1,0.08833172127513804,1.0035386085510254
data\raw\riceleafbd\Tungro Virus\312926105_517806066934989_5404921941017014336_n.jpg,riceleafbd,0.1408702284660139,1,0.1408702284660139,0.9943106770515442
data\raw\riceleafbd\Tungro Virus\312927053_825508138651506_8827131309970384464_n.jpg,riceleafbd,0.2521817583050894,1,0.2521817583050894,0.9896129369735718
data\raw\riceleafbd\Tungro Virus\313008522_529867318988872_3780625405221698725_n.jpg,riceleafbd,0.19606126197035287,1,0.19606126197035287,0.9887006282806396
data\raw\riceleafbd\Tungro Virus\313021143_1282445042549529_6438995739058750194_n.jpg,riceleafbd,0.3346498034347196,1,0.3346498034347196,0.9831619262695312
data\raw\riceleafbd\Tungro Virus\313027206_1765914717118418_1931279656672544143_n.jpg,riceleafbd,0.15960832313341494,1,0.15960832313341494,0.999039888381958
data\raw\riceleafbd\Tungro Virus\313085369_820257655899205_7250061022939215882_n.jpg,riceleafbd,0.003829910714285714,1,0.003829910714285714,0.9149512648582458
data\raw\riceleafbd\Tungro Virus\313105712_656378519380332_5313047930818402880_n.jpg,riceleafbd,0.1292111320359908,1,0.1292111320359908,0.9832541346549988
data\raw\riceleafbd\Tungro Virus\313113847_1497363217428791_1754163908149482870_n.jpg,riceleafbd,0.06017094017094017,1,0.06017094017094017,0.9934834241867065
data\raw\riceleafbd\Tungro Virus\313199222_3243493292576710_7474365912712924818_n.jpg,riceleafbd,0.9971687622957831,1,0.9971687622957831,1.0001583099365234
data\raw\riceleafbd\Tungro Virus\313202978_1333936047416451_9197963406124724448_n.jpg,riceleafbd,0.23671023965141613,1,0.23671023965141613,0.9868659973144531
data\raw\riceleafbd\Tungro Virus\313276290_810675610261440_6365694331633909071_n.jpg,riceleafbd,0.17206712962962964,1,0.17206712962962964,1.0028367042541504
data\raw\riceleafbd\Tungro Virus\313280596_458699843022179_8235591247668221753_n.jpg,riceleafbd,0.12229112052161054,1,0.12229112052161054,0.9939004182815552
data\raw\riceleafbd\Tungro Virus\313290051_850042486148444_822354297154567821_n.jpg,riceleafbd,0.6415618569958847,1,0.6415618569958847,1.014947533607483
data\raw\riceleafbd\Tungro Virus\313291681_1117183462320763_4544527238876029244_n.jpg,riceleafbd,0.5767301946216588,1,0.5767301946216588,0.9487495422363281
data\raw\riceleafbd\Tungro Virus\313297072_2018173358376655_7387558375491251387_n.jpg,riceleafbd,0.16815977024742584,1,0.16815977024742584,0.9955612421035767
data\raw\riceleafbd\Tungro Virus\313351797_1221711848408711_2416508152275846788_n.jpg,riceleafbd,0.00715318869165023,1,0.00715318869165023,0.7844577431678772
data\raw\riceleafbd\Tungro Virus\313398992_1315020555911491_3726555706906212414_n.jpg,riceleafbd,0.06552831860713634,1,0.06552831860713634,0.9603548645973206
data\raw\riceleafbd\Tungro Virus\313446882_450904437061335_297193400785572983_n.jpg,riceleafbd,0.9260632796845711,1,0.9260632796845711,0.9702764749526978
data\raw\riceleafbd\Tungro Virus\313473800_662257422148252_5996496500964280352_n.jpg,riceleafbd,0.2658471212824081,1,0.2658471212824081,0.9773821830749512
data\raw\riceleafbd\Tungro Virus\313474843_1238166350248747_3707222436565427985_n.jpg,riceleafbd,0.030841335162322816,1,0.030841335162322816,0.9583547711372375
data\raw\riceleafbd\Tungro Virus\313476972_518088056839420_8197203860285959253_n.jpg,riceleafbd,0.0032676125545113934,1,0.0032676125545113934,0.9301210045814514
data\raw\riceleafbd\Tungro Virus\313479416_896481901758297_3784707154000360244_n.jpg,riceleafbd,0.1937535394721939,1,0.1937535394721939,1.0000807046890259
data\raw\riceleafbd\Tungro Virus\313484323_518419956806699_174373109191847387_n.jpg,riceleafbd,0.9898482142857142,1,0.9898482142857142,0.8931180238723755
data\raw\riceleafbd\Tungro Virus\313495486_470382545192555_2756626687553123422_n.jpg,riceleafbd,0.9909280868933215,1,0.9909280868933215,0.9489654302597046
data\raw\riceleafbd\Tungro Virus\313518552_496330772456746_8117639314293867317_n.jpg,riceleafbd,0.12992348251028807,1,0.12992348251028807,1.00334894657135
data\raw\riceleafbd\Tungro Virus\313521611_427973569486439_58910322981629660_n.jpg,riceleafbd,0.29223285095249774,1,0.29223285095249774,0.7820897102355957
data\raw\riceleafbd\Tungro Virus\313791326_506608397856473_3402084890261817697_n.jpg,riceleafbd,0.00118505658436214,1,0.00118505658436214,0.9576301574707031
data\raw\riceleafbd\Tungro Virus\313857273_845611629966309_5300173381159104037_n.jpg,riceleafbd,0.2119454929307146,1,0.2119454929307146,0.9985445737838745
data\raw\riceleafbd\Tungro Virus\313867371_788722312232114_7238672527911587421_n.jpg,riceleafbd,0.9901765187581381,1,0.9901765187581381,0.9690878391265869
data\raw\riceleafbd\Tungro Virus\313873854_820326195876699_5906180163809761447_n.jpg,riceleafbd,0.5341994598765432,1,0.5341994598765432,1.0027471780776978
data\raw\riceleafbd\Tungro Virus\313919787_653042286377809_8052498550560339053_n.jpg,riceleafbd,0.271811606391926,1,0.271811606391926,1.002142071723938
data\raw\riceleafbd\Tungro Virus\313934186_388312766763583_1976798813798940065_n.jpg,riceleafbd,0.14741944110175156,1,0.14741944110175156,0.9676764011383057
data\raw\riceleafbd\Tungro Virus\313934765_514512747253323_7096188968606116547_n.jpg,riceleafbd,0.9489138392857143,1,0.9489138392857143,0.9338079690933228
data\raw\riceleafbd\Tungro Virus\314026876_672345550929921_7581328621022457094_n.jpg,riceleafbd,0.20254054350208198,1,0.20254054350208198,1.0010733604431152
data\raw\riceleafbd\Tungro Virus\314028358_5567512366635128_628155748766921754_n.jpg,riceleafbd,0.1644389854707315,1,0.1644389854707315,0.9990922808647156
data\raw\riceleafbd\Tungro Virus\314028893_1622067174877071_7808986505635627781_n.jpg,riceleafbd,0.10652678571428571,1,0.10652678571428571,0.9878493547439575
data\raw\riceleafbd\Tungro Virus\314135897_5489632167795385_8471131514195232333_n (1).jpg,riceleafbd,0.1582751079300159,1,0.1582751079300159,0.9776211977005005
data\raw\riceleafbd\Tungro Virus\314135897_5489632167795385_8471131514195232333_n.jpg,riceleafbd,0.1582751079300159,1,0.1582751079300159,0.9776211977005005
data\raw\riceleafbd\Tungro Virus\314201050_440125971423808_2497348725556524603_n.jpg,riceleafbd,0.9105407664609053,1,0.9105407664609053,0.9740408658981323
data\raw\riceleafbd\Tungro Virus\314382778_884843319601001_2862530816243692118_n.jpg,riceleafbd,0.10983571428571429,1,0.10983571428571429,0.9855781197547913
data\raw\riceleafbd\Tungro Virus\314392161_1892003577811837_4999010892914295676_n.jpg,riceleafbd,0.0017901234567901235,1,0.0017901234567901235,0.9369847774505615
data\raw\riceleafbd\Tungro Virus\314394073_671538744357470_7705598235426245776_n.jpg,riceleafbd,0.030109310699588478,1,0.030109310699588478,0.9770174026489258
data\raw\riceleafbd\Tungro Virus\314394408_666716938414137_4252503226096246667_n.jpg,riceleafbd,0.699362062812277,1,0.699362062812277,0.990942120552063
data\raw\riceleafbd\Tungro Virus\314395070_1448074705684187_8049018624220246452_n.jpg,riceleafbd,0.5424924107142857,1,0.5424924107142857,0.9997695684432983
data\raw\riceleafbd\Tungro Virus\314395606_609116287620389_1268526298742992498_n.jpg,riceleafbd,0.2976669843539036,1,0.2976669843539036,0.9836781024932861
data\raw\riceleafbd\Tungro Virus\314404506_865258634888614_6971945189331854511_n.jpg,riceleafbd,0.0007960390946502058,1,0.0007960390946502058,0.9099776744842529
data\raw\riceleafbd\Tungro Virus\314409345_841701453811073_7061125291719242458_n.jpg,riceleafbd,0.08836448598130842,1,0.08836448598130842,0.9697639346122742
data\raw\riceleafbd\Tungro Virus\314411318_662438788806690_4503523376677602665_n.jpg,riceleafbd,0.14023205304069503,1,0.14023205304069503,0.9864946603775024
data\raw\riceleafbd\Tungro Virus\314412150_658301555665728_5783422646742614176_n.jpg,riceleafbd,0.03769518501142298,1,0.03769518501142298,0.9409072399139404
data\raw\riceleafbd\Tungro Virus\314416116_493741476053347_7753319753361491463_n.jpg,riceleafbd,0.038282142857142855,1,0.038282142857142855,0.9629449248313904
data\raw\riceleafbd\Tungro Virus\314437223_675004010809155_2113406423094481702_n.jpg,riceleafbd,0.771929310133812,1,0.771929310133812,0.9889144897460938
data\raw\riceleafbd\Tungro Virus\314466146_1066596810682934_1186717844039819600_n (1).jpg,riceleafbd,0.17917060258983744,1,0.17917060258983744,1.0085755586624146
data\raw\riceleafbd\Tungro Virus\314466146_1066596810682934_1186717844039819600_n.jpg,riceleafbd,0.17917060258983744,1,0.17917060258983744,1.0085755586624146
data\raw\riceleafbd\Tungro Virus\314477102_664878278644574_8181446894341452010_n.jpg,riceleafbd,0.9970495956062336,1,0.9970495956062336,0.9075515270233154
data\raw\riceleafbd\Tungro Virus\314477857_1176513739629605_4596039316625462930_n.jpg,riceleafbd,0.001224922839506173,1,0.001224922839506173,0.8761637806892395
data\raw\riceleafbd\Tungro Virus\314478760_1541757819664010_929515794713908471_n.jpg,riceleafbd,0.030152859960552267,1,0.030152859960552267,0.9766926169395447
data\raw\riceleafbd\Tungro Virus\314482390_520646716746233_5655409664379156959_n (1).jpg,riceleafbd,0.16683216344233293,1,0.16683216344233293,0.9887874722480774
data\raw\riceleafbd\Tungro Virus\314482390_520646716746233_5655409664379156959_n.jpg,riceleafbd,0.16683216344233293,1,0.16683216344233293,0.9887874722480774
data\raw\riceleafbd\Tungro Virus\314588491_547783773851268_472072504543659331_n.jpg,riceleafbd,0.011036607142857143,1,0.011036607142857143,0.8391445875167847
data\raw\riceleafbd\Tungro Virus\314589722_571824921370602_7539411785133746912_n.jpg,riceleafbd,0.0006760902914749069,1,0.0006760902914749069,0.9129648804664612
data\raw\riceleafbd\Tungro Virus\314614191_1099824580720251_1039674675470385223_n.jpg,riceleafbd,0.07636324564615886,1,0.07636324564615886,0.9863473773002625
data\raw\riceleafbd\Tungro Virus\314626494_2199997793512760_5689096446062356111_n.jpg,riceleafbd,0.9566990534464518,1,0.9566990534464518,0.9278131723403931
data\raw\riceleafbd\Tungro Virus\314663031_5623907384368921_6401477014431942583_n.jpg,riceleafbd,0.5446566358024691,1,0.5446566358024691,0.8916641473770142
data\raw\riceleafbd\Tungro Virus\314710147_853163099035730_4425646008139630060_n.jpg,riceleafbd,0.15660236625514404,1,0.15660236625514404,1.0041172504425049
data\raw\riceleafbd\Tungro Virus\314769275_837343170814007_9214366391944388348_n.jpg,riceleafbd,0.5674128862590401,1,0.5674128862590401,0.9212619066238403
data\raw\riceleafbd\Tungro Virus\314928918_3409685039301547_8314632096972478031_n.jpg,riceleafbd,0.5099751154581705,1,0.5099751154581705,0.9305863380432129
data\raw\riceleafbd\Tungro Virus\314929536_514257187251721_8473283268031593647_n.jpg,riceleafbd,0.16206936226166996,1,0.16206936226166996,0.9908191561698914
data\raw\riceleafbd\Tungro Virus\314930260_1818579975157463_1601302891408416777_n.jpg,riceleafbd,0.0008190883190883191,1,0.0008190883190883191,0.9529916644096375
data\raw\riceleafbd\Tungro Virus\314931739_3194467547471355_6785017293421829101_n.jpg,riceleafbd,0.0789724803157637,1,0.0789724803157637,0.988497793674469
data\raw\riceleafbd\Tungro Virus\314982106_892201005107374_3268459391229799877_n.jpg,riceleafbd,0.07691669464111328,1,0.07691669464111328,0.9960092306137085
data\raw\riceleafbd\Tungro Virus\314995769_2022730978117313_5970444149640206168_n.jpg,riceleafbd,0.0027024391114556135,1,0.0027024391114556135,0.9528213143348694
data\raw\riceleafbd\Tungro Virus\315005960_535107358462566_1004311371707062439_n.jpg,riceleafbd,0.08703288756105658,1,0.08703288756105658,0.9946773052215576
data\raw\riceleafbd\Tungro Virus\315007074_651721123355694_3989185851432014261_n.jpg,riceleafbd,0.07070000966389973,1,0.07070000966389973,1.0070829391479492
data\raw\riceleafbd\Tungro Virus\315007538_1174828136803187_7011927899512427534_n.jpg,riceleafbd,0.07563463846842448,1,0.07563463846842448,0.9953710436820984
data\raw\riceleafbd\Tungro Virus\315007538_540685001401362_2199739754622281192_n.jpg,riceleafbd,0.01561256986374021,1,0.01561256986374021,0.9018794298171997
data\raw\riceleafbd\Tungro Virus\315025168_885942549514958_410968716638224833_n.jpg,riceleafbd,0.06853084713609661,1,0.06853084713609661,0.9945640563964844
data\raw\riceleafbd\Tungro Virus\315066326_834327244474901_2483939669096820473_n.jpg,riceleafbd,0.5166606399298707,1,0.5166606399298707,0.9850153923034668
data\raw\riceleafbd\Tungro Virus\315085202_1625996471194958_6659674365267875090_n.jpg,riceleafbd,0.99257110627669,1,0.99257110627669,1.0016870498657227
data\raw\riceleafbd\Tungro Virus\315091661_434064708914940_6396229293228550745_n.jpg,riceleafbd,0.0034264738110891956,1,0.0034264738110891956,0.8436535596847534
data\raw\riceleafbd\Tungro Virus\315102597_1266038787574065_7208802774790833818_n.jpg,riceleafbd,0.0009673195781657964,1,0.0009673195781657964,0.8903713226318359
data\raw\riceleafbd\Tungro Virus\315109192_376288577988389_3200960401410133787_n (1).jpg,riceleafbd,0.5256468770398173,1,0.5256468770398173,0.9897909164428711
data\raw\riceleafbd\Tungro Virus\315109192_376288577988389_3200960401410133787_n.jpg,riceleafbd,0.5256468770398173,1,0.5256468770398173,0.9897909164428711
data\raw\riceleafbd\Tungro Virus\315109272_2915040742138888_1729940556233483712_n.jpg,riceleafbd,0.9114488409272582,1,0.9114488409272582,1.0086339712142944
data\raw\riceleafbd\Tungro Virus\315112388_703565500789296_7591840507813831220_n.jpg,riceleafbd,0.022245233399079554,1,0.022245233399079554,0.9146324396133423
data\raw\riceleafbd\Tungro Virus\315146239_1249007172612735_8062719497942942747_n.jpg,riceleafbd,0.08764190225728687,1,0.08764190225728687,0.9924776554107666
data\raw\riceleafbd\Tungro Virus\315203775_1069188537093572_5855798005229584370_n.jpg,riceleafbd,0.07145913441975911,1,0.07145913441975911,1.0005073547363281
data\raw\riceleafbd\Tungro Virus\315204449_1196227437960472_520187089584785187_n.jpg,riceleafbd,0.14629041779980062,1,0.14629041779980062,0.9903291463851929
data\raw\riceleafbd\Tungro Virus\315331502_3315153622084393_4739035234098185129_n.jpg,riceleafbd,0.9327125,1,0.9327125,0.9290945529937744
data\raw\riceleafbd\Tungro Virus\316156693_462972815742038_5002376687948776758_n.jpg,riceleafbd,0.07083392857142858,1,0.07083392857142858,0.9940686225891113
data\raw\riceleafbd\Tungro Virus\53cc0012-5762-4e8d-a4fe-38d0919fde0f.jpg,riceleafbd,0.0023575846354166666,1,0.0023575846354166666,0.929047703742981
data\raw\riceleafbd\Tungro Virus\682569f9-1ecb-4260-922f-5801c4682aff.jpg,riceleafbd,0.9981038411458333,1,0.9981038411458333,0.9630030393600464
data\raw\riceleafbd\Tungro Virus\71080e5d-e7ce-4440-b648-ab9d84215ab4.jpg,riceleafbd,0.6296546875,1,0.6296546875,0.9929810762405396
data\raw\riceleafbd\Tungro Virus\7a04390e-76de-41e5-a98d-bb53c22061f0.jpg,riceleafbd,0.8445556640625,1,0.8445556640625,1.0154104232788086
data\raw\riceleafbd\Tungro Virus\9f13923f-66b4-43e9-84e3-a94e6aa15712.jpg,riceleafbd,0.06262369791666667,1,0.06262369791666667,0.9718952178955078
data\raw\dhan_shomadhan\White Background\Brown Spot\bs_wb_0.jpg,dhan_shomadhan,0.6031456888398486,1,0.6031456888398486,0.9859453439712524
data\raw\dhan_shomadhan\White Background\Brown Spot\bs_wb_1.jpg,dhan_shomadhan,0.5192040461459647,1,0.5192040461459647,0.996836245059967
data\raw\dhan_shomadhan\White Background\Brown Spot\bs_wb_10.jpg,dhan_shomadhan,0.0936117049574401,1,0.0936117049574401,0.9821761846542358
data\raw\dhan_shomadhan\White Background\Brown Spot\bs_wb_11.jpg,dhan_shomadhan,0.5356886181825347,1,0.5356886181825347,0.9883896112442017
data\raw\dhan_shomadhan\White Background\Brown Spot\bs_wb_12.jpg,dhan_shomadhan,0.5511765546185372,1,0.5511765546185372,1.0024319887161255
data\raw\dhan_shomadhan\White Background\Brown Spot\bs_wb_13.jpg,dhan_shomadhan,0.06811628113177806,1,0.06811628113177806,0.9847092628479004
data\raw\dhan_shomadhan\White Background\Brown Spot\bs_wb_14.jpg,dhan_shomadhan,0.08207829248108449,1,0.08207829248108449,0.9882687330245972
data\raw\dhan_shomadhan\White Background\Brown Spot\bs_wb_15.jpg,dhan_shomadhan,0.5252754817544136,1,0.5252754817544136,0.9943478107452393
data\raw\dhan_shomadhan\White Background\Brown Spot\bs_wb_16.jpg,dhan_shomadhan,0.04131081041141236,1,0.04131081041141236,0.9725809097290039
data\raw\dhan_shomadhan\White Background\Brown Spot\bs_wb_17.jpg,dhan_shomadhan,0.048808421343001264,1,0.048808421343001264,0.9795006513595581
data\raw\dhan_shomadhan\White Background\Brown Spot\bs_wb_18.jpg,dhan_shomadhan,0.045650048273959645,1,0.045650048273959645,0.9750024080276489
data\raw\dhan_shomadhan\White Background\Brown Spot\bs_wb_19.jpg,dhan_shomadhan,0.0781507379019546,1,0.0781507379019546,0.963367223739624
data\raw\dhan_shomadhan\White Background\Brown Spot\bs_wb_2.jpg,dhan_shomadhan,0.0007077307298234552,1,0.0007077307298234552,0.9219894409179688
data\raw\dhan_shomadhan\White Background\Brown Spot\bs_wb_20.jpg,dhan_shomadhan,0.06395770117433795,1,0.06395770117433795,0.9870532751083374
data\raw\dhan_shomadhan\White Background\Brown Spot\bs_wb_21.jpg,dhan_shomadhan,0.09103175736916772,1,0.09103175736916772,0.9877678155899048
data\raw\dhan_shomadhan\White Background\Brown Spot\bs_wb_22.jpg,dhan_shomadhan,0.04961774905422446,1,0.04961774905422446,0.9793412685394287
data\raw\dhan_shomadhan\White Background\Brown Spot\bs_wb_23.jpg,dhan_shomadhan,0.001019171658259773,1,0.001019171658259773,0.9135597348213196
data\raw\dhan_shomadhan\White Background\Brown Spot\bs_wb_24.jpg,dhan_shomadhan,0.04045320874054224,1,0.04045320874054224,0.9748743772506714
data\raw\dhan_shomadhan\White Background\Brown Spot\bs_wb_25.jpg,dhan_shomadhan,0.48786919727301387,1,0.48786919727301387,0.9983059167861938
data\raw\dhan_shomadhan\White Background\Brown Spot\bs_wb_26.jpg,dhan_shomadhan,0.5019193824873897,1,0.5019193824873897,0.9689570665359497
data\raw\dhan_shomadhan\White Background\Brown Spot\bs_wb_27.jpg,dhan_shomadhan,0.07587927569356873,1,0.07587927569356873,0.9961766004562378
data\raw\dhan_shomadhan\White Background\Brown Spot\bs_wb_28.jpg,dhan_shomadhan,0.9324506915983607,1,0.9324506915983607,0.9901129007339478
data\raw\dhan_shomadhan\White Background\Brown Spot\bs_wb_29.jpg,dhan_shomadhan,0.05311527131935687,1,0.05311527131935687,0.9747717380523682
data\raw\dhan_shomadhan\White Background\Brown Spot\bs_wb_3.jpg,dhan_shomadhan,0.5343299278846154,1,0.5343299278846154,0.9919116497039795
data\raw\dhan_shomadhan\White Background\Brown Spot\bs_wb_30.jpg,dhan_shomadhan,0.5249717991409205,1,0.5249717991409205,0.9887455701828003
data\raw\dhan_shomadhan\White Background\Brown Spot\bs_wb_31.jpg,dhan_shomadhan,0.052393378586065575,1,0.052393378586065575,0.9511205554008484
data\raw\dhan_shomadhan\White Background\Brown Spot\bs_wb_32.jpg,dhan_shomadhan,0.06072125236443884,1,0.06072125236443884,0.9822170734405518
data\raw\dhan_shomadhan\White Background\Brown Spot\bs_wb_33.jpg,dhan_shomadhan,0.04001184682377049,1,0.04001184682377049,0.9655661582946777
data\raw\dhan_shomadhan\White Background\Brown Spot\bs_wb_34.jpg,dhan_shomadhan,0.04479478641235814,1,0.04479478641235814,0.9620039463043213
data\raw\dhan_shomadhan\White Background\Brown Spot\bs_wb_35.jpg,dhan_shomadhan,0.049456671658259774,1,0.049456671658259774,0.9712430238723755
data\raw\dhan_shomadhan\White Background\Brown Spot\bs_wb_36.jpg,dhan_shomadhan,0.9320975035466582,1,0.9320975035466582,0.9983136653900146
data\raw\dhan_shomadhan\White Background\Brown Spot\bs_wb_37.jpg,dhan_shomadhan,0.06421077001891551,1,0.06421077001891551,0.9748591184616089
data\raw\dhan_shomadhan\White Background\Brown Spot\bs_wb_38.jpg,dhan_shomadhan,0.04811115818095839,1,0.04811115818095839,0.9412664175033569
data\raw\dhan_shomadhan\White Background\Brown Spot\bs_wb_39.jpg,dhan_shomadhan,0.48424569475094575,1,0.48424569475094575,0.9998157024383545
data\raw\dhan_shomadhan\White Background\Brown Spot\bs_wb_4.jpg,dhan_shomadhan,0.6405988926544767,1,0.6405988926544767,0.9959392547607422
data\raw\dhan_shomadhan\White Background\Brown Spot\bs_wb_40.jpg,dhan_shomadhan,0.4923070765684111,1,0.4923070765684111,1.0012595653533936
data\raw\dhan_shomadhan\White Background\Brown Spot\bs_wb_41.jpg,dhan_shomadhan,0.0030778343710592686,1,0.0030778343710592686,0.9053173065185547
data\raw\dhan_shomadhan\White Background\Brown Spot\bs_wb_42.jpg,dhan_shomadhan,0.03761625157629256,1,0.03761625157629256,0.9696587324142456
data\raw\dhan_shomadhan\White Background\Brown Spot\bs_wb_43.jpg,dhan_shomadhan,0.48307529752522066,1,0.48307529752522066,0.9992059469223022
data\raw\dhan_shomadhan\White Background\Brown Spot\bs_wb_44.jpg,dhan_shomadhan,0.062037456651954606,1,0.062037456651954606,0.9732669591903687
data\raw\dhan_shomadhan\White Background\Brown Spot\bs_wb_45.jpg,dhan_shomadhan,0.040897156762295085,1,0.040897156762295085,0.9710619449615479
data\raw\dhan_shomadhan\White Background\Brown Spot\bs_wb_46.jpg,dhan_shomadhan,0.05205644605138714,1,0.05205644605138714,0.9725453853607178
data\raw\dhan_shomadhan\White Background\Brown Spot\bs_wb_47.jpg,dhan_shomadhan,0.49960986759142495,1,0.49960986759142495,1.0062814950942993
data\raw\dhan_shomadhan\White Background\Brown Spot\bs_wb_48.jpg,dhan_shomadhan,0.08676517674180328,1,0.08676517674180328,0.929949164390564
data\raw\dhan_shomadhan\White Background\Brown Spot\bs_wb_49.jpg,dhan_shomadhan,0.5067922200110341,1,0.5067922200110341,1.0062803030014038
data\raw\dhan_shomadhan\White Background\Brown Spot\bs_wb_5.jpg,dhan_shomadhan,0.5989156831257881,1,0.5989156831257881,0.9869070053100586
data\raw\dhan_shomadhan\White Background\Brown Spot\bs_wb_50.jpg,dhan_shomadhan,0.4905807899196091,1,0.4905807899196091,1.0031236410140991
data\raw\dhan_shomadhan\White Background\Brown Spot\bs_wb_51.jpg,dhan_shomadhan,0.04369753901324086,1,0.04369753901324086,0.9509849548339844
data\raw\dhan_shomadhan\White Background\Brown Spot\bs_wb_52.jpg,dhan_shomadhan,0.5369857345523329,1,0.5369857345523329,0.994411826133728
data\raw\dhan_shomadhan\White Background\Brown Spot\bs_wb_53.jpg,dhan_shomadhan,0.5230466287042875,1,0.5230466287042875,0.9955215454101562
data\raw\dhan_shomadhan\White Background\Brown Spot\bs_wb_54.jpg,dhan_shomadhan,0.5336295860261665,1,0.5336295860261665,1.0046815872192383
data\raw\dhan_shomadhan\White Background\Brown Spot\bs_wb_55.jpg,dhan_shomadhan,0.5521650624605927,1,0.5521650624605927,1.0021963119506836
data\raw\dhan_shomadhan\White Background\Brown Spot\bs_wb_56.jpg,dhan_shomadhan,0.8016620034678437,1,0.8016620034678437,0.9908742904663086
data\raw\dhan_shomadhan\White Background\Brown Spot\bs_wb_57.jpg,dhan_shomadhan,0.10757704129886507,1,0.10757704129886507,1.0143616199493408
data\raw\dhan_shomadhan\White Background\Brown Spot\bs_wb_58.jpg,dhan_shomadhan,0.5320266935293191,1,0.5320266935293191,0.9978153705596924
data\raw\dhan_shomadhan\White Background\Brown Spot\bs_wb_59.jpg,dhan_shomadhan,0.12962247793190415,1,0.12962247793190415,0.9954702854156494
data\raw\dhan_shomadhan\White Background\Brown Spot\bs_wb_6.jpg,dhan_shomadhan,0.11544532727774275,1,0.11544532727774275,0.9974124431610107
data\raw\dhan_shomadhan\White Background\Brown Spot\bs_wb_60.jpg,dhan_shomadhan,0.09721488808322824,1,0.09721488808322824,0.9998643398284912
data\raw\dhan_shomadhan\White Background\Brown Spot\bs_wb_61.jpg,dhan_shomadhan,0.10595296737074401,1,0.10595296737074401,0.9932160377502441
data\raw\dhan_shomadhan\White Background\Brown Spot\bs_wb_62.jpg,dhan_shomadhan,0.1057155383039092,1,0.1057155383039092,0.9954296350479126
data\raw\dhan_shomadhan\White Background\Brown Spot\bs_wb_63.jpg,dhan_shomadhan,0.13213691086065574,1,0.13213691086065574,0.9413423538208008
data\raw\dhan_shomadhan\White Background\Brown Spot\bs_wb_64.jpg,dhan_shomadhan,0.14099518245586382,1,0.14099518245586382,0.9091519117355347
data\raw\dhan_shomadhan\White Background\Brown Spot\bs_wb_65.jpg,dhan_shomadhan,0.8698385039013241,1,0.8698385039013241,1.0033652782440186
data\raw\dhan_shomadhan\White Background\Brown Spot\bs_wb_66.jpg,dhan_shomadhan,0.16183968119482975,1,0.16183968119482975,1.0079442262649536
data\raw\dhan_shomadhan\White Background\Brown Spot\bs_wb_67.jpg,dhan_shomadhan,0.1441161185766078,1,0.1441161185766078,0.9998818635940552
data\raw\dhan_shomadhan\White Background\Brown Spot\bs_wb_68.jpg,dhan_shomadhan,0.14183739064470366,1,0.14183739064470366,0.9973376989364624
data\raw\dhan_shomadhan\White Background\Brown Spot\bs_wb_69.jpg,dhan_shomadhan,0.14881334725725096,1,0.14881334725725096,1.006277084350586
data\raw\dhan_shomadhan\White Background\Brown Spot\bs_wb_7.jpg,dhan_shomadhan,0.5536252265920555,1,0.5536252265920555,0.995881199836731
data\raw\dhan_shomadhan\White Background\Brown Spot\bs_wb_70.jpg,dhan_shomadhan,0.17614022600094578,1,0.17614022600094578,1.008805513381958
data\raw\dhan_shomadhan\White Background\Brown Spot\bs_wb_71.jpg,dhan_shomadhan,0.1897431382014502,1,0.1897431382014502,0.9776211977005005
data\raw\dhan_shomadhan\White Background\Brown Spot\bs_wb_72.jpg,dhan_shomadhan,0.14381095818883985,1,0.14381095818883985,0.9997504949569702
data\raw\dhan_shomadhan\White Background\Brown Spot\bs_wb_73.jpg,dhan_shomadhan,0.14687918702711222,1,0.14687918702711222,1.005616545677185
data\raw\dhan_shomadhan\White Background\Brown Spot\bs_wb_74.jpg,dhan_shomadhan,0.18685138024117276,1,0.18685138024117276,0.9963957071304321
data\raw\dhan_shomadhan\White Background\Brown Spot\bs_wb_75.jpg,dhan_shomadhan,0.0020277526008827236,1,0.0020277526008827236,0.9416898488998413
data\raw\dhan_shomadhan\White Background\Brown Spot\bs_wb_76.jpg,dhan_shomadhan,0.11456974601986128,1,0.11456974601986128,0.9795354604721069
data\raw\dhan_shomadhan\White Background\Brown Spot\bs_wb_77.jpg,dhan_shomadhan,0.10745093789407315,1,0.10745093789407315,0.9703853130340576
data\raw\dhan_shomadhan\White Background\Brown Spot\bs_wb_78.jpg,dhan_shomadhan,0.13864835375945775,1,0.13864835375945775,0.9871546030044556
data\raw\dhan_shomadhan\White Background\Brown Spot\bs_wb_79.jpg,dhan_shomadhan,0.12089067918505675,1,0.12089067918505675,1.0019999742507935
data\raw\dhan_shomadhan\White Background\Brown Spot\bs_wb_8.jpg,dhan_shomadhan,0.004758186869482976,1,0.004758186869482976,0.9550665020942688
data\raw\dhan_shomadhan\White Background\Brown Spot\bs_wb_80.jpg,dhan_shomadhan,0.17013024117276165,1,0.17013024117276165,1.0068801641464233
data\raw\dhan_shomadhan\White Background\Brown Spot\bs_wb_81.jpg,dhan_shomadhan,0.8764960001576293,1,0.8764960001576293,0.9973788261413574
data\raw\dhan_shomadhan\White Background\Brown Spot\bs_wb_82.jpg,dhan_shomadhan,0.11487638418190416,1,0.11487638418190416,0.9924179315567017
data\raw\dhan_shomadhan\White Background\Brown Spot\bs_wb_83.jpg,dhan_shomadhan,0.11279186041929382,1,0.11279186041929382,0.9989137649536133
data\raw\dhan_shomadhan\White Background\Brown Spot\bs_wb_84.jpg,dhan_shomadhan,0.12219678534836066,1,0.12219678534836066,0.9833317995071411
data\raw\dhan_shomadhan\White Background\Brown Spot\bs_wb_85.jpg,dhan_shomadhan,0.09664397462168979,1,0.09664397462168979,1.0129839181900024
data\raw\dhan_shomadhan\White Background\Brown Spot\bs_wb_86.jpg,dhan_shomadhan,0.06365364911727617,1,0.06365364911727617,0.9373252391815186
data\raw\dhan_shomadhan\White Background\Brown Spot\bs_wb_87.jpg,dhan_shomadhan,0.11741273742906684,1,0.11741273742906684,0.9953444004058838
data\raw\dhan_shomadhan\White Background\Brown Spot\bs_wb_88.jpg,dhan_shomadhan,0.14687463055643127,1,0.14687463055643127,0.9974384307861328
data\raw\dhan_shomadhan\White Background\Brown Spot\bs_wb_89.jpg,dhan_shomadhan,0.16644183973045398,1,0.16644183973045398,0.9576222896575928
data\raw\dhan_shomadhan\White Background\Brown Spot\bs_wb_9.jpg,dhan_shomadhan,0.10820472592213115,1,0.10820472592213115,0.9838385581970215
data\raw\dhan_shomadhan\White Background\Leaf Scaled\ls_wb_0.jpg,dhan_shomadhan,0.09377832400693568,1,0.09377832400693568,0.985895037651062
data\raw\dhan_shomadhan\White Background\Leaf Scaled\ls_wb_1.jpg,dhan_shomadhan,0.1910764600409836,1,0.1910764600409836,0.9984383583068848
data\raw\dhan_shomadhan\White Background\Leaf Scaled\ls_wb_10.jpg,dhan_shomadhan,0.5072977419609079,1,0.5072977419609079,1.004992127418518
data\raw\dhan_shomadhan\White Background\Leaf Scaled\ls_wb_100.jpg,dhan_shomadhan,0.1036462848754729,1,0.1036462848754729,1.008280873298645
data\raw\dhan_shomadhan\White Background\Leaf Scaled\ls_wb_101.jpg,dhan_shomadhan,0.10727631423392181,1,0.10727631423392181,0.9949910640716553
data\raw\dhan_shomadhan\White Background\Leaf Scaled\ls_wb_102.jpg,dhan_shomadhan,0.4972320056352459,1,0.4972320056352459,0.9890294075012207
data\raw\dhan_shomadhan\White Background\Leaf Scaled\ls_wb_103.jpg,dhan_shomadhan,0.17717491428909204,1,0.17717491428909204,1.0067471265792847
data\raw\dhan_shomadhan\White Background\Leaf Scaled\ls_wb_104.jpg,dhan_shomadhan,0.12596240049653215,1,0.12596240049653215,0.9983450174331665
data\raw\dhan_shomadhan\White Background\Leaf Scaled\ls_wb_105.jpg,dhan_shomadhan,0.0713718178593947,1,0.0713718178593947,1.0007346868515015
data\raw\dhan_shomadhan\White Background\Leaf Scaled\ls_wb_106.jpg,dhan_shomadhan,0.12864419136191677,1,0.12864419136191677,0.9976584911346436
data\raw\dhan_shomadhan\White Background\Leaf Scaled\ls_wb_107.jpg,dhan_shomadhan,0.09148173963587641,1,0.09148173963587641,0.9911260604858398
data\raw\dhan_shomadhan\White Background\Leaf Scaled\ls_wb_108.jpg,dhan_shomadhan,0.11157996236601513,1,0.11157996236601513,1.0056955814361572
data\raw\dhan_shomadhan\White Background\Leaf Scaled\ls_wb_109.jpg,dhan_shomadhan,0.11322878901324086,1,0.11322878901324086,0.9827184677124023
data\raw\dhan_shomadhan\White Background\Leaf Scaled\ls_wb_11.jpg,dhan_shomadhan,0.5295212503940732,1,0.5295212503940732,1.0064796209335327
data\raw\dhan_shomadhan\White Background\Leaf Scaled\ls_wb_110.jpg,dhan_shomadhan,0.08488717193411097,1,0.08488717193411097,0.998806357383728
data\raw\dhan_shomadhan\White Background\Leaf Scaled\ls_wb_111.jpg,dhan_shomadhan,0.08158496216897856,1,0.08158496216897856,0.9957520961761475
data\raw\dhan_shomadhan\White Background\Leaf Scaled\ls_wb_112.jpg,dhan_shomadhan,0.12250995034678436,1,0.12250995034678436,0.9941602945327759
data\raw\dhan_shomadhan\White Background\Leaf Scaled\ls_wb_113.jpg,dhan_shomadhan,0.09079063386664565,1,0.09079063386664565,0.9793518781661987
data\raw\dhan_shomadhan\White Background\Leaf Scaled\ls_wb_114.jpg,dhan_shomadhan,0.8655204474700504,1,0.8655204474700504,1.001287579536438
data\raw\dhan_shomadhan\White Background\Leaf Scaled\ls_wb_115.jpg,dhan_shomadhan,0.13788471390290039,1,0.13788471390290039,1.0429673194885254
data\raw\dhan_shomadhan\White Background\Leaf Scaled\ls_wb_116.jpg,dhan_shomadhan,0.13389767890920554,1,0.13389767890920554,0.9931591749191284
data\raw\dhan_shomadhan\White Background\Leaf Scaled\ls_wb_117.jpg,dhan_shomadhan,0.10651390585592686,1,0.10651390585592686,0.9897103309631348
data\raw\dhan_shomadhan\White Background\Leaf Scaled\ls_wb_118.jpg,dhan_shomadhan,0.17683157806588903,1,0.17683157806588903,1.009474515914917
data\raw\dhan_shomadhan\White Background\Leaf Scaled\ls_wb_119.jpg,dhan_shomadhan,0.19153013674337957,1,0.19153013674337957,0.9883202314376831
data\raw\dhan_shomadhan\White Background\Leaf Scaled\ls_wb_12.jpg,dhan_shomadhan,0.03393659363177806,1,0.03393659363177806,0.9600768089294434
data\raw\dhan_shomadhan\White Background\Leaf Scaled\ls_wb_120.jpg,dhan_shomadhan,0.13635657215479194,1,0.13635657215479194,1.0011626482009888
data\raw\dhan_shomadhan\White Background\Leaf Scaled\ls_wb_121.jpg,dhan_shomadhan,0.08396110005517024,1,0.08396110005517024,0.9951044917106628
data\raw\dhan_shomadhan\White Background\Leaf Scaled\ls_wb_122.jpg,dhan_shomadhan,0.15039579720996216,1,0.15039579720996216,0.9959368705749512
data\raw\dhan_shomadhan\White Background\Leaf Scaled\ls_wb_123.jpg,dhan_shomadhan,0.06077272816834805,1,0.06077272816834805,0.939613938331604
data\raw\dhan_shomadhan\White Background\Leaf Scaled\ls_wb_124.jpg,dhan_shomadhan,0.18186820223833544,1,0.18186820223833544,0.9945639371871948
data\raw\dhan_shomadhan\White Background\Leaf Scaled\ls_wb_125.jpg,dhan_shomadhan,0.03131699243379571,1,0.03131699243379571,0.9616292119026184
data\raw\dhan_shomadhan\White Background\Leaf Scaled\ls_wb_126.jpg,dhan_shomadhan,0.13600929520018915,1,0.13600929520018915,0.9876085519790649
data\raw\dhan_shomadhan\White Background\Leaf Scaled\ls_wb_127.jpg,dhan_shomadhan,0.13188433460750315,1,0.13188433460750315,0.9967633485794067
data\raw\dhan_shomadhan\White Background\Leaf Scaled\ls_wb_128.jpg,dhan_shomadhan,0.5666270541062421,1,0.5666270541062421,0.9994840621948242
data\raw\dhan_shomadhan\White Background\Leaf Scaled\ls_wb_129.jpg,dhan_shomadhan,0.0895250433480454,1,0.0895250433480454,0.9895837306976318
data\raw\dhan_shomadhan\White Background\Leaf Scaled\ls_wb_13.jpg,dhan_shomadhan,0.028372773486759144,1,0.028372773486759144,0.9639685153961182
data\raw\dhan_shomadhan\White Background\Leaf Scaled\ls_wb_130.jpg,dhan_shomadhan,0.10783934623266078,1,0.10783934623266078,0.9885759353637695
data\raw\dhan_shomadhan\White Background\Leaf Scaled\ls_wb_131.jpg,dhan_shomadhan,0.09830400772383355,1,0.09830400772383355,1.0069721937179565
data\raw\dhan_shomadhan\White Background\Leaf Scaled\ls_wb_132.jpg,dhan_shomadhan,0.09081107641078184,1,0.09081107641078184,1.0011690855026245
data\raw\dhan_shomadhan\White Background\Leaf Scaled\ls_wb_133.jpg,dhan_shomadhan,0.07548421737074401,1,0.07548421737074401,0.9919244050979614
data\raw\dhan_shomadhan\White Background\Leaf Scaled\ls_wb_134.jpg,dhan_shomadhan,0.500323016826923,1,0.500323016826923,0.9946228265762329
data\raw\dhan_shomadhan\White Background\Leaf Scaled\ls_wb_135.jpg,dhan_shomadhan,0.15756817465321563,1,0.15756817465321563,1.0062638521194458
data\raw\dhan_shomadhan\White Background\Leaf Scaled\ls_wb_136.jpg,dhan_shomadhan,0.12375965479192938,1,0.12375965479192938,0.9905924797058105
data\raw\dhan_shomadhan\White Background\Leaf Scaled\ls_wb_137.jpg,dhan_shomadhan,0.10224978818568727,1,0.10224978818568727,0.9926375150680542
data\raw\dhan_shomadhan\White Background\Leaf Scaled\ls_wb_138.jpg,dhan_shomadhan,0.060779131856872635,1,0.060779131856872635,0.983689546585083
data\raw\dhan_shomadhan\White Background\Leaf Scaled\ls_wb_139.jpg,dhan_shomadhan,0.1258757044057377,1,0.1258757044057377,0.9923075437545776
data\raw\dhan_shomadhan\White Background\Leaf Scaled\ls_wb_14.jpg,dhan_shomadhan,0.5365989271358764,1,0.5365989271358764,0.9842972755432129
data\raw\dhan_shomadhan\White Background\Leaf Scaled\ls_wb_140.jpg,dhan_shomadhan,0.07086555702238335,1,0.07086555702238335,0.998355507850647
data\raw\dhan_shomadhan\White Background\Leaf Scaled\ls_wb_141.jpg,dhan_shomadhan,0.11781518462326608,1,0.11781518462326608,0.9981585741043091
data\raw\dhan_shomadhan\White Background\Leaf Scaled\ls_wb_142.jpg,dhan_shomadhan,0.10678606261822195,1,0.10678606261822195,0.9918875694274902
data\raw\dhan_shomadhan\White Background\Leaf Scaled\ls_wb_15.jpg,dhan_shomadhan,0.5761532796737074,1,0.5761532796737074,0.9898687601089478
data\raw\dhan_shomadhan\White Background\Leaf Scaled\ls_wb_16.jpg,dhan_shomadhan,0.9251432209568096,1,0.9251432209568096,0.998661994934082
data\raw\dhan_shomadhan\White Background\Leaf Scaled\ls_wb_17.jpg,dhan_shomadhan,0.5843471685844893,1,0.5843471685844893,1.0016579627990723
data\raw\dhan_shomadhan\White Background\Leaf Scaled\ls_wb_18.jpg,dhan_shomadhan,0.9318397550835436,1,0.9318397550835436,0.9984227418899536
data\raw\dhan_shomadhan\White Background\Leaf Scaled\ls_wb_19.jpg,dhan_shomadhan,0.040481163303909204,1,0.040481163303909204,0.9775846004486084
data\raw\dhan_shomadhan\White Background\Leaf Scaled\ls_wb_2.jpg,dhan_shomadhan,0.14664483665668349,1,0.14664483665668349,1.0025198459625244
data\raw\dhan_shomadhan\White Background\Leaf Scaled\ls_wb_20.jpg,dhan_shomadhan,0.9575089405343632,1,0.9575089405343632,1.0133298635482788
data\raw\dhan_shomadhan\White Background\Leaf Scaled\ls_wb_21.jpg,dhan_shomadhan,0.04601382704129887,1,0.04601382704129887,0.9790521860122681
data\raw\dhan_shomadhan\White Background\Leaf Scaled\ls_wb_22.jpg,dhan_shomadhan,0.5536731311081337,1,0.5536731311081337,0.9960271120071411
data\raw\dhan_shomadhan\White Background\Leaf Scaled\ls_wb_23.jpg,dhan_shomadhan,0.031428194947982345,1,0.031428194947982345,0.9709162712097168
data\raw\dhan_shomadhan\White Background\Leaf Scaled\ls_wb_24.jpg,dhan_shomadhan,0.47618985458701135,1,0.47618985458701135,0.9894582033157349
data\raw\dhan_shomadhan\White Background\Leaf Scaled\ls_wb_25.jpg,dhan_shomadhan,0.04484318351986129,1,0.04484318351986129,0.9813780784606934
data\raw\dhan_shomadhan\White Background\Leaf Scaled\ls_wb_26.jpg,dhan_shomadhan,0.07938320164722573,1,0.07938320164722573,0.9933894872665405
data\raw\dhan_shomadhan\White Background\Leaf Scaled\ls_wb_27.jpg,dhan_shomadhan,0.046053357503152585,1,0.046053357503152585,0.9773848056793213
data\raw\dhan_shomadhan\White Background\Leaf Scaled\ls_wb_28.jpg,dhan_shomadhan,0.9491054539722572,1,0.9491054539722572,0.9840961694717407
data\raw\dhan_shomadhan\White Background\Leaf Scaled\ls_wb_29.jpg,dhan_shomadhan,0.05179020038619168,1,0.05179020038619168,0.986485481262207
data\raw\dhan_shomadhan\White Background\Leaf Scaled\ls_wb_3.jpg,dhan_shomadhan,0.511717272225725,1,0.511717272225725,1.0013772249221802
data\raw\dhan_shomadhan\White Background\Leaf Scaled\ls_wb_30.jpg,dhan_shomadhan,0.0668577100409836,1,0.0668577100409836,0.9796571731567383
data\raw\dhan_shomadhan\White Background\Leaf Scaled\ls_wb_31.jpg,dhan_shomadhan,0.9513813495034679,1,0.9513813495034679,0.9921756982803345
data\raw\dhan_shomadhan\White Background\Leaf Scaled\ls_wb_32.jpg,dhan_shomadhan,0.05707151934899117,1,0.05707151934899117,0.9852465391159058
data\raw\dhan_shomadhan\White Background\Leaf Scaled\ls_wb_33.jpg,dhan_shomadhan,0.9415015664407314,1,0.9415015664407314,0.9922237396240234
data\raw\dhan_shomadhan\White Background\Leaf Scaled\ls_wb_34.jpg,dhan_shomadhan,0.5201319652427491,1,0.5201319652427491,1.008133053779602
data\raw\dhan_shomadhan\White Background\Leaf Scaled\ls_wb_35.jpg,dhan_shomadhan,0.9619229291456495,1,0.9619229291456495,0.9958086013793945
data\raw\dhan_shomadhan\White Background\Leaf Scaled\ls_wb_36.jpg,dhan_shomadhan,0.4912138930485498,1,0.4912138930485498,0.9988681077957153
data\raw\dhan_shomadhan\White Background\Leaf Scaled\ls_wb_37.jpg,dhan_shomadhan,0.9599063829996848,1,0.9599063829996848,0.9931215047836304
data\raw\dhan_shomadhan\White Background\Leaf Scaled\ls_wb_38.jpg,dhan_shomadhan,0.48720924791141235,1,0.48720924791141235,0.9927355051040649
data\raw\dhan_shomadhan\White Background\Leaf Scaled\ls_wb_39.jpg,dhan_shomadhan,0.0403820292796343,1,0.0403820292796343,0.9806602001190186
data\raw\dhan_shomadhan\White Background\Leaf Scaled\ls_wb_4.jpg,dhan_shomadhan,0.08268972158732661,1,0.08268972158732661,0.9754985570907593
data\raw\dhan_shomadhan\White Background\Leaf Scaled\ls_wb_40.jpg,dhan_shomadhan,0.49087018738177807,1,0.49087018738177807,0.9810833930969238
data\raw\dhan_shomadhan\White Background\Leaf Scaled\ls_wb_41.jpg,dhan_shomadhan,0.03966875689627995,1,0.03966875689627995,0.976341962814331
data\raw\dhan_shomadhan\White Background\Leaf Scaled\ls_wb_42.jpg,dhan_shomadhan,0.5220345996216897,1,0.5220345996216897,0.9954929351806641
data\raw\dhan_shomadhan\White Background\Leaf Scaled\ls_wb_43.jpg,dhan_shomadhan,0.543695076056116,1,0.543695076056116,1.004274606704712
data\raw\dhan_shomadhan\White Background\Leaf Scaled\ls_wb_44.jpg,dhan_shomadhan,0.06390093001261034,1,0.06390093001261034,0.9611304998397827
data\raw\dhan_shomadhan\White Background\Leaf Scaled\ls_wb_45.jpg,dhan_shomadhan,0.5027120852380201,1,0.5027120852380201,1.0076111555099487
data\raw\dhan_shomadhan\White Background\Leaf Scaled\ls_wb_46.jpg,dhan_shomadhan,0.4996113453656999,1,0.4996113453656999,0.9637563228607178
data\raw\dhan_shomadhan\White Background\Leaf Scaled\ls_wb_47.jpg,dhan_shomadhan,0.5588859798628626,1,0.5588859798628626,0.9938094615936279
data\raw\dhan_shomadhan\White Background\Leaf Scaled\ls_wb_48.jpg,dhan_shomadhan,0.5628659954287516,1,0.5628659954287516,1.0032283067703247
data\raw\dhan_shomadhan\White Background\Leaf Scaled\ls_wb_49.jpg,dhan_shomadhan,0.5131930761349306,1,0.5131930761349306,0.9578523635864258
data\raw\dhan_shomadhan\White Background\Leaf Scaled\ls_wb_5.jpg,dhan_shomadhan,0.549971552845208,1,0.549971552845208,0.9851534366607666
data\raw\dhan_shomadhan\White Background\Leaf Scaled\ls_wb_50.jpg,dhan_shomadhan,0.954398595129256,1,0.954398595129256,0.9945096969604492
data\raw\dhan_shomadhan\White Background\Leaf Scaled\ls_wb_51.jpg,dhan_shomadhan,0.05258314943253468,1,0.05258314943253468,0.9718126058578491
data\raw\dhan_shomadhan\White Background\Leaf Scaled\ls_wb_52.jpg,dhan_shomadhan,0.0478656013556116,1,0.0478656013556116,0.9471832513809204
data\raw\dhan_shomadhan\White Background\Leaf Scaled\ls_wb_53.jpg,dhan_shomadhan,0.03816007250945776,1,0.03816007250945776,0.9775357246398926
data\raw\dhan_shomadhan\White Background\Leaf Scaled\ls_wb_54.jpg,dhan_shomadhan,0.02333762708858764,1,0.02333762708858764,0.9594129323959351
data\raw\dhan_shomadhan\White Background\Leaf Scaled\ls_wb_55.jpg,dhan_shomadhan,0.05233057317938209,1,0.05233057317938209,0.9787395000457764
data\raw\dhan_shomadhan\White Background\Leaf Scaled\ls_wb_56.jpg,dhan_shomadhan,0.08604574696563683,1,0.08604574696563683,0.9895589351654053
data\raw\dhan_shomadhan\White Background\Leaf Scaled\ls_wb_57.jpg,dhan_shomadhan,0.5675478306273645,1,0.5675478306273645,0.9987013339996338
data\raw\dhan_shomadhan\White Background\Leaf Scaled\ls_wb_58.jpg,dhan_shomadhan,0.5426876034441992,1,0.5426876034441992,1.0033050775527954
data\raw\dhan_shomadhan\White Background\Leaf Scaled\ls_wb_59.jpg,dhan_shomadhan,0.10573314844735184,1,0.10573314844735184,0.9984354972839355
data\raw\dhan_shomadhan\White Background\Leaf Scaled\ls_wb_6.jpg,dhan_shomadhan,0.5204255497320303,1,0.5204255497320303,0.9869643449783325
data\raw\dhan_shomadhan\White Background\Leaf Scaled\ls_wb_60.jpg,dhan_shomadhan,0.13958378487547288,1,0.13958378487547288,1.0007842779159546
data\raw\dhan_shomadhan\White Background\Leaf Scaled\ls_wb_61.jpg,dhan_shomadhan,0.5427400644309583,1,0.5427400644309583,1.000615119934082
data\raw\dhan_shomadhan\White Background\Leaf Scaled\ls_wb_62.jpg,dhan_shomadhan,0.5194349483764187,1,0.5194349483764187,1.0013660192489624
data\raw\dhan_shomadhan\White Background\Leaf Scaled\ls_wb_63.jpg,dhan_shomadhan,0.0878444445539092,1,0.0878444445539092,0.99400794506073
data\raw\dhan_shomadhan\White Background\Leaf Scaled\ls_wb_64.jpg,dhan_shomadhan,0.5402590045712484,1,0.5402590045712484,1.0054787397384644
data\raw\dhan_shomadhan\White Background\Leaf Scaled\ls_wb_65.jpg,dhan_shomadhan,0.5452243261349307,1,0.5452243261349307,0.9924781322479248
data\raw\dhan_shomadhan\White Background\Leaf Scaled\ls_wb_66.jpg,dhan_shomadhan,0.08026223104508197,1,0.08026223104508197,0.9946080446243286
data\raw\dhan_shomadhan\White Background\Leaf Scaled\ls_wb_67.jpg,dhan_shomadhan,0.5454709912909836,1,0.5454709912909836,0.9913696646690369
data\raw\dhan_shomadhan\White Background\Leaf Scaled\ls_wb_68.jpg,dhan_shomadhan,0.09450859079445145,1,0.09450859079445145,0.9917515516281128
data\raw\dhan_shomadhan\White Background\Leaf Scaled\ls_wb_69.jpg,dhan_shomadhan,0.10115956021437579,1,0.10115956021437579,0.9970139265060425
data\raw\dhan_shomadhan\White Background\Leaf Scaled\ls_wb_7.jpg,dhan_shomadhan,0.08697305032313997,1,0.08697305032313997,0.9582120180130005
data\raw\dhan_shomadhan\White Background\Leaf Scaled\ls_wb_70.jpg,dhan_shomadhan,0.14029323967528373,1,0.14029323967528373,0.9906519651412964
data\raw\dhan_shomadhan\White Background\Leaf Scaled\ls_wb_71.jpg,dhan_shomadhan,0.5052074302490542,1,0.5052074302490542,1.0110207796096802
data\raw\dhan_shomadhan\White Background\Leaf Scaled\ls_wb_72.jpg,dhan_shomadhan,0.5465485350331022,1,0.5465485350331022,1.001902461051941
data\raw\dhan_shomadhan\White Background\Leaf Scaled\ls_wb_73.jpg,dhan_shomadhan,0.5646506541614124,1,0.5646506541614124,1.000388264656067
data\raw\dhan_shomadhan\White Background\Leaf Scaled\ls_wb_74.jpg,dhan_shomadhan,0.9344246285860656,1,0.9344246285860656,1.0058315992355347
data\raw\dhan_shomadhan\White Background\Leaf Scaled\ls_wb_75.jpg,dhan_shomadhan,0.6196988542323455,1,0.6196988542323455,1.0040359497070312
data\raw\dhan_shomadhan\White Background\Leaf Scaled\ls_wb_76.jpg,dhan_shomadhan,0.5319289141314628,1,0.5319289141314628,1.0007867813110352
data\raw\dhan_shomadhan\White Background\Leaf Scaled\ls_wb_77.jpg,dhan_shomadhan,0.12747305524905422,1,0.12747305524905422,0.9933710098266602
data\raw\dhan_shomadhan\White Background\Leaf Scaled\ls_wb_78.jpg,dhan_shomadhan,0.5124528343710593,1,0.5124528343710593,0.9952103495597839
data\raw\dhan_shomadhan\White Background\Leaf Scaled\ls_wb_79.jpg,dhan_shomadhan,0.09920027782156368,1,0.09920027782156368,1.0005910396575928
data\raw\dhan_shomadhan\White Background\Leaf Scaled\ls_wb_8.jpg,dhan_shomadhan,0.048512250748738966,1,0.048512250748738966,0.9848986864089966
data\raw\dhan_shomadhan\White Background\Leaf Scaled\ls_wb_80.jpg,dhan_shomadhan,0.12259590755044136,1,0.12259590755044136,0.9964947700500488
data\raw\dhan_shomadhan\White Background\Leaf Scaled\ls_wb_81.jpg,dhan_shomadhan,0.11720744995271122,1,0.11720744995271122,0.9994572401046753
data\raw\dhan_shomadhan\White Background\Leaf Scaled\ls_wb_82.jpg,dhan_shomadhan,0.08107549948770491,1,0.08107549948770491,0.9863400459289551
data\raw\dhan_shomadhan\White Background\Leaf Scaled\ls_wb_83.jpg,dhan_shomadhan,0.11211257684426229,1,0.11211257684426229,0.9813185930252075
data\raw\dhan_shomadhan\White Background\Leaf Scaled\ls_wb_84.jpg,dhan_shomadhan,0.0901460779870744,1,0.0901460779870744,0.9759616851806641
data\raw\dhan_shomadhan\White Background\Leaf Scaled\ls_wb_85.jpg,dhan_shomadhan,0.08351912239911728,1,0.08351912239911728,0.9816700220108032
data\raw\dhan_shomadhan\White Background\Leaf Scaled\ls_wb_86.jpg,dhan_shomadhan,0.09150021181431274,1,0.09150021181431274,0.9876463413238525
data\raw\dhan_shomadhan\White Background\Leaf Scaled\ls_wb_87.jpg,dhan_shomadhan,0.09998719262295082,1,0.09998719262295082,1.005197286605835
data\raw\dhan_shomadhan\White Background\Leaf Scaled\ls_wb_88.jpg,dhan_shomadhan,0.10512836932534679,1,0.10512836932534679,0.9717732667922974
data\raw\dhan_shomadhan\White Background\Leaf Scaled\ls_wb_89.jpg,dhan_shomadhan,0.11766703775220681,1,0.11766703775220681,0.9922140836715698
data\raw\dhan_shomadhan\White Background\Leaf Scaled\ls_wb_9.jpg,dhan_shomadhan,0.5460095168663304,1,0.5460095168663304,0.9963153600692749
data\raw\dhan_shomadhan\White Background\Leaf Scaled\ls_wb_90.jpg,dhan_shomadhan,0.12065854547604035,1,0.12065854547604035,0.9839843511581421
data\raw\dhan_shomadhan\White Background\Leaf Scaled\ls_wb_91.jpg,dhan_shomadhan,0.1061702001891551,1,0.1061702001891551,0.9977285861968994
data\raw\dhan_shomadhan\White Background\Leaf Scaled\ls_wb_92.jpg,dhan_shomadhan,0.09551199952711223,1,0.09551199952711223,0.9697205424308777
data\raw\dhan_shomadhan\White Background\Leaf Scaled\ls_wb_93.jpg,dhan_shomadhan,0.14434591247635561,1,0.14434591247635561,0.997954785823822
data\raw\dhan_shomadhan\White Background\Leaf Scaled\ls_wb_94.jpg,dhan_shomadhan,0.11548448829602774,1,0.11548448829602774,0.9957370758056641
data\raw\dhan_shomadhan\White Background\Leaf Scaled\ls_wb_95.jpg,dhan_shomadhan,0.1281954405737705,1,0.1281954405737705,0.99565589427948
data\raw\dhan_shomadhan\White Background\Leaf Scaled\ls_wb_96.jpg,dhan_shomadhan,0.12631140152112233,1,0.12631140152112233,1.0049817562103271
data\raw\dhan_shomadhan\White Background\Leaf Scaled\ls_wb_97.jpg,dhan_shomadhan,0.10580617512610341,1,0.10580617512610341,1.0026850700378418
data\raw\dhan_shomadhan\White Background\Leaf Scaled\ls_wb_98.jpg,dhan_shomadhan,0.09403730394861286,1,0.09403730394861286,1.001594066619873
data\raw\dhan_shomadhan\White Background\Leaf Scaled\ls_wb_99.jpg,dhan_shomadhan,0.09024767496847415,1,0.09024767496847415,1.0003663301467896
data\raw\dhan_shomadhan\White Background\Rice Blast\rb_wb_0.jpg,dhan_shomadhan,0.8936310391708702,1,0.8936310391708702,1.0055246353149414
data\raw\dhan_shomadhan\White Background\Rice Blast\rb_wb_1.jpg,dhan_shomadhan,0.1518016531368222,1,0.1518016531368222,0.8693835735321045
data\raw\dhan_shomadhan\White Background\Rice Blast\rb_wb_10.jpg,dhan_shomadhan,0.10644026343789408,1,0.10644026343789408,0.9979631900787354
data\raw\dhan_shomadhan\White Background\Rice Blast\rb_wb_100.jpg,dhan_shomadhan,0.14031134241015134,1,0.14031134241015134,0.9851934313774109
data\raw\dhan_shomadhan\White Background\Rice Blast\rb_wb_101.jpg,dhan_shomadhan,0.12263186672446406,1,0.12263186672446406,0.9603027105331421
data\raw\dhan_shomadhan\White Background\Rice Blast\rb_wb_102.jpg,dhan_shomadhan,0.1628038057613493,1,0.1628038057613493,0.9983041286468506
data\raw\dhan_shomadhan\White Background\Rice Blast\rb_wb_103.jpg,dhan_shomadhan,0.1234798628625473,1,0.1234798628625473,0.9964718818664551
data\raw\dhan_shomadhan\White Background\Rice Blast\rb_wb_104.jpg,dhan_shomadhan,0.11872303061948297,1,0.11872303061948297,0.9919830560684204
data\raw\dhan_shomadhan\White Background\Rice Blast\rb_wb_105.jpg,dhan_shomadhan,0.11283077514186633,1,0.11283077514186633,1.006164789199829
data\raw\dhan_shomadhan\White Background\Rice Blast\rb_wb_106.jpg,dhan_shomadhan,0.5321046461223203,1,0.5321046461223203,1.005087971687317
data\raw\dhan_shomadhan\White Background\Rice Blast\rb_wb_107.jpg,dhan_shomadhan,0.10436965538303909,1,0.10436965538303909,0.993690013885498
data\raw\dhan_shomadhan\White Background\Rice Blast\rb_wb_108.jpg,dhan_shomadhan,0.15212257645018915,1,0.15212257645018915,1.0058590173721313
data\raw\dhan_shomadhan\White Background\Rice Blast\rb_wb_109.jpg,dhan_shomadhan,0.10769649471941993,1,0.10769649471941993,1.0026448965072632
data\raw\dhan_shomadhan\White Background\Rice Blast\rb_wb_11.jpg,dhan_shomadhan,0.00025232995744010086,1,0.00025232995744010086,0.8032495975494385
data\raw\dhan_shomadhan\White Background\Rice Blast\rb_wb_110.jpg,dhan_shomadhan,0.13406934702080706,1,0.13406934702080706,1.0051087141036987
data\raw\dhan_shomadhan\White Background\Rice Blast\rb_wb_111.jpg,dhan_shomadhan,0.10121842488965951,1,0.10121842488965951,0.9959472417831421
data\raw\dhan_shomadhan\White Background\Rice Blast\rb_wb_112.jpg,dhan_shomadhan,0.12748869502679697,1,0.12748869502679697,1.0021721124649048
data\raw\dhan_shomadhan\White Background\Rice Blast\rb_wb_113.jpg,dhan_shomadhan,0.1291770521358764,1,0.1291770521358764,1.001914381980896
data\raw\dhan_shomadhan\White Background\Rice Blast\rb_wb_114.jpg,dhan_shomadhan,0.11649639423076923,1,0.11649639423076923,1.002137303352356
data\raw\dhan_shomadhan\White Background\Rice Blast\rb_wb_115.jpg,dhan_shomadhan,0.09982365226986128,1,0.09982365226986128,1.0065016746520996
data\raw\dhan_shomadhan\White Background\Rice Blast\rb_wb_116.jpg,dhan_shomadhan,0.1298743152979193,1,0.1298743152979193,0.9931107759475708
data\raw\dhan_shomadhan\White Background\Rice Blast\rb_wb_117.jpg,dhan_shomadhan,0.10098198100567465,1,0.10098198100567465,1.003689169883728
data\raw\dhan_shomadhan\White Background\Rice Blast\rb_wb_118.jpg,dhan_shomadhan,0.11828092981557377,1,0.11828092981557377,1.0074304342269897
data\raw\dhan_shomadhan\White Background\Rice Blast\rb_wb_119.jpg,dhan_shomadhan,0.8477057554382094,1,0.8477057554382094,1.0035631656646729
data\raw\dhan_shomadhan\White Background\Rice Blast\rb_wb_12.jpg,dhan_shomadhan,0.5398471981399747,1,0.5398471981399747,0.9938561916351318
data\raw\dhan_shomadhan\White Background\Rice Blast\rb_wb_120.jpg,dhan_shomadhan,0.12408402624527112,1,0.12408402624527112,1.0041168928146362
data\raw\dhan_shomadhan\White Background\Rice Blast\rb_wb_121.jpg,dhan_shomadhan,0.1389897196169609,1,0.1389897196169609,1.0048660039901733
data\raw\dhan_shomadhan\White Background\Rice Blast\rb_wb_122.jpg,dhan_shomadhan,0.1145212257645019,1,0.1145212257645019,1.003222107887268
data\raw\dhan_shomadhan\White Background\Rice Blast\rb_wb_123.jpg,dhan_shomadhan,0.1864755329839218,1,0.1864755329839218,1.0087435245513916
data\raw\dhan_shomadhan\White Background\Rice Blast\rb_wb_124.jpg,dhan_shomadhan,0.12198423214848676,1,0.12198423214848676,0.9924677610397339
data\raw\dhan_shomadhan\White Background\Rice Blast\rb_wb_125.jpg,dhan_shomadhan,0.11864199933007566,1,0.11864199933007566,1.0076563358306885
data\raw\dhan_shomadhan\White Background\Rice Blast\rb_wb_126.jpg,dhan_shomadhan,0.12035437027112232,1,0.12035437027112232,1.0050432682037354
data\raw\dhan_shomadhan\White Background\Rice Blast\rb_wb_127.jpg,dhan_shomadhan,0.15497357247005045,1,0.15497357247005045,1.0222216844558716
data\raw\dhan_shomadhan\White Background\Rice Blast\rb_wb_128.jpg,dhan_shomadhan,0.10609631147540984,1,0.10609631147540984,0.9943808317184448
data\raw\dhan_shomadhan\White Background\Rice Blast\rb_wb_129.jpg,dhan_shomadhan,0.12135272994167717,1,0.12135272994167717,0.9950182437896729
data\raw\dhan_shomadhan\White Background\Rice Blast\rb_wb_13.jpg,dhan_shomadhan,0.06358456316992434,1,0.06358456316992434,0.9888957738876343
data\raw\dhan_shomadhan\White Background\Rice Blast\rb_wb_130.jpg,dhan_shomadhan,0.1315508502127995,1,0.1315508502127995,1.0098953247070312
data\raw\dhan_shomadhan\White Background\Rice Blast\rb_wb_131.jpg,dhan_shomadhan,0.15613608823297603,1,0.15613608823297603,1.0051681995391846
data\raw\dhan_shomadhan\White Background\Rice Blast\rb_wb_132.jpg,dhan_shomadhan,0.13083757782944513,1,0.13083757782944513,0.9350241422653198
data\raw\dhan_shomadhan\White Background\Rice Blast\rb_wb_133.jpg,dhan_shomadhan,0.149578341740227,1,0.149578341740227,0.9595166444778442
data\raw\dhan_shomadhan\White Background\Rice Blast\rb_wb_134.jpg,dhan_shomadhan,0.14193319967686002,1,0.14193319967686002,1.0064451694488525
data\raw\dhan_shomadhan\White Background\Rice Blast\rb_wb_135.jpg,dhan_shomadhan,0.13868086479350566,1,0.13868086479350566,1.0015897750854492
data\raw\dhan_shomadhan\White Background\Rice Blast\rb_wb_136.jpg,dhan_shomadhan,0.14084765132408575,1,0.14084765132408575,1.0110167264938354
data\raw\dhan_shomadhan\White Background\Rice Blast\rb_wb_137.jpg,dhan_shomadhan,0.14686170003152585,1,0.14686170003152585,1.0090506076812744
data\raw\dhan_shomadhan\White Background\Rice Blast\rb_wb_138.jpg,dhan_shomadhan,0.1631154929854981,1,0.1631154929854981,1.0029504299163818
data\raw\dhan_shomadhan\White Background\Rice Blast\rb_wb_139.jpg,dhan_shomadhan,0.21527957026324085,1,0.21527957026324085,1.0111756324768066
data\raw\dhan_shomadhan\White Background\Rice Blast\rb_wb_14.jpg,dhan_shomadhan,0.06591895393284994,1,0.06591895393284994,0.988520622253418
data\raw\dhan_shomadhan\White Background\Rice Blast\rb_wb_140.jpg,dhan_shomadhan,0.1296658259773014,1,0.1296658259773014,1.004340648651123
data\raw\dhan_shomadhan\White Background\Rice Blast\rb_wb_141.jpg,dhan_shomadhan,0.9230721203105297,1,0.9230721203105297,0.974112868309021
data\raw\dhan_shomadhan\White Background\Rice Blast\rb_wb_142.jpg,dhan_shomadhan,0.16178167855453973,1,0.16178167855453973,1.0008022785186768
data\raw\dhan_shomadhan\White Background\Rice Blast\rb_wb_143.jpg,dhan_shomadhan,0.1464118409126734,1,0.1464118409126734,1.0037281513214111
data\raw\dhan_shomadhan\White Background\Rice Blast\rb_wb_144.jpg,dhan_shomadhan,0.148179628389029,1,0.148179628389029,1.0058765411376953
data\raw\dhan_shomadhan\White Background\Rice Blast\rb_wb_145.jpg,dhan_shomadhan,0.5155496335119798,1,0.5155496335119798,0.9942111968994141
data\raw\dhan_shomadhan\White Background\Rice Blast\rb_wb_146.jpg,dhan_shomadhan,0.1250189647698613,1,0.1250189647698613,1.00044846534729
data\raw\dhan_shomadhan\White Background\Rice Blast\rb_wb_147.jpg,dhan_shomadhan,0.15474698041456494,1,0.15474698041456494,1.00352144241333
data\raw\dhan_shomadhan\White Background\Rice Blast\rb_wb_148.jpg,dhan_shomadhan,0.08415111719735183,1,0.08415111719735183,0.9964102506637573
data\raw\dhan_shomadhan\White Background\Rice Blast\rb_wb_149.jpg,dhan_shomadhan,0.15010861640920556,1,0.15010861640920556,0.9137650728225708
data\raw\dhan_shomadhan\White Background\Rice Blast\rb_wb_15.jpg,dhan_shomadhan,0.09526693529319041,1,0.09526693529319041,0.9894417524337769
data\raw\dhan_shomadhan\White Background\Rice Blast\rb_wb_150.jpg,dhan_shomadhan,0.10795559780895334,1,0.10795559780895334,0.9978195428848267
data\raw\dhan_shomadhan\White Background\Rice Blast\rb_wb_151.jpg,dhan_shomadhan,0.15209326726040354,1,0.15209326726040354,0.995510458946228
data\raw\dhan_shomadhan\White Background\Rice Blast\rb_wb_152.jpg,dhan_shomadhan,0.15525730513083227,1,0.15525730513083227,0.9944460391998291
data\raw\dhan_shomadhan\White Background\Rice Blast\rb_wb_153.jpg,dhan_shomadhan,0.15773553258984868,1,0.15773553258984868,1.0010712146759033
data\raw\dhan_shomadhan\White Background\Rice Blast\rb_wb_154.jpg,dhan_shomadhan,0.14547209962168978,1,0.14547209962168978,0.9935108423233032
data\raw\dhan_shomadhan\White Background\Rice Blast\rb_wb_155.jpg,dhan_shomadhan,0.00020504118064312737,1,0.00020504118064312737,0.9136804342269897
data\raw\dhan_shomadhan\White Background\Rice Blast\rb_wb_156.jpg,dhan_shomadhan,0.15241579149590165,1,0.15241579149590165,0.973563551902771
data\raw\dhan_shomadhan\White Background\Rice Blast\rb_wb_157.jpg,dhan_shomadhan,0.5086975636428122,1,0.5086975636428122,1.0109810829162598
data\raw\dhan_shomadhan\White Background\Rice Blast\rb_wb_158.jpg,dhan_shomadhan,0.1697663392575662,1,0.1697663392575662,0.9964116215705872
data\raw\dhan_shomadhan\White Background\Rice Blast\rb_wb_159.jpg,dhan_shomadhan,0.14553515132408576,1,0.14553515132408576,0.9833656549453735
data\raw\dhan_shomadhan\White Background\Rice Blast\rb_wb_16.jpg,dhan_shomadhan,0.06391386053751576,1,0.06391386053751576,0.9681607484817505
data\raw\dhan_shomadhan\White Background\Rice Blast\rb_wb_160.jpg,dhan_shomadhan,0.17047628664880202,1,0.17047628664880202,0.9890587329864502
data\raw\dhan_shomadhan\White Background\Rice Blast\rb_wb_161.jpg,dhan_shomadhan,0.16990906762295083,1,0.16990906762295083,1.0088233947753906
data\raw\dhan_shomadhan\White Background\Rice Blast\rb_wb_162.jpg,dhan_shomadhan,0.1347840971784363,1,0.1347840971784363,0.993514895439148
data\raw\dhan_shomadhan\White Background\Rice Blast\rb_wb_163.jpg,dhan_shomadhan,0.09288968907629255,1,0.09288968907629255,0.9982399940490723
data\raw\dhan_shomadhan\White Background\Rice Blast\rb_wb_164.jpg,dhan_shomadhan,0.15295678002837326,1,0.15295678002837326,1.0033988952636719
data\raw\dhan_shomadhan\White Background\Rice Blast\rb_wb_165.jpg,dhan_shomadhan,0.13709545929224465,1,0.13709545929224465,0.9887454509735107
data\raw\dhan_shomadhan\White Background\Rice Blast\rb_wb_166.jpg,dhan_shomadhan,0.1622155284520807,1,0.1622155284520807,0.9915218353271484
data\raw\dhan_shomadhan\White Background\Rice Blast\rb_wb_167.jpg,dhan_shomadhan,0.13450676820617907,1,0.13450676820617907,0.9945003986358643
data\raw\dhan_shomadhan\White Background\Rice Blast\rb_wb_168.jpg,dhan_shomadhan,0.1668179332834174,1,0.1668179332834174,0.998210608959198
data\raw\dhan_shomadhan\White Background\Rice Blast\rb_wb_169.jpg,dhan_shomadhan,0.19607577041298865,1,0.19607577041298865,1.0034942626953125
data\raw\dhan_shomadhan\White Background\Rice Blast\rb_wb_17.jpg,dhan_shomadhan,0.48064497458228245,1,0.48064497458228245,0.9766514301300049
data\raw\dhan_shomadhan\White Background\Rice Blast\rb_wb_170.jpg,dhan_shomadhan,0.16298557199716268,1,0.16298557199716268,0.995690643787384
data\raw\dhan_shomadhan\White Background\Rice Blast\rb_wb_171.jpg,dhan_shomadhan,0.15765979665825977,1,0.15765979665825977,0.9949905276298523
data\raw\dhan_shomadhan\White Background\Rice Blast\rb_wb_172.jpg,dhan_shomadhan,0.1859325740857503,1,0.1859325740857503,0.9942317605018616
data\raw\dhan_shomadhan\White Background\Rice Blast\rb_wb_173.jpg,dhan_shomadhan,0.17524321701607817,1,0.17524321701607817,0.9888443350791931
data\raw\dhan_shomadhan\White Background\Rice Blast\rb_wb_174.jpg,dhan_shomadhan,0.19234192741172762,1,0.19234192741172762,0.9872081875801086
data\raw\dhan_shomadhan\White Background\Rice Blast\rb_wb_175.jpg,dhan_shomadhan,0.15023878369325347,1,0.15023878369325347,1.0053644180297852
data\raw\dhan_shomadhan\White Background\Rice Blast\rb_wb_176.jpg,dhan_shomadhan,0.12130260876418664,1,0.12130260876418664,0.9998414516448975
data\raw\dhan_shomadhan\White Background\Rice Blast\rb_wb_177.jpg,dhan_shomadhan,0.5320961489202396,1,0.5320961489202396,1.0002201795578003
data\raw\dhan_shomadhan\White Background\Rice Blast\rb_wb_178.jpg,dhan_shomadhan,0.09782791811160152,1,0.09782791811160152,1.0014621019363403
data\raw\dhan_shomadhan\White Background\Rice Blast\rb_wb_179.jpg,dhan_shomadhan,0.12188928515132409,1,0.12188928515132409,1.002037763595581
data\raw\dhan_shomadhan\White Background\Rice Blast\rb_wb_18.jpg,dhan_shomadhan,0.5325940357030264,1,0.5325940357030264,0.997757077217102
data\raw\dhan_shomadhan\White Background\Rice Blast\rb_wb_180.jpg,dhan_shomadhan,0.5391959922761664,1,0.5391959922761664,1.001517415046692
data\raw\dhan_shomadhan\White Background\Rice Blast\rb_wb_181.jpg,dhan_shomadhan,0.501872216858449,1,0.501872216858449,0.9953805208206177
data\raw\dhan_shomadhan\White Background\Rice Blast\rb_wb_182.jpg,dhan_shomadhan,0.06780163835907944,1,0.06780163835907944,0.9896016120910645
data\raw\dhan_shomadhan\White Background\Rice Blast\rb_wb_183.jpg,dhan_shomadhan,0.0935468060372005,1,0.0935468060372005,0.9919598698616028
data\raw\dhan_shomadhan\White Background\Rice Blast\rb_wb_184.jpg,dhan_shomadhan,0.09871273545870113,1,0.09871273545870113,0.9809755086898804
data\raw\dhan_shomadhan\White Background\Rice Blast\rb_wb_185.jpg,dhan_shomadhan,0.07578408240069356,1,0.07578408240069356,0.8857525587081909
data\raw\dhan_shomadhan\White Background\Rice Blast\rb_wb_186.jpg,dhan_shomadhan,0.13417685509930644,1,0.13417685509930644,0.996753454208374
data\raw\dhan_shomadhan\White Background\Rice Blast\rb_wb_187.jpg,dhan_shomadhan,0.10540545200189155,1,0.10540545200189155,0.9260263442993164
data\raw\dhan_shomadhan\White Background\Rice Blast\rb_wb_188.jpg,dhan_shomadhan,0.11200014285151325,1,0.11200014285151325,0.9691764116287231
data\raw\dhan_shomadhan\White Background\Rice Blast\rb_wb_189.jpg,dhan_shomadhan,0.11162466503783103,1,0.11162466503783103,0.9973897933959961
data\raw\dhan_shomadhan\White Background\Rice Blast\rb_wb_19.jpg,dhan_shomadhan,0.08756071189312736,1,0.08756071189312736,0.9711049795150757
data\raw\dhan_shomadhan\White Background\Rice Blast\rb_wb_190.jpg,dhan_shomadhan,0.5157210553278688,1,0.5157210553278688,1.00399649143219
data\raw\dhan_shomadhan\White Background\Rice Blast\rb_wb_191.jpg,dhan_shomadhan,0.08646444967686003,1,0.08646444967686003,0.9995619058609009
data\raw\dhan_shomadhan\White Background\Rice Blast\rb_wb_192.jpg,dhan_shomadhan,0.07406530777112232,1,0.07406530777112232,0.9888062477111816
data\raw\dhan_shomadhan\White Background\Rice Blast\rb_wb_193.jpg,dhan_shomadhan,0.10384701588114754,1,0.10384701588114754,1.0019805431365967
data\raw\dhan_shomadhan\White Background\Rice Blast\rb_wb_194.jpg,dhan_shomadhan,0.11337496551860025,1,0.11337496551860025,0.9989920854568481
data\raw\dhan_shomadhan\White Background\Rice Blast\rb_wb_195.jpg,dhan_shomadhan,0.5484857739596469,1,0.5484857739596469,1.0098588466644287
data\raw\dhan_shomadhan\White Background\Rice Blast\rb_wb_196.jpg,dhan_shomadhan,0.0977358035151324,1,0.0977358035151324,0.9849307537078857
data\raw\dhan_shomadhan\White Background\Rice Blast\rb_wb_197.jpg,dhan_shomadhan,0.12211452258039092,1,0.12211452258039092,0.9751826524734497
data\raw\dhan_shomadhan\White Background\Rice Blast\rb_wb_2.jpg,dhan_shomadhan,0.9289029250078814,1,0.9289029250078814,0.9948452711105347
data\raw\dhan_shomadhan\White Background\Rice Blast\rb_wb_20.jpg,dhan_shomadhan,0.5761457676544767,1,0.5761457676544767,1.0031664371490479
data\raw\dhan_shomadhan\White Background\Rice Blast\rb_wb_21.jpg,dhan_shomadhan,0.09509539032944514,1,0.09509539032944514,0.9980185031890869
data\raw\dhan_shomadhan\White Background\Rice Blast\rb_wb_22.jpg,dhan_shomadhan,0.07058601138871375,1,0.07058601138871375,0.9792227745056152
data\raw\dhan_shomadhan\White Background\Rice Blast\rb_wb_23.jpg,dhan_shomadhan,0.07615882132723834,1,0.07615882132723834,1.027782678604126
data\raw\dhan_shomadhan\White Background\Rice Blast\rb_wb_24.jpg,dhan_shomadhan,0.9411587228089533,1,0.9411587228089533,0.9937739372253418
data\raw\dhan_shomadhan\White Background\Rice Blast\rb_wb_25.jpg,dhan_shomadhan,0.1188655126891551,1,0.1188655126891551,0.9934074878692627
data\raw\dhan_shomadhan\White Background\Rice Blast\rb_wb_26.jpg,dhan_shomadhan,0.5212272422761665,1,0.5212272422761665,0.9830945730209351
data\raw\dhan_shomadhan\White Background\Rice Blast\rb_wb_27.jpg,dhan_shomadhan,0.09520499192150063,1,0.09520499192150063,0.985994815826416
data\raw\dhan_shomadhan\White Background\Rice Blast\rb_wb_28.jpg,dhan_shomadhan,0.07282188386664565,1,0.07282188386664565,0.9531168937683105
data\raw\dhan_shomadhan\White Background\Rice Blast\rb_wb_29.jpg,dhan_shomadhan,0.00017363847730138713,1,0.00017363847730138713,0.7864857316017151
data\raw\dhan_shomadhan\White Background\Rice Blast\rb_wb_3.jpg,dhan_shomadhan,0.05347092232818411,1,0.05347092232818411,0.9636037349700928
data\raw\dhan_shomadhan\White Background\Rice Blast\rb_wb_30.jpg,dhan_shomadhan,0.11358838075346785,1,0.11358838075346785,0.9922432899475098
data\raw\dhan_shomadhan\White Background\Rice Blast\rb_wb_31.jpg,dhan_shomadhan,0.09213947233606558,1,0.09213947233606558,0.9977682828903198
data\raw\dhan_shomadhan\White Background\Rice Blast\rb_wb_32.jpg,dhan_shomadhan,0.08844725331021437,1,0.08844725331021437,0.9914582967758179
data\raw\dhan_shomadhan\White Background\Rice Blast\rb_wb_33.jpg,dhan_shomadhan,0.07018664289092055,1,0.07018664289092055,0.9390586614608765
data\raw\dhan_shomadhan\White Background\Rice Blast\rb_wb_34.jpg,dhan_shomadhan,0.09197531624369483,1,0.09197531624369483,0.9923275709152222
data\raw\dhan_shomadhan\White Background\Rice Blast\rb_wb_35.jpg,dhan_shomadhan,0.07053305781052964,1,0.07053305781052964,0.9864871501922607
data\raw\dhan_shomadhan\White Background\Rice Blast\rb_wb_36.jpg,dhan_shomadhan,0.5443061357187894,1,0.5443061357187894,0.9965900182723999
data\raw\dhan_shomadhan\White Background\Rice Blast\rb_wb_37.jpg,dhan_shomadhan,0.06847784323770492,1,0.06847784323770492,0.9871917963027954
data\raw\dhan_shomadhan\White Background\Rice Blast\rb_wb_38.jpg,dhan_shomadhan,0.07306990364911728,1,0.07306990364911728,0.983839750289917
data\raw\dhan_shomadhan\White Background\Rice Blast\rb_wb_39.jpg,dhan_shomadhan,0.5581071928199874,1,0.5581071928199874,1.0019152164459229
data\raw\dhan_shomadhan\White Background\Rice Blast\rb_wb_4.jpg,dhan_shomadhan,0.513926667914565,1,0.513926667914565,1.0041722059249878
data\raw\dhan_shomadhan\White Background\Rice Blast\rb_wb_40.jpg,dhan_shomadhan,0.07301916673234553,1,0.07301916673234553,0.9870051145553589
data\raw\dhan_shomadhan\White Background\Rice Blast\rb_wb_41.jpg,dhan_shomadhan,0.08698807436160151,1,0.08698807436160151,0.9815151691436768
data\raw\dhan_shomadhan\White Background\Rice Blast\rb_wb_42.jpg,dhan_shomadhan,0.5374335001576293,1,0.5374335001576293,1.0003807544708252
data\raw\dhan_shomadhan\White Background\Rice Blast\rb_wb_43.jpg,dhan_shomadhan,0.5286949282786885,1,0.5286949282786885,1.017115831375122
data\raw\dhan_shomadhan\White Background\Rice Blast\rb_wb_44.jpg,dhan_shomadhan,0.04405048076923077,1,0.04405048076923077,0.9719123840332031
data\raw\dhan_shomadhan\White Background\Rice Blast\rb_wb_45.jpg,dhan_shomadhan,0.5126779486522699,1,0.5126779486522699,1.0166785717010498
data\raw\dhan_shomadhan\White Background\Rice Blast\rb_wb_46.jpg,dhan_shomadhan,0.9523565573770492,1,0.9523565573770492,0.9143401384353638
data\raw\dhan_shomadhan\White Background\Rice Blast\rb_wb_47.jpg,dhan_shomadhan,0.03275006403688525,1,0.03275006403688525,0.8556939363479614
data\raw\dhan_shomadhan\White Background\Rice Blast\rb_wb_48.jpg,dhan_shomadhan,0.04209403077711223,1,0.04209403077711223,0.9806976318359375
data\raw\dhan_shomadhan\White Background\Rice Blast\rb_wb_49.jpg,dhan_shomadhan,0.043079952514186635,1,0.043079952514186635,0.9237830638885498
data\raw\dhan_shomadhan\White Background\Rice Blast\rb_wb_5.jpg,dhan_shomadhan,0.5032855848045398,1,0.5032855848045398,0.972963809967041
data\raw\dhan_shomadhan\White Background\Rice Blast\rb_wb_50.jpg,dhan_shomadhan,0.06814731439155107,1,0.06814731439155107,1.0017496347427368
data\raw\dhan_shomadhan\White Background\Rice Blast\rb_wb_51.jpg,dhan_shomadhan,0.04700344321406053,1,0.04700344321406053,0.9492234587669373
data\raw\dhan_shomadhan\White Background\Rice Blast\rb_wb_52.jpg,dhan_shomadhan,0.04468604685529634,1,0.04468604685529634,0.9741343259811401
data\raw\dhan_shomadhan\White Background\Rice Blast\rb_wb_53.jpg,dhan_shomadhan,0.5027812943332283,1,0.5027812943332283,1.0036929845809937
data\raw\dhan_shomadhan\White Background\Rice Blast\rb_wb_54.jpg,dhan_shomadhan,0.9610918042638714,1,0.9610918042638714,1.0009371042251587
data\raw\dhan_shomadhan\White Background\Rice Blast\rb_wb_55.jpg,dhan_shomadhan,0.5461251527033417,1,0.5461251527033417,1.0169122219085693
data\raw\dhan_shomadhan\White Background\Rice Blast\rb_wb_56.jpg,dhan_shomadhan,0.04620150437421185,1,0.04620150437421185,0.9836094379425049
data\raw\dhan_shomadhan\White Background\Rice Blast\rb_wb_57.jpg,dhan_shomadhan,0.03475872872005044,1,0.03475872872005044,0.9628651142120361
data\raw\dhan_shomadhan\White Background\Rice Blast\rb_wb_58.jpg,dhan_shomadhan,0.05537281781998739,1,0.05537281781998739,0.9204678535461426
data\raw\dhan_shomadhan\White Background\Rice Blast\rb_wb_59.jpg,dhan_shomadhan,0.466832464730454,1,0.466832464730454,0.9700510501861572
data\raw\dhan_shomadhan\White Background\Rice Blast\rb_wb_6.jpg,dhan_shomadhan,0.915678938761034,1,0.915678938761034,1.0018049478530884
data\raw\dhan_shomadhan\White Background\Rice Blast\rb_wb_60.jpg,dhan_shomadhan,0.16818265782629255,1,0.16818265782629255,1.0026395320892334
data\raw\dhan_shomadhan\White Background\Rice Blast\rb_wb_61.jpg,dhan_shomadhan,0.5250693322430643,1,0.5250693322430643,0.9950728416442871
data\raw\dhan_shomadhan\White Background\Rice Blast\rb_wb_62.jpg,dhan_shomadhan,0.12990411707912988,1,0.12990411707912988,0.9977289438247681
data\raw\dhan_shomadhan\White Background\Rice Blast\rb_wb_63.jpg,dhan_shomadhan,0.5332912988650693,1,0.5332912988650693,0.9981648921966553
data\raw\dhan_shomadhan\White Background\Rice Blast\rb_wb_64.jpg,dhan_shomadhan,0.5694690603325977,1,0.5694690603325977,1.0035545825958252
data\raw\dhan_shomadhan\White Background\Rice Blast\rb_wb_65.jpg,dhan_shomadhan,0.09203947627679697,1,0.09203947627679697,0.9940235614776611
data\raw\dhan_shomadhan\White Background\Rice Blast\rb_wb_66.jpg,dhan_shomadhan,0.1522712159126734,1,0.1522712159126734,1.0003024339675903
data\raw\dhan_shomadhan\White Background\Rice Blast\rb_wb_67.jpg,dhan_shomadhan,0.06859520314470366,1,0.06859520314470366,0.9980097413063049
data\raw\dhan_shomadhan\White Background\Rice Blast\rb_wb_68.jpg,dhan_shomadhan,0.5184438544293821,1,0.5184438544293821,1.0081151723861694
data\raw\dhan_shomadhan\White Background\Rice Blast\rb_wb_69.jpg,dhan_shomadhan,0.6039716415116646,1,0.6039716415116646,1.0063364505767822
data\raw\dhan_shomadhan\White Background\Rice Blast\rb_wb_7.jpg,dhan_shomadhan,0.5384423273959646,1,0.5384423273959646,0.9829608201980591
data\raw\dhan_shomadhan\White Background\Rice Blast\rb_wb_70.jpg,dhan_shomadhan,0.08169308598675915,1,0.08169308598675915,0.9948793649673462
data\raw\dhan_shomadhan\White Background\Rice Blast\rb_wb_71.jpg,dhan_shomadhan,0.5978899846311475,1,0.5978899846311475,0.9996354579925537
data\raw\dhan_shomadhan\White Background\Rice Blast\rb_wb_72.jpg,dhan_shomadhan,0.5497108488335435,1,0.5497108488335435,1.0051922798156738
data\raw\dhan_shomadhan\White Background\Rice Blast\rb_wb_73.jpg,dhan_shomadhan,0.1177506551465952,1,0.1177506551465952,1.0121724605560303
data\raw\dhan_shomadhan\White Background\Rice Blast\rb_wb_74.jpg,dhan_shomadhan,0.12152328972257251,1,0.12152328972257251,1.0038321018218994
data\raw\dhan_shomadhan\White Background\Rice Blast\rb_wb_75.jpg,dhan_shomadhan,0.14544426820617906,1,0.14544426820617906,1.0091872215270996
data\raw\dhan_shomadhan\White Background\Rice Blast\rb_wb_76.jpg,dhan_shomadhan,0.12697775457124844,1,0.12697775457124844,1.007003664970398
data\raw\dhan_shomadhan\White Background\Rice Blast\rb_wb_77.jpg,dhan_shomadhan,0.5554257713981715,1,0.5554257713981715,0.9997038841247559
data\raw\dhan_shomadhan\White Background\Rice Blast\rb_wb_78.jpg,dhan_shomadhan,0.12655868241645649,1,0.12655868241645649,1.0061681270599365
data\raw\dhan_shomadhan\White Background\Rice Blast\rb_wb_79.jpg,dhan_shomadhan,0.11910897600094578,1,0.11910897600094578,0.9933725595474243
data\raw\dhan_shomadhan\White Background\Rice Blast\rb_wb_8.jpg,dhan_shomadhan,0.08949868970680959,1,0.08949868970680959,0.9938409328460693
data\raw\dhan_shomadhan\White Background\Rice Blast\rb_wb_80.jpg,dhan_shomadhan,0.12209309485340479,1,0.12209309485340479,1.004119873046875
data\raw\dhan_shomadhan\White Background\Rice Blast\rb_wb_81.jpg,dhan_shomadhan,0.14900200977301387,1,0.14900200977301387,0.99908447265625
data\raw\dhan_shomadhan\White Background\Rice Blast\rb_wb_82.jpg,dhan_shomadhan,0.5358051160545397,1,0.5358051160545397,0.992233395576477
data\raw\dhan_shomadhan\White Background\Rice Blast\rb_wb_83.jpg,dhan_shomadhan,0.9871014935372006,1,0.9871014935372006,0.9944726228713989
data\raw\dhan_shomadhan\White Background\Rice Blast\rb_wb_84.jpg,dhan_shomadhan,0.1097445667165826,1,0.1097445667165826,1.003980040550232
data\raw\dhan_shomadhan\White Background\Rice Blast\rb_wb_85.jpg,dhan_shomadhan,0.16240714651639343,1,0.16240714651639343,0.9914153814315796
data\raw\dhan_shomadhan\White Background\Rice Blast\rb_wb_86.jpg,dhan_shomadhan,0.11929480611601513,1,0.11929480611601513,1.0027731657028198
data\raw\dhan_shomadhan\White Background\Rice Blast\rb_wb_87.jpg,dhan_shomadhan,0.5230002019624842,1,0.5230002019624842,0.9955136775970459
data\raw\dhan_shomadhan\White Background\Rice Blast\rb_wb_88.jpg,dhan_shomadhan,0.13604845621847414,1,0.13604845621847414,1.0003857612609863
data\raw\dhan_shomadhan\White Background\Rice Blast\rb_wb_89.jpg,dhan_shomadhan,0.10271196209016394,1,0.10271196209016394,0.997355580329895
data\raw\dhan_shomadhan\White Background\Rice Blast\rb_wb_9.jpg,dhan_shomadhan,0.08422697627679697,1,0.08422697627679697,0.9844506978988647
data\raw\dhan_shomadhan\White Background\Rice Blast\rb_wb_90.jpg,dhan_shomadhan,0.5197609207518915,1,0.5197609207518915,0.9890965223312378
data\raw\dhan_shomadhan\White Background\Rice Blast\rb_wb_91.jpg,dhan_shomadhan,0.126202908259773,1,0.126202908259773,1.0064573287963867
data\raw\dhan_shomadhan\White Background\Rice Blast\rb_wb_92.jpg,dhan_shomadhan,0.6130934495192307,1,0.6130934495192307,0.9637472629547119
data\raw\dhan_shomadhan\White Background\Rice Blast\rb_wb_93.jpg,dhan_shomadhan,0.1212992837720681,1,0.1212992837720681,0.9972621202468872
data\raw\dhan_shomadhan\White Background\Rice Blast\rb_wb_94.jpg,dhan_shomadhan,0.13984153333858765,1,0.13984153333858765,0.9986414909362793
data\raw\dhan_shomadhan\White Background\Rice Blast\rb_wb_95.jpg,dhan_shomadhan,0.09428926446248424,1,0.09428926446248424,0.9819252490997314
data\raw\dhan_shomadhan\White Background\Rice Blast\rb_wb_96.jpg,dhan_shomadhan,0.5364366182613493,1,0.5364366182613493,1.0032522678375244
data\raw\dhan_shomadhan\White Background\Rice Blast\rb_wb_97.jpg,dhan_shomadhan,0.15351894999211854,1,0.15351894999211854,0.983272135257721
data\raw\dhan_shomadhan\White Background\Rice Blast\rb_wb_98.jpg,dhan_shomadhan,0.11657976532944514,1,0.11657976532944514,0.9985952377319336
data\raw\dhan_shomadhan\White Background\Rice Blast\rb_wb_99.jpg,dhan_shomadhan,0.15031156407629256,1,0.15031156407629256,0.9838501811027527
data\raw\dhan_shomadhan\White Background\Rice Tungro\rt_wb_0.jpg,dhan_shomadhan,0.06418552470838587,1,0.06418552470838587,0.9782246351242065
data\raw\dhan_shomadhan\White Background\Rice Tungro\rt_wb_1.jpg,dhan_shomadhan,0.11548030126891551,1,0.11548030126891551,0.983722448348999
data\raw\dhan_shomadhan\White Background\Rice Tungro\rt_wb_10.jpg,dhan_shomadhan,0.6217076420633669,1,0.6217076420633669,1.0096807479858398
data\raw\dhan_shomadhan\White Background\Rice Tungro\rt_wb_100.jpg,dhan_shomadhan,0.10460523723203026,1,0.10460523723203026,1.0015392303466797
data\raw\dhan_shomadhan\White Background\Rice Tungro\rt_wb_101.jpg,dhan_shomadhan,0.11159203085592687,1,0.11159203085592687,1.0011661052703857
data\raw\dhan_shomadhan\White Background\Rice Tungro\rt_wb_102.jpg,dhan_shomadhan,0.6519155649038462,1,0.6519155649038462,1.0081770420074463
data\raw\dhan_shomadhan\White Background\Rice Tungro\rt_wb_103.jpg,dhan_shomadhan,0.17577989537358132,1,0.17577989537358132,1.0050721168518066
data\raw\dhan_shomadhan\White Background\Rice Tungro\rt_wb_104.jpg,dhan_shomadhan,0.1218890388556116,1,0.1218890388556116,1.0031908750534058
data\raw\dhan_shomadhan\White Background\Rice Tungro\rt_wb_105.jpg,dhan_shomadhan,0.16030883019388398,1,0.16030883019388398,1.0003349781036377
data\raw\dhan_shomadhan\White Background\Rice Tungro\rt_wb_106.jpg,dhan_shomadhan,0.14014152151639345,1,0.14014152151639345,0.9963726997375488
data\raw\dhan_shomadhan\White Background\Rice Tungro\rt_wb_107.jpg,dhan_shomadhan,0.23867396851355613,1,0.23867396851355613,0.99405837059021
data\raw\dhan_shomadhan\White Background\Rice Tungro\rt_wb_108.jpg,dhan_shomadhan,0.1499985222257251,1,0.1499985222257251,0.9922689199447632
data\raw\dhan_shomadhan\White Background\Rice Tungro\rt_wb_109.jpg,dhan_shomadhan,0.5224057672604036,1,0.5224057672604036,0.9919537305831909
data\raw\dhan_shomadhan\White Background\Rice Tungro\rt_wb_11.jpg,dhan_shomadhan,0.046805914052648175,1,0.046805914052648175,0.9883166551589966
data\raw\dhan_shomadhan\White Background\Rice Tungro\rt_wb_110.jpg,dhan_shomadhan,0.16035710415353088,1,0.16035710415353088,0.9999679327011108
data\raw\dhan_shomadhan\White Background\Rice Tungro\rt_wb_111.jpg,dhan_shomadhan,0.5099973892654477,1,0.5099973892654477,0.9958240985870361
data\raw\dhan_shomadhan\White Background\Rice Tungro\rt_wb_112.jpg,dhan_shomadhan,0.5187697036569987,1,0.5187697036569987,1.0054725408554077
data\raw\dhan_shomadhan\White Background\Rice Tungro\rt_wb_113.jpg,dhan_shomadhan,0.0001374330075662043,1,0.0001374330075662043,0.8501882553100586
data\raw\dhan_shomadhan\White Background\Rice Tungro\rt_wb_114.jpg,dhan_shomadhan,0.13585745389344261,1,0.13585745389344261,1.003151774406433
data\raw\dhan_shomadhan\White Background\Rice Tungro\rt_wb_115.jpg,dhan_shomadhan,0.1297147156762295,1,0.1297147156762295,0.9969942569732666
data\raw\dhan_shomadhan\White Background\Rice Tungro\rt_wb_116.jpg,dhan_shomadhan,0.10188330016551071,1,0.10188330016551071,0.9942487478256226
data\raw\dhan_shomadhan\White Background\Rice Tungro\rt_wb_117.jpg,dhan_shomadhan,0.11077790037831022,1,0.11077790037831022,1.0036565065383911
data\raw\dhan_shomadhan\White Background\Rice Tungro\rt_wb_118.jpg,dhan_shomadhan,0.1555044628783102,1,0.1555044628783102,0.9776349067687988
data\raw\dhan_shomadhan\White Background\Rice Tungro\rt_wb_12.jpg,dhan_shomadhan,0.05331957361286255,1,0.05331957361286255,0.9851856231689453
data\raw\dhan_shomadhan\White Background\Rice Tungro\rt_wb_13.jpg,dhan_shomadhan,0.04760341956967213,1,0.04760341956967213,0.9858198165893555
data\raw\dhan_shomadhan\White Background\Rice Tungro\rt_wb_14.jpg,dhan_shomadhan,0.034140895925283736,1,0.034140895925283736,0.9795845746994019
data\raw\dhan_shomadhan\White Background\Rice Tungro\rt_wb_15.jpg,dhan_shomadhan,0.033599168505674654,1,0.033599168505674654,0.9827799797058105
data\raw\dhan_shomadhan\White Background\Rice Tungro\rt_wb_16.jpg,dhan_shomadhan,0.9796995684899117,1,0.9796995684899117,1.003068447113037
data\raw\dhan_shomadhan\White Background\Rice Tungro\rt_wb_17.jpg,dhan_shomadhan,0.9769910545397226,1,0.9769910545397226,0.9913145303726196
data\raw\dhan_shomadhan\White Background\Rice Tungro\rt_wb_18.jpg,dhan_shomadhan,0.996511836971942,1,0.996511836971942,1.0009304285049438
data\raw\dhan_shomadhan\White Background\Rice Tungro\rt_wb_19.jpg,dhan_shomadhan,0.03575179303278689,1,0.03575179303278689,0.9710391759872437
data\raw\dhan_shomadhan\White Background\Rice Tungro\rt_wb_2.jpg,dhan_shomadhan,0.548337257645019,1,0.548337257645019,0.9924873113632202
data\raw\dhan_shomadhan\White Background\Rice Tungro\rt_wb_20.jpg,dhan_shomadhan,0.03692206711065574,1,0.03692206711065574,0.9821866750717163
data\raw\dhan_shomadhan\White Background\Rice Tungro\rt_wb_21.jpg,dhan_shomadhan,0.50261639935372,1,0.50261639935372,1.0065232515335083
data\raw\dhan_shomadhan\White Background\Rice Tungro\rt_wb_22.jpg,dhan_shomadhan,0.02388452671815889,1,0.02388452671815889,0.968658447265625
data\raw\dhan_shomadhan\White Background\Rice Tungro\rt_wb_23.jpg,dhan_shomadhan,0.9692726395018916,1,0.9692726395018916,1.0087964534759521
data\raw\dhan_shomadhan\White Background\Rice Tungro\rt_wb_24.jpg,dhan_shomadhan,0.5123538234946406,1,0.5123538234946406,1.0134574174880981
data\raw\dhan_shomadhan\White Background\Rice Tungro\rt_wb_25.jpg,dhan_shomadhan,0.03358217410151324,1,0.03358217410151324,0.9677923917770386
data\raw\dhan_shomadhan\White Background\Rice Tungro\rt_wb_26.jpg,dhan_shomadhan,0.03245746473045397,1,0.03245746473045397,0.9700204133987427
data\raw\dhan_shomadhan\White Background\Rice Tungro\rt_wb_27.jpg,dhan_shomadhan,0.49431266255517026,1,0.49431266255517026,0.9697588682174683
data\raw\dhan_shomadhan\White Background\Rice Tungro\rt_wb_28.jpg,dhan_shomadhan,0.9709041023013871,1,0.9709041023013871,0.9989286661148071
data\raw\dhan_shomadhan\White Background\Rice Tungro\rt_wb_29.jpg,dhan_shomadhan,0.5208937578814627,1,0.5208937578814627,0.9775691628456116
data\raw\dhan_shomadhan\White Background\Rice Tungro\rt_wb_3.jpg,dhan_shomadhan,0.5049667993379571,1,0.5049667993379571,1.0053493976593018
data\raw\dhan_shomadhan\White Background\Rice Tungro\rt_wb_30.jpg,dhan_shomadhan,0.0402030954445145,1,0.0402030954445145,0.9729666709899902
data\raw\dhan_shomadhan\White Background\Rice Tungro\rt_wb_31.jpg,dhan_shomadhan,0.08280794352931904,1,0.08280794352931904,0.9898694753646851
data\raw\dhan_shomadhan\White Background\Rice Tungro\rt_wb_32.jpg,dhan_shomadhan,0.542235281368222,1,0.542235281368222,0.9958844184875488
data\raw\dhan_shomadhan\White Background\Rice Tungro\rt_wb_33.jpg,dhan_shomadhan,0.10483306076607818,1,0.10483306076607818,0.9932548999786377
data\raw\dhan_shomadhan\White Background\Rice Tungro\rt_wb_34.jpg,dhan_shomadhan,0.14260607956336696,1,0.14260607956336696,0.996661901473999
data\raw\dhan_shomadhan\White Background\Rice Tungro\rt_wb_35.jpg,dhan_shomadhan,0.06886600528058008,1,0.06886600528058008,0.988965630531311
data\raw\dhan_shomadhan\White Background\Rice Tungro\rt_wb_36.jpg,dhan_shomadhan,0.5947303800835435,1,0.5947303800835435,0.9999089241027832
data\raw\dhan_shomadhan\White Background\Rice Tungro\rt_wb_37.jpg,dhan_shomadhan,0.537526969380517,1,0.537526969380517,0.9981883764266968
data\raw\dhan_shomadhan\White Background\Rice Tungro\rt_wb_38.jpg,dhan_shomadhan,0.11613446268127364,1,0.11613446268127364,0.9977480173110962
data\raw\dhan_shomadhan\White Background\Rice Tungro\rt_wb_39.jpg,dhan_shomadhan,0.5301462257645019,1,0.5301462257645019,1.0036033391952515
data\raw\dhan_shomadhan\White Background\Rice Tungro\rt_wb_4.jpg,dhan_shomadhan,0.5679072992197352,1,0.5679072992197352,1.0082528591156006
data\raw\dhan_shomadhan\White Background\Rice Tungro\rt_wb_40.jpg,dhan_shomadhan,0.5300601454129886,1,0.5300601454129886,0.9997446537017822
data\raw\dhan_shomadhan\White Background\Rice Tungro\rt_wb_41.jpg,dhan_shomadhan,0.5639184170081967,1,0.5639184170081967,0.9994587898254395
data\raw\dhan_shomadhan\White Background\Rice Tungro\rt_wb_42.jpg,dhan_shomadhan,0.1179008955312106,1,0.1179008955312106,0.9966696500778198
data\raw\dhan_shomadhan\White Background\Rice Tungro\rt_wb_43.jpg,dhan_shomadhan,0.16696423293663304,1,0.16696423293663304,1.0058139562606812
data\raw\dhan_shomadhan\White Background\Rice Tungro\rt_wb_44.jpg,dhan_shomadhan,0.5184161461617276,1,0.5184161461617276,0.9266278743743896
data\raw\dhan_shomadhan\White Background\Rice Tungro\rt_wb_45.jpg,dhan_shomadhan,0.5078370064233921,1,0.5078370064233921,0.9668471813201904
data\raw\dhan_shomadhan\White Background\Rice Tungro\rt_wb_46.jpg,dhan_shomadhan,0.1105719971626734,1,0.1105719971626734,0.99515700340271
data\raw\dhan_shomadhan\White Background\Rice Tungro\rt_wb_47.jpg,dhan_shomadhan,0.08364694987389659,1,0.08364694987389659,0.9859195947647095
data\raw\dhan_shomadhan\White Background\Rice Tungro\rt_wb_48.jpg,dhan_shomadhan,0.5039516915589534,1,0.5039516915589534,0.9836723804473877
data\raw\dhan_shomadhan\White Background\Rice Tungro\rt_wb_49.jpg,dhan_shomadhan,0.5672301091582598,1,0.5672301091582598,1.0046558380126953
data\raw\dhan_shomadhan\White Background\Rice Tungro\rt_wb_5.jpg,dhan_shomadhan,0.5276628260955233,1,0.5276628260955233,1.0017179250717163
data\raw\dhan_shomadhan\White Background\Rice Tungro\rt_wb_50.jpg,dhan_shomadhan,0.9219389137373897,1,0.9219389137373897,1.0007439851760864
data\raw\dhan_shomadhan\White Background\Rice Tungro\rt_wb_51.jpg,dhan_shomadhan,0.06766617571721312,1,0.06766617571721312,0.9892228841781616
data\raw\dhan_shomadhan\White Background\Rice Tungro\rt_wb_52.jpg,dhan_shomadhan,0.10194561298076923,1,0.10194561298076923,0.9968990087509155
data\raw\dhan_shomadhan\White Background\Rice Tungro\rt_wb_53.jpg,dhan_shomadhan,0.05233291298865069,1,0.05233291298865069,0.980440616607666
data\raw\dhan_shomadhan\White Background\Rice Tungro\rt_wb_54.jpg,dhan_shomadhan,0.1236055968237705,1,0.1236055968237705,0.9958728551864624
data\raw\dhan_shomadhan\White Background\Rice Tungro\rt_wb_55.jpg,dhan_shomadhan,0.08320706573139974,1,0.08320706573139974,0.9955708980560303
data\raw\dhan_shomadhan\White Background\Rice Tungro\rt_wb_56.jpg,dhan_shomadhan,0.10734712425126103,1,0.10734712425126103,0.9990057945251465
data\raw\dhan_shomadhan\White Background\Rice Tungro\rt_wb_57.jpg,dhan_shomadhan,0.12151528511191677,1,0.12151528511191677,0.9986406564712524
data\raw\dhan_shomadhan\White Background\Rice Tungro\rt_wb_58.jpg,dhan_shomadhan,0.05855582046027743,1,0.05855582046027743,0.98343825340271
data\raw\dhan_shomadhan\White Background\Rice Tungro\rt_wb_59.jpg,dhan_shomadhan,0.10353261940416142,1,0.10353261940416142,0.9995135068893433
data\raw\dhan_shomadhan\White Background\Rice Tungro\rt_wb_6.jpg,dhan_shomadhan,0.553578184110971,1,0.553578184110971,1.0033366680145264
data\raw\dhan_shomadhan\White Background\Rice Tungro\rt_wb_60.jpg,dhan_shomadhan,0.5046057298234552,1,0.5046057298234552,0.9876420497894287
data\raw\dhan_shomadhan\White Background\Rice Tungro\rt_wb_61.jpg,dhan_shomadhan,0.09230202750630517,1,0.09230202750630517,0.9945200681686401
data\raw\dhan_shomadhan\White Background\Rice Tungro\rt_wb_62.jpg,dhan_shomadhan,0.5498560401560529,1,0.5498560401560529,0.9977484941482544
data\raw\dhan_shomadhan\White Background\Rice Tungro\rt_wb_63.jpg,dhan_shomadhan,0.08463397994167718,1,0.08463397994167718,0.994841456413269
data\raw\dhan_shomadhan\White Background\Rice Tungro\rt_wb_64.jpg,dhan_shomadhan,0.07320585888240858,1,0.07320585888240858,0.9904313087463379
data\raw\dhan_shomadhan\White Background\Rice Tungro\rt_wb_65.jpg,dhan_shomadhan,0.09808739064470366,1,0.09808739064470366,0.9971389770507812
data\raw\dhan_shomadhan\White Background\Rice Tungro\rt_wb_66.jpg,dhan_shomadhan,0.16545111522698613,1,0.16545111522698613,0.9978793859481812
data\raw\dhan_shomadhan\White Background\Rice Tungro\rt_wb_67.jpg,dhan_shomadhan,0.5140141028924968,1,0.5140141028924968,1.0001962184906006
data\raw\dhan_shomadhan\White Background\Rice Tungro\rt_wb_68.jpg,dhan_shomadhan,0.5224202987074401,1,0.5224202987074401,1.0003832578659058
data\raw\dhan_shomadhan\White Background\Rice Tungro\rt_wb_69.jpg,dhan_shomadhan,0.0964092548076923,1,0.0964092548076923,0.9956322908401489
data\raw\dhan_shomadhan\White Background\Rice Tungro\rt_wb_7.jpg,dhan_shomadhan,0.5325409589769862,1,0.5325409589769862,1.0033172369003296
data\raw\dhan_shomadhan\White Background\Rice Tungro\rt_wb_70.jpg,dhan_shomadhan,0.1658366911648802,1,0.1658366911648802,1.0042386054992676
data\raw\dhan_shomadhan\White Background\Rice Tungro\rt_wb_71.jpg,dhan_shomadhan,0.09205684012452711,1,0.09205684012452711,0.9928264617919922
data\raw\dhan_shomadhan\White Background\Rice Tungro\rt_wb_72.jpg,dhan_shomadhan,0.5315365650614754,1,0.5315365650614754,1.0015004873275757
data\raw\dhan_shomadhan\White Background\Rice Tungro\rt_wb_73.jpg,dhan_shomadhan,0.08734052352616646,1,0.08734052352616646,0.9947917461395264
data\raw\dhan_shomadhan\White Background\Rice Tungro\rt_wb_74.jpg,dhan_shomadhan,0.532623837484237,1,0.532623837484237,1.0045603513717651
data\raw\dhan_shomadhan\White Background\Rice Tungro\rt_wb_75.jpg,dhan_shomadhan,0.06301931450977301,1,0.06301931450977301,0.9897005558013916
data\raw\dhan_shomadhan\White Background\Rice Tungro\rt_wb_76.jpg,dhan_shomadhan,0.10462075386191677,1,0.10462075386191677,1.0030280351638794
data\raw\dhan_shomadhan\White Background\Rice Tungro\rt_wb_77.jpg,dhan_shomadhan,0.10987904417559899,1,0.10987904417559899,1.002251386642456
data\raw\dhan_shomadhan\White Background\Rice Tungro\rt_wb_78.jpg,dhan_shomadhan,0.532179766314628,1,0.532179766314628,1.0001733303070068
data\raw\dhan_shomadhan\White Background\Rice Tungro\rt_wb_79.jpg,dhan_shomadhan,0.14055345109552334,1,0.14055345109552334,1.0005772113800049
data\raw\dhan_shomadhan\White Background\Rice Tungro\rt_wb_8.jpg,dhan_shomadhan,0.5197999586223203,1,0.5197999586223203,0.966356635093689
data\raw\dhan_shomadhan\White Background\Rice Tungro\rt_wb_80.jpg,dhan_shomadhan,0.13578652072824715,1,0.13578652072824715,0.8489545583724976
data\raw\dhan_shomadhan\White Background\Rice Tungro\rt_wb_81.jpg,dhan_shomadhan,0.12980301268915512,1,0.12980301268915512,1.0022000074386597
data\raw\dhan_shomadhan\White Background\Rice Tungro\rt_wb_82.jpg,dhan_shomadhan,0.5082332962247793,1,0.5082332962247793,0.9963212013244629
data\raw\dhan_shomadhan\White Background\Rice Tungro\rt_wb_83.jpg,dhan_shomadhan,0.5076511763083228,1,0.5076511763083228,0.9920352101325989
data\raw\dhan_shomadhan\White Background\Rice Tungro\rt_wb_84.jpg,dhan_shomadhan,0.06741704760403532,1,0.06741704760403532,0.9911599159240723
data\raw\dhan_shomadhan\White Background\Rice Tungro\rt_wb_85.jpg,dhan_shomadhan,0.9235777654082598,1,0.9235777654082598,0.9953807592391968
data\raw\dhan_shomadhan\White Background\Rice Tungro\rt_wb_86.jpg,dhan_shomadhan,0.11827366409205549,1,0.11827366409205549,1.0010802745819092
data\raw\dhan_shomadhan\White Background\Rice Tungro\rt_wb_87.jpg,dhan_shomadhan,0.6007260797604035,1,0.6007260797604035,0.9907653331756592
data\raw\dhan_shomadhan\White Background\Rice Tungro\rt_wb_88.jpg,dhan_shomadhan,0.0858506807613493,1,0.0858506807613493,0.9895058870315552
data\raw\dhan_shomadhan\White Background\Rice Tungro\rt_wb_89.jpg,dhan_shomadhan,0.5721195716424968,1,0.5721195716424968,1.0045537948608398
data\raw\dhan_shomadhan\White Background\Rice Tungro\rt_wb_9.jpg,dhan_shomadhan,0.5853115394467213,1,0.5853115394467213,1.0061171054840088
data\raw\dhan_shomadhan\White Background\Rice Tungro\rt_wb_90.jpg,dhan_shomadhan,0.5560713124605927,1,0.5560713124605927,0.9955809116363525
data\raw\dhan_shomadhan\White Background\Rice Tungro\rt_wb_91.jpg,dhan_shomadhan,0.5928651826529003,1,0.5928651826529003,1.0042688846588135
data\raw\dhan_shomadhan\White Background\Rice Tungro\rt_wb_92.jpg,dhan_shomadhan,0.21573238493064312,1,0.21573238493064312,1.0015742778778076
data\raw\dhan_shomadhan\White Background\Rice Tungro\rt_wb_93.jpg,dhan_shomadhan,0.5182784668584489,1,0.5182784668584489,1.0029425621032715
data\raw\dhan_shomadhan\White Background\Rice Tungro\rt_wb_94.jpg,dhan_shomadhan,0.5365671549889659,1,0.5365671549889659,1.005585789680481
data\raw\dhan_shomadhan\White Background\Rice Tungro\rt_wb_95.jpg,dhan_shomadhan,0.9150843809110971,1,0.9150843809110971,1.0037907361984253
data\raw\dhan_shomadhan\White Background\Rice Tungro\rt_wb_96.jpg,dhan_shomadhan,0.5792985990699874,1,0.5792985990699874,1.0040313005447388
data\raw\dhan_shomadhan\White Background\Rice Tungro\rt_wb_97.jpg,dhan_shomadhan,0.9004345887846784,1,0.9004345887846784,0.9960839748382568
data\raw\dhan_shomadhan\White Background\Rice Tungro\rt_wb_98.jpg,dhan_shomadhan,0.9250932229271753,1,0.9250932229271753,1.0060917139053345
data\raw\dhan_shomadhan\White Background\Rice Tungro\rt_wb_99.jpg,dhan_shomadhan,0.5447861660624211,1,0.5447861660624211,1.001117467880249
data\raw\dhan_shomadhan\White Background\Shath Blight\sb_wb_0.jpg,dhan_shomadhan,0.08011839434899118,1,0.08011839434899118,0.963706374168396
data\raw\dhan_shomadhan\White Background\Shath Blight\sb_wb_1.jpg,dhan_shomadhan,0.07286634024274906,1,0.07286634024274906,0.9794076681137085
data\raw\dhan_shomadhan\White Background\Shath Blight\sb_wb_10.jpg,dhan_shomadhan,0.14243268738177806,1,0.14243268738177806,0.994093656539917
data\raw\dhan_shomadhan\White Background\Shath Blight\sb_wb_100.jpg,dhan_shomadhan,0.5039973794136192,1,0.5039973794136192,0.9837608337402344
data\raw\dhan_shomadhan\White Background\Shath Blight\sb_wb_101.jpg,dhan_shomadhan,0.5437501231478562,1,0.5437501231478562,0.9869269132614136
data\raw\dhan_shomadhan\White Background\Shath Blight\sb_wb_102.jpg,dhan_shomadhan,0.07753536806431274,1,0.07753536806431274,0.9827640652656555
data\raw\dhan_shomadhan\White Background\Shath Blight\sb_wb_103.jpg,dhan_shomadhan,0.06320908535624212,1,0.06320908535624212,0.9632598161697388
data\raw\dhan_shomadhan\White Background\Shath Blight\sb_wb_104.jpg,dhan_shomadhan,0.5304447361680328,1,0.5304447361680328,0.9889105558395386
data\raw\dhan_shomadhan\White Background\Shath Blight\sb_wb_105.jpg,dhan_shomadhan,0.11122751320145019,1,0.11122751320145019,0.9760855436325073
data\raw\dhan_shomadhan\White Background\Shath Blight\sb_wb_106.jpg,dhan_shomadhan,0.47961287239911726,1,0.47961287239911726,0.9755948781967163
data\raw\dhan_shomadhan\White Background\Shath Blight\sb_wb_107.jpg,dhan_shomadhan,0.05845520866172762,1,0.05845520866172762,0.9870617389678955
data\raw\dhan_shomadhan\White Background\Shath Blight\sb_wb_108.jpg,dhan_shomadhan,0.13660163638871375,1,0.13660163638871375,0.9944630861282349
data\raw\dhan_shomadhan\White Background\Shath Blight\sb_wb_109.jpg,dhan_shomadhan,0.5320707804618537,1,0.5320707804618537,0.9901643395423889
data\raw\dhan_shomadhan\White Background\Shath Blight\sb_wb_11.jpg,dhan_shomadhan,0.9065736325662043,1,0.9065736325662043,0.9973357915878296
data\raw\dhan_shomadhan\White Background\Shath Blight\sb_wb_110.jpg,dhan_shomadhan,0.4841788254650063,1,0.4841788254650063,1.0001448392868042
data\raw\dhan_shomadhan\White Background\Shath Blight\sb_wb_111.jpg,dhan_shomadhan,0.517105606675599,1,0.517105606675599,0.9865888357162476
data\raw\dhan_shomadhan\White Background\Shath Blight\sb_wb_112.jpg,dhan_shomadhan,0.9361647077947667,1,0.9361647077947667,0.9953715801239014
data\raw\dhan_shomadhan\White Background\Shath Blight\sb_wb_113.jpg,dhan_shomadhan,0.5177512708858765,1,0.5177512708858765,0.9798298478126526
data\raw\dhan_shomadhan\White Background\Shath Blight\sb_wb_114.jpg,dhan_shomadhan,0.5946821061238966,1,0.5946821061238966,0.9915670156478882
data\raw\dhan_shomadhan\White Background\Shath Blight\sb_wb_115.jpg,dhan_shomadhan,0.06935268560844893,1,0.06935268560844893,0.9571619033813477
data\raw\dhan_shomadhan\White Background\Shath Blight\sb_wb_116.jpg,dhan_shomadhan,0.532003788028058,1,0.532003788028058,1.0089517831802368
data\raw\dhan_shomadhan\White Background\Shath Blight\sb_wb_117.jpg,dhan_shomadhan,0.1917018048549811,1,0.1917018048549811,0.9959635734558105
data\raw\dhan_shomadhan\White Background\Shath Blight\sb_wb_118.jpg,dhan_shomadhan,0.0715656525851198,1,0.0715656525851198,0.9956604242324829
data\raw\dhan_shomadhan\White Background\Shath Blight\sb_wb_119.jpg,dhan_shomadhan,0.13021826726040353,1,0.13021826726040353,0.9994982481002808
data\raw\dhan_shomadhan\White Background\Shath Blight\sb_wb_12.jpg,dhan_shomadhan,0.08720210533575032,1,0.08720210533575032,0.995048999786377
data\raw\dhan_shomadhan\White Background\Shath Blight\sb_wb_120.jpg,dhan_shomadhan,0.0879587257645019,1,0.0879587257645019,0.9058327078819275
data\raw\dhan_shomadhan\White Background\Shath Blight\sb_wb_121.jpg,dhan_shomadhan,0.8754339730453973,1,0.8754339730453973,0.9789873361587524
data\raw\dhan_shomadhan\White Background\Shath Blight\sb_wb_122.jpg,dhan_shomadhan,0.6337325376339848,1,0.6337325376339848,1.0094654560089111
data\raw\dhan_shomadhan\White Background\Shath Blight\sb_wb_123.jpg,dhan_shomadhan,0.060520890802332916,1,0.060520890802332916,0.9866534471511841
data\raw\dhan_shomadhan\White Background\Shath Blight\sb_wb_124.jpg,dhan_shomadhan,0.508298195145019,1,0.508298195145019,0.9814784526824951
data\raw\dhan_shomadhan\White Background\Shath Blight\sb_wb_125.jpg,dhan_shomadhan,0.09086476887610341,1,0.09086476887610341,0.9966502785682678
data\raw\dhan_shomadhan\White Background\Shath Blight\sb_wb_126.jpg,dhan_shomadhan,0.5626825051229508,1,0.5626825051229508,1.0002692937850952
data\raw\dhan_shomadhan\White Background\Shath Blight\sb_wb_127.jpg,dhan_shomadhan,0.5481019220917402,1,0.5481019220917402,1.0039403438568115
data\raw\dhan_shomadhan\White Background\Shath Blight\sb_wb_128.jpg,dhan_shomadhan,0.5482910771989281,1,0.5482910771989281,0.9865791201591492
data\raw\dhan_shomadhan\White Background\Shath Blight\sb_wb_129.jpg,dhan_shomadhan,0.006383369128310215,1,0.006383369128310215,0.9530806541442871
data\raw\dhan_shomadhan\White Background\Shath Blight\sb_wb_13.jpg,dhan_shomadhan,0.11392900772383355,1,0.11392900772383355,0.9899545907974243
data\raw\dhan_shomadhan\White Background\Shath Blight\sb_wb_130.jpg,dhan_shomadhan,0.5347207991803279,1,0.5347207991803279,0.9948403835296631
data\raw\dhan_shomadhan\White Background\Shath Blight\sb_wb_131.jpg,dhan_shomadhan,0.5044665727459017,1,0.5044665727459017,0.9974788427352905
data\raw\dhan_shomadhan\White Background\Shath Blight\sb_wb_132.jpg,dhan_shomadhan,0.07742108685372005,1,0.07742108685372005,0.9903497695922852
data\raw\dhan_shomadhan\White Background\Shath Blight\sb_wb_133.jpg,dhan_shomadhan,0.06482958799653216,1,0.06482958799653216,0.9799799919128418
data\raw\dhan_shomadhan\White Background\Shath Blight\sb_wb_134.jpg,dhan_shomadhan,0.5265749379334804,1,0.5265749379334804,0.9857096076011658
data\raw\dhan_shomadhan\White Background\Shath Blight\sb_wb_135.jpg,dhan_shomadhan,0.5707243064312737,1,0.5707243064312737,1.0107892751693726
data\raw\dhan_shomadhan\White Background\Shath Blight\sb_wb_136.jpg,dhan_shomadhan,0.5106297535072509,1,0.5106297535072509,0.999638020992279
data\raw\dhan_shomadhan\White Background\Shath Blight\sb_wb_137.jpg,dhan_shomadhan,0.8868710838981715,1,0.8868710838981715,0.9983878135681152
data\raw\dhan_shomadhan\White Background\Shath Blight\sb_wb_138.jpg,dhan_shomadhan,0.13339104862862547,1,0.13339104862862547,0.9885616302490234
data\raw\dhan_shomadhan\White Background\Shath Blight\sb_wb_139.jpg,dhan_shomadhan,0.135054529870744,1,0.135054529870744,1.0056874752044678
data\raw\dhan_shomadhan\White Background\Shath Blight\sb_wb_14.jpg,dhan_shomadhan,0.23241460927648172,1,0.23241460927648172,1.0066936016082764
data\raw\dhan_shomadhan\White Background\Shath Blight\sb_wb_140.jpg,dhan_shomadhan,0.08329745625788146,1,0.08329745625788146,0.9894897937774658
data\raw\dhan_shomadhan\White Background\Shath Blight\sb_wb_141.jpg,dhan_shomadhan,0.1039024324164565,1,0.1039024324164565,0.9977051019668579
data\raw\dhan_shomadhan\White Background\Shath Blight\sb_wb_142.jpg,dhan_shomadhan,0.15996512452711223,1,0.15996512452711223,1.0077314376831055
data\raw\dhan_shomadhan\White Background\Shath Blight\sb_wb_143.jpg,dhan_shomadhan,0.20461361128625472,1,0.20461361128625472,1.0118296146392822
data\raw\dhan_shomadhan\White Background\Shath Blight\sb_wb_144.jpg,dhan_shomadhan,0.12405582538619167,1,0.12405582538619167,1.001213788986206
data\raw\dhan_shomadhan\White Background\Shath Blight\sb_wb_145.jpg,dhan_shomadhan,0.11093577593001261,1,0.11093577593001261,1.0031845569610596
data\raw\dhan_shomadhan\White Background\Shath Blight\sb_wb_146.jpg,dhan_shomadhan,0.12679795870113494,1,0.12679795870113494,0.9952515363693237
data\raw\dhan_shomadhan\White Background\Shath Blight\sb_wb_147.jpg,dhan_shomadhan,0.19804822962641866,1,0.19804822962641866,0.9995408058166504
data\raw\dhan_shomadhan\White Background\Shath Blight\sb_wb_148.jpg,dhan_shomadhan,0.09779934780895334,1,0.09779934780895334,0.9284718036651611
data\raw\dhan_shomadhan\White Background\Shath Blight\sb_wb_149.jpg,dhan_shomadhan,0.10903043229823456,1,0.10903043229823456,0.9879214763641357
data\raw\dhan_shomadhan\White Background\Shath Blight\sb_wb_15.jpg,dhan_shomadhan,0.11513364005359394,1,0.11513364005359394,0.9955745935440063
data\raw\dhan_shomadhan\White Background\Shath Blight\sb_wb_150.jpg,dhan_shomadhan,0.1607513004413619,1,0.1607513004413619,0.995420515537262
data\raw\dhan_shomadhan\White Background\Shath Blight\sb_wb_151.jpg,dhan_shomadhan,0.17044155895334173,1,0.17044155895334173,0.997241735458374
data\raw\dhan_shomadhan\White Background\Shath Blight\sb_wb_152.jpg,dhan_shomadhan,0.12683514935372006,1,0.12683514935372006,0.9901454448699951
data\raw\dhan_shomadhan\White Background\Shath Blight\sb_wb_153.jpg,dhan_shomadhan,0.057272866093947036,1,0.057272866093947036,0.9946185350418091
data\raw\dhan_shomadhan\White Background\Shath Blight\sb_wb_154.jpg,dhan_shomadhan,0.1469811534520807,1,0.1469811534520807,0.9894564151763916
data\raw\dhan_shomadhan\White Background\Shath Blight\sb_wb_155.jpg,dhan_shomadhan,0.2493236719735183,1,0.2493236719735183,1.005815863609314
data\raw\dhan_shomadhan\White Background\Shath Blight\sb_wb_156.jpg,dhan_shomadhan,0.06930157924810845,1,0.06930157924810845,0.9744503498077393
data\raw\dhan_shomadhan\White Background\Shath Blight\sb_wb_157.jpg,dhan_shomadhan,0.1208890782629256,1,0.1208890782629256,0.928351879119873
data\raw\dhan_shomadhan\White Background\Shath Blight\sb_wb_158.jpg,dhan_shomadhan,0.1681474375394073,1,0.1681474375394073,0.9964280128479004
data\raw\dhan_shomadhan\White Background\Shath Blight\sb_wb_159.jpg,dhan_shomadhan,0.137675485695145,1,0.137675485695145,0.9933826923370361
data\raw\dhan_shomadhan\White Background\Shath Blight\sb_wb_16.jpg,dhan_shomadhan,0.9192013368931273,1,0.9192013368931273,0.9819351434707642
data\raw\dhan_shomadhan\White Background\Shath Blight\sb_wb_160.jpg,dhan_shomadhan,0.18465910210435058,1,0.18465910210435058,1.0016074180603027
data\raw\dhan_shomadhan\White Background\Shath Blight\sb_wb_161.jpg,dhan_shomadhan,0.12777168880044137,1,0.12777168880044137,0.9846412539482117
data\raw\dhan_shomadhan\White Background\Shath Blight\sb_wb_162.jpg,dhan_shomadhan,0.12498251300441363,1,0.12498251300441363,0.9837449789047241
data\raw\dhan_shomadhan\White Background\Shath Blight\sb_wb_163.jpg,dhan_shomadhan,0.11295884891235813,1,0.11295884891235813,0.9746387004852295
data\raw\dhan_shomadhan\White Background\Shath Blight\sb_wb_164.jpg,dhan_shomadhan,0.13935977892496848,1,0.13935977892496848,0.9964132308959961
data\raw\dhan_shomadhan\White Background\Shath Blight\sb_wb_165.jpg,dhan_shomadhan,0.5307948455233291,1,0.5307948455233291,1.001102328300476
data\raw\dhan_shomadhan\White Background\Shath Blight\sb_wb_166.jpg,dhan_shomadhan,0.1871806776087642,1,0.1871806776087642,0.9802254438400269
data\raw\dhan_shomadhan\White Background\Shath Blight\sb_wb_167.jpg,dhan_shomadhan,0.4828116379650063,1,0.4828116379650063,1.0058859586715698
data\raw\dhan_shomadhan\White Background\Shath Blight\sb_wb_168.jpg,dhan_shomadhan,0.12937544333228246,1,0.12937544333228246,0.9931130409240723
data\raw\dhan_shomadhan\White Background\Shath Blight\sb_wb_169.jpg,dhan_shomadhan,0.157937125630517,1,0.157937125630517,1.0056779384613037
data\raw\dhan_shomadhan\White Background\Shath Blight\sb_wb_17.jpg,dhan_shomadhan,0.5487213558086381,1,0.5487213558086381,1.0130412578582764
data\raw\dhan_shomadhan\White Background\Shath Blight\sb_wb_170.jpg,dhan_shomadhan,0.5355216296894704,1,0.5355216296894704,1.000135064125061
data\raw\dhan_shomadhan\White Background\Shath Blight\sb_wb_171.jpg,dhan_shomadhan,0.47897853779161415,1,0.47897853779161415,1.008636713027954
data\raw\dhan_shomadhan\White Background\Shath Blight\sb_wb_172.jpg,dhan_shomadhan,0.49769947489754096,1,0.49769947489754096,0.9867224097251892
data\raw\dhan_shomadhan\White Background\Shath Blight\sb_wb_173.jpg,dhan_shomadhan,0.11843855907156368,1,0.11843855907156368,0.9817261695861816
data\raw\dhan_shomadhan\White Background\Shath Blight\sb_wb_174.jpg,dhan_shomadhan,0.12824790156052965,1,0.12824790156052965,0.9854991436004639
data\raw\dhan_shomadhan\White Background\Shath Blight\sb_wb_175.jpg,dhan_shomadhan,0.10645565691992434,1,0.10645565691992434,0.9811098575592041
data\raw\dhan_shomadhan\White Background\Shath Blight\sb_wb_176.jpg,dhan_shomadhan,0.10651796973518285,1,0.10651796973518285,0.993806004524231
data\raw\dhan_shomadhan\White Background\Shath Blight\sb_wb_177.jpg,dhan_shomadhan,0.49545116448612864,1,0.49545116448612864,0.9977916479110718
data\raw\dhan_shomadhan\White Background\Shath Blight\sb_wb_178.jpg,dhan_shomadhan,0.9125522146910466,1,0.9125522146910466,0.9971965551376343
data\raw\dhan_shomadhan\White Background\Shath Blight\sb_wb_179.jpg,dhan_shomadhan,0.09850917205233291,1,0.09850917205233291,0.9965440034866333
data\raw\dhan_shomadhan\White Background\Shath Blight\sb_wb_18.jpg,dhan_shomadhan,0.12441861897068096,1,0.12441861897068096,0.8949378728866577
data\raw\dhan_shomadhan\White Background\Shath Blight\sb_wb_180.jpg,dhan_shomadhan,0.12036668505674654,1,0.12036668505674654,0.9901900291442871
data\raw\dhan_shomadhan\White Background\Shath Blight\sb_wb_181.jpg,dhan_shomadhan,0.10934261211380833,1,0.10934261211380833,0.9946215152740479
data\raw\dhan_shomadhan\White Background\Shath Blight\sb_wb_182.jpg,dhan_shomadhan,0.07419017969735182,1,0.07419017969735182,0.9929649829864502
data\raw\dhan_shomadhan\White Background\Shath Blight\sb_wb_183.jpg,dhan_shomadhan,0.08665816125472887,1,0.08665816125472887,0.9872763156890869
data\raw\dhan_shomadhan\White Background\Shath Blight\sb_wb_184.jpg,dhan_shomadhan,0.14726205371216897,1,0.14726205371216897,0.9963116645812988
data\raw\dhan_shomadhan\White Background\Shath Blight\sb_wb_185.jpg,dhan_shomadhan,0.149718730296343,1,0.149718730296343,0.9935379028320312
data\raw\dhan_shomadhan\White Background\Shath Blight\sb_wb_186.jpg,dhan_shomadhan,0.4775458356320933,1,0.4775458356320933,0.9982079863548279
data\raw\dhan_shomadhan\White Background\Shath Blight\sb_wb_187.jpg,dhan_shomadhan,0.14061847316361917,1,0.14061847316361917,1.0005625486373901
data\raw\dhan_shomadhan\White Background\Shath Blight\sb_wb_188.jpg,dhan_shomadhan,0.09001086164092055,1,0.09001086164092055,0.9204449653625488
data\raw\dhan_shomadhan\White Background\Shath Blight\sb_wb_189.jpg,dhan_shomadhan,0.00783811475409836,1,0.00783811475409836,0.8315372467041016
data\raw\dhan_shomadhan\White Background\Shath Blight\sb_wb_19.jpg,dhan_shomadhan,0.5542082085435057,1,0.5542082085435057,1.0110838413238525
data\raw\dhan_shomadhan\White Background\Shath Blight\sb_wb_190.jpg,dhan_shomadhan,0.48623022245428754,1,0.48623022245428754,1.009189248085022
data\raw\dhan_shomadhan\White Background\Shath Blight\sb_wb_191.jpg,dhan_shomadhan,0.16717099818726355,1,0.16717099818726355,0.9979257583618164
data\raw\dhan_shomadhan\White Background\Shath Blight\sb_wb_192.jpg,dhan_shomadhan,0.5191768304697352,1,0.5191768304697352,0.9937030076980591
data\raw\dhan_shomadhan\White Background\Shath Blight\sb_wb_193.jpg,dhan_shomadhan,0.4851766925441362,1,0.4851766925441362,0.997694194316864
data\raw\dhan_shomadhan\White Background\Shath Blight\sb_wb_194.jpg,dhan_shomadhan,0.07541513142339218,1,0.07541513142339218,0.9822920560836792
data\raw\dhan_shomadhan\White Background\Shath Blight\sb_wb_195.jpg,dhan_shomadhan,0.5081842833779949,1,0.5081842833779949,1.0123186111450195
data\raw\dhan_shomadhan\White Background\Shath Blight\sb_wb_196.jpg,dhan_shomadhan,0.018040175756620428,1,0.018040175756620428,0.8037630319595337
data\raw\dhan_shomadhan\White Background\Shath Blight\sb_wb_197.jpg,dhan_shomadhan,0.1242310647856242,1,0.1242310647856242,0.9386364221572876
data\raw\dhan_shomadhan\White Background\Shath Blight\sb_wb_198.jpg,dhan_shomadhan,0.12148080371216897,1,0.12148080371216897,0.989641547203064
data\raw\dhan_shomadhan\White Background\Shath Blight\sb_wb_199.jpg,dhan_shomadhan,0.0924664298943884,1,0.0924664298943884,0.8616544008255005
data\raw\dhan_shomadhan\White Background\Shath Blight\sb_wb_2.jpg,dhan_shomadhan,0.06811591168820934,1,0.06811591168820934,0.9835476875305176
data\raw\dhan_shomadhan\White Background\Shath Blight\sb_wb_20.jpg,dhan_shomadhan,0.09910028176229509,1,0.09910028176229509,0.9923571348190308
data\raw\dhan_shomadhan\White Background\Shath Blight\sb_wb_200.jpg,dhan_shomadhan,0.129246014935372,1,0.129246014935372,1.0063002109527588
data\raw\dhan_shomadhan\White Background\Shath Blight\sb_wb_201.jpg,dhan_shomadhan,0.5054928869798234,1,0.5054928869798234,1.0012434720993042
data\raw\dhan_shomadhan\White Background\Shath Blight\sb_wb_202.jpg,dhan_shomadhan,0.08691209213430012,1,0.08691209213430012,0.9971615076065063
data\raw\dhan_shomadhan\White Background\Shath Blight\sb_wb_203.jpg,dhan_shomadhan,0.11631339651639344,1,0.11631339651639344,0.9980679750442505
data\raw\dhan_shomadhan\White Background\Shath Blight\sb_wb_204.jpg,dhan_shomadhan,0.09848946839533418,1,0.09848946839533418,0.991239070892334
data\raw\dhan_shomadhan\White Background\Shath Blight\sb_wb_205.jpg,dhan_shomadhan,0.06752455568253468,1,0.06752455568253468,0.982751727104187
data\raw\dhan_shomadhan\White Background\Shath Blight\sb_wb_206.jpg,dhan_shomadhan,0.06725018225882724,1,0.06725018225882724,0.9777531623840332
data\raw\dhan_shomadhan\White Background\Shath Blight\sb_wb_207.jpg,dhan_shomadhan,0.13477067406210594,1,0.13477067406210594,0.9960664510726929
data\raw\dhan_shomadhan\White Background\Shath Blight\sb_wb_208.jpg,dhan_shomadhan,0.5172557239123581,1,0.5172557239123581,1.0054014921188354
data\raw\dhan_shomadhan\White Background\Shath Blight\sb_wb_209.jpg,dhan_shomadhan,0.1767350301465952,1,0.1767350301465952,0.9974515438079834
data\raw\dhan_shomadhan\White Background\Shath Blight\sb_wb_21.jpg,dhan_shomadhan,0.10697472513398487,1,0.10697472513398487,0.9831733703613281
data\raw\dhan_shomadhan\White Background\Shath Blight\sb_wb_210.jpg,dhan_shomadhan,0.08065445696721311,1,0.08065445696721311,0.9923867583274841
data\raw\dhan_shomadhan\White Background\Shath Blight\sb_wb_211.jpg,dhan_shomadhan,0.08444174613808322,1,0.08444174613808322,0.9895807504653931
data\raw\dhan_shomadhan\White Background\Shath Blight\sb_wb_212.jpg,dhan_shomadhan,0.5267562115778689,1,0.5267562115778689,0.994604229927063
data\raw\dhan_shomadhan\White Background\Shath Blight\sb_wb_213.jpg,dhan_shomadhan,0.1375327573297604,1,0.1375327573297604,0.9929627180099487
data\raw\dhan_shomadhan\White Background\Shath Blight\sb_wb_214.jpg,dhan_shomadhan,0.09787028097414881,1,0.09787028097414881,0.9910368919372559
data\raw\dhan_shomadhan\White Background\Shath Blight\sb_wb_215.jpg,dhan_shomadhan,0.1405890408259773,1,0.1405890408259773,1.0019303560256958
data\raw\dhan_shomadhan\White Background\Shath Blight\sb_wb_216.jpg,dhan_shomadhan,0.08196068627837326,1,0.08196068627837326,0.9913512468338013
data\raw\dhan_shomadhan\White Background\Shath Blight\sb_wb_217.jpg,dhan_shomadhan,0.5011892388477301,1,0.5011892388477301,0.9970730543136597
data\raw\dhan_shomadhan\White Background\Shath Blight\sb_wb_218.jpg,dhan_shomadhan,0.12112638418190416,1,0.12112638418190416,0.9980548620223999
data\raw\dhan_shomadhan\White Background\Shath Blight\sb_wb_22.jpg,dhan_shomadhan,0.18551781210592685,1,0.18551781210592685,1.0005873441696167
data\raw\dhan_shomadhan\White Background\Shath Blight\sb_wb_23.jpg,dhan_shomadhan,0.5618918958858764,1,0.5618918958858764,0.9883867502212524
data\raw\dhan_shomadhan\White Background\Shath Blight\sb_wb_24.jpg,dhan_shomadhan,0.5130384024274905,1,0.5130384024274905,1.0087908506393433
data\raw\dhan_shomadhan\White Background\Shath Blight\sb_wb_25.jpg,dhan_shomadhan,0.003200120192307692,1,0.003200120192307692,0.9007508754730225
data\raw\dhan_shomadhan\White Background\Shath Blight\sb_wb_26.jpg,dhan_shomadhan,0.0669623857187894,1,0.0669623857187894,0.9822967052459717
data\raw\dhan_shomadhan\White Background\Shath Blight\sb_wb_27.jpg,dhan_shomadhan,0.05142789939312736,1,0.05142789939312736,0.980018138885498
data\raw\dhan_shomadhan\White Background\Shath Blight\sb_wb_28.jpg,dhan_shomadhan,0.18469875571406053,1,0.18469875571406053,0.9801151752471924
data\raw\dhan_shomadhan\White Background\Shath Blight\sb_wb_29.jpg,dhan_shomadhan,0.052429707203657,1,0.052429707203657,0.9808468818664551
data\raw\dhan_shomadhan\White Background\Shath Blight\sb_wb_3.jpg,dhan_shomadhan,0.08147991704760403,1,0.08147991704760403,0.9807429313659668
data\raw\dhan_shomadhan\White Background\Shath Blight\sb_wb_30.jpg,dhan_shomadhan,0.553053327947667,1,0.553053327947667,1.0255731344223022
data\raw\dhan_shomadhan\White Background\Shath Blight\sb_wb_31.jpg,dhan_shomadhan,0.5015690268363808,1,0.5015690268363808,0.9930342435836792
data\raw\dhan_shomadhan\White Background\Shath Blight\sb_wb_32.jpg,dhan_shomadhan,0.18763349227616646,1,0.18763349227616646,1.007378339767456
data\raw\dhan_shomadhan\White Background\Shath Blight\sb_wb_33.jpg,dhan_shomadhan,0.542902619601198,1,0.542902619601198,1.0026990175247192
data\raw\dhan_shomadhan\White Background\Shath Blight\sb_wb_34.jpg,dhan_shomadhan,0.9164322341976671,1,0.9164322341976671,0.9995027780532837
data\raw\dhan_shomadhan\White Background\Shath Blight\sb_wb_35.jpg,dhan_shomadhan,0.0923883541535309,1,0.0923883541535309,0.9868191480636597
data\raw\dhan_shomadhan\White Background\Shath Blight\sb_wb_36.jpg,dhan_shomadhan,0.13437807869640606,1,0.13437807869640606,0.9947031736373901
data\raw\dhan_shomadhan\White Background\Shath Blight\sb_wb_37.jpg,dhan_shomadhan,0.08862483251891551,1,0.08862483251891551,0.9925233125686646
data\raw\dhan_shomadhan\White Background\Shath Blight\sb_wb_38.jpg,dhan_shomadhan,0.18753534343474149,1,0.18753534343474149,1.0050225257873535
data\raw\dhan_shomadhan\White Background\Shath Blight\sb_wb_39.jpg,dhan_shomadhan,0.25033225291614125,1,0.25033225291614125,0.9639273285865784
data\raw\dhan_shomadhan\White Background\Shath Blight\sb_wb_4.jpg,dhan_shomadhan,0.8768175392102774,1,0.8768175392102774,0.9737915992736816
data\raw\dhan_shomadhan\White Background\Shath Blight\sb_wb_40.jpg,dhan_shomadhan,0.5334125995034679,1,0.5334125995034679,1.0019490718841553
data\raw\dhan_shomadhan\White Background\Shath Blight\sb_wb_41.jpg,dhan_shomadhan,0.10899028609709963,1,0.10899028609709963,0.9937034845352173
data\raw\dhan_shomadhan\White Background\Shath Blight\sb_wb_42.jpg,dhan_shomadhan,0.515625,1,0.515625,0.9985204935073853
data\raw\dhan_shomadhan\White Background\Shath Blight\sb_wb_43.jpg,dhan_shomadhan,0.10326206356399747,1,0.10326206356399747,0.9891126155853271
data\raw\dhan_shomadhan\White Background\Shath Blight\sb_wb_44.jpg,dhan_shomadhan,0.9303210957203657,1,0.9303210957203657,1.002057671546936
data\raw\dhan_shomadhan\White Background\Shath Blight\sb_wb_45.jpg,dhan_shomadhan,0.9202572066125473,1,0.9202572066125473,0.9145162105560303
data\raw\dhan_shomadhan\White Background\Shath Blight\sb_wb_46.jpg,dhan_shomadhan,0.5090176249211854,1,0.5090176249211854,1.0019522905349731
data\raw\dhan_shomadhan\White Background\Shath Blight\sb_wb_47.jpg,dhan_shomadhan,0.8973994867197351,1,0.8973994867197351,1.0110080242156982
data\raw\dhan_shomadhan\White Background\Shath Blight\sb_wb_48.jpg,dhan_shomadhan,0.918511462602459,1,0.918511462602459,1.0125102996826172
data\raw\dhan_shomadhan\White Background\Shath Blight\sb_wb_49.jpg,dhan_shomadhan,0.16974331060844894,1,0.16974331060844894,0.9934699535369873
data\raw\dhan_shomadhan\White Background\Shath Blight\sb_wb_5.jpg,dhan_shomadhan,0.06159646417875158,1,0.06159646417875158,0.9841494560241699
data\raw\dhan_shomadhan\White Background\Shath Blight\sb_wb_50.jpg,dhan_shomadhan,0.5785801544766709,1,0.5785801544766709,0.9814231395721436
data\raw\dhan_shomadhan\White Background\Shath Blight\sb_wb_51.jpg,dhan_shomadhan,0.192835996610971,1,0.192835996610971,1.0005583763122559
data\raw\dhan_shomadhan\White Background\Shath Blight\sb_wb_52.jpg,dhan_shomadhan,0.11813820145018916,1,0.11813820145018916,0.9897971153259277
data\raw\dhan_shomadhan\White Background\Shath Blight\sb_wb_53.jpg,dhan_shomadhan,0.9038037909836065,1,0.9038037909836065,1.0099140405654907
data\raw\dhan_shomadhan\White Background\Shath Blight\sb_wb_54.jpg,dhan_shomadhan,0.517659525732976,1,0.517659525732976,0.9928690195083618
data\raw\dhan_shomadhan\White Background\Shath Blight\sb_wb_55.jpg,dhan_shomadhan,0.5732941558953342,1,0.5732941558953342,1.0072333812713623
data\raw\dhan_shomadhan\White Background\Shath Blight\sb_wb_56.jpg,dhan_shomadhan,0.5394342833779949,1,0.5394342833779949,1.0029683113098145
data\raw\dhan_shomadhan\White Background\Shath Blight\sb_wb_57.jpg,dhan_shomadhan,0.5375379295397226,1,0.5375379295397226,0.9939603805541992
data\raw\dhan_shomadhan\White Background\Shath Blight\sb_wb_58.jpg,dhan_shomadhan,0.19717301781210592,1,0.19717301781210592,1.001986026763916
data\raw\dhan_shomadhan\White Background\Shath Blight\sb_wb_59.jpg,dhan_shomadhan,0.12097306510088272,1,0.12097306510088272,1.0013682842254639
data\raw\dhan_shomadhan\White Background\Shath Blight\sb_wb_6.jpg,dhan_shomadhan,0.06638260561160152,1,0.06638260561160152,0.978150486946106
data\raw\dhan_shomadhan\White Background\Shath Blight\sb_wb_60.jpg,dhan_shomadhan,0.5385941687027113,1,0.5385941687027113,0.9851572513580322
data\raw\dhan_shomadhan\White Background\Shath Blight\sb_wb_61.jpg,dhan_shomadhan,0.13422020314470365,1,0.13422020314470365,0.9971002340316772
data\raw\dhan_shomadhan\White Background\Shath Blight\sb_wb_62.jpg,dhan_shomadhan,0.5319009595680958,1,0.5319009595680958,0.9835783243179321
data\raw\dhan_shomadhan\White Background\Shath Blight\sb_wb_63.jpg,dhan_shomadhan,0.5380832282471627,1,0.5380832282471627,0.9831278324127197
data\raw\dhan_shomadhan\White Background\Shath Blight\sb_wb_64.jpg,dhan_shomadhan,0.08349264561002522,1,0.08349264561002522,0.9936931133270264
data\raw\dhan_shomadhan\White Background\Shath Blight\sb_wb_65.jpg,dhan_shomadhan,0.5174346577474779,1,0.5174346577474779,1.0133200883865356
data\raw\dhan_shomadhan\White Background\Shath Blight\sb_wb_66.jpg,dhan_shomadhan,0.46412050264029003,1,0.46412050264029003,0.977144718170166
data\raw\dhan_shomadhan\White Background\Shath Blight\sb_wb_67.jpg,dhan_shomadhan,0.8667833287358133,1,0.8667833287358133,0.9816784858703613
data\raw\dhan_shomadhan\White Background\Shath Blight\sb_wb_68.jpg,dhan_shomadhan,0.5505418505674653,1,0.5505418505674653,1.0063583850860596
data\raw\dhan_shomadhan\White Background\Shath Blight\sb_wb_69.jpg,dhan_shomadhan,0.5125834942465322,1,0.5125834942465322,1.0175105333328247
data\raw\dhan_shomadhan\White Background\Shath Blight\sb_wb_7.jpg,dhan_shomadhan,0.550460326686633,1,0.550460326686633,1.005670189857483
data\raw\dhan_shomadhan\White Background\Shath Blight\sb_wb_70.jpg,dhan_shomadhan,0.5315624261112862,1,0.5315624261112862,1.0005007982254028
data\raw\dhan_shomadhan\White Background\Shath Blight\sb_wb_71.jpg,dhan_shomadhan,0.5695593277112232,1,0.5695593277112232,0.9877572059631348
data\raw\dhan_shomadhan\White Background\Shath Blight\sb_wb_72.jpg,dhan_shomadhan,0.11788451686633039,1,0.11788451686633039,0.9859960079193115
data\raw\dhan_shomadhan\White Background\Shath Blight\sb_wb_73.jpg,dhan_shomadhan,0.10056340144230769,1,0.10056340144230769,1.0018508434295654
data\raw\dhan_shomadhan\White Background\Shath Blight\sb_wb_74.jpg,dhan_shomadhan,0.5615763910781841,1,0.5615763910781841,0.9913191199302673
data\raw\dhan_shomadhan\White Background\Shath Blight\sb_wb_75.jpg,dhan_shomadhan,0.5424833011506935,1,0.5424833011506935,0.9942547082901001
data\raw\dhan_shomadhan\White Background\Shath Blight\sb_wb_76.jpg,dhan_shomadhan,0.5674591641708702,1,0.5674591641708702,1.0118424892425537
data\raw\dhan_shomadhan\White Background\Shath Blight\sb_wb_77.jpg,dhan_shomadhan,0.5390820805091425,1,0.5390820805091425,1.014847755432129
data\raw\dhan_shomadhan\White Background\Shath Blight\sb_wb_78.jpg,dhan_shomadhan,0.5951948937972887,1,0.5951948937972887,0.984003484249115
data\raw\dhan_shomadhan\White Background\Shath Blight\sb_wb_79.jpg,dhan_shomadhan,0.499367266314628,1,0.499367266314628,0.9845584630966187
data\raw\dhan_shomadhan\White Background\Shath Blight\sb_wb_8.jpg,dhan_shomadhan,0.0491155520964691,1,0.0491155520964691,0.9827680587768555
data\raw\dhan_shomadhan\White Background\Shath Blight\sb_wb_80.jpg,dhan_shomadhan,0.5272053318095838,1,0.5272053318095838,0.9877479672431946
data\raw\dhan_shomadhan\White Background\Shath Blight\sb_wb_81.jpg,dhan_shomadhan,0.1746202120113493,1,0.1746202120113493,0.9865608215332031
data\raw\dhan_shomadhan\White Background\Shath Blight\sb_wb_82.jpg,dhan_shomadhan,0.29992845109552335,1,0.29992845109552335,0.996955394744873
data\raw\dhan_shomadhan\White Background\Shath Blight\sb_wb_83.jpg,dhan_shomadhan,0.16323371492749053,1,0.16323371492749053,0.983593225479126
data\raw\dhan_shomadhan\White Background\Shath Blight\sb_wb_84.jpg,dhan_shomadhan,0.2131512058638083,1,0.2131512058638083,0.9918206930160522
data\raw\dhan_shomadhan\White Background\Shath Blight\sb_wb_85.jpg,dhan_shomadhan,0.07486096607030265,1,0.07486096607030265,0.990101158618927
data\raw\dhan_shomadhan\White Background\Shath Blight\sb_wb_86.jpg,dhan_shomadhan,0.13816795397225726,1,0.13816795397225726,0.9771661758422852
data\raw\dhan_shomadhan\White Background\Shath Blight\sb_wb_87.jpg,dhan_shomadhan,0.5279130625394073,1,0.5279130625394073,1.0136613845825195
data\raw\dhan_shomadhan\White Background\Shath Blight\sb_wb_88.jpg,dhan_shomadhan,0.17915414663461537,1,0.17915414663461537,0.9932451248168945
data\raw\dhan_shomadhan\White Background\Shath Blight\sb_wb_89.jpg,dhan_shomadhan,0.15892587976828498,1,0.15892587976828498,0.99067622423172
data\raw\dhan_shomadhan\White Background\Shath Blight\sb_wb_9.jpg,dhan_shomadhan,0.9289095749921186,1,0.9289095749921186,1.0075935125350952
data\raw\dhan_shomadhan\White Background\Shath Blight\sb_wb_90.jpg,dhan_shomadhan,0.5396156801702396,1,0.5396156801702396,0.9934037923812866
data\raw\dhan_shomadhan\White Background\Shath Blight\sb_wb_91.jpg,dhan_shomadhan,0.07760359197667087,1,0.07760359197667087,0.9940109252929688
data\raw\dhan_shomadhan\White Background\Shath Blight\sb_wb_92.jpg,dhan_shomadhan,0.10915567366803279,1,0.10915567366803279,1.026183009147644
data\raw\dhan_shomadhan\White Background\Shath Blight\sb_wb_93.jpg,dhan_shomadhan,0.5869381994798235,1,0.5869381994798235,0.9872550964355469
data\raw\dhan_shomadhan\White Background\Shath Blight\sb_wb_94.jpg,dhan_shomadhan,0.04907232719892812,1,0.04907232719892812,0.99405837059021
data\raw\dhan_shomadhan\White Background\Shath Blight\sb_wb_95.jpg,dhan_shomadhan,0.09636750768442623,1,0.09636750768442623,0.9947633743286133
data\raw\dhan_shomadhan\White Background\Shath Blight\sb_wb_96.jpg,dhan_shomadhan,0.5471002374290669,1,0.5471002374290669,1.0114001035690308
data\raw\dhan_shomadhan\White Background\Shath Blight\sb_wb_97.jpg,dhan_shomadhan,0.1944608094262295,1,0.1944608094262295,0.9918874502182007
data\raw\dhan_shomadhan\White Background\Shath Blight\sb_wb_98.jpg,dhan_shomadhan,0.5270724552726986,1,0.5270724552726986,0.8857536315917969
data\raw\dhan_shomadhan\White Background\Shath Blight\sb_wb_99.jpg,dhan_shomadhan,0.23752770826765449,1,0.23752770826765449,0.9787527322769165
data\raw\dhan_shomadhan\Field Background\Browon Spot\bsf_0.jpg,dhan_shomadhan,0.9410455499290669,1,0.9410455499290669,0.9433243274688721
data\raw\dhan_shomadhan\Field Background\Browon Spot\bsf_1.jpg,dhan_shomadhan,0.0023556953420554856,1,0.0023556953420554856,0.6194489002227783
data\raw\dhan_shomadhan\Field Background\Browon Spot\bsf_10.jpg,dhan_shomadhan,0.0876295515447667,1,0.0876295515447667,0.9681218862533569
data\raw\dhan_shomadhan\Field Background\Browon Spot\bsf_11.jpg,dhan_shomadhan,0.9867409166141236,1,0.9867409166141236,0.942253828048706
data\raw\dhan_shomadhan\Field Background\Browon Spot\bsf_12.jpg,dhan_shomadhan,0.0854571002127995,1,0.0854571002127995,0.9904576539993286
data\raw\dhan_shomadhan\Field Background\Browon Spot\bsf_13.jpg,dhan_shomadhan,0.004042205233291299,1,0.004042205233291299,0.9074990749359131
data\raw\dhan_shomadhan\Field Background\Browon Spot\bsf_14.jpg,dhan_shomadhan,0.9743529811633039,1,0.9743529811633039,0.9507163763046265
data\raw\dhan_shomadhan\Field Background\Browon Spot\bsf_15.jpg,dhan_shomadhan,0.96212870921343,1,0.96212870921343,0.9949445724487305
data\raw\dhan_shomadhan\Field Background\Browon Spot\bsf_16.jpg,dhan_shomadhan,0.9979442928357504,1,0.9979442928357504,0.9131135940551758
data\raw\dhan_shomadhan\Field Background\Browon Spot\bsf_17.jpg,dhan_shomadhan,0.946030698297604,1,0.946030698297604,0.9240685701370239
data\raw\dhan_shomadhan\Field Background\Browon Spot\bsf_18.jpg,dhan_shomadhan,0.994968178593947,1,0.994968178593947,0.9525341987609863
data\raw\dhan_shomadhan\Field Background\Browon Spot\bsf_19.jpg,dhan_shomadhan,0.04070800165510719,1,0.04070800165510719,0.953636646270752
data\raw\dhan_shomadhan\Field Background\Browon Spot\bsf_2.jpg,dhan_shomadhan,0.28207435174968476,1,0.28207435174968476,0.8735980987548828
data\raw\dhan_shomadhan\Field Background\Browon Spot\bsf_20.jpg,dhan_shomadhan,0.925356020452396,1,0.925356020452396,0.9856592416763306
data\raw\dhan_shomadhan\Field Background\Browon Spot\bsf_21.jpg,dhan_shomadhan,0.08372773486759143,1,0.08372773486759143,0.9720815420150757
data\raw\dhan_shomadhan\Field Background\Browon Spot\bsf_22.jpg,dhan_shomadhan,0.9867826637373897,1,0.9867826637373897,1.0116029977798462
data\raw\dhan_shomadhan\Field Background\Browon Spot\bsf_23.jpg,dhan_shomadhan,0.9925449982266709,1,0.9925449982266709,0.8035311698913574
data\raw\dhan_shomadhan\Field Background\Browon Spot\bsf_24.jpg,dhan_shomadhan,0.9998005004728878,1,0.9998005004728878,0.9315412044525146
data\raw\dhan_shomadhan\Field Background\Browon Spot\bsf_25.jpg,dhan_shomadhan,0.000988015250630517,1,0.000988015250630517,0.8812432885169983
data\raw\dhan_shomadhan\Field Background\Browon Spot\bsf_26.jpg,dhan_shomadhan,0.0589156584962169,1,0.0589156584962169,0.9406570196151733
data\raw\dhan_shomadhan\Field Background\Browon Spot\bsf_27.jpg,dhan_shomadhan,0.9880313829996847,1,0.9880313829996847,0.98887038230896
data\raw\dhan_shomadhan\Field Background\Browon Spot\bsf_28.jpg,dhan_shomadhan,0.009868084016393443,1,0.009868084016393443,0.8808994293212891
data\raw\dhan_shomadhan\Field Background\Browon Spot\bsf_29.jpg,dhan_shomadhan,0.9867739202395964,1,0.9867739202395964,0.9970214366912842
data\raw\dhan_shomadhan\Field Background\Browon Spot\bsf_3.jpg,dhan_shomadhan,0.0009156043111601513,1,0.0009156043111601513,0.5672844648361206
data\raw\dhan_shomadhan\Field Background\Browon Spot\bsf_30.jpg,dhan_shomadhan,0.989855449046343,1,0.989855449046343,0.9821866750717163
data\raw\dhan_shomadhan\Field Background\Browon Spot\bsf_31.jpg,dhan_shomadhan,0.08065839769861287,1,0.08065839769861287,0.9851603507995605
data\raw\dhan_shomadhan\Field Background\Browon Spot\bsf_32.jpg,dhan_shomadhan,0.9821998394151955,1,0.9821998394151955,0.9486762285232544
data\raw\dhan_shomadhan\Field Background\Browon Spot\bsf_33.jpg,dhan_shomadhan,0.053419446524274904,1,0.053419446524274904,0.9665690660476685
data\raw\dhan_shomadhan\Field Background\Browon Spot\bsf_34.jpg,dhan_shomadhan,0.031712750204248366,1,0.031712750204248366,0.9902911186218262
data\raw\dhan_shomadhan\Field Background\Browon Spot\bsf_35.jpg,dhan_shomadhan,0.08791857956336696,1,0.08791857956336696,0.9726983308792114
data\raw\dhan_shomadhan\Field Background\Browon Spot\bsf_36.jpg,dhan_shomadhan,0.9975297771516394,1,0.9975297771516394,0.9983989000320435
data\raw\dhan_shomadhan\Field Background\Browon Spot\bsf_37.jpg,dhan_shomadhan,0.9958411737468474,1,0.9958411737468474,0.992024302482605
data\raw\dhan_shomadhan\Field Background\Browon Spot\bsf_38.jpg,dhan_shomadhan,0.005668372674968474,1,0.005668372674968474,0.9332298636436462
data\raw\dhan_shomadhan\Field Background\Browon Spot\bsf_39.jpg,dhan_shomadhan,0.12088304401796973,1,0.12088304401796973,0.9161504507064819
data\raw\dhan_shomadhan\Field Background\Browon Spot\bsf_4.jpg,dhan_shomadhan,0.7354210178909205,1,0.7354210178909205,0.8795660734176636
data\raw\dhan_shomadhan\Field Background\Browon Spot\bsf_40.jpg,dhan_shomadhan,0.0030761103010718788,1,0.0030761103010718788,0.9322055578231812
data\raw\dhan_shomadhan\Field Background\Browon Spot\bsf_41.jpg,dhan_shomadhan,0.05091227931904162,1,0.05091227931904162,1.010759711265564
data\raw\dhan_shomadhan\Field Background\Browon Spot\bsf_42.jpg,dhan_shomadhan,0.0018287456651954602,1,0.0018287456651954602,0.9451083540916443
data\raw\dhan_shomadhan\Field Background\Browon Spot\bsf_43.jpg,dhan_shomadhan,0.017886364084174024,1,0.017886364084174024,0.9219458103179932
data\raw\dhan_shomadhan\Field Background\Browon Spot\bsf_44.jpg,dhan_shomadhan,0.9399932514974779,1,0.9399932514974779,0.7864946126937866
data\raw\dhan_shomadhan\Field Background\Browon Spot\bsf_45.jpg,dhan_shomadhan,0.026138994522383354,1,0.026138994522383354,0.9498250484466553
data\raw\dhan_shomadhan\Field Background\Browon Spot\bsf_46.jpg,dhan_shomadhan,0.9968338686160151,1,0.9968338686160151,1.0056581497192383
data\raw\dhan_shomadhan\Field Background\Browon Spot\bsf_47.jpg,dhan_shomadhan,0.031075253191992433,1,0.031075253191992433,0.9550489187240601
data\raw\dhan_shomadhan\Field Background\Browon Spot\bsf_48.jpg,dhan_shomadhan,0.019333967134300127,1,0.019333967134300127,0.8667507171630859
data\raw\dhan_shomadhan\Field Background\Browon Spot\bsf_5.jpg,dhan_shomadhan,0.5684125748738966,1,0.5684125748738966,0.7675799131393433
data\raw\dhan_shomadhan\Field Background\Browon Spot\bsf_6.jpg,dhan_shomadhan,0.9990187578814628,1,0.9990187578814628,0.9820353984832764
data\raw\dhan_shomadhan\Field Background\Browon Spot\bsf_7.jpg,dhan_shomadhan,0.044200721153846156,1,0.044200721153846156,0.9499316215515137
data\raw\dhan_shomadhan\Field Background\Browon Spot\bsf_8.jpg,dhan_shomadhan,0.5661194386428121,1,0.5661194386428121,0.9249058961868286
data\raw\dhan_shomadhan\Field Background\Browon Spot\bsf_9.jpg,dhan_shomadhan,0.042681938642812105,1,0.042681938642812105,0.9449526071548462
data\raw\dhan_shomadhan\Field Background\Leaf Scaled\lsf_0.jpg,dhan_shomadhan,0.21633642516551072,1,0.21633642516551072,0.9220328330993652
data\raw\dhan_shomadhan\Field Background\Leaf Scaled\lsf_1.jpg,dhan_shomadhan,0.4753637787673392,1,0.4753637787673392,0.928702712059021
data\raw\dhan_shomadhan\Field Background\Leaf Scaled\lsf_10.jpg,dhan_shomadhan,0.9881492354981084,1,0.9881492354981084,0.9572039842605591
data\raw\dhan_shomadhan\Field Background\Leaf Scaled\lsf_11.jpg,dhan_shomadhan,0.012571795200189155,1,0.012571795200189155,0.91914963722229
data\raw\dhan_shomadhan\Field Background\Leaf Scaled\lsf_12.jpg,dhan_shomadhan,0.6597210454760404,1,0.6597210454760404,0.808768630027771
data\raw\dhan_shomadhan\Field Background\Leaf Scaled\lsf_13.jpg,dhan_shomadhan,0.9976627768363808,1,0.9976627768363808,0.9920743703842163
data\raw\dhan_shomadhan\Field Background\Leaf Scaled\lsf_14.jpg,dhan_shomadhan,0.9920746965636822,1,0.9920746965636822,0.9319519996643066
data\raw\dhan_shomadhan\Field Background\Leaf Scaled\lsf_15.jpg,dhan_shomadhan,0.11003716602301387,1,0.11003716602301387,0.9852190017700195
data\raw\dhan_shomadhan\Field Background\Leaf Scaled\lsf_16.jpg,dhan_shomadhan,0.0879429628389029,1,0.0879429628389029,0.9613885283470154
data\raw\dhan_shomadhan\Field Background\Leaf Scaled\lsf_17.jpg,dhan_shomadhan,0.9951256847020807,1,0.9951256847020807,0.9732176065444946
data\raw\dhan_shomadhan\Field Background\Leaf Scaled\lsf_18.jpg,dhan_shomadhan,0.0876804116093947,1,0.0876804116093947,0.9660052061080933
data\raw\dhan_shomadhan\Field Background\Leaf Scaled\lsf_19.jpg,dhan_shomadhan,0.999206558362232,1,0.999206558362232,0.9333646297454834
data\raw\dhan_shomadhan\Field Background\Leaf Scaled\lsf_2.jpg,dhan_shomadhan,0.9315672288776797,1,0.9315672288776797,0.8973575830459595
data\raw\dhan_shomadhan\Field Background\Leaf Scaled\lsf_20.jpg,dhan_shomadhan,0.9978431884457756,1,0.9978431884457756,0.9477925300598145
data\raw\dhan_shomadhan\Field Background\Leaf Scaled\lsf_21.jpg,dhan_shomadhan,0.09528479173234553,1,0.09528479173234553,0.9893876314163208
data\raw\dhan_shomadhan\Field Background\Leaf Scaled\lsf_22.jpg,dhan_shomadhan,0.9910276934899117,1,0.9910276934899117,0.9965695142745972
data\raw\dhan_shomadhan\Field Background\Leaf Scaled\lsf_23.jpg,dhan_shomadhan,0.5668106675598991,1,0.5668106675598991,0.9422500133514404
data\raw\dhan_shomadhan\Field Background\Leaf Scaled\lsf_24.jpg,dhan_shomadhan,0.9929611148329129,1,0.9929611148329129,0.9852551221847534
data\raw\dhan_shomadhan\Field Background\Leaf Scaled\lsf_25.jpg,dhan_shomadhan,0.14366121039564944,1,0.14366121039564944,0.9940646886825562
data\raw\dhan_shomadhan\Field Background\Leaf Scaled\lsf_26.jpg,dhan_shomadhan,0.09324841878152586,1,0.09324841878152586,0.9844081997871399
data\raw\dhan_shomadhan\Field Background\Leaf Scaled\lsf_27.jpg,dhan_shomadhan,0.0016027693489911727,1,0.0016027693489911727,0.9459795355796814
data\raw\dhan_shomadhan\Field Background\Leaf Scaled\lsf_28.jpg,dhan_shomadhan,0.002352986089218159,1,0.002352986089218159,0.8318611979484558
data\raw\dhan_shomadhan\Field Background\Leaf Scaled\lsf_29.jpg,dhan_shomadhan,0.02855109158259773,1,0.02855109158259773,0.8066983222961426
data\raw\dhan_shomadhan\Field Background\Leaf Scaled\lsf_3.jpg,dhan_shomadhan,0.8768903195933165,1,0.8768903195933165,0.9665396213531494
data\raw\dhan_shomadhan\Field Background\Leaf Scaled\lsf_30.jpg,dhan_shomadhan,0.02753955509142497,1,0.02753955509142497,0.9330438375473022
data\raw\dhan_shomadhan\Field Background\Leaf Scaled\lsf_31.jpg,dhan_shomadhan,0.03233702612704918,1,0.03233702612704918,0.9470077157020569
data\raw\dhan_shomadhan\Field Background\Leaf Scaled\lsf_32.jpg,dhan_shomadhan,0.0002927224542875158,1,0.0002927224542875158,0.8690695762634277
data\raw\dhan_shomadhan\Field Background\Leaf Scaled\lsf_33.jpg,dhan_shomadhan,0.0668375137925599,1,0.0668375137925599,0.9562812447547913
data\raw\dhan_shomadhan\Field Background\Leaf Scaled\lsf_34.jpg,dhan_shomadhan,0.9568396319356872,1,0.9568396319356872,0.7540296316146851
data\raw\dhan_shomadhan\Field Background\Leaf Scaled\lsf_35.jpg,dhan_shomadhan,0.992178387058638,1,0.992178387058638,0.9994730949401855
data\raw\dhan_shomadhan\Field Background\Leaf Scaled\lsf_36.jpg,dhan_shomadhan,0.03551965932377049,1,0.03551965932377049,0.9960326552391052
data\raw\dhan_shomadhan\Field Background\Leaf Scaled\lsf_37.jpg,dhan_shomadhan,0.0485281368221942,1,0.0485281368221942,0.9012141227722168
data\raw\dhan_shomadhan\Field Background\Leaf Scaled\lsf_38.jpg,dhan_shomadhan,0.1072765605296343,1,0.1072765605296343,0.9933991432189941
data\raw\dhan_shomadhan\Field Background\Leaf Scaled\lsf_39.jpg,dhan_shomadhan,0.7401123354744641,1,0.7401123354744641,0.9421422481536865
data\raw\dhan_shomadhan\Field Background\Leaf Scaled\lsf_4.jpg,dhan_shomadhan,0.24907983921815888,1,0.24907983921815888,0.9161978960037231
data\raw\dhan_shomadhan\Field Background\Leaf Scaled\lsf_40.jpg,dhan_shomadhan,0.0035358212484237076,1,0.0035358212484237076,0.9431690573692322
data\raw\dhan_shomadhan\Field Background\Leaf Scaled\lsf_41.jpg,dhan_shomadhan,0.07749300520176544,1,0.07749300520176544,0.955814778804779
data\raw\dhan_shomadhan\Field Background\Leaf Scaled\lsf_42.jpg,dhan_shomadhan,0.9907620635639974,1,0.9907620635639974,0.9637073278427124
data\raw\dhan_shomadhan\Field Background\Leaf Scaled\lsf_43.jpg,dhan_shomadhan,0.03436465558007566,1,0.03436465558007566,0.9693520069122314
data\raw\dhan_shomadhan\Field Background\Leaf Scaled\lsf_44.jpg,dhan_shomadhan,0.9961375906368222,1,0.9961375906368222,0.9624392986297607
data\raw\dhan_shomadhan\Field Background\Leaf Scaled\lsf_45.jpg,dhan_shomadhan,0.005156816480138713,1,0.005156816480138713,0.9231213331222534
data\raw\dhan_shomadhan\Field Background\Leaf Scaled\lsf_46.jpg,dhan_shomadhan,0.00817517043663304,1,0.00817517043663304,0.9508758187294006
data\raw\dhan_shomadhan\Field Background\Leaf Scaled\lsf_47.jpg,dhan_shomadhan,0.00941576194041614,1,0.00941576194041614,0.9623304605484009
data\raw\dhan_shomadhan\Field Background\Leaf Scaled\lsf_48.jpg,dhan_shomadhan,0.996656781998739,1,0.996656781998739,1.0179423093795776
data\raw\dhan_shomadhan\Field Background\Leaf Scaled\lsf_49.jpg,dhan_shomadhan,0.025767087996532156,1,0.025767087996532156,0.9463778138160706
data\raw\dhan_shomadhan\Field Background\Leaf Scaled\lsf_5.jpg,dhan_shomadhan,0.00498859650851198,1,0.00498859650851198,0.8168294429779053
data\raw\dhan_shomadhan\Field Background\Leaf Scaled\lsf_50.jpg,dhan_shomadhan,0.9219344804145649,1,0.9219344804145649,0.9233270883560181
data\raw\dhan_shomadhan\Field Background\Leaf Scaled\lsf_51.jpg,dhan_shomadhan,0.9801723331100253,1,0.9801723331100253,0.9922786951065063
data\raw\dhan_shomadhan\Field Background\Leaf Scaled\lsf_52.jpg,dhan_shomadhan,0.03490970799180328,1,0.03490970799180328,0.9327080249786377
data\raw\dhan_shomadhan\Field Background\Leaf Scaled\lsf_53.jpg,dhan_shomadhan,0.02901375807849937,1,0.02901375807849937,0.9059882164001465
data\raw\dhan_shomadhan\Field Background\Leaf Scaled\lsf_54.jpg,dhan_shomadhan,0.025054431352459015,1,0.025054431352459015,0.9511697292327881
data\raw\dhan_shomadhan\Field Background\Leaf Scaled\lsf_55.jpg,dhan_shomadhan,0.03787276856084489,1,0.03787276856084489,0.9693105816841125
data\raw\dhan_shomadhan\Field Background\Leaf Scaled\lsf_56.jpg,dhan_shomadhan,0.0145414220129256,1,0.0145414220129256,0.885944128036499
data\raw\dhan_shomadhan\Field Background\Leaf Scaled\lsf_57.jpg,dhan_shomadhan,0.9178545919372636,1,0.9178545919372636,1.0067096948623657
data\raw\dhan_shomadhan\Field Background\Leaf Scaled\lsf_58.jpg,dhan_shomadhan,0.533910116842686,1,0.533910116842686,0.9829709529876709
data\raw\dhan_shomadhan\Field Background\Leaf Scaled\lsf_59.jpg,dhan_shomadhan,0.08195342055485498,1,0.08195342055485498,0.9824070930480957
data\raw\dhan_shomadhan\Field Background\Leaf Scaled\lsf_6.jpg,dhan_shomadhan,0.043432155383039094,1,0.043432155383039094,0.8953155279159546
data\raw\dhan_shomadhan\Field Background\Leaf Scaled\lsf_60.jpg,dhan_shomadhan,0.9935734059741488,1,0.9935734059741488,0.9085947275161743
data\raw\dhan_shomadhan\Field Background\Leaf Scaled\lsf_61.jpg,dhan_shomadhan,0.9836692396358764,1,0.9836692396358764,0.9763833284378052
data\raw\dhan_shomadhan\Field Background\Leaf Scaled\lsf_62.jpg,dhan_shomadhan,0.01363062046815889,1,0.01363062046815889,0.9643937945365906
data\raw\dhan_shomadhan\Field Background\Leaf Scaled\lsf_63.jpg,dhan_shomadhan,0.018141280146595207,1,0.018141280146595207,0.8571596145629883
data\raw\dhan_shomadhan\Field Background\Leaf Scaled\lsf_64.jpg,dhan_shomadhan,0.0020574312342370744,1,0.0020574312342370744,0.8708840608596802
data\raw\dhan_shomadhan\Field Background\Leaf Scaled\lsf_65.jpg,dhan_shomadhan,0.9668845562736443,1,0.9668845562736443,0.7961814403533936
data\raw\dhan_shomadhan\Field Background\Leaf Scaled\lsf_66.jpg,dhan_shomadhan,0.0075632487389659525,1,0.0075632487389659525,0.9184406399726868
data\raw\dhan_shomadhan\Field Background\Leaf Scaled\lsf_67.jpg,dhan_shomadhan,0.007592804224464061,1,0.007592804224464061,0.8403732776641846
data\raw\dhan_shomadhan\Field Background\Leaf Scaled\lsf_68.jpg,dhan_shomadhan,0.042464090085119796,1,0.042464090085119796,0.9641117453575134
data\raw\dhan_shomadhan\Field Background\Leaf Scaled\lsf_69.jpg,dhan_shomadhan,0.02705718493852459,1,0.02705718493852459,0.9571651816368103
data\raw\dhan_shomadhan\Field Background\Leaf Scaled\lsf_7.jpg,dhan_shomadhan,0.9861837957124843,1,0.9861837957124843,0.932950496673584
data\raw\dhan_shomadhan\Field Background\Leaf Scaled\lsf_70.jpg,dhan_shomadhan,0.9910842183559269,1,0.9910842183559269,0.9547371864318848
data\raw\dhan_shomadhan\Field Background\Leaf Scaled\lsf_71.jpg,dhan_shomadhan,0.003946273053278689,1,0.003946273053278689,0.9581525921821594
data\raw\dhan_shomadhan\Field Background\Leaf Scaled\lsf_72.jpg,dhan_shomadhan,0.7704979606715007,1,0.7704979606715007,0.6975821256637573
data\raw\dhan_shomadhan\Field Background\Leaf Scaled\lsf_73.jpg,dhan_shomadhan,0.003702440297919294,1,0.003702440297919294,0.9112544655799866
data\raw\dhan_shomadhan\Field Background\Leaf Scaled\lsf_8.jpg,dhan_shomadhan,0.9985728394940101,1,0.9985728394940101,1.0052932500839233
data\raw\dhan_shomadhan\Field Background\Leaf Scaled\lsf_9.jpg,dhan_shomadhan,0.985698962602459,1,0.985698962602459,0.9650334119796753
data\raw\dhan_shomadhan\Field Background\Rice Blast\rbf_0.jpg,dhan_shomadhan,0.08696997162673392,1,0.08696997162673392,0.9815153479576111
data\raw\dhan_shomadhan\Field Background\Rice Blast\rbf_1.jpg,dhan_shomadhan,0.9909482631226355,1,0.9909482631226355,0.9990500211715698
data\raw\dhan_shomadhan\Field Background\Rice Blast\rbf_10.jpg,dhan_shomadhan,0.0010718789407313997,1,0.0010718789407313997,0.8776178359985352
data\raw\dhan_shomadhan\Field Background\Rice Blast\rbf_11.jpg,dhan_shomadhan,0.05184426229508197,1,0.05184426229508197,0.941756010055542
data\raw\dhan_shomadhan\Field Background\Rice Blast\rbf_12.jpg,dhan_shomadhan,0.5054571741015133,1,0.5054571741015133,0.9273815155029297
data\raw\dhan_shomadhan\Field Background\Rice Blast\rbf_13.jpg,dhan_shomadhan,0.0015810953262925598,1,0.0015810953262925598,0.9257228970527649
data\raw\dhan_shomadhan\Field Background\Rice Blast\rbf_14.jpg,dhan_shomadhan,0.37922631127837325,1,0.37922631127837325,0.9603767395019531
data\raw\dhan_shomadhan\Field Background\Rice Blast\rbf_15.jpg,dhan_shomadhan,0.00258265684110971,1,0.00258265684110971,0.9555532932281494
data\raw\dhan_shomadhan\Field Background\Rice Blast\rbf_16.jpg,dhan_shomadhan,0.4886825888634931,1,0.4886825888634931,0.919110894203186
data\raw\dhan_shomadhan\Field Background\Rice Blast\rbf_17.jpg,dhan_shomadhan,0.021270713469419923,1,0.021270713469419923,0.9501307010650635
data\raw\dhan_shomadhan\Field Background\Rice Blast\rbf_18.jpg,dhan_shomadhan,0.01725141373738966,1,0.01725141373738966,0.8942958116531372
data\raw\dhan_shomadhan\Field Background\Rice Blast\rbf_19.jpg,dhan_shomadhan,0.8193510846863178,1,0.8193510846863178,0.6556233167648315
data\raw\dhan_shomadhan\Field Background\Rice Blast\rbf_2.jpg,dhan_shomadhan,0.9814972808953342,1,0.9814972808953342,0.9836317300796509
data\raw\dhan_shomadhan\Field Background\Rice Blast\rbf_20.jpg,dhan_shomadhan,0.0694476326056116,1,0.0694476326056116,0.9852899312973022
data\raw\dhan_shomadhan\Field Background\Rice Blast\rbf_21.jpg,dhan_shomadhan,0.08418646063209331,1,0.08418646063209331,0.9884091019630432
data\raw\dhan_shomadhan\Field Background\Rice Blast\rbf_22.jpg,dhan_shomadhan,0.08598183322824716,1,0.08598183322824716,0.9899527430534363
data\raw\dhan_shomadhan\Field Background\Rice Blast\rbf_23.jpg,dhan_shomadhan,0.07027210750315259,1,0.07027210750315259,0.9555104970932007
data\raw\dhan_shomadhan\Field Background\Rice Blast\rbf_24.jpg,dhan_shomadhan,0.9982067209174023,1,0.9982067209174023,0.9340507984161377
data\raw\dhan_shomadhan\Field Background\Rice Blast\rbf_25.jpg,dhan_shomadhan,0.002885107976040353,1,0.002885107976040353,0.9113019704818726
data\raw\dhan_shomadhan\Field Background\Rice Blast\rbf_26.jpg,dhan_shomadhan,0.23869453420554854,1,0.23869453420554854,0.8708218336105347
data\raw\dhan_shomadhan\Field Background\Rice Blast\rbf_27.jpg,dhan_shomadhan,0.0005004728877679698,1,0.0005004728877679698,0.8860442638397217
data\raw\dhan_shomadhan\Field Background\Rice Blast\rbf_28.jpg,dhan_shomadhan,0.9890475991093947,1,0.9890475991093947,0.956135630607605
data\raw\dhan_shomadhan\Field Background\Rice Blast\rbf_29.jpg,dhan_shomadhan,0.9974345838587642,1,0.9974345838587642,0.9097213745117188
data\raw\dhan_shomadhan\Field Background\Rice Blast\rbf_3.jpg,dhan_shomadhan,0.9887348035545397,1,0.9887348035545397,0.9173828363418579
data\raw\dhan_shomadhan\Field Background\Rice Blast\rbf_30.jpg,dhan_shomadhan,0.0408632911018285,1,0.0408632911018285,0.9581156969070435
data\raw\dhan_shomadhan\Field Background\Rice Blast\rbf_31.jpg,dhan_shomadhan,0.991964232936633,1,0.991964232936633,0.9363490343093872
data\raw\dhan_shomadhan\Field Background\Rice Blast\rbf_32.jpg,dhan_shomadhan,0.9985613867433796,1,0.9985613867433796,0.9886785745620728
data\raw\dhan_shomadhan\Field Background\Rice Blast\rbf_33.jpg,dhan_shomadhan,0.9981215026008827,1,0.9981215026008827,0.9259293079376221
data\raw\dhan_shomadhan\Field Background\Rice Blast\rbf_34.jpg,dhan_shomadhan,0.057088390605296344,1,0.057088390605296344,0.9722625017166138
data\raw\dhan_shomadhan\Field Background\Rice Blast\rbf_35.jpg,dhan_shomadhan,0.06630908634142497,1,0.06630908634142497,0.9655091762542725
data\raw\dhan_shomadhan\Field Background\Rice Blast\rbf_36.jpg,dhan_shomadhan,0.08289131462799496,1,0.08289131462799496,0.9760004281997681
data\raw\dhan_shomadhan\Field Background\Rice Blast\rbf_37.jpg,dhan_shomadhan,0.9975483724779319,1,0.9975483724779319,0.9574152231216431
data\raw\dhan_shomadhan\Field Background\Rice Blast\rbf_38.jpg,dhan_shomadhan,0.998856572154792,1,0.998856572154792,0.9165208339691162
data\raw\dhan_shomadhan\Field Background\Rice Blast\rbf_39.jpg,dhan_shomadhan,0.996085129650063,1,0.996085129650063,0.9143218994140625
data\raw\dhan_shomadhan\Field Background\Rice Blast\rbf_4.jpg,dhan_shomadhan,0.05319088410308953,1,0.05319088410308953,0.9102097153663635
data\raw\dhan_shomadhan\Field Background\Rice Blast\rbf_40.jpg,dhan_shomadhan,0.07239172840479192,1,0.07239172840479192,0.973209023475647
data\raw\dhan_shomadhan\Field Background\Rice Blast\rbf_41.jpg,dhan_shomadhan,0.12357308578972258,1,0.12357308578972258,0.9904294610023499
data\raw\dhan_shomadhan\Field Background\Rice Blast\rbf_42.jpg,dhan_shomadhan,0.12224050283732661,1,0.12224050283732661,1.00480055809021
data\raw\dhan_shomadhan\Field Background\Rice Blast\rbf_43.jpg,dhan_shomadhan,0.12210565593474149,1,0.12210565593474149,1.0035400390625
data\raw\dhan_shomadhan\Field Background\Rice Blast\rbf_44.jpg,dhan_shomadhan,0.17635573474936947,1,0.17635573474936947,0.976830005645752
data\raw\dhan_shomadhan\Field Background\Rice Blast\rbf_45.jpg,dhan_shomadhan,0.057798337996532154,1,0.057798337996532154,0.9811719059944153
data\raw\dhan_shomadhan\Field Background\Rice Blast\rbf_46.jpg,dhan_shomadhan,0.9980620221863178,1,0.9980620221863178,0.976279616355896
data\raw\dhan_shomadhan\Field Background\Rice Blast\rbf_47.jpg,dhan_shomadhan,0.10500965479192938,1,0.10500965479192938,0.9739001393318176
data\raw\dhan_shomadhan\Field Background\Rice Blast\rbf_48.jpg,dhan_shomadhan,0.0021984355296343003,1,0.0021984355296343003,0.9433501958847046
data\raw\dhan_shomadhan\Field Background\Rice Blast\rbf_49.jpg,dhan_shomadhan,0.011970341070302648,1,0.011970341070302648,0.964682400226593
data\raw\dhan_shomadhan\Field Background\Rice Blast\rbf_5.jpg,dhan_shomadhan,0.012529801781210593,1,0.012529801781210593,0.9487295150756836
data\raw\dhan_shomadhan\Field Background\Rice Blast\rbf_50.jpg,dhan_shomadhan,0.9948843149038461,1,0.9948843149038461,0.9043790102005005
data\raw\dhan_shomadhan\Field Background\Rice Blast\rbf_51.jpg,dhan_shomadhan,0.009803923983291298,1,0.009803923983291298,0.9859734773635864
data\raw\dhan_shomadhan\Field Background\Rice Blast\rbf_52.jpg,dhan_shomadhan,0.0773960878389029,1,0.0773960878389029,0.9903738498687744
data\raw\dhan_shomadhan\Field Background\Rice Blast\rbf_53.jpg,dhan_shomadhan,0.9976255861837957,1,0.9976255861837957,0.9956690073013306
data\raw\dhan_shomadhan\Field Background\Rice Blast\rbf_54.jpg,dhan_shomadhan,0.9619794540116645,1,0.9619794540116645,0.9761967658996582
data\raw\dhan_shomadhan\Field Background\Rice Blast\rbf_55.jpg,dhan_shomadhan,0.0008345730217528373,1,0.0008345730217528373,0.9059768319129944
data\raw\dhan_shomadhan\Field Background\Rice Blast\rbf_56.jpg,dhan_shomadhan,0.029063509812421184,1,0.029063509812421184,0.9637963175773621
data\raw\dhan_shomadhan\Field Background\Rice Blast\rbf_57.jpg,dhan_shomadhan,0.9903085100094577,1,0.9903085100094577,1.0305488109588623
data\raw\dhan_shomadhan\Field Background\Rice Blast\rbf_58.jpg,dhan_shomadhan,0.9919729764344263,1,0.9919729764344263,0.9628664255142212
data\raw\dhan_shomadhan\Field Background\Rice Blast\rbf_59.jpg,dhan_shomadhan,0.7156225370428752,1,0.7156225370428752,0.9706636667251587
data\raw\dhan_shomadhan\Field Background\Rice Blast\rbf_6.jpg,dhan_shomadhan,0.08170946465163935,1,0.08170946465163935,0.9422074556350708
data\raw\dhan_shomadhan\Field Background\Rice Blast\rbf_60.jpg,dhan_shomadhan,0.578667712602459,1,0.578667712602459,0.8865917921066284
data\raw\dhan_shomadhan\Field Background\Rice Blast\rbf_61.jpg,dhan_shomadhan,0.05129194415983607,1,0.05129194415983607,0.9782223105430603
data\raw\dhan_shomadhan\Field Background\Rice Blast\rbf_62.jpg,dhan_shomadhan,0.002633886349306431,1,0.002633886349306431,0.9447586536407471
data\raw\dhan_shomadhan\Field Background\Rice Blast\rbf_63.jpg,dhan_shomadhan,0.0012231045081967213,1,0.0012231045081967213,0.8269599080085754
data\raw\dhan_shomadhan\Field Background\Rice Blast\rbf_64.jpg,dhan_shomadhan,0.007756344577553594,1,0.007756344577553594,0.9386216402053833
data\raw\dhan_shomadhan\Field Background\Rice Blast\rbf_65.jpg,dhan_shomadhan,0.0009508245980453972,1,0.0009508245980453972,0.8368535041809082
data\raw\dhan_shomadhan\Field Background\Rice Blast\rbf_66.jpg,dhan_shomadhan,0.041684441007250946,1,0.041684441007250946,0.9363530874252319
data\raw\dhan_shomadhan\Field Background\Rice Blast\rbf_67.jpg,dhan_shomadhan,0.0027960720759773014,1,0.0027960720759773014,0.7856354713439941
data\raw\dhan_shomadhan\Field Background\Rice Blast\rbf_68.jpg,dhan_shomadhan,0.003925337917717529,1,0.003925337917717529,0.9084212779998779
data\raw\dhan_shomadhan\Field Background\Rice Blast\rbf_69.jpg,dhan_shomadhan,0.017347222769546027,1,0.017347222769546027,0.9510686993598938
data\raw\dhan_shomadhan\Field Background\Rice Blast\rbf_7.jpg,dhan_shomadhan,0.9947279171264186,1,0.9947279171264186,0.8980423212051392
data\raw\dhan_shomadhan\Field Background\Rice Blast\rbf_70.jpg,dhan_shomadhan,0.9861797318332283,1,0.9861797318332283,0.8991419076919556
data\raw\dhan_shomadhan\Field Background\Rice Blast\rbf_71.jpg,dhan_shomadhan,0.001007718907629256,1,0.001007718907629256,0.8719242811203003
data\raw\dhan_shomadhan\Field Background\Rice Blast\rbf_72.jpg,dhan_shomadhan,0.9994090134378941,1,0.9994090134378941,0.9524333477020264
data\raw\dhan_shomadhan\Field Background\Rice Blast\rbf_73.jpg,dhan_shomadhan,0.06549655678593946,1,0.06549655678593946,0.9684438109397888
data\raw\dhan_shomadhan\Field Background\Rice Blast\rbf_8.jpg,dhan_shomadhan,0.9876046756778059,1,0.9876046756778059,0.9720115661621094
data\raw\dhan_shomadhan\Field Background\Rice Blast\rbf_9.jpg,dhan_shomadhan,0.06211627127994956,1,0.06211627127994956,0.963233232498169
data\raw\dhan_shomadhan\Field Background\Rice Turgro\rtf_0.jpg,dhan_shomadhan,0.37824038954129885,1,0.37824038954129885,0.925157904624939
data\raw\dhan_shomadhan\Field Background\Rice Turgro\rtf_1.jpg,dhan_shomadhan,0.36465853562421185,1,0.36465853562421185,0.9357308149337769
data\raw\dhan_shomadhan\Field Background\Rice Turgro\rtf_10.jpg,dhan_shomadhan,0.009606517969735183,1,0.009606517969735183,0.9207903146743774
data\raw\dhan_shomadhan\Field Background\Rice Turgro\rtf_11.jpg,dhan_shomadhan,0.004236039959016394,1,0.004236039959016394,0.703449010848999
data\raw\dhan_shomadhan\Field Background\Rice Turgro\rtf_12.jpg,dhan_shomadhan,0.9862552214691047,1,0.9862552214691047,0.645794689655304
data\raw\dhan_shomadhan\Field Background\Rice Turgro\rtf_13.jpg,dhan_shomadhan,0.027406185963114754,1,0.027406185963114754,0.9653648138046265
data\raw\dhan_shomadhan\Field Background\Rice Turgro\rtf_14.jpg,dhan_shomadhan,0.027007925796027742,1,0.027007925796027742,0.9256266355514526
data\raw\dhan_shomadhan\Field Background\Rice Turgro\rtf_15.jpg,dhan_shomadhan,0.8827724769467213,1,0.8827724769467213,0.7049530744552612
data\raw\dhan_shomadhan\Field Background\Rice Turgro\rtf_16.jpg,dhan_shomadhan,0.4838617197351828,1,0.4838617197351828,0.7724834680557251
data\raw\dhan_shomadhan\Field Background\Rice Turgro\rtf_17.jpg,dhan_shomadhan,0.02275969419924338,1,0.02275969419924338,0.9631425738334656
data\raw\dhan_shomadhan\Field Background\Rice Turgro\rtf_18.jpg,dhan_shomadhan,0.023287382763240858,1,0.023287382763240858,0.9632503986358643
data\raw\dhan_shomadhan\Field Background\Rice Turgro\rtf_19.jpg,dhan_shomadhan,0.8883037860576923,1,0.8883037860576923,0.780288815498352
data\raw\dhan_shomadhan\Field Background\Rice Turgro\rtf_2.jpg,dhan_shomadhan,0.7094317711617276,1,0.7094317711617276,0.9800516366958618
data\raw\dhan_shomadhan\Field Background\Rice Turgro\rtf_20.jpg,dhan_shomadhan,0.9927174052254099,1,0.9927174052254099,0.7454671859741211
data\raw\dhan_shomadhan\Field Background\Rice Turgro\rtf_21.jpg,dhan_shomadhan,0.7765867601276797,1,0.7765867601276797,0.913406252861023
data\raw\dhan_shomadhan\Field Background\Rice Turgro\rtf_22.jpg,dhan_shomadhan,0.001410904988965952,1,0.001410904988965952,0.8910237550735474
data\raw\dhan_shomadhan\Field Background\Rice Turgro\rtf_23.jpg,dhan_shomadhan,0.0014202642260403532,1,0.0014202642260403532,0.8785768747329712
data\raw\dhan_shomadhan\Field Background\Rice Turgro\rtf_24.jpg,dhan_shomadhan,0.9234996896674023,1,0.9234996896674023,0.9718834161758423
data\raw\dhan_shomadhan\Field Background\Rice Turgro\rtf_25.jpg,dhan_shomadhan,0.023900535939470367,1,0.023900535939470367,0.9562457799911499
data\raw\dhan_shomadhan\Field Background\Rice Turgro\rtf_26.jpg,dhan_shomadhan,0.00035306490384615384,1,0.00035306490384615384,0.6830815076828003
data\raw\dhan_shomadhan\Field Background\Rice Turgro\rtf_27.jpg,dhan_shomadhan,0.8541939233921816,1,0.8541939233921816,0.6534938812255859
data\raw\dhan_shomadhan\Field Background\Rice Turgro\rtf_28.jpg,dhan_shomadhan,0.9563671136112862,1,0.9563671136112862,0.8233834505081177
data\raw\dhan_shomadhan\Field Background\Rice Turgro\rtf_29.jpg,dhan_shomadhan,0.0031165027979192937,1,0.0031165027979192937,0.9149231314659119
data\raw\dhan_shomadhan\Field Background\Rice Turgro\rtf_3.jpg,dhan_shomadhan,0.001329750551702396,1,0.001329750551702396,0.8553327322006226
data\raw\dhan_shomadhan\Field Background\Rice Turgro\rtf_30.jpg,dhan_shomadhan,0.002676126063997478,1,0.002676126063997478,0.8616492748260498
data\raw\dhan_shomadhan\Field Background\Rice Turgro\rtf_31.jpg,dhan_shomadhan,0.7195494758827239,1,0.7195494758827239,0.7150236368179321
data\raw\dhan_shomadhan\Field Background\Rice Turgro\rtf_32.jpg,dhan_shomadhan,0.25296367630832284,1,0.25296367630832284,0.9423431158065796
data\raw\dhan_shomadhan\Field Background\Rice Turgro\rtf_33.jpg,dhan_shomadhan,0.2965567859394704,1,0.2965567859394704,0.97160804271698
data\raw\dhan_shomadhan\Field Background\Rice Turgro\rtf_34.jpg,dhan_shomadhan,0.0006515753073770492,1,0.0006515753073770492,0.8394194841384888
data\raw\dhan_shomadhan\Field Background\Rice Turgro\rtf_35.jpg,dhan_shomadhan,0.4999310372005044,1,0.4999310372005044,0.5710249543190002
data\raw\dhan_shomadhan\Field Background\Rice Turgro\rtf_36.jpg,dhan_shomadhan,0.7839043288934426,1,0.7839043288934426,0.8839061260223389
data\raw\dhan_shomadhan\Field Background\Rice Turgro\rtf_37.jpg,dhan_shomadhan,0.061213228050126106,1,0.061213228050126106,0.9363005757331848
data\raw\dhan_shomadhan\Field Background\Rice Turgro\rtf_38.jpg,dhan_shomadhan,0.9931212070460277,1,0.9931212070460277,0.9319635629653931
data\raw\dhan_shomadhan\Field Background\Rice Turgro\rtf_39.jpg,dhan_shomadhan,0.9624426130989912,1,0.9624426130989912,0.9514859914779663
data\raw\dhan_shomadhan\Field Background\Rice Turgro\rtf_4.jpg,dhan_shomadhan,0.042970843513556116,1,0.042970843513556116,0.9133968353271484
data\raw\dhan_shomadhan\Field Background\Rice Turgro\rtf_40.jpg,dhan_shomadhan,0.06563571386349307,1,0.06563571386349307,0.988842248916626
data\raw\dhan_shomadhan\Field Background\Rice Turgro\rtf_41.jpg,dhan_shomadhan,0.9852154841188525,1,0.9852154841188525,0.9405845403671265
data\raw\dhan_shomadhan\Field Background\Rice Turgro\rtf_42.jpg,dhan_shomadhan,0.06360623719262296,1,0.06360623719262296,0.9641548991203308
data\raw\dhan_shomadhan\Field Background\Rice Turgro\rtf_43.jpg,dhan_shomadhan,0.987468966740227,1,0.987468966740227,1.0010921955108643
data\raw\dhan_shomadhan\Field Background\Rice Turgro\rtf_44.jpg,dhan_shomadhan,0.9865938780737705,1,0.9865938780737705,0.9465916156768799
data\raw\dhan_shomadhan\Field Background\Rice Turgro\rtf_45.jpg,dhan_shomadhan,0.8094488887137453,1,0.8094488887137453,0.9000719785690308
data\raw\dhan_shomadhan\Field Background\Rice Turgro\rtf_46.jpg,dhan_shomadhan,0.03132314982660782,1,0.03132314982660782,0.8657443523406982
data\raw\dhan_shomadhan\Field Background\Rice Turgro\rtf_47.jpg,dhan_shomadhan,0.989006590873266,1,0.989006590873266,0.995535135269165
data\raw\dhan_shomadhan\Field Background\Rice Turgro\rtf_48.jpg,dhan_shomadhan,0.9506516984552333,1,0.9506516984552333,0.9748578071594238
data\raw\dhan_shomadhan\Field Background\Rice Turgro\rtf_49.jpg,dhan_shomadhan,0.875457247990227,1,0.875457247990227,0.8590742349624634
data\raw\dhan_shomadhan\Field Background\Rice Turgro\rtf_5.jpg,dhan_shomadhan,0.5429155501261034,1,0.5429155501261034,0.9203883409500122
data\raw\dhan_shomadhan\Field Background\Rice Turgro\rtf_50.jpg,dhan_shomadhan,0.12295759280422447,1,0.12295759280422447,0.9966440796852112
data\raw\dhan_shomadhan\Field Background\Rice Turgro\rtf_51.jpg,dhan_shomadhan,0.0038757093316519548,1,0.0038757093316519548,0.9541757106781006
data\raw\dhan_shomadhan\Field Background\Rice Turgro\rtf_52.jpg,dhan_shomadhan,0.03677946189312736,1,0.03677946189312736,0.9762691855430603
data\raw\dhan_shomadhan\Field Background\Rice Turgro\rtf_53.jpg,dhan_shomadhan,0.001706952435372005,1,0.001706952435372005,0.955144464969635
data\raw\dhan_shomadhan\Field Background\Rice Turgro\rtf_54.jpg,dhan_shomadhan,0.001995611010403531,1,0.001995611010403531,0.8375595211982727
data\raw\dhan_shomadhan\Field Background\Rice Turgro\rtf_55.jpg,dhan_shomadhan,0.9948739704839218,1,0.9948739704839218,0.9889926910400391
data\raw\dhan_shomadhan\Field Background\Rice Turgro\rtf_56.jpg,dhan_shomadhan,0.09027058046973518,1,0.09027058046973518,0.9718763828277588
data\raw\dhan_shomadhan\Field Background\Rice Turgro\rtf_57.jpg,dhan_shomadhan,0.05500066499842371,1,0.05500066499842371,0.965377926826477
data\raw\dhan_shomadhan\Field Background\Rice Turgro\rtf_58.jpg,dhan_shomadhan,0.07959969557849937,1,0.07959969557849937,0.8868969678878784
data\raw\dhan_shomadhan\Field Background\Rice Turgro\rtf_59.jpg,dhan_shomadhan,0.9749088705863809,1,0.9749088705863809,0.9158657789230347
data\raw\dhan_shomadhan\Field Background\Rice Turgro\rtf_6.jpg,dhan_shomadhan,0.5838757585907944,1,0.5838757585907944,0.9589676856994629
data\raw\dhan_shomadhan\Field Background\Rice Turgro\rtf_60.jpg,dhan_shomadhan,0.057355867749054226,1,0.057355867749054226,0.975611686706543
data\raw\dhan_shomadhan\Field Background\Rice Turgro\rtf_61.jpg,dhan_shomadhan,0.06333026284678436,1,0.06333026284678436,0.9970556497573853
data\raw\dhan_shomadhan\Field Background\Rice Turgro\rtf_62.jpg,dhan_shomadhan,0.9286944356872635,1,0.9286944356872635,1.0095354318618774
data\raw\dhan_shomadhan\Field Background\Rice Turgro\rtf_63.jpg,dhan_shomadhan,0.9983664436869483,1,0.9983664436869483,1.0068259239196777
data\raw\dhan_shomadhan\Field Background\Rice Turgro\rtf_64.jpg,dhan_shomadhan,0.9977594479035309,1,0.9977594479035309,0.9964351654052734
data\raw\dhan_shomadhan\Field Background\Rice Turgro\rtf_65.jpg,dhan_shomadhan,0.9754077425520177,1,0.9754077425520177,0.9529768228530884
data\raw\dhan_shomadhan\Field Background\Rice Turgro\rtf_66.jpg,dhan_shomadhan,0.9546552352616645,1,0.9546552352616645,0.8800288438796997
data\raw\dhan_shomadhan\Field Background\Rice Turgro\rtf_67.jpg,dhan_shomadhan,0.6379592183559268,1,0.6379592183559268,0.9160325527191162
data\raw\dhan_shomadhan\Field Background\Rice Turgro\rtf_68.jpg,dhan_shomadhan,0.9883370359788777,1,0.9883370359788777,0.9859054088592529
data\raw\dhan_shomadhan\Field Background\Rice Turgro\rtf_69.jpg,dhan_shomadhan,0.8766182859788777,1,0.8766182859788777,0.9961384534835815
data\raw\dhan_shomadhan\Field Background\Rice Turgro\rtf_7.jpg,dhan_shomadhan,0.02429091464375788,1,0.02429091464375788,0.94513338804245
data\raw\dhan_shomadhan\Field Background\Rice Turgro\rtf_70.jpg,dhan_shomadhan,0.05678717094892812,1,0.05678717094892812,0.9735631346702576
data\raw\dhan_shomadhan\Field Background\Rice Turgro\rtf_71.jpg,dhan_shomadhan,0.9727688071406053,1,0.9727688071406053,0.9979139566421509
data\raw\dhan_shomadhan\Field Background\Rice Turgro\rtf_72.jpg,dhan_shomadhan,0.0319078558480454,1,0.0319078558480454,0.9683659076690674
data\raw\dhan_shomadhan\Field Background\Rice Turgro\rtf_73.jpg,dhan_shomadhan,0.8680496581415511,1,0.8680496581415511,0.9809800386428833
data\raw\dhan_shomadhan\Field Background\Rice Turgro\rtf_74.jpg,dhan_shomadhan,0.03514947686790668,1,0.03514947686790668,0.9717952609062195
data\raw\dhan_shomadhan\Field Background\Rice Turgro\rtf_75.jpg,dhan_shomadhan,0.0457288629019546,1,0.0457288629019546,0.9658747911453247
data\raw\dhan_shomadhan\Field Background\Rice Turgro\rtf_8.jpg,dhan_shomadhan,0.005488823100567465,1,0.005488823100567465,0.8958379030227661
data\raw\dhan_shomadhan\Field Background\Rice Turgro\rtf_9.jpg,dhan_shomadhan,0.013062046815889029,1,0.013062046815889029,0.8589879274368286
data\raw\dhan_shomadhan\Field Background\Sheath Blight\sbf_0.jpg,dhan_shomadhan,0.992678367354981,1,0.992678367354981,0.984697699546814
data\raw\dhan_shomadhan\Field Background\Sheath Blight\sbf_1.jpg,dhan_shomadhan,0.9934476720129256,1,0.9934476720129256,1.0027151107788086
data\raw\dhan_shomadhan\Field Background\Sheath Blight\sbf_10.jpg,dhan_shomadhan,0.9612931510088273,1,0.9612931510088273,0.9446940422058105
data\raw\dhan_shomadhan\Field Background\Sheath Blight\sbf_11.jpg,dhan_shomadhan,0.9973191943174653,1,0.9973191943174653,0.9745910167694092
data\raw\dhan_shomadhan\Field Background\Sheath Blight\sbf_12.jpg,dhan_shomadhan,0.9975133984867591,1,0.9975133984867591,0.9360460042953491
data\raw\dhan_shomadhan\Field Background\Sheath Blight\sbf_13.jpg,dhan_shomadhan,0.9945396240542245,1,0.9945396240542245,1.0072321891784668
data\raw\dhan_shomadhan\Field Background\Sheath Blight\sbf_14.jpg,dhan_shomadhan,0.909595188366961,1,0.909595188366961,0.9628008604049683
data\raw\dhan_shomadhan\Field Background\Sheath Blight\sbf_15.jpg,dhan_shomadhan,0.9980648545870113,1,0.9980648545870113,1.0037100315093994
data\raw\dhan_shomadhan\Field Background\Sheath Blight\sbf_16.jpg,dhan_shomadhan,0.9719027082676545,1,0.9719027082676545,0.9936233758926392
data\raw\dhan_shomadhan\Field Background\Sheath Blight\sbf_17.jpg,dhan_shomadhan,0.9930141915589533,1,0.9930141915589533,0.9771398305892944
data\raw\dhan_shomadhan\Field Background\Sheath Blight\sbf_18.jpg,dhan_shomadhan,0.9875259841976671,1,0.9875259841976671,0.9945721626281738
data\raw\dhan_shomadhan\Field Background\Sheath Blight\sbf_19.jpg,dhan_shomadhan,0.9985999320223834,1,0.9985999320223834,0.9998213052749634
data\raw\dhan_shomadhan\Field Background\Sheath Blight\sbf_2.jpg,dhan_shomadhan,0.151754241212169,1,0.151754241212169,0.9320640563964844
data\raw\dhan_shomadhan\Field Background\Sheath Blight\sbf_20.jpg,dhan_shomadhan,0.9870546973518285,1,0.9870546973518285,0.9703067541122437
data\raw\dhan_shomadhan\Field Background\Sheath Blight\sbf_21.jpg,dhan_shomadhan,0.8906598508433166,1,0.8906598508433166,0.9785455465316772
data\raw\dhan_shomadhan\Field Background\Sheath Blight\sbf_22.jpg,dhan_shomadhan,0.8664351897462169,1,0.8664351897462169,0.9839805364608765
data\raw\dhan_shomadhan\Field Background\Sheath Blight\sbf_23.jpg,dhan_shomadhan,0.005573425677805801,1,0.005573425677805801,0.822429895401001
data\raw\dhan_shomadhan\Field Background\Sheath Blight\sbf_24.jpg,dhan_shomadhan,0.9737318233764186,1,0.9737318233764186,0.9905024766921997
data\raw\dhan_shomadhan\Field Background\Sheath Blight\sbf_25.jpg,dhan_shomadhan,0.1000874349779319,1,0.1000874349779319,0.9759239554405212
data\raw\dhan_shomadhan\Field Background\Sheath Blight\sbf_26.jpg,dhan_shomadhan,0.8524781043111601,1,0.8524781043111601,0.9941315650939941
data\raw\dhan_shomadhan\Field Background\Sheath Blight\sbf_27.jpg,dhan_shomadhan,0.9754834784836065,1,0.9754834784836065,0.9977821111679077
data\raw\dhan_shomadhan\Field Background\Sheath Blight\sbf_28.jpg,dhan_shomadhan,0.995671106557377,1,0.995671106557377,0.9739786386489868
data\raw\dhan_shomadhan\Field Background\Sheath Blight\sbf_29.jpg,dhan_shomadhan,0.13930037754033905,1,0.13930037754033905,0.9686794281005859
data\raw\dhan_shomadhan\Field Background\Sheath Blight\sbf_3.jpg,dhan_shomadhan,0.9975024383275536,1,0.9975024383275536,0.9549845457077026
data\raw\dhan_shomadhan\Field Background\Sheath Blight\sbf_30.jpg,dhan_shomadhan,0.995227090673509,1,0.995227090673509,0.9602972269058228
data\raw\dhan_shomadhan\Field Background\Sheath Blight\sbf_31.jpg,dhan_shomadhan,0.05106009689031863,1,0.05106009689031863,0.8352092504501343
data\raw\dhan_shomadhan\Field Background\Sheath Blight\sbf_32.jpg,dhan_shomadhan,0.996444801879085,1,0.996444801879085,0.9571788311004639
data\raw\dhan_shomadhan\Field Background\Sheath Blight\sbf_33.jpg,dhan_shomadhan,0.9918936935125613,1,0.9918936935125613,0.9263026714324951
data\raw\dhan_shomadhan\Field Background\Sheath Blight\sbf_34.jpg,dhan_shomadhan,0.9974779319041615,1,0.9974779319041615,1.0090157985687256
data\raw\dhan_shomadhan\Field Background\Sheath Blight\sbf_35.jpg,dhan_shomadhan,0.005547318332282471,1,0.005547318332282471,0.8847700357437134
data\raw\dhan_shomadhan\Field Background\Sheath Blight\sbf_36.jpg,dhan_shomadhan,0.058704090479192936,1,0.058704090479192936,0.9596681594848633
data\raw\dhan_shomadhan\Field Background\Sheath Blight\sbf_37.jpg,dhan_shomadhan,0.001927140802332913,1,0.001927140802332913,0.8829413056373596
data\raw\dhan_shomadhan\Field Background\Sheath Blight\sbf_38.jpg,dhan_shomadhan,0.8115956021437579,1,0.8115956021437579,0.8970867395401001
data\raw\dhan_shomadhan\Field Background\Sheath Blight\sbf_39.jpg,dhan_shomadhan,0.0026237882250945777,1,0.0026237882250945777,0.6258266568183899
data\raw\dhan_shomadhan\Field Background\Sheath Blight\sbf_4.jpg,dhan_shomadhan,0.16723528136822194,1,0.16723528136822194,0.9921889305114746
data\raw\dhan_shomadhan\Field Background\Sheath Blight\sbf_40.jpg,dhan_shomadhan,0.9960081622399117,1,0.9960081622399117,0.900911808013916
data\raw\dhan_shomadhan\Field Background\Sheath Blight\sbf_41.jpg,dhan_shomadhan,0.9898118547052333,1,0.9898118547052333,0.9945666790008545
data\raw\dhan_shomadhan\Field Background\Sheath Blight\sbf_42.jpg,dhan_shomadhan,0.03972528176229508,1,0.03972528176229508,0.9235543012619019
data\raw\dhan_shomadhan\Field Background\Sheath Blight\sbf_43.jpg,dhan_shomadhan,0.9667034057771122,1,0.9667034057771122,0.9352853298187256
data\raw\dhan_shomadhan\Field Background\Sheath Blight\sbf_44.jpg,dhan_shomadhan,0.08787030560372006,1,0.08787030560372006,0.9619247317314148
data\raw\dhan_shomadhan\Field Background\Sheath Blight\sbf_45.jpg,dhan_shomadhan,0.9572043958858765,1,0.9572043958858765,0.9738004207611084
data\raw\dhan_shomadhan\Field Background\Sheath Blight\sbf_46.jpg,dhan_shomadhan,0.9813419914486129,1,0.9813419914486129,0.9669816493988037
data\raw\dhan_shomadhan\Field Background\Sheath Blight\sbf_47.jpg,dhan_shomadhan,0.9872706986916772,1,0.9872706986916772,0.9504455327987671
data\raw\dhan_shomadhan\Field Background\Sheath Blight\sbf_48.jpg,dhan_shomadhan,0.9205900752679698,1,0.9205900752679698,0.8997931480407715
data\raw\dhan_shomadhan\Field Background\Sheath Blight\sbf_49.jpg,dhan_shomadhan,0.05754551544766709,1,0.05754551544766709,0.8663812875747681
data\raw\dhan_shomadhan\Field Background\Sheath Blight\sbf_5.jpg,dhan_shomadhan,0.9963598725173393,1,0.9963598725173393,0.9708212614059448
data\raw\dhan_shomadhan\Field Background\Sheath Blight\sbf_50.jpg,dhan_shomadhan,0.9968602222572509,1,0.9968602222572509,0.9701094627380371
data\raw\dhan_shomadhan\Field Background\Sheath Blight\sbf_51.jpg,dhan_shomadhan,0.9433987823139974,1,0.9433987823139974,0.9493528604507446
data\raw\dhan_shomadhan\Field Background\Sheath Blight\sbf_52.jpg,dhan_shomadhan,0.00297094203184111,1,0.00297094203184111,0.9388300180435181
data\raw\dhan_shomadhan\Field Background\Sheath Blight\sbf_53.jpg,dhan_shomadhan,0.9996856035230138,1,0.9996856035230138,0.9519106149673462
data\raw\dhan_shomadhan\Field Background\Sheath Blight\sbf_54.jpg,dhan_shomadhan,0.9814293032786885,1,0.9814293032786885,0.993649959564209
data\raw\dhan_shomadhan\Field Background\Sheath Blight\sbf_55.jpg,dhan_shomadhan,0.02459952317150063,1,0.02459952317150063,0.9510773420333862
data\raw\dhan_shomadhan\Field Background\Sheath Blight\sbf_56.jpg,dhan_shomadhan,0.925629162397541,1,0.925629162397541,1.0232754945755005
data\raw\dhan_shomadhan\Field Background\Sheath Blight\sbf_57.jpg,dhan_shomadhan,0.9945640073297604,1,0.9945640073297604,0.9751224517822266
data\raw\dhan_shomadhan\Field Background\Sheath Blight\sbf_58.jpg,dhan_shomadhan,0.993586213351198,1,0.993586213351198,0.9916143417358398
data\raw\dhan_shomadhan\Field Background\Sheath Blight\sbf_59.jpg,dhan_shomadhan,0.958594242591425,1,0.958594242591425,1.0146095752716064
data\raw\dhan_shomadhan\Field Background\Sheath Blight\sbf_6.jpg,dhan_shomadhan,0.9966354774196091,1,0.9966354774196091,0.985856294631958
data\raw\dhan_shomadhan\Field Background\Sheath Blight\sbf_60.jpg,dhan_shomadhan,0.8119122152821564,1,0.8119122152821564,0.8308480978012085
data\raw\dhan_shomadhan\Field Background\Sheath Blight\sbf_61.jpg,dhan_shomadhan,0.9666343198297604,1,0.9666343198297604,0.9897235631942749
data\raw\dhan_shomadhan\Field Background\Sheath Blight\sbf_62.jpg,dhan_shomadhan,0.10588400457124843,1,0.10588400457124843,0.9613699913024902
data\raw\dhan_shomadhan\Field Background\Sheath Blight\sbf_63.jpg,dhan_shomadhan,0.9739935125709331,1,0.9739935125709331,1.022455096244812
data\raw\dhan_shomadhan\Field Background\Sheath Blight\sbf_7.jpg,dhan_shomadhan,0.9896304579129886,1,0.9896304579129886,0.9362572431564331
data\raw\dhan_shomadhan\Field Background\Sheath Blight\sbf_8.jpg,dhan_shomadhan,0.9923626162515763,1,0.9923626162515763,0.9902030229568481
data\raw\dhan_shomadhan\Field Background\Sheath Blight\sbf_9.jpg,dhan_shomadhan,0.9897255280580076,1,0.9897255280580076,0.9760690927505493
data\raw\brri_rice_disease_pest\Healthy\HL_1.jpg,brri_rice_disease_pest,0.5059215751683822,1,0.5059215751683822,1.0106329917907715
data\raw\brri_rice_disease_pest\Healthy\HL_10.jpg,brri_rice_disease_pest,0.13329819302613083,1,0.13329819302613083,1.007832407951355
data\raw\brri_rice_disease_pest\Healthy\HL_100.jpg,brri_rice_disease_pest,0.5976426509554387,1,0.5976426509554387,1.0118311643600464
data\raw\brri_rice_disease_pest\Healthy\HL_101.jpg,brri_rice_disease_pest,0.17587778769026655,1,0.17587778769026655,1.0042520761489868
data\raw\brri_rice_disease_pest\Healthy\HL_102.jpg,brri_rice_disease_pest,0.19652567934782608,1,0.19652567934782608,1.009385347366333
data\raw\brri_rice_disease_pest\Healthy\HL_103.jpg,brri_rice_disease_pest,0.922744,1,0.922744,0.9978083372116089
data\raw\brri_rice_disease_pest\Healthy\HL_104.jpg,brri_rice_disease_pest,0.5485603318097235,1,0.5485603318097235,1.0009640455245972
data\raw\brri_rice_disease_pest\Healthy\HL_105.jpg,brri_rice_disease_pest,0.16527402030517027,1,0.16527402030517027,1.0037091970443726
data\raw\brri_rice_disease_pest\Healthy\HL_106.jpg,brri_rice_disease_pest,0.15590256608918018,1,0.15590256608918018,1.0015578269958496
data\raw\brri_rice_disease_pest\Healthy\HL_107.jpg,brri_rice_disease_pest,0.3666128771194962,1,0.3666128771194962,1.0074790716171265
data\raw\brri_rice_disease_pest\Healthy\HL_108.jpg,brri_rice_disease_pest,0.31208905950989857,1,0.31208905950989857,1.013049840927124
data\raw\brri_rice_disease_pest\Healthy\HL_109.jpg,brri_rice_disease_pest,0.20799172085894765,1,0.20799172085894765,1.0031965970993042
data\raw\brri_rice_disease_pest\Healthy\HL_11.jpg,brri_rice_disease_pest,0.5385804865424431,1,0.5385804865424431,1.0182273387908936
data\raw\brri_rice_disease_pest\Healthy\HL_110.jpg,brri_rice_disease_pest,0.19172980279090246,1,0.19172980279090246,1.0054422616958618
data\raw\brri_rice_disease_pest\Healthy\HL_111.jpg,brri_rice_disease_pest,0.1259094671374621,1,0.1259094671374621,1.001556158065796
data\raw\brri_rice_disease_pest\Healthy\HL_112.jpg,brri_rice_disease_pest,0.16087405404943714,1,0.16087405404943714,1.0113277435302734
data\raw\brri_rice_disease_pest\Healthy\HL_113.jpg,brri_rice_disease_pest,0.1333018576503461,1,0.1333018576503461,1.004201889038086
data\raw\brri_rice_disease_pest\Healthy\HL_114.jpg,brri_rice_disease_pest,0.12733782783467482,1,0.12733782783467482,1.0109140872955322
data\raw\brri_rice_disease_pest\Healthy\HL_115.jpg,brri_rice_disease_pest,0.5387229669136203,1,0.5387229669136203,1.0013166666030884
data\raw\brri_rice_disease_pest\Healthy\HL_116.jpg,brri_rice_disease_pest,0.13056792924444707,1,0.13056792924444707,1.0102910995483398
data\raw\brri_rice_disease_pest\Healthy\HL_117.jpg,brri_rice_disease_pest,0.15999318362715712,1,0.15999318362715712,1.0089792013168335
data\raw\brri_rice_disease_pest\Healthy\HL_118.jpg,brri_rice_disease_pest,0.5199572719953155,1,0.5199572719953155,1.0196346044540405
data\raw\brri_rice_disease_pest\Healthy\HL_119.jpg,brri_rice_disease_pest,0.05919638847905574,1,0.05919638847905574,0.9893877506256104
data\raw\brri_rice_disease_pest\Healthy\HL_12.jpg,brri_rice_disease_pest,0.5911104890935137,1,0.5911104890935137,1.0044059753417969
data\raw\brri_rice_disease_pest\Healthy\HL_120.jpg,brri_rice_disease_pest,0.5257286321529577,1,0.5257286321529577,1.0104199647903442
data\raw\brri_rice_disease_pest\Healthy\HL_121.jpg,brri_rice_disease_pest,0.14878665388067538,1,0.14878665388067538,0.9989192485809326
data\raw\brri_rice_disease_pest\Healthy\HL_122.jpg,brri_rice_disease_pest,0.9350327693949093,1,0.9350327693949093,0.999835729598999
data\raw\brri_rice_disease_pest\Healthy\HL_123.jpg,brri_rice_disease_pest,0.18633941726362852,1,0.18633941726362852,1.0087120532989502
data\raw\brri_rice_disease_pest\Healthy\HL_124.jpg,brri_rice_disease_pest,0.14120238064996868,1,0.14120238064996868,1.0173461437225342
data\raw\brri_rice_disease_pest\Healthy\HL_125.jpg,brri_rice_disease_pest,0.5194674126572846,1,0.5194674126572846,1.001449465751648
data\raw\brri_rice_disease_pest\Healthy\HL_126.jpg,brri_rice_disease_pest,0.5061858054327761,1,0.5061858054327761,1.002206802368164
data\raw\brri_rice_disease_pest\Healthy\HL_127.jpg,brri_rice_disease_pest,0.051473177133346135,1,0.051473177133346135,0.9921183586120605
data\raw\brri_rice_disease_pest\Healthy\HL_128.jpg,brri_rice_disease_pest,0.09355408753249055,1,0.09355408753249055,0.9972316026687622
data\raw\brri_rice_disease_pest\Healthy\HL_129.jpg,brri_rice_disease_pest,0.23615635954884925,1,0.23615635954884925,1.0076608657836914
data\raw\brri_rice_disease_pest\Healthy\HL_13.jpg,brri_rice_disease_pest,0.6270986190766076,1,0.6270986190766076,0.9969090819358826
data\raw\brri_rice_disease_pest\Healthy\HL_130.jpg,brri_rice_disease_pest,0.9088754678318007,1,0.9088754678318007,1.0165886878967285
data\raw\brri_rice_disease_pest\Healthy\HL_131.jpg,brri_rice_disease_pest,0.26906996731528054,1,0.26906996731528054,1.0084162950515747
data\raw\brri_rice_disease_pest\Healthy\HL_132.jpg,brri_rice_disease_pest,0.23530510677572863,1,0.23530510677572863,1.010362148284912
data\raw\brri_rice_disease_pest\Healthy\HL_133.jpg,brri_rice_disease_pest,0.9291807121986172,1,0.9291807121986172,0.9905215501785278
data\raw\brri_rice_disease_pest\Healthy\HL_134.jpg,brri_rice_disease_pest,0.6369096544230561,1,0.6369096544230561,1.0011383295059204
data\raw\brri_rice_disease_pest\Healthy\HL_135.jpg,brri_rice_disease_pest,0.1119017842053164,1,0.1119017842053164,1.0021229982376099
data\raw\brri_rice_disease_pest\Healthy\HL_136.jpg,brri_rice_disease_pest,0.5158653331388823,1,0.5158653331388823,1.0019607543945312
data\raw\brri_rice_disease_pest\Healthy\HL_137.jpg,brri_rice_disease_pest,0.09514578692834066,1,0.09514578692834066,1.0080527067184448
data\raw\brri_rice_disease_pest\Healthy\HL_138.jpg,brri_rice_disease_pest,0.584183263052719,1,0.584183263052719,1.0162436962127686
data\raw\brri_rice_disease_pest\Healthy\HL_139.jpg,brri_rice_disease_pest,0.55806,1,0.55806,1.0140399932861328
data\raw\brri_rice_disease_pest\Healthy\HL_14.jpg,brri_rice_disease_pest,0.49828866919336384,1,0.49828866919336384,0.9874576330184937
data\raw\brri_rice_disease_pest\Healthy\HL_140.jpg,brri_rice_disease_pest,0.5614127088486063,1,0.5614127088486063,1.0003926753997803
data\raw\brri_rice_disease_pest\Healthy\HL_141.jpg,brri_rice_disease_pest,0.556831773188369,1,0.556831773188369,1.0059770345687866
data\raw\brri_rice_disease_pest\Healthy\HL_142.jpg,brri_rice_disease_pest,0.537100260108991,1,0.537100260108991,1.0026856660842896
data\raw\brri_rice_disease_pest\Healthy\HL_143.jpg,brri_rice_disease_pest,0.0031404003454757914,1,0.0031404003454757914,0.9810650944709778
data\raw\brri_rice_disease_pest\Healthy\HL_144.jpg,brri_rice_disease_pest,0.09267086613155719,1,0.09267086613155719,1.00379478931427
data\raw\brri_rice_disease_pest\Healthy\HL_145.jpg,brri_rice_disease_pest,0.17663084895595182,1,0.17663084895595182,1.0065284967422485
data\raw\brri_rice_disease_pest\Healthy\HL_146.jpg,brri_rice_disease_pest,0.19553225922538908,1,0.19553225922538908,1.0081158876419067
data\raw\brri_rice_disease_pest\Healthy\HL_147.jpg,brri_rice_disease_pest,0.6322498052464902,1,0.6322498052464902,1.0112935304641724
data\raw\brri_rice_disease_pest\Healthy\HL_148.jpg,brri_rice_disease_pest,0.6085565589595082,1,0.6085565589595082,1.015824556350708
data\raw\brri_rice_disease_pest\Healthy\HL_149.jpg,brri_rice_disease_pest,0.20038469110399837,1,0.20038469110399837,1.0075929164886475
data\raw\brri_rice_disease_pest\Healthy\HL_15.jpg,brri_rice_disease_pest,0.19095211268895804,1,0.19095211268895804,0.9473315477371216
data\raw\brri_rice_disease_pest\Healthy\HL_150.jpg,brri_rice_disease_pest,0.5021320166333963,1,0.5021320166333963,1.0076760053634644
data\raw\brri_rice_disease_pest\Healthy\HL_151.jpg,brri_rice_disease_pest,0.16084742787593706,1,0.16084742787593706,1.005264401435852
data\raw\brri_rice_disease_pest\Healthy\HL_152.jpg,brri_rice_disease_pest,0.101484,1,0.101484,1.0137394666671753
data\raw\brri_rice_disease_pest\Healthy\HL_153.jpg,brri_rice_disease_pest,0.5092081167296786,1,0.5092081167296786,1.018081784248352
data\raw\brri_rice_disease_pest\Healthy\HL_154.jpg,brri_rice_disease_pest,0.5530634003222522,1,0.5530634003222522,1.0055104494094849
data\raw\brri_rice_disease_pest\Healthy\HL_155.jpg,brri_rice_disease_pest,0.5827787092076072,1,0.5827787092076072,1.003858208656311
data\raw\brri_rice_disease_pest\Healthy\HL_156.jpg,brri_rice_disease_pest,0.5154276509641318,1,0.5154276509641318,1.0100826025009155
data\raw\brri_rice_disease_pest\Healthy\HL_157.jpg,brri_rice_disease_pest,0.5607011242862796,1,0.5607011242862796,1.005164623260498
data\raw\brri_rice_disease_pest\Healthy\HL_158.jpg,brri_rice_disease_pest,0.13748973021831,1,0.13748973021831,1.0031768083572388
data\raw\brri_rice_disease_pest\Healthy\HL_159.jpg,brri_rice_disease_pest,0.23127614354180426,1,0.23127614354180426,1.0089658498764038
data\raw\brri_rice_disease_pest\Healthy\HL_16.jpg,brri_rice_disease_pest,0.5170880354107219,1,0.5170880354107219,1.002813458442688
data\raw\brri_rice_disease_pest\Healthy\HL_160.jpg,brri_rice_disease_pest,0.18147878245186203,1,0.18147878245186203,1.009299874305725
data\raw\brri_rice_disease_pest\Healthy\HL_161.jpg,brri_rice_disease_pest,0.12397780868431303,1,0.12397780868431303,1.0014387369155884
data\raw\brri_rice_disease_pest\Healthy\HL_162.jpg,brri_rice_disease_pest,0.11479812939360823,1,0.11479812939360823,1.0089848041534424
data\raw\brri_rice_disease_pest\Healthy\HL_163.jpg,brri_rice_disease_pest,0.545302947552033,1,0.545302947552033,1.0066840648651123
data\raw\brri_rice_disease_pest\Healthy\HL_164.jpg,brri_rice_disease_pest,0.6046855683415469,1,0.6046855683415469,1.0061793327331543
data\raw\brri_rice_disease_pest\Healthy\HL_165.jpg,brri_rice_disease_pest,0.2201000440312283,1,0.2201000440312283,1.0086441040039062
data\raw\brri_rice_disease_pest\Healthy\HL_166.jpg,brri_rice_disease_pest,0.20174452573286591,1,0.20174452573286591,1.0093715190887451
data\raw\brri_rice_disease_pest\Healthy\HL_167.jpg,brri_rice_disease_pest,0.23426439270775118,1,0.23426439270775118,1.0115081071853638
data\raw\brri_rice_disease_pest\Healthy\HL_168.jpg,brri_rice_disease_pest,0.19573258936147914,1,0.19573258936147914,1.0075336694717407
data\raw\brri_rice_disease_pest\Healthy\HL_169.jpg,brri_rice_disease_pest,0.15136994574104357,1,0.15136994574104357,1.0191692113876343
data\raw\brri_rice_disease_pest\Healthy\HL_17.jpg,brri_rice_disease_pest,0.28623076809090753,1,0.28623076809090753,1.008481502532959
data\raw\brri_rice_disease_pest\Healthy\HL_170.jpg,brri_rice_disease_pest,0.08851330913490624,1,0.08851330913490624,1.00212824344635
data\raw\brri_rice_disease_pest\Healthy\HL_171.jpg,brri_rice_disease_pest,0.5295818130788661,1,0.5295818130788661,1.0331804752349854
data\raw\brri_rice_disease_pest\Healthy\HL_172.jpg,brri_rice_disease_pest,0.22466987163203442,1,0.22466987163203442,1.0065819025039673
data\raw\brri_rice_disease_pest\Healthy\HL_173.jpg,brri_rice_disease_pest,0.2547907775745567,1,0.2547907775745567,1.0083566904067993
data\raw\brri_rice_disease_pest\Healthy\HL_174.jpg,brri_rice_disease_pest,0.5412237082761774,1,0.5412237082761774,1.010396957397461
data\raw\brri_rice_disease_pest\Healthy\HL_175.jpg,brri_rice_disease_pest,0.2601033675422107,1,0.2601033675422107,1.0087529420852661
data\raw\brri_rice_disease_pest\Healthy\HL_176.jpg,brri_rice_disease_pest,0.5991805136091092,1,0.5991805136091092,1.0045804977416992
data\raw\brri_rice_disease_pest\Healthy\HL_177.jpg,brri_rice_disease_pest,0.205723212924859,1,0.205723212924859,1.01058030128479
data\raw\brri_rice_disease_pest\Healthy\HL_178.jpg,brri_rice_disease_pest,0.2747093515554878,1,0.2747093515554878,1.0098210573196411
data\raw\brri_rice_disease_pest\Healthy\HL_179.jpg,brri_rice_disease_pest,0.18211383961753275,1,0.18211383961753275,1.0088077783584595
data\raw\brri_rice_disease_pest\Healthy\HL_18.jpg,brri_rice_disease_pest,0.5405613791908516,1,0.5405613791908516,1.009440541267395
data\raw\brri_rice_disease_pest\Healthy\HL_180.jpg,brri_rice_disease_pest,0.3468549425053769,1,0.3468549425053769,1.0147472620010376
data\raw\brri_rice_disease_pest\Healthy\HL_181.jpg,brri_rice_disease_pest,0.185847241274196,1,0.185847241274196,1.0085067749023438
data\raw\brri_rice_disease_pest\Healthy\HL_182.jpg,brri_rice_disease_pest,0.136176,1,0.136176,1.0062624216079712
data\raw\brri_rice_disease_pest\Healthy\HL_183.jpg,brri_rice_disease_pest,0.110784,1,0.110784,1.003692865371704
data\raw\brri_rice_disease_pest\Healthy\HL_184.jpg,brri_rice_disease_pest,0.19698704969925035,1,0.19698704969925035,1.0101526975631714
data\raw\brri_rice_disease_pest\Healthy\HL_185.jpg,brri_rice_disease_pest,0.2557189050661759,1,0.2557189050661759,1.0145587921142578
data\raw\brri_rice_disease_pest\Healthy\HL_186.jpg,brri_rice_disease_pest,0.665738349189832,1,0.665738349189832,1.0246808528900146
data\raw\brri_rice_disease_pest\Healthy\HL_187.jpg,brri_rice_disease_pest,0.5708353375020042,1,0.5708353375020042,0.9949771165847778
data\raw\brri_rice_disease_pest\Healthy\HL_188.jpg,brri_rice_disease_pest,0.6336882292672188,1,0.6336882292672188,1.013261079788208
data\raw\brri_rice_disease_pest\Healthy\HL_189.jpg,brri_rice_disease_pest,0.19258948190082256,1,0.19258948190082256,1.011348009109497
data\raw\brri_rice_disease_pest\Healthy\HL_19.jpg,brri_rice_disease_pest,0.109588,1,0.109588,1.0043524503707886
data\raw\brri_rice_disease_pest\Healthy\HL_190.jpg,brri_rice_disease_pest,0.5352400040084176,1,0.5352400040084176,0.9944741725921631
data\raw\brri_rice_disease_pest\Healthy\HL_191.jpg,brri_rice_disease_pest,0.2616440382524148,1,0.2616440382524148,1.0027185678482056
data\raw\brri_rice_disease_pest\Healthy\HL_192.jpg,brri_rice_disease_pest,0.5989565881415495,1,0.5989565881415495,1.0183886289596558
data\raw\brri_rice_disease_pest\Healthy\HL_193.jpg,brri_rice_disease_pest,0.5336061416366376,1,0.5336061416366376,1.0245219469070435
data\raw\brri_rice_disease_pest\Healthy\HL_194.jpg,brri_rice_disease_pest,0.09028369714759366,1,0.09028369714759366,1.0004063844680786
data\raw\brri_rice_disease_pest\Healthy\HL_195.jpg,brri_rice_disease_pest,0.5101373066471572,1,0.5101373066471572,1.0049406290054321
data\raw\brri_rice_disease_pest\Healthy\HL_196.jpg,brri_rice_disease_pest,0.07721283474653816,1,0.07721283474653816,0.979508101940155
data\raw\brri_rice_disease_pest\Healthy\HL_197.jpg,brri_rice_disease_pest,0.5636558738321955,1,0.5636558738321955,1.0045390129089355
data\raw\brri_rice_disease_pest\Healthy\HL_198.jpg,brri_rice_disease_pest,0.09472927926373463,1,0.09472927926373463,1.0006407499313354
data\raw\brri_rice_disease_pest\Healthy\HL_199.jpg,brri_rice_disease_pest,0.5205129232618714,1,0.5205129232618714,0.9924420118331909
data\raw\brri_rice_disease_pest\Healthy\HL_2.jpg,brri_rice_disease_pest,0.11817905654717663,1,0.11817905654717663,1.0064733028411865
data\raw\brri_rice_disease_pest\Healthy\HL_20.jpg,brri_rice_disease_pest,0.5055046019007619,1,0.5055046019007619,0.9950478076934814
data\raw\brri_rice_disease_pest\Healthy\HL_200.jpg,brri_rice_disease_pest,0.14815495657159847,1,0.14815495657159847,1.0079342126846313
data\raw\brri_rice_disease_pest\Healthy\HL_201.jpg,brri_rice_disease_pest,0.5097563542131527,1,0.5097563542131527,0.990628719329834
data\raw\brri_rice_disease_pest\Healthy\HL_202.jpg,brri_rice_disease_pest,0.5197852570398607,1,0.5197852570398607,1.0180662870407104
data\raw\brri_rice_disease_pest\Healthy\HL_203.jpg,brri_rice_disease_pest,0.12088615699833526,1,0.12088615699833526,1.0068943500518799
data\raw\brri_rice_disease_pest\Healthy\HL_204.jpg,brri_rice_disease_pest,0.22206239733103017,1,0.22206239733103017,1.0107828378677368
data\raw\brri_rice_disease_pest\Healthy\HL_205.jpg,brri_rice_disease_pest,0.5149056278029607,1,0.5149056278029607,1.000727891921997
data\raw\brri_rice_disease_pest\Healthy\HL_206.jpg,brri_rice_disease_pest,0.9386729782964174,1,0.9386729782964174,1.010377287864685
data\raw\brri_rice_disease_pest\Healthy\HL_207.jpg,brri_rice_disease_pest,0.5149056278029607,1,0.5149056278029607,1.000727891921997
data\raw\brri_rice_disease_pest\Healthy\HL_208.jpg,brri_rice_disease_pest,0.05550010984020558,1,0.05550010984020558,0.9992121458053589
data\raw\brri_rice_disease_pest\Healthy\HL_209.jpg,brri_rice_disease_pest,0.12485564585115483,1,0.12485564585115483,1.0043106079101562
data\raw\brri_rice_disease_pest\Healthy\HL_21.jpg,brri_rice_disease_pest,0.5393846364012287,1,0.5393846364012287,1.014250636100769
data\raw\brri_rice_disease_pest\Healthy\HL_210.jpg,brri_rice_disease_pest,0.5727075627086448,1,0.5727075627086448,0.9981120824813843
data\raw\brri_rice_disease_pest\Healthy\HL_211.jpg,brri_rice_disease_pest,0.22660866710439923,1,0.22660866710439923,1.0119895935058594
data\raw\brri_rice_disease_pest\Healthy\HL_212.jpg,brri_rice_disease_pest,0.13100104592660353,1,0.13100104592660353,1.0122438669204712
data\raw\brri_rice_disease_pest\Healthy\HL_213.jpg,brri_rice_disease_pest,0.26539055487815205,1,0.26539055487815205,1.0059376955032349
data\raw\brri_rice_disease_pest\Healthy\HL_214.jpg,brri_rice_disease_pest,0.627664,1,0.627664,1.010416865348816
data\raw\brri_rice_disease_pest\Healthy\HL_215.jpg,brri_rice_disease_pest,0.05428966399811218,1,0.05428966399811218,0.9859188199043274
data\raw\brri_rice_disease_pest\Healthy\HL_216.jpg,brri_rice_disease_pest,0.641648,1,0.641648,1.0064465999603271
data\raw\brri_rice_disease_pest\Healthy\HL_217.jpg,brri_rice_disease_pest,0.9392232162766251,1,0.9392232162766251,1.016366958618164
data\raw\brri_rice_disease_pest\Healthy\HL_218.jpg,brri_rice_disease_pest,0.10530388689745872,1,0.10530388689745872,0.9987048506736755
data\raw\brri_rice_disease_pest\Healthy\HL_219.jpg,brri_rice_disease_pest,0.5122630152477224,1,0.5122630152477224,0.9972634315490723
data\raw\brri_rice_disease_pest\Healthy\HL_22.jpg,brri_rice_disease_pest,0.09942351543180139,1,0.09942351543180139,1.0063554048538208
data\raw\brri_rice_disease_pest\Healthy\HL_220.jpg,brri_rice_disease_pest,0.5053608059903596,1,0.5053608059903596,1.0121359825134277
data\raw\brri_rice_disease_pest\Healthy\HL_221.jpg,brri_rice_disease_pest,0.5079415773853766,1,0.5079415773853766,0.9964708089828491
data\raw\brri_rice_disease_pest\Healthy\HL_222.jpg,brri_rice_disease_pest,0.21372636496807737,1,0.21372636496807737,1.0070487260818481
data\raw\brri_rice_disease_pest\Healthy\HL_223.jpg,brri_rice_disease_pest,0.5694182479804908,1,0.5694182479804908,1.0271657705307007
data\raw\brri_rice_disease_pest\Healthy\HL_224.jpg,brri_rice_disease_pest,0.20473617252399046,1,0.20473617252399046,1.0114418268203735
data\raw\brri_rice_disease_pest\Healthy\HL_225.jpg,brri_rice_disease_pest,0.065792,1,0.065792,1.0009435415267944
data\raw\brri_rice_disease_pest\Healthy\HL_226.jpg,brri_rice_disease_pest,0.5887874900506359,1,0.5887874900506359,1.0169330835342407
data\raw\brri_rice_disease_pest\Healthy\HL_227.jpg,brri_rice_disease_pest,0.18539591473095954,1,0.18539591473095954,1.008161187171936
data\raw\brri_rice_disease_pest\Healthy\HL_228.jpg,brri_rice_disease_pest,0.6056849556953897,1,0.6056849556953897,0.9927315711975098
data\raw\brri_rice_disease_pest\Healthy\HL_229.jpg,brri_rice_disease_pest,0.22464526283256278,1,0.22464526283256278,1.0088624954223633
data\raw\brri_rice_disease_pest\Healthy\HL_23.jpg,brri_rice_disease_pest,0.15835434205195156,1,0.15835434205195156,1.006088137626648
data\raw\brri_rice_disease_pest\Healthy\HL_230.jpg,brri_rice_disease_pest,0.13566514911453842,1,0.13566514911453842,1.0077786445617676
data\raw\brri_rice_disease_pest\Healthy\HL_231.jpg,brri_rice_disease_pest,0.11529455857525112,1,0.11529455857525112,1.0020077228546143
data\raw\brri_rice_disease_pest\Healthy\HL_232.jpg,brri_rice_disease_pest,0.530164,1,0.530164,1.0026137828826904
data\raw\brri_rice_disease_pest\Healthy\HL_233.jpg,brri_rice_disease_pest,0.5558317000397379,1,0.5558317000397379,1.0044828653335571
data\raw\brri_rice_disease_pest\Healthy\HL_234.jpg,brri_rice_disease_pest,0.091972,1,0.091972,0.9991837739944458
data\raw\brri_rice_disease_pest\Healthy\HL_235.jpg,brri_rice_disease_pest,0.2708367732730444,1,0.2708367732730444,1.01299250125885
data\raw\brri_rice_disease_pest\Healthy\HL_236.jpg,brri_rice_disease_pest,0.17277623775584472,1,0.17277623775584472,1.0113731622695923
data\raw\brri_rice_disease_pest\Healthy\HL_237.jpg,brri_rice_disease_pest,0.5748915727531377,1,0.5748915727531377,1.005969524383545
data\raw\brri_rice_disease_pest\Healthy\HL_238.jpg,brri_rice_disease_pest,0.06310414481269885,1,0.06310414481269885,1.0024112462997437
data\raw\brri_rice_disease_pest\Healthy\HL_239.jpg,brri_rice_disease_pest,0.951124,1,0.951124,1.0051013231277466
data\raw\brri_rice_disease_pest\Healthy\HL_24.jpg,brri_rice_disease_pest,0.16350106886519375,1,0.16350106886519375,1.0082846879959106
data\raw\brri_rice_disease_pest\Healthy\HL_240.jpg,brri_rice_disease_pest,0.14410973482233905,1,0.14410973482233905,1.0118855237960815
data\raw\brri_rice_disease_pest\Healthy\HL_241.jpg,brri_rice_disease_pest,0.944128,1,0.944128,0.997382640838623
data\raw\brri_rice_disease_pest\Healthy\HL_242.jpg,brri_rice_disease_pest,0.5563932128522585,1,0.5563932128522585,1.0164308547973633
data\raw\brri_rice_disease_pest\Healthy\HL_243.jpg,brri_rice_disease_pest,0.7112012257733282,1,0.7112012257733282,0.9980484247207642
data\raw\brri_rice_disease_pest\Healthy\HL_244.jpg,brri_rice_disease_pest,0.5912840355250361,1,0.5912840355250361,1.0098190307617188
data\raw\brri_rice_disease_pest\Healthy\HL_245.jpg,brri_rice_disease_pest,0.641648,1,0.641648,1.0064465999603271
data\raw\brri_rice_disease_pest\Healthy\HL_246.jpg,brri_rice_disease_pest,0.12474382875496956,1,0.12474382875496956,1.0058062076568604
data\raw\brri_rice_disease_pest\Healthy\HL_247.jpg,brri_rice_disease_pest,0.700120080263256,1,0.700120080263256,1.0169709920883179
data\raw\brri_rice_disease_pest\Healthy\HL_248.jpg,brri_rice_disease_pest,0.557747056862192,1,0.557747056862192,1.0165960788726807
data\raw\brri_rice_disease_pest\Healthy\HL_249.jpg,brri_rice_disease_pest,0.6020656305903399,1,0.6020656305903399,1.0030951499938965
data\raw\brri_rice_disease_pest\Healthy\HL_25.jpg,brri_rice_disease_pest,0.5512619815746245,1,0.5512619815746245,1.0068198442459106
data\raw\brri_rice_disease_pest\Healthy\HL_250.jpg,brri_rice_disease_pest,0.22436338609772882,1,0.22436338609772882,1.0052260160446167
data\raw\brri_rice_disease_pest\Healthy\HL_251.jpg,brri_rice_disease_pest,0.14736516494775526,1,0.14736516494775526,1.0199099779129028
data\raw\brri_rice_disease_pest\Healthy\HL_252.jpg,brri_rice_disease_pest,0.58096,1,0.58096,1.0073697566986084
data\raw\brri_rice_disease_pest\Healthy\HL_253.jpg,brri_rice_disease_pest,0.5061139622793801,1,0.5061139622793801,0.9888970255851746
data\raw\brri_rice_disease_pest\Healthy\HL_254.jpg,brri_rice_disease_pest,0.610204,1,0.610204,1.0038129091262817
data\raw\brri_rice_disease_pest\Healthy\HL_255.jpg,brri_rice_disease_pest,0.11454520278583777,1,0.11454520278583777,1.0000892877578735
data\raw\brri_rice_disease_pest\Healthy\HL_256.jpg,brri_rice_disease_pest,0.7964072096342265,1,0.7964072096342265,0.9979037046432495
data\raw\brri_rice_disease_pest\Healthy\HL_257.jpg,brri_rice_disease_pest,0.526118386420517,1,0.526118386420517,1.0091681480407715
data\raw\brri_rice_disease_pest\Healthy\HL_258.jpg,brri_rice_disease_pest,0.15561724192112292,1,0.15561724192112292,1.0062042474746704
data\raw\brri_rice_disease_pest\Healthy\HL_259.jpg,brri_rice_disease_pest,0.56822,1,0.56822,1.0106990337371826
data\raw\brri_rice_disease_pest\Healthy\HL_26.jpg,brri_rice_disease_pest,0.5043991536689868,1,0.5043991536689868,1.0010932683944702
data\raw\brri_rice_disease_pest\Healthy\HL_260.jpg,brri_rice_disease_pest,0.178669081668585,1,0.178669081668585,1.0071556568145752
data\raw\brri_rice_disease_pest\Healthy\HL_261.jpg,brri_rice_disease_pest,0.556908,1,0.556908,1.0031001567840576
data\raw\brri_rice_disease_pest\Healthy\HL_262.jpg,brri_rice_disease_pest,0.2598350522447459,1,0.2598350522447459,1.0110646486282349
data\raw\brri_rice_disease_pest\Healthy\HL_263.jpg,brri_rice_disease_pest,0.5215414316923234,1,0.5215414316923234,0.9971799850463867
data\raw\brri_rice_disease_pest\Healthy\HL_264.jpg,brri_rice_disease_pest,0.17768207483969758,1,0.17768207483969758,1.0079889297485352
data\raw\brri_rice_disease_pest\Healthy\HL_265.jpg,brri_rice_disease_pest,0.11309092872021541,1,0.11309092872021541,0.9987838268280029
data\raw\brri_rice_disease_pest\Healthy\HL_266.jpg,brri_rice_disease_pest,0.132704,1,0.132704,1.0060244798660278
data\raw\brri_rice_disease_pest\Healthy\HL_267.jpg,brri_rice_disease_pest,0.14087485930896812,1,0.14087485930896812,1.0057404041290283
data\raw\brri_rice_disease_pest\Healthy\HL_268.jpg,brri_rice_disease_pest,0.18860527909024707,1,0.18860527909024707,0.9919328689575195
data\raw\brri_rice_disease_pest\Healthy\HL_269.jpg,brri_rice_disease_pest,0.262972,1,0.262972,1.0112320184707642
data\raw\brri_rice_disease_pest\Healthy\HL_27.jpg,brri_rice_disease_pest,0.5778736197903436,1,0.5778736197903436,1.0037977695465088
data\raw\brri_rice_disease_pest\Healthy\HL_270.jpg,brri_rice_disease_pest,0.6157591873898363,1,0.6157591873898363,1.0073635578155518
data\raw\brri_rice_disease_pest\Healthy\HL_271.jpg,brri_rice_disease_pest,0.619468,1,0.619468,1.0059503316879272
data\raw\brri_rice_disease_pest\Healthy\HL_272.jpg,brri_rice_disease_pest,0.09032040723417359,1,0.09032040723417359,0.9969131946563721
data\raw\brri_rice_disease_pest\Healthy\HL_273.jpg,brri_rice_disease_pest,0.153952,1,0.153952,1.0076513290405273
data\raw\brri_rice_disease_pest\Healthy\HL_274.jpg,brri_rice_disease_pest,0.5363340113945159,1,0.5363340113945159,0.9948172569274902
data\raw\brri_rice_disease_pest\Healthy\HL_275.jpg,brri_rice_disease_pest,0.1754620277613473,1,0.1754620277613473,1.0049692392349243
data\raw\brri_rice_disease_pest\Healthy\HL_276.jpg,brri_rice_disease_pest,0.5069637102423987,1,0.5069637102423987,0.9997643232345581
data\raw\brri_rice_disease_pest\Healthy\HL_277.jpg,brri_rice_disease_pest,0.9312024172312005,1,0.9312024172312005,1.00616455078125
data\raw\brri_rice_disease_pest\Healthy\HL_278.jpg,brri_rice_disease_pest,0.1491511006063005,1,0.1491511006063005,1.0055748224258423
data\raw\brri_rice_disease_pest\Healthy\HL_279.jpg,brri_rice_disease_pest,0.169277580907382,1,0.169277580907382,1.0078262090682983
data\raw\brri_rice_disease_pest\Healthy\HL_28.jpg,brri_rice_disease_pest,0.16890500897559654,1,0.16890500897559654,1.0054945945739746
data\raw\brri_rice_disease_pest\Healthy\HL_280.jpg,brri_rice_disease_pest,0.16132344918327396,1,0.16132344918327396,1.0196627378463745
data\raw\brri_rice_disease_pest\Healthy\HL_281.jpg,brri_rice_disease_pest,0.5611309039949872,1,0.5611309039949872,1.0068347454071045
data\raw\brri_rice_disease_pest\Healthy\HL_282.jpg,brri_rice_disease_pest,0.156388,1,0.156388,1.0103559494018555
data\raw\brri_rice_disease_pest\Healthy\HL_283.jpg,brri_rice_disease_pest,0.5448885671222206,1,0.5448885671222206,1.0050277709960938
data\raw\brri_rice_disease_pest\Healthy\HL_284.jpg,brri_rice_disease_pest,0.5814313725490196,1,0.5814313725490196,1.0041848421096802
data\raw\brri_rice_disease_pest\Healthy\HL_285.jpg,brri_rice_disease_pest,0.5028310751980293,1,0.5028310751980293,1.018983244895935
data\raw\brri_rice_disease_pest\Healthy\HL_286.jpg,brri_rice_disease_pest,0.509624,1,0.509624,1.0012339353561401
data\raw\brri_rice_disease_pest\Healthy\HL_287.jpg,brri_rice_disease_pest,0.104596,1,0.104596,1.0007803440093994
data\raw\brri_rice_disease_pest\Healthy\HL_288.jpg,brri_rice_disease_pest,0.0768571216207607,1,0.0768571216207607,0.9961106777191162
data\raw\brri_rice_disease_pest\Healthy\HL_289.jpg,brri_rice_disease_pest,0.1110937600102505,1,0.1110937600102505,1.0060315132141113
data\raw\brri_rice_disease_pest\Healthy\HL_29.jpg,brri_rice_disease_pest,0.1451644259348863,1,0.1451644259348863,1.0076494216918945
data\raw\brri_rice_disease_pest\Healthy\HL_290.jpg,brri_rice_disease_pest,0.9415382246100696,1,0.9415382246100696,1.0059411525726318
data\raw\brri_rice_disease_pest\Healthy\HL_291.jpg,brri_rice_disease_pest,0.5868004718819453,1,0.5868004718819453,1.011304259300232
data\raw\brri_rice_disease_pest\Healthy\HL_292.jpg,brri_rice_disease_pest,0.3108385091195448,1,0.3108385091195448,0.9541946649551392
data\raw\brri_rice_disease_pest\Healthy\HL_293.jpg,brri_rice_disease_pest,0.6775151014383468,1,0.6775151014383468,1.000026822090149
data\raw\brri_rice_disease_pest\Healthy\HL_294.jpg,brri_rice_disease_pest,0.18194640338504936,1,0.18194640338504936,1.0075370073318481
data\raw\brri_rice_disease_pest\Healthy\HL_295.jpg,brri_rice_disease_pest,0.50466,1,0.50466,1.0077877044677734
data\raw\brri_rice_disease_pest\Healthy\HL_296.jpg,brri_rice_disease_pest,0.12962348413332364,1,0.12962348413332364,1.000106930732727
data\raw\brri_rice_disease_pest\Healthy\HL_297.jpg,brri_rice_disease_pest,0.557908,1,0.557908,1.0029324293136597
data\raw\brri_rice_disease_pest\Healthy\HL_298.jpg,brri_rice_disease_pest,0.13390351913398033,1,0.13390351913398033,1.0139801502227783
data\raw\brri_rice_disease_pest\Healthy\HL_299.jpg,brri_rice_disease_pest,0.509785509340075,1,0.509785509340075,0.9985194206237793
data\raw\brri_rice_disease_pest\Healthy\HL_3.jpg,brri_rice_disease_pest,0.2107016748921301,1,0.2107016748921301,1.0074187517166138
data\raw\brri_rice_disease_pest\Healthy\HL_30.jpg,brri_rice_disease_pest,0.08887976374202505,1,0.08887976374202505,0.9994986057281494
data\raw\brri_rice_disease_pest\Healthy\HL_300.jpg,brri_rice_disease_pest,0.142752,1,0.142752,1.0071789026260376
data\raw\brri_rice_disease_pest\Healthy\HL_301.jpg,brri_rice_disease_pest,0.2577145624568948,1,0.2577145624568948,1.0053532123565674
data\raw\brri_rice_disease_pest\Healthy\HL_302.jpg,brri_rice_disease_pest,0.6100653377918298,1,0.6100653377918298,1.0167155265808105
data\raw\brri_rice_disease_pest\Healthy\HL_303.jpg,brri_rice_disease_pest,0.608368,1,0.608368,1.0091266632080078
data\raw\brri_rice_disease_pest\Healthy\HL_304.jpg,brri_rice_disease_pest,0.5957957921803493,1,0.5957957921803493,1.001135230064392
data\raw\brri_rice_disease_pest\Healthy\HL_305.jpg,brri_rice_disease_pest,0.19256042742164628,1,0.19256042742164628,1.0081212520599365
data\raw\brri_rice_disease_pest\Healthy\HL_306.jpg,brri_rice_disease_pest,0.18174087444845569,1,0.18174087444845569,0.9967504739761353
data\raw\brri_rice_disease_pest\Healthy\HL_307.jpg,brri_rice_disease_pest,0.914340740436746,1,0.914340740436746,0.9943699836730957
data\raw\brri_rice_disease_pest\Healthy\HL_308.jpg,brri_rice_disease_pest,0.06114516969187002,1,0.06114516969187002,0.9914766550064087
data\raw\brri_rice_disease_pest\Healthy\HL_309.jpg,brri_rice_disease_pest,0.6288667119611756,1,0.6288667119611756,1.0137656927108765
data\raw\brri_rice_disease_pest\Healthy\HL_31.jpg,brri_rice_disease_pest,0.2564072846280208,1,0.2564072846280208,1.0120930671691895
data\raw\brri_rice_disease_pest\Healthy\HL_310.jpg,brri_rice_disease_pest,0.55676,1,0.55676,1.0110530853271484
data\raw\brri_rice_disease_pest\Healthy\HL_311.jpg,brri_rice_disease_pest,0.21978879085529532,1,0.21978879085529532,1.010022759437561
data\raw\brri_rice_disease_pest\Healthy\HL_312.jpg,brri_rice_disease_pest,0.3086381707508816,1,0.3086381707508816,0.9916807413101196
data\raw\brri_rice_disease_pest\Healthy\HL_313.jpg,brri_rice_disease_pest,0.107513452837949,1,0.107513452837949,1.0107567310333252
data\raw\brri_rice_disease_pest\Healthy\HL_314.jpg,brri_rice_disease_pest,0.12509378623559103,1,0.12509378623559103,1.0085399150848389
data\raw\brri_rice_disease_pest\Healthy\HL_315.jpg,brri_rice_disease_pest,0.125250433079762,1,0.125250433079762,1.0109719038009644
data\raw\brri_rice_disease_pest\Healthy\HL_316.jpg,brri_rice_disease_pest,0.550156,1,0.550156,1.0022567510604858
data\raw\brri_rice_disease_pest\Healthy\HL_317.jpg,brri_rice_disease_pest,0.9232639202804649,1,0.9232639202804649,0.9927490949630737
data\raw\brri_rice_disease_pest\Healthy\HL_318.jpg,brri_rice_disease_pest,0.18183389007434503,1,0.18183389007434503,1.0006141662597656
data\raw\brri_rice_disease_pest\Healthy\HL_319.jpg,brri_rice_disease_pest,0.522984354095751,1,0.522984354095751,1.0103923082351685
data\raw\brri_rice_disease_pest\Healthy\HL_32.jpg,brri_rice_disease_pest,0.11789917276122741,1,0.11789917276122741,1.0066070556640625
data\raw\brri_rice_disease_pest\Healthy\HL_320.jpg,brri_rice_disease_pest,0.11988219737949272,1,0.11988219737949272,1.0067577362060547
data\raw\brri_rice_disease_pest\Healthy\HL_321.jpg,brri_rice_disease_pest,0.16755545398578436,1,0.16755545398578436,1.010374665260315
data\raw\brri_rice_disease_pest\Healthy\HL_322.jpg,brri_rice_disease_pest,0.120528,1,0.120528,0.9846036434173584
data\raw\brri_rice_disease_pest\Healthy\HL_323.jpg,brri_rice_disease_pest,0.49580628154111533,1,0.49580628154111533,0.9910625219345093
data\raw\brri_rice_disease_pest\Healthy\HL_324.jpg,brri_rice_disease_pest,0.19375422229651143,1,0.19375422229651143,1.009417176246643
data\raw\brri_rice_disease_pest\Healthy\HL_325.jpg,brri_rice_disease_pest,0.20719065004857906,1,0.20719065004857906,1.007758378982544
data\raw\brri_rice_disease_pest\Healthy\HL_326.jpg,brri_rice_disease_pest,0.52674,1,0.52674,1.0071296691894531
data\raw\brri_rice_disease_pest\Healthy\HL_327.jpg,brri_rice_disease_pest,0.6766419626073261,1,0.6766419626073261,1.0057199001312256
data\raw\brri_rice_disease_pest\Healthy\HL_328.jpg,brri_rice_disease_pest,0.57092,1,0.57092,1.009752869606018
data\raw\brri_rice_disease_pest\Healthy\HL_329.jpg,brri_rice_disease_pest,0.19625635150432166,1,0.19625635150432166,1.006698489189148
data\raw\brri_rice_disease_pest\Healthy\HL_33.jpg,brri_rice_disease_pest,0.10001700677132562,1,0.10001700677132562,1.0057049989700317
data\raw\brri_rice_disease_pest\Healthy\HL_330.jpg,brri_rice_disease_pest,0.66392,1,0.66392,1.0315144062042236
data\raw\brri_rice_disease_pest\Healthy\HL_331.jpg,brri_rice_disease_pest,0.20907847719690426,1,0.20907847719690426,1.0113186836242676
data\raw\brri_rice_disease_pest\Healthy\HL_332.jpg,brri_rice_disease_pest,0.24082565675690437,1,0.24082565675690437,1.0114986896514893
data\raw\brri_rice_disease_pest\Healthy\HL_333.jpg,brri_rice_disease_pest,0.5495008586515159,1,0.5495008586515159,0.9960640668869019
data\raw\brri_rice_disease_pest\Healthy\HL_334.jpg,brri_rice_disease_pest,0.24865748654637543,1,0.24865748654637543,1.009909749031067
data\raw\brri_rice_disease_pest\Healthy\HL_335.jpg,brri_rice_disease_pest,0.5519001042153654,1,0.5519001042153654,1.0042749643325806
data\raw\brri_rice_disease_pest\Healthy\HL_336.jpg,brri_rice_disease_pest,0.09122692393238434,1,0.09122692393238434,1.0061135292053223
data\raw\brri_rice_disease_pest\Healthy\HL_337.jpg,brri_rice_disease_pest,0.14815495657159847,1,0.14815495657159847,1.0079342126846313
data\raw\brri_rice_disease_pest\Healthy\HL_338.jpg,brri_rice_disease_pest,0.594972,1,0.594972,1.0089492797851562
data\raw\brri_rice_disease_pest\Healthy\HL_339.jpg,brri_rice_disease_pest,0.13864457977484473,1,0.13864457977484473,1.0050948858261108
data\raw\brri_rice_disease_pest\Healthy\HL_34.jpg,brri_rice_disease_pest,0.5717542129704737,1,0.5717542129704737,0.9970550537109375
data\raw\brri_rice_disease_pest\Healthy\HL_340.jpg,brri_rice_disease_pest,0.605356,1,0.605356,1.0036996603012085
data\raw\brri_rice_disease_pest\Healthy\HL_341.jpg,brri_rice_disease_pest,0.1502835538752363,1,0.1502835538752363,1.0021703243255615
data\raw\brri_rice_disease_pest\Healthy\HL_342.jpg,brri_rice_disease_pest,0.10324934932517642,1,0.10324934932517642,1.008404016494751
data\raw\brri_rice_disease_pest\Healthy\HL_343.jpg,brri_rice_disease_pest,0.5212451956447897,1,0.5212451956447897,1.003086805343628
data\raw\brri_rice_disease_pest\Healthy\HL_344.jpg,brri_rice_disease_pest,0.177770086962985,1,0.177770086962985,1.0085724592208862
data\raw\brri_rice_disease_pest\Healthy\HL_345.jpg,brri_rice_disease_pest,0.602538886024683,1,0.602538886024683,1.002916932106018
data\raw\brri_rice_disease_pest\Healthy\HL_346.jpg,brri_rice_disease_pest,0.14389869531849578,1,0.14389869531849578,1.0033822059631348
data\raw\brri_rice_disease_pest\Healthy\HL_347.jpg,brri_rice_disease_pest,0.110784,1,0.110784,1.003692865371704
data\raw\brri_rice_disease_pest\Healthy\HL_348.jpg,brri_rice_disease_pest,0.502862868473855,1,0.502862868473855,0.9880549311637878
data\raw\brri_rice_disease_pest\Healthy\HL_349.jpg,brri_rice_disease_pest,0.1514287088454899,1,0.1514287088454899,1.0071519613265991
data\raw\brri_rice_disease_pest\Healthy\HL_35.jpg,brri_rice_disease_pest,0.15906734610670964,1,0.15906734610670964,1.0007632970809937
data\raw\brri_rice_disease_pest\Healthy\HL_350.jpg,brri_rice_disease_pest,0.5315595591715905,1,0.5315595591715905,1.0026713609695435
data\raw\brri_rice_disease_pest\Healthy\HL_351.jpg,brri_rice_disease_pest,0.6368591640299026,1,0.6368591640299026,0.9936635494232178
data\raw\brri_rice_disease_pest\Healthy\HL_352.jpg,brri_rice_disease_pest,0.5501643218705695,1,0.5501643218705695,1.0124448537826538
data\raw\brri_rice_disease_pest\Healthy\HL_353.jpg,brri_rice_disease_pest,0.29677180180866736,1,0.29677180180866736,1.0113290548324585
data\raw\brri_rice_disease_pest\Healthy\HL_354.jpg,brri_rice_disease_pest,0.5279670261627166,1,0.5279670261627166,1.010198712348938
data\raw\brri_rice_disease_pest\Healthy\HL_355.jpg,brri_rice_disease_pest,0.5531534292296786,1,0.5531534292296786,1.007217288017273
data\raw\brri_rice_disease_pest\Healthy\HL_356.jpg,brri_rice_disease_pest,0.17461435152533725,1,0.17461435152533725,1.0110479593276978
data\raw\brri_rice_disease_pest\Healthy\HL_357.jpg,brri_rice_disease_pest,0.11551233111558844,1,0.11551233111558844,1.0085008144378662
data\raw\brri_rice_disease_pest\Healthy\HL_358.jpg,brri_rice_disease_pest,0.30555608477704954,1,0.30555608477704954,1.0145903825759888
data\raw\brri_rice_disease_pest\Healthy\HL_359.jpg,brri_rice_disease_pest,0.15340016622955116,1,0.15340016622955116,1.007681131362915
data\raw\brri_rice_disease_pest\Healthy\HL_36.jpg,brri_rice_disease_pest,0.6256837541702653,1,0.6256837541702653,1.0021854639053345
data\raw\brri_rice_disease_pest\Healthy\HL_360.jpg,brri_rice_disease_pest,0.2815454156917572,1,0.2815454156917572,1.0119189023971558
data\raw\brri_rice_disease_pest\Healthy\HL_361.jpg,brri_rice_disease_pest,0.19210935232143161,1,0.19210935232143161,1.003061056137085
data\raw\brri_rice_disease_pest\Healthy\HL_362.jpg,brri_rice_disease_pest,0.18493516136013852,1,0.18493516136013852,1.004151701927185
data\raw\brri_rice_disease_pest\Healthy\HL_363.jpg,brri_rice_disease_pest,0.2550956091551085,1,0.2550956091551085,1.0112375020980835
data\raw\brri_rice_disease_pest\Healthy\HL_364.jpg,brri_rice_disease_pest,0.3968478509373571,1,0.3968478509373571,1.0133962631225586
data\raw\brri_rice_disease_pest\Healthy\HL_365.jpg,brri_rice_disease_pest,0.5165770694677302,1,0.5165770694677302,1.0091420412063599
data\raw\brri_rice_disease_pest\Healthy\HL_366.jpg,brri_rice_disease_pest,0.10479995609568543,1,0.10479995609568543,0.98592609167099
data\raw\brri_rice_disease_pest\Healthy\HL_367.jpg,brri_rice_disease_pest,0.1716292404779447,1,0.1716292404779447,1.0099152326583862
data\raw\brri_rice_disease_pest\Healthy\HL_368.jpg,brri_rice_disease_pest,0.5041236938813528,1,0.5041236938813528,1.020057201385498
data\raw\brri_rice_disease_pest\Healthy\HL_369.jpg,brri_rice_disease_pest,0.1322148766278853,1,0.1322148766278853,1.0042964220046997
data\raw\brri_rice_disease_pest\Healthy\HL_37.jpg,brri_rice_disease_pest,0.10981332241700142,1,0.10981332241700142,0.9948738813400269
data\raw\brri_rice_disease_pest\Healthy\HL_370.jpg,brri_rice_disease_pest,0.9316423118935122,1,0.9316423118935122,1.0010241270065308
data\raw\brri_rice_disease_pest\Healthy\HL_371.jpg,brri_rice_disease_pest,0.5083317985910007,1,0.5083317985910007,1.0094000101089478
data\raw\brri_rice_disease_pest\Healthy\HL_372.jpg,brri_rice_disease_pest,0.18833109082754523,1,0.18833109082754523,0.9811164140701294
data\raw\brri_rice_disease_pest\Healthy\HL_373.jpg,brri_rice_disease_pest,0.22640130552007948,1,0.22640130552007948,1.002368688583374
data\raw\brri_rice_disease_pest\Healthy\HL_374.jpg,brri_rice_disease_pest,0.5284522705718979,1,0.5284522705718979,1.0070363283157349
data\raw\brri_rice_disease_pest\Healthy\HL_375.jpg,brri_rice_disease_pest,0.5193952189050686,1,0.5193952189050686,1.0176196098327637
data\raw\brri_rice_disease_pest\Healthy\HL_376.jpg,brri_rice_disease_pest,0.2333745067655676,1,0.2333745067655676,1.0096957683563232
data\raw\brri_rice_disease_pest\Healthy\HL_377.jpg,brri_rice_disease_pest,0.5365112554827347,1,0.5365112554827347,1.0157281160354614
data\raw\brri_rice_disease_pest\Healthy\HL_378.jpg,brri_rice_disease_pest,0.5365112554827347,1,0.5365112554827347,1.0157281160354614
data\raw\brri_rice_disease_pest\Healthy\HL_379.jpg,brri_rice_disease_pest,0.5636285648359837,1,0.5636285648359837,1.013257384300232
data\raw\brri_rice_disease_pest\Healthy\HL_38.jpg,brri_rice_disease_pest,0.07156,1,0.07156,1.001301884651184
data\raw\brri_rice_disease_pest\Healthy\HL_380.jpg,brri_rice_disease_pest,0.276212605209233,1,0.276212605209233,1.0130242109298706
data\raw\brri_rice_disease_pest\Healthy\HL_381.jpg,brri_rice_disease_pest,0.4268779953936561,1,0.4268779953936561,0.9828413724899292
data\raw\brri_rice_disease_pest\Healthy\HL_382.jpg,brri_rice_disease_pest,0.10098454655418398,1,0.10098454655418398,1.0042582750320435
data\raw\brri_rice_disease_pest\Healthy\HL_383.jpg,brri_rice_disease_pest,0.10666,1,0.10666,0.9809935092926025
data\raw\brri_rice_disease_pest\Healthy\HL_384.jpg,brri_rice_disease_pest,0.5380642559569171,1,0.5380642559569171,0.9992597103118896
data\raw\brri_rice_disease_pest\Healthy\HL_385.jpg,brri_rice_disease_pest,0.636439749506465,1,0.636439749506465,1.0046746730804443
data\raw\brri_rice_disease_pest\Healthy\HL_386.jpg,brri_rice_disease_pest,0.1991761165955473,1,0.1991761165955473,0.9999891519546509
data\raw\brri_rice_disease_pest\Healthy\HL_387.jpg,brri_rice_disease_pest,0.5380642559569171,1,0.5380642559569171,0.9992597103118896
data\raw\brri_rice_disease_pest\Healthy\HL_388.jpg,brri_rice_disease_pest,0.6002753692733671,1,0.6002753692733671,1.0223690271377563
data\raw\brri_rice_disease_pest\Healthy\HL_389.jpg,brri_rice_disease_pest,0.5310346659552919,1,0.5310346659552919,0.9956347942352295
data\raw\brri_rice_disease_pest\Healthy\HL_39.jpg,brri_rice_disease_pest,0.5955826940337685,1,0.5955826940337685,1.0144219398498535
data\raw\brri_rice_disease_pest\Healthy\HL_390.jpg,brri_rice_disease_pest,0.5191053141549308,1,0.5191053141549308,1.0048646926879883
data\raw\brri_rice_disease_pest\Healthy\HL_391.jpg,brri_rice_disease_pest,0.516054992463886,1,0.516054992463886,1.018418788909912
data\raw\brri_rice_disease_pest\Healthy\HL_392.jpg,brri_rice_disease_pest,0.154300885868211,1,0.154300885868211,1.0125508308410645
data\raw\brri_rice_disease_pest\Healthy\HL_393.jpg,brri_rice_disease_pest,0.24876506164371961,1,0.24876506164371961,1.0109500885009766
data\raw\brri_rice_disease_pest\Healthy\HL_394.jpg,brri_rice_disease_pest,0.13586750393588093,1,0.13586750393588093,0.998963475227356
data\raw\brri_rice_disease_pest\Healthy\HL_395.jpg,brri_rice_disease_pest,0.6362578134230269,1,0.6362578134230269,1.0321030616760254
data\raw\brri_rice_disease_pest\Healthy\HL_396.jpg,brri_rice_disease_pest,0.3631356479364595,1,0.3631356479364595,1.0129836797714233
data\raw\brri_rice_disease_pest\Healthy\HL_397.jpg,brri_rice_disease_pest,0.32725257836711885,1,0.32725257836711885,1.011979579925537
data\raw\brri_rice_disease_pest\Healthy\HL_398.jpg,brri_rice_disease_pest,0.5104677023644258,1,0.5104677023644258,1.0000981092453003
data\raw\brri_rice_disease_pest\Healthy\HL_399.jpg,brri_rice_disease_pest,0.5526657764039422,1,0.5526657764039422,0.9909051656723022
data\raw\brri_rice_disease_pest\Healthy\HL_4.jpg,brri_rice_disease_pest,0.24092852489499547,1,0.24092852489499547,1.0153331756591797
data\raw\brri_rice_disease_pest\Healthy\HL_40.jpg,brri_rice_disease_pest,0.06639886578449905,1,0.06639886578449905,0.9948346614837646
data\raw\brri_rice_disease_pest\Healthy\HL_400.jpg,brri_rice_disease_pest,0.5766751365518897,1,0.5766751365518897,1.0065683126449585
data\raw\brri_rice_disease_pest\Healthy\HL_401.jpg,brri_rice_disease_pest,0.5770943437928636,1,0.5770943437928636,1.0040925741195679
data\raw\brri_rice_disease_pest\Healthy\HL_402.jpg,brri_rice_disease_pest,0.3062649769682806,1,0.3062649769682806,1.011532187461853
data\raw\brri_rice_disease_pest\Healthy\HL_403.jpg,brri_rice_disease_pest,0.14971468646557298,1,0.14971468646557298,1.0174530744552612
data\raw\brri_rice_disease_pest\Healthy\HL_404.jpg,brri_rice_disease_pest,0.23593399894556477,1,0.23593399894556477,1.0121649503707886
data\raw\brri_rice_disease_pest\Healthy\HL_405.jpg,brri_rice_disease_pest,0.37877202619858086,1,0.37877202619858086,1.0129649639129639
data\raw\brri_rice_disease_pest\Healthy\HL_406.jpg,brri_rice_disease_pest,0.2731301546173517,1,0.2731301546173517,1.0058096647262573
data\raw\brri_rice_disease_pest\Healthy\HL_407.jpg,brri_rice_disease_pest,0.171088312249149,1,0.171088312249149,1.009164571762085
data\raw\brri_rice_disease_pest\Healthy\HL_408.jpg,brri_rice_disease_pest,0.19926935680536503,1,0.19926935680536503,1.011368989944458
data\raw\brri_rice_disease_pest\Healthy\HL_409.jpg,brri_rice_disease_pest,0.5713213284729631,1,0.5713213284729631,1.0148169994354248
data\raw\brri_rice_disease_pest\Healthy\HL_41.jpg,brri_rice_disease_pest,0.2591907250757845,1,0.2591907250757845,1.0124226808547974
data\raw\brri_rice_disease_pest\Healthy\HL_410.jpg,brri_rice_disease_pest,0.5107312265551158,1,0.5107312265551158,1.0000230073928833
data\raw\brri_rice_disease_pest\Healthy\HL_411.jpg,brri_rice_disease_pest,0.49286979881115683,1,0.49286979881115683,1.0050280094146729
data\raw\brri_rice_disease_pest\Healthy\HL_412.jpg,brri_rice_disease_pest,0.5125633246978276,1,0.5125633246978276,1.0009734630584717
data\raw\brri_rice_disease_pest\Healthy\HL_413.jpg,brri_rice_disease_pest,0.09869944434581257,1,0.09869944434581257,1.013716697692871
data\raw\brri_rice_disease_pest\Healthy\HL_414.jpg,brri_rice_disease_pest,0.20488544009088705,1,0.20488544009088705,1.004541039466858
data\raw\brri_rice_disease_pest\Healthy\HL_415.jpg,brri_rice_disease_pest,0.18694755555555556,1,0.18694755555555556,1.0093636512756348
data\raw\brri_rice_disease_pest\Healthy\HL_416.jpg,brri_rice_disease_pest,0.17632225916381145,1,0.17632225916381145,1.008880853652954
data\raw\brri_rice_disease_pest\Healthy\HL_417.jpg,brri_rice_disease_pest,0.16399318890187567,1,0.16399318890187567,1.0116301774978638
data\raw\brri_rice_disease_pest\Healthy\HL_418.jpg,brri_rice_disease_pest,0.2186591646934528,1,0.2186591646934528,0.991856575012207
data\raw\brri_rice_disease_pest\Healthy\HL_419.jpg,brri_rice_disease_pest,0.5271719112819281,1,0.5271719112819281,1.0131442546844482
data\raw\brri_rice_disease_pest\Healthy\HL_42.jpg,brri_rice_disease_pest,0.12149768966357515,1,0.12149768966357515,1.0036916732788086
data\raw\brri_rice_disease_pest\Healthy\HL_420.jpg,brri_rice_disease_pest,0.5918300498186252,1,0.5918300498186252,1.0138664245605469
data\raw\brri_rice_disease_pest\Healthy\HL_421.jpg,brri_rice_disease_pest,0.23774349480939558,1,0.23774349480939558,1.0164469480514526
data\raw\brri_rice_disease_pest\Healthy\HL_422.jpg,brri_rice_disease_pest,0.5572916666666666,1,0.5572916666666666,1.00342857837677
data\raw\brri_rice_disease_pest\Healthy\HL_423.jpg,brri_rice_disease_pest,0.1833859774144052,1,0.1833859774144052,0.9999216794967651
data\raw\brri_rice_disease_pest\Healthy\HL_424.jpg,brri_rice_disease_pest,0.2583077190130231,1,0.2583077190130231,1.011124849319458
data\raw\brri_rice_disease_pest\Healthy\HL_425.jpg,brri_rice_disease_pest,0.665933694897458,1,0.665933694897458,1.0126512050628662
data\raw\brri_rice_disease_pest\Healthy\HL_426.jpg,brri_rice_disease_pest,0.14885701574314744,1,0.14885701574314744,1.0093008279800415
data\raw\brri_rice_disease_pest\Healthy\HL_427.jpg,brri_rice_disease_pest,0.5361079385797937,1,0.5361079385797937,1.0053050518035889
data\raw\brri_rice_disease_pest\Healthy\HL_428.jpg,brri_rice_disease_pest,0.15239462141611204,1,0.15239462141611204,1.006569504737854
data\raw\brri_rice_disease_pest\Healthy\HL_429.jpg,brri_rice_disease_pest,0.6015067994377551,1,0.6015067994377551,1.0072542428970337
data\raw\brri_rice_disease_pest\Healthy\HL_43.jpg,brri_rice_disease_pest,0.5374585619570188,1,0.5374585619570188,1.0032742023468018
data\raw\brri_rice_disease_pest\Healthy\HL_430.jpg,brri_rice_disease_pest,0.5587229461972261,1,0.5587229461972261,1.0050570964813232
data\raw\brri_rice_disease_pest\Healthy\HL_431.jpg,brri_rice_disease_pest,0.14862973970770038,1,0.14862973970770038,1.0043243169784546
data\raw\brri_rice_disease_pest\Healthy\HL_432.jpg,brri_rice_disease_pest,0.21716312935020068,1,0.21716312935020068,1.0087451934814453
data\raw\brri_rice_disease_pest\Healthy\HL_433.jpg,brri_rice_disease_pest,0.109588,1,0.109588,1.0043524503707886
data\raw\brri_rice_disease_pest\Healthy\HL_434.jpg,brri_rice_disease_pest,0.6151865947908637,1,0.6151865947908637,1.0142273902893066
data\raw\brri_rice_disease_pest\Healthy\HL_435.jpg,brri_rice_disease_pest,0.5420083154280418,1,0.5420083154280418,0.9894475936889648
data\raw\brri_rice_disease_pest\Healthy\HL_436.jpg,brri_rice_disease_pest,0.5495091643050827,1,0.5495091643050827,0.9789191484451294
data\raw\brri_rice_disease_pest\Healthy\HL_437.jpg,brri_rice_disease_pest,0.515576,1,0.515576,1.0111163854599
data\raw\brri_rice_disease_pest\Healthy\HL_438.jpg,brri_rice_disease_pest,0.21912942866741053,1,0.21912942866741053,1.0121408700942993
data\raw\brri_rice_disease_pest\Healthy\HL_439.jpg,brri_rice_disease_pest,0.21805116301715524,1,0.21805116301715524,1.0100839138031006
data\raw\brri_rice_disease_pest\Healthy\HL_44.jpg,brri_rice_disease_pest,0.3856225338278379,1,0.3856225338278379,1.0120853185653687
data\raw\brri_rice_disease_pest\Healthy\HL_440.jpg,brri_rice_disease_pest,0.210442215654791,1,0.210442215654791,1.009465217590332
data\raw\brri_rice_disease_pest\Healthy\HL_441.jpg,brri_rice_disease_pest,0.23944626496638385,1,0.23944626496638385,1.0081342458724976
data\raw\brri_rice_disease_pest\Healthy\HL_442.jpg,brri_rice_disease_pest,0.3614512255108158,1,0.3614512255108158,0.991534948348999
data\raw\brri_rice_disease_pest\Healthy\HL_443.jpg,brri_rice_disease_pest,0.2020821690460465,1,0.2020821690460465,1.0110496282577515
data\raw\brri_rice_disease_pest\Healthy\HL_444.jpg,brri_rice_disease_pest,0.3952525127436536,1,0.3952525127436536,1.0168944597244263
data\raw\brri_rice_disease_pest\Healthy\HL_445.jpg,brri_rice_disease_pest,0.1624879337499365,1,0.1624879337499365,1.0049206018447876
data\raw\brri_rice_disease_pest\Healthy\HL_446.jpg,brri_rice_disease_pest,0.13984254602110113,1,0.13984254602110113,0.9998730421066284
data\raw\brri_rice_disease_pest\Healthy\HL_447.jpg,brri_rice_disease_pest,0.3503948108046764,1,0.3503948108046764,1.01078462600708
data\raw\brri_rice_disease_pest\Healthy\HL_448.jpg,brri_rice_disease_pest,0.21196480998747053,1,0.21196480998747053,1.0074931383132935
data\raw\brri_rice_disease_pest\Healthy\HL_449.jpg,brri_rice_disease_pest,0.5419400095683247,1,0.5419400095683247,1.033253788948059
data\raw\brri_rice_disease_pest\Healthy\HL_45.jpg,brri_rice_disease_pest,0.1979644495968641,1,0.1979644495968641,1.0084879398345947
data\raw\brri_rice_disease_pest\Healthy\HL_450.jpg,brri_rice_disease_pest,0.22611914469339023,1,0.22611914469339023,1.011275053024292
data\raw\brri_rice_disease_pest\Healthy\HL_451.jpg,brri_rice_disease_pest,0.6035988120035902,1,0.6035988120035902,1.0178701877593994
data\raw\brri_rice_disease_pest\Healthy\HL_452.jpg,brri_rice_disease_pest,0.17000072336426766,1,0.17000072336426766,1.006861925125122
data\raw\brri_rice_disease_pest\Healthy\HL_453.jpg,brri_rice_disease_pest,0.6922978274896103,1,0.6922978274896103,1.0009773969650269
data\raw\brri_rice_disease_pest\Healthy\HL_454.jpg,brri_rice_disease_pest,0.5792780640461866,1,0.5792780640461866,1.0060080289840698
data\raw\brri_rice_disease_pest\Healthy\HL_455.jpg,brri_rice_disease_pest,0.5122799474147219,1,0.5122799474147219,0.9906409978866577
data\raw\brri_rice_disease_pest\Healthy\HL_456.jpg,brri_rice_disease_pest,0.14168079688055682,1,0.14168079688055682,1.0121777057647705
data\raw\brri_rice_disease_pest\Healthy\HL_457.jpg,brri_rice_disease_pest,0.13464506172839505,1,0.13464506172839505,1.0050455331802368
data\raw\brri_rice_disease_pest\Healthy\HL_458.jpg,brri_rice_disease_pest,0.15867120742029112,1,0.15867120742029112,1.006636142730713
data\raw\brri_rice_disease_pest\Healthy\HL_459.jpg,brri_rice_disease_pest,0.15392962835949806,1,0.15392962835949806,1.0044775009155273
data\raw\brri_rice_disease_pest\Healthy\HL_46.jpg,brri_rice_disease_pest,0.1588701273407963,1,0.1588701273407963,1.0050530433654785
data\raw\brri_rice_disease_pest\Healthy\HL_460.jpg,brri_rice_disease_pest,0.27152677805406505,1,0.27152677805406505,1.0019211769104004
data\raw\brri_rice_disease_pest\Healthy\HL_461.jpg,brri_rice_disease_pest,0.3590378859083134,1,0.3590378859083134,0.9680709838867188
data\raw\brri_rice_disease_pest\Healthy\HL_462.jpg,brri_rice_disease_pest,0.5437770908406191,1,0.5437770908406191,1.018897533416748
data\raw\brri_rice_disease_pest\Healthy\HL_463.jpg,brri_rice_disease_pest,0.17543083921827635,1,0.17543083921827635,1.0119198560714722
data\raw\brri_rice_disease_pest\Healthy\HL_464.jpg,brri_rice_disease_pest,0.15282929678872287,1,0.15282929678872287,0.999993085861206
data\raw\brri_rice_disease_pest\Healthy\HL_465.jpg,brri_rice_disease_pest,0.21763016731866755,1,0.21763016731866755,1.0108320713043213
data\raw\brri_rice_disease_pest\Healthy\HL_466.jpg,brri_rice_disease_pest,0.5031215617246574,1,0.5031215617246574,1.0102676153182983
data\raw\brri_rice_disease_pest\Healthy\HL_467.jpg,brri_rice_disease_pest,0.95632,1,0.95632,0.9970237016677856
data\raw\brri_rice_disease_pest\Healthy\HL_468.jpg,brri_rice_disease_pest,0.1692773942734514,1,0.1692773942734514,1.0028207302093506
data\raw\brri_rice_disease_pest\Healthy\HL_469.jpg,brri_rice_disease_pest,0.136194377353075,1,0.136194377353075,1.0031135082244873
data\raw\brri_rice_disease_pest\Healthy\HL_47.jpg,brri_rice_disease_pest,0.2747057356608479,1,0.2747057356608479,1.0072312355041504
data\raw\brri_rice_disease_pest\Healthy\HL_470.jpg,brri_rice_disease_pest,0.18713809357032368,1,0.18713809357032368,1.0014864206314087
data\raw\brri_rice_disease_pest\Healthy\HL_471.jpg,brri_rice_disease_pest,0.9112992744206194,1,0.9112992744206194,1.0013781785964966
data\raw\brri_rice_disease_pest\Healthy\HL_472.jpg,brri_rice_disease_pest,0.16523379947162525,1,0.16523379947162525,1.0162677764892578
data\raw\brri_rice_disease_pest\Healthy\HL_473.jpg,brri_rice_disease_pest,0.22627235431590711,1,0.22627235431590711,1.0070477724075317
data\raw\brri_rice_disease_pest\Healthy\HL_474.jpg,brri_rice_disease_pest,0.1616382686412979,1,0.1616382686412979,1.0108914375305176
data\raw\brri_rice_disease_pest\Healthy\HL_475.jpg,brri_rice_disease_pest,0.20520457586072582,1,0.20520457586072582,1.0094901323318481
data\raw\brri_rice_disease_pest\Healthy\HL_476.jpg,brri_rice_disease_pest,0.5725948999983065,1,0.5725948999983065,1.0135430097579956
data\raw\brri_rice_disease_pest\Healthy\HL_477.jpg,brri_rice_disease_pest,0.21054362690308048,1,0.21054362690308048,1.0105034112930298
data\raw\brri_rice_disease_pest\Healthy\HL_478.jpg,brri_rice_disease_pest,0.1672429888736473,1,0.1672429888736473,1.0042836666107178
data\raw\brri_rice_disease_pest\Healthy\HL_479.jpg,brri_rice_disease_pest,0.17529426331670686,1,0.17529426331670686,1.002675175666809
data\raw\brri_rice_disease_pest\Healthy\HL_48.jpg,brri_rice_disease_pest,0.22233812172941117,1,0.22233812172941117,1.0142234563827515
data\raw\brri_rice_disease_pest\Healthy\HL_480.jpg,brri_rice_disease_pest,0.18020944469847075,1,0.18020944469847075,1.0027419328689575
data\raw\brri_rice_disease_pest\Healthy\HL_481.jpg,brri_rice_disease_pest,0.5701483090314823,1,0.5701483090314823,1.0143553018569946
data\raw\brri_rice_disease_pest\Healthy\HL_482.jpg,brri_rice_disease_pest,0.570508,1,0.570508,1.0057804584503174
data\raw\brri_rice_disease_pest\Healthy\HL_483.jpg,brri_rice_disease_pest,0.23174715067147622,1,0.23174715067147622,1.0043431520462036
data\raw\brri_rice_disease_pest\Healthy\HL_484.jpg,brri_rice_disease_pest,0.5073291884705923,1,0.5073291884705923,1.01018226146698
data\raw\brri_rice_disease_pest\Healthy\HL_485.jpg,brri_rice_disease_pest,0.5204993945706109,1,0.5204993945706109,1.0171287059783936
data\raw\brri_rice_disease_pest\Healthy\HL_486.jpg,brri_rice_disease_pest,0.5128172153635117,1,0.5128172153635117,1.014061689376831
data\raw\brri_rice_disease_pest\Healthy\HL_487.jpg,brri_rice_disease_pest,0.15579830945485953,1,0.15579830945485953,1.0014078617095947
data\raw\brri_rice_disease_pest\Healthy\HL_488.jpg,brri_rice_disease_pest,0.15135523040186963,1,0.15135523040186963,1.0028620958328247
data\raw\brri_rice_disease_pest\Healthy\HL_489.jpg,brri_rice_disease_pest,0.22765018247557114,1,0.22765018247557114,0.9873212575912476
data\raw\brri_rice_disease_pest\Healthy\HL_49.jpg,brri_rice_disease_pest,0.17399188597605378,1,0.17399188597605378,1.0104008913040161
data\raw\brri_rice_disease_pest\Healthy\HL_490.jpg,brri_rice_disease_pest,0.1803410081635888,1,0.1803410081635888,1.0080621242523193
data\raw\brri_rice_disease_pest\Healthy\HL_491.jpg,brri_rice_disease_pest,0.14968341970228116,1,0.14968341970228116,1.0033499002456665
data\raw\brri_rice_disease_pest\Healthy\HL_492.jpg,brri_rice_disease_pest,0.14532607453132146,1,0.14532607453132146,1.0057405233383179
data\raw\brri_rice_disease_pest\Healthy\HL_493.jpg,brri_rice_disease_pest,0.21290263171264542,1,0.21290263171264542,1.0078445672988892
data\raw\brri_rice_disease_pest\Healthy\HL_494.jpg,brri_rice_disease_pest,0.22553858871445748,1,0.22553858871445748,1.0124238729476929
data\raw\brri_rice_disease_pest\Healthy\HL_495.jpg,brri_rice_disease_pest,0.17083931353621568,1,0.17083931353621568,1.0087355375289917
data\raw\brri_rice_disease_pest\Healthy\HL_496.jpg,brri_rice_disease_pest,0.5799849489407103,1,0.5799849489407103,1.0050972700119019
data\raw\brri_rice_disease_pest\Healthy\HL_497.jpg,brri_rice_disease_pest,0.57418759208454,1,0.57418759208454,1.0152308940887451
data\raw\brri_rice_disease_pest\Healthy\HL_498.jpg,brri_rice_disease_pest,0.2125427610967163,1,0.2125427610967163,0.9786034822463989
data\raw\brri_rice_disease_pest\Healthy\HL_499.jpg,brri_rice_disease_pest,0.513616075208725,1,0.513616075208725,1.0029783248901367
data\raw\brri_rice_disease_pest\Healthy\HL_5.jpg,brri_rice_disease_pest,0.1561591637436714,1,0.1561591637436714,1.0068538188934326
data\raw\brri_rice_disease_pest\Healthy\HL_50.jpg,brri_rice_disease_pest,0.5314349629121577,1,0.5314349629121577,1.0020792484283447
data\raw\brri_rice_disease_pest\Healthy\HL_500.jpg,brri_rice_disease_pest,0.10155628164744535,1,0.10155628164744535,1.0021073818206787
data\raw\brri_rice_disease_pest\Healthy\HL_501.jpg,brri_rice_disease_pest,0.5641858171301026,1,0.5641858171301026,1.0133581161499023
data\raw\brri_rice_disease_pest\Healthy\HL_502.jpg,brri_rice_disease_pest,0.5283826779454351,1,0.5283826779454351,1.0087405443191528
data\raw\brri_rice_disease_pest\Healthy\HL_503.jpg,brri_rice_disease_pest,0.1963316482920964,1,0.1963316482920964,1.0071758031845093
data\raw\brri_rice_disease_pest\Healthy\HL_504.jpg,brri_rice_disease_pest,0.14893668817422817,1,0.14893668817422817,1.0058962106704712
data\raw\brri_rice_disease_pest\Healthy\HL_505.jpg,brri_rice_disease_pest,0.32576652441192905,1,0.32576652441192905,1.0115175247192383
data\raw\brri_rice_disease_pest\Healthy\HL_506.jpg,brri_rice_disease_pest,0.3447811880810852,1,0.3447811880810852,1.0125019550323486
data\raw\brri_rice_disease_pest\Healthy\HL_507.jpg,brri_rice_disease_pest,0.20000127013158564,1,0.20000127013158564,1.000748872756958
data\raw\brri_rice_disease_pest\Healthy\HL_508.jpg,brri_rice_disease_pest,0.5136353917932565,1,0.5136353917932565,1.0080251693725586
data\raw\brri_rice_disease_pest\Healthy\HL_509.jpg,brri_rice_disease_pest,0.12806525089332588,1,0.12806525089332588,1.0041970014572144
data\raw\brri_rice_disease_pest\Healthy\HL_51.jpg,brri_rice_disease_pest,0.5128619345797558,1,0.5128619345797558,1.0287259817123413
data\raw\brri_rice_disease_pest\Healthy\HL_510.jpg,brri_rice_disease_pest,0.17524587630611865,1,0.17524587630611865,1.0061089992523193
data\raw\brri_rice_disease_pest\Healthy\HL_511.jpg,brri_rice_disease_pest,0.5377287295297126,1,0.5377287295297126,1.03187894821167
data\raw\brri_rice_disease_pest\Healthy\HL_512.jpg,brri_rice_disease_pest,0.946416,1,0.946416,1.0041208267211914
data\raw\brri_rice_disease_pest\Healthy\HL_513.jpg,brri_rice_disease_pest,0.5630652085556064,1,0.5630652085556064,1.0194770097732544
data\raw\brri_rice_disease_pest\Healthy\HL_514.jpg,brri_rice_disease_pest,0.3286005055123711,1,0.3286005055123711,1.0090736150741577
data\raw\brri_rice_disease_pest\Healthy\HL_515.jpg,brri_rice_disease_pest,0.04846425214652238,1,0.04846425214652238,0.9946415424346924
data\raw\brri_rice_disease_pest\Healthy\HL_516.jpg,brri_rice_disease_pest,0.2852800216769124,1,0.2852800216769124,1.010725975036621
data\raw\brri_rice_disease_pest\Healthy\HL_517.jpg,brri_rice_disease_pest,0.29320193822079965,1,0.29320193822079965,1.0109922885894775
data\raw\brri_rice_disease_pest\Healthy\HL_518.jpg,brri_rice_disease_pest,0.30959325094413115,1,0.30959325094413115,1.0131391286849976
data\raw\brri_rice_disease_pest\Healthy\HL_519.jpg,brri_rice_disease_pest,0.3519881263865603,1,0.3519881263865603,1.009779691696167
data\raw\brri_rice_disease_pest\Healthy\HL_52.jpg,brri_rice_disease_pest,0.5012142987180138,1,0.5012142987180138,1.0030587911605835
data\raw\brri_rice_disease_pest\Healthy\HL_520.jpg,brri_rice_disease_pest,0.5146827211299091,1,0.5146827211299091,1.020180344581604
data\raw\brri_rice_disease_pest\Healthy\HL_521.jpg,brri_rice_disease_pest,0.30690903952649495,1,0.30690903952649495,0.9891338348388672
data\raw\brri_rice_disease_pest\Healthy\HL_522.jpg,brri_rice_disease_pest,0.23325966570136666,1,0.23325966570136666,1.0118114948272705
data\raw\brri_rice_disease_pest\Healthy\HL_523.jpg,brri_rice_disease_pest,0.5290568888888889,1,0.5290568888888889,1.0030913352966309
data\raw\brri_rice_disease_pest\Healthy\HL_524.jpg,brri_rice_disease_pest,0.9081469944452912,1,0.9081469944452912,1.0015766620635986
data\raw\brri_rice_disease_pest\Healthy\HL_525.jpg,brri_rice_disease_pest,0.22135800352249826,1,0.22135800352249826,1.0109256505966187
data\raw\brri_rice_disease_pest\Healthy\HL_526.jpg,brri_rice_disease_pest,0.2595365713221223,1,0.2595365713221223,1.0141544342041016
data\raw\brri_rice_disease_pest\Healthy\HL_527.jpg,brri_rice_disease_pest,0.21011019449948348,1,0.21011019449948348,1.0097097158432007
data\raw\brri_rice_disease_pest\Healthy\HL_528.jpg,brri_rice_disease_pest,0.1635347338650951,1,0.1635347338650951,1.0029293298721313
data\raw\brri_rice_disease_pest\Healthy\HL_529.jpg,brri_rice_disease_pest,0.18266423859845213,1,0.18266423859845213,1.0071711540222168
data\raw\brri_rice_disease_pest\Healthy\HL_53.jpg,brri_rice_disease_pest,0.33149817005024895,1,0.33149817005024895,0.9844604730606079
data\raw\brri_rice_disease_pest\Healthy\HL_530.jpg,brri_rice_disease_pest,0.19058271520262832,1,0.19058271520262832,1.0098291635513306
data\raw\brri_rice_disease_pest\Healthy\HL_531.jpg,brri_rice_disease_pest,0.20801606504767228,1,0.20801606504767228,1.0075827836990356
data\raw\brri_rice_disease_pest\Healthy\HL_532.jpg,brri_rice_disease_pest,0.5137385899845891,1,0.5137385899845891,1.0092977285385132
data\raw\brri_rice_disease_pest\Healthy\HL_533.jpg,brri_rice_disease_pest,0.17822168876695627,1,0.17822168876695627,1.006590723991394
data\raw\brri_rice_disease_pest\Healthy\HL_534.jpg,brri_rice_disease_pest,0.15260789767819946,1,0.15260789767819946,1.0032143592834473
data\raw\brri_rice_disease_pest\Healthy\HL_535.jpg,brri_rice_disease_pest,0.1728040483327406,1,0.1728040483327406,1.0073015689849854
data\raw\brri_rice_disease_pest\Healthy\HL_536.jpg,brri_rice_disease_pest,0.15584620400006774,1,0.15584620400006774,1.0054080486297607
data\raw\brri_rice_disease_pest\Healthy\HL_537.jpg,brri_rice_disease_pest,0.19237465918135785,1,0.19237465918135785,1.0051103830337524
data\raw\brri_rice_disease_pest\Healthy\HL_538.jpg,brri_rice_disease_pest,0.18473508230452676,1,0.18473508230452676,1.005602478981018
data\raw\brri_rice_disease_pest\Healthy\HL_539.jpg,brri_rice_disease_pest,0.19407901700282815,1,0.19407901700282815,1.0066468715667725
data\raw\brri_rice_disease_pest\Healthy\HL_54.jpg,brri_rice_disease_pest,0.22967500765488383,1,0.22967500765488383,1.0109471082687378
data\raw\brri_rice_disease_pest\Healthy\HL_540.jpg,brri_rice_disease_pest,0.1078479313790242,1,0.1078479313790242,1.0012365579605103
data\raw\brri_rice_disease_pest\Healthy\HL_541.jpg,brri_rice_disease_pest,0.27149247870412707,1,0.27149247870412707,1.012808918952942
data\raw\brri_rice_disease_pest\Healthy\HL_542.jpg,brri_rice_disease_pest,0.1802110323629528,1,0.1802110323629528,1.0079796314239502
data\raw\brri_rice_disease_pest\Healthy\HL_543.jpg,brri_rice_disease_pest,0.18547043557045842,1,0.18547043557045842,1.0071154832839966
data\raw\brri_rice_disease_pest\Healthy\HL_544.jpg,brri_rice_disease_pest,0.19110796753543668,1,0.19110796753543668,1.0067006349563599
data\raw\brri_rice_disease_pest\Healthy\HL_545.jpg,brri_rice_disease_pest,0.5562152559983529,1,0.5562152559983529,0.9987764358520508
data\raw\brri_rice_disease_pest\Healthy\HL_546.jpg,brri_rice_disease_pest,0.1635469059594574,1,0.1635469059594574,1.0086400508880615
data\raw\brri_rice_disease_pest\Healthy\HL_547.jpg,brri_rice_disease_pest,0.25230423038493455,1,0.25230423038493455,0.9977051019668579
data\raw\brri_rice_disease_pest\Healthy\HL_548.jpg,brri_rice_disease_pest,0.2114417157784213,1,0.2114417157784213,1.0017858743667603
data\raw\brri_rice_disease_pest\Healthy\HL_549.jpg,brri_rice_disease_pest,0.28709392834764347,1,0.28709392834764347,1.0109918117523193
data\raw\brri_rice_disease_pest\Healthy\HL_55.jpg,brri_rice_disease_pest,0.5371269561870241,1,0.5371269561870241,0.9939607381820679
data\raw\brri_rice_disease_pest\Healthy\HL_550.jpg,brri_rice_disease_pest,0.23303157123744686,1,0.23303157123744686,1.0085418224334717
data\raw\brri_rice_disease_pest\Healthy\HL_551.jpg,brri_rice_disease_pest,0.19549971210350725,1,0.19549971210350725,1.008691430091858
data\raw\brri_rice_disease_pest\Healthy\HL_552.jpg,brri_rice_disease_pest,0.6051858160291895,1,0.6051858160291895,1.0180798768997192
data\raw\brri_rice_disease_pest\Healthy\HL_553.jpg,brri_rice_disease_pest,0.5170282307913766,1,0.5170282307913766,1.0093506574630737
data\raw\brri_rice_disease_pest\Healthy\HL_554.jpg,brri_rice_disease_pest,0.28269265779268066,1,0.28269265779268066,1.0013294219970703
data\raw\brri_rice_disease_pest\Healthy\HL_555.jpg,brri_rice_disease_pest,0.13978565471049467,1,0.13978565471049467,1.009183645248413
data\raw\brri_rice_disease_pest\Healthy\HL_556.jpg,brri_rice_disease_pest,0.49537407492082847,1,0.49537407492082847,1.0198777914047241
data\raw\brri_rice_disease_pest\Healthy\HL_557.jpg,brri_rice_disease_pest,0.1980244580129393,1,0.1980244580129393,1.0116171836853027
data\raw\brri_rice_disease_pest\Healthy\HL_558.jpg,brri_rice_disease_pest,0.16603265931683855,1,0.16603265931683855,1.0065524578094482
data\raw\brri_rice_disease_pest\Healthy\HL_559.jpg,brri_rice_disease_pest,0.2902189812697929,1,0.2902189812697929,1.010952353477478
data\raw\brri_rice_disease_pest\Healthy\HL_56.jpg,brri_rice_disease_pest,0.21993386848210808,1,0.21993386848210808,0.993270993232727
data\raw\brri_rice_disease_pest\Healthy\HL_560.jpg,brri_rice_disease_pest,0.2769458415891886,1,0.2769458415891886,1.0156210660934448
data\raw\brri_rice_disease_pest\Healthy\HL_561.jpg,brri_rice_disease_pest,0.3136690502802757,1,0.3136690502802757,1.0048847198486328
data\raw\brri_rice_disease_pest\Healthy\HL_562.jpg,brri_rice_disease_pest,0.20692257586307586,1,0.20692257586307586,1.0168238878250122
data\raw\brri_rice_disease_pest\Healthy\HL_563.jpg,brri_rice_disease_pest,0.5008805096010646,1,0.5008805096010646,1.0001848936080933
data\raw\brri_rice_disease_pest\Healthy\HL_564.jpg,brri_rice_disease_pest,0.18998225556478965,1,0.18998225556478965,1.0083383321762085
data\raw\brri_rice_disease_pest\Healthy\HL_565.jpg,brri_rice_disease_pest,0.26976842388984973,1,0.26976842388984973,1.0133305788040161
data\raw\brri_rice_disease_pest\Healthy\HL_566.jpg,brri_rice_disease_pest,0.9770376809337848,1,0.9770376809337848,1.0076956748962402
data\raw\brri_rice_disease_pest\Healthy\HL_567.jpg,brri_rice_disease_pest,0.5320957638166034,1,0.5320957638166034,1.0026313066482544
data\raw\brri_rice_disease_pest\Healthy\HL_568.jpg,brri_rice_disease_pest,0.5164053902890527,1,0.5164053902890527,0.973747730255127
data\raw\brri_rice_disease_pest\Healthy\HL_569.jpg,brri_rice_disease_pest,0.17066386648925086,1,0.17066386648925086,1.0067157745361328
data\raw\brri_rice_disease_pest\Healthy\HL_57.jpg,brri_rice_disease_pest,0.23487082335168763,1,0.23487082335168763,1.0132880210876465
data\raw\brri_rice_disease_pest\Healthy\HL_570.jpg,brri_rice_disease_pest,0.5611620712597035,1,0.5611620712597035,1.011614441871643
data\raw\brri_rice_disease_pest\Healthy\HL_571.jpg,brri_rice_disease_pest,0.19359082400460775,1,0.19359082400460775,1.0060700178146362
data\raw\brri_rice_disease_pest\Healthy\HL_572.jpg,brri_rice_disease_pest,0.9287119956741839,1,0.9287119956741839,1.0084333419799805
data\raw\brri_rice_disease_pest\Healthy\HL_573.jpg,brri_rice_disease_pest,0.508712,1,0.508712,1.0025229454040527
data\raw\brri_rice_disease_pest\Healthy\HL_574.jpg,brri_rice_disease_pest,0.09110005736174846,1,0.09110005736174846,1.0066616535186768
data\raw\brri_rice_disease_pest\Healthy\HL_575.jpg,brri_rice_disease_pest,0.0994000785993279,1,0.0994000785993279,1.0069921016693115
data\raw\brri_rice_disease_pest\Healthy\HL_576.jpg,brri_rice_disease_pest,0.12669327175785486,1,0.12669327175785486,1.0053166151046753
data\raw\brri_rice_disease_pest\Healthy\HL_577.jpg,brri_rice_disease_pest,0.11906927932733831,1,0.11906927932733831,1.0029464960098267
data\raw\brri_rice_disease_pest\Healthy\HL_578.jpg,brri_rice_disease_pest,0.5411118505582467,1,0.5411118505582467,1.0036457777023315
data\raw\brri_rice_disease_pest\Healthy\HL_579.jpg,brri_rice_disease_pest,0.5079699836324385,1,0.5079699836324385,0.9919033050537109
data\raw\brri_rice_disease_pest\Healthy\HL_58.jpg,brri_rice_disease_pest,0.5634409558163559,1,0.5634409558163559,1.0231208801269531
data\raw\brri_rice_disease_pest\Healthy\HL_580.jpg,brri_rice_disease_pest,0.1761641166131186,1,0.1761641166131186,1.0084365606307983
data\raw\brri_rice_disease_pest\Healthy\HL_581.jpg,brri_rice_disease_pest,0.5644408264617691,1,0.5644408264617691,1.0264798402786255
data\raw\brri_rice_disease_pest\Healthy\HL_582.jpg,brri_rice_disease_pest,0.5111752001645251,1,0.5111752001645251,1.0021991729736328
data\raw\brri_rice_disease_pest\Healthy\HL_583.jpg,brri_rice_disease_pest,0.17125634007349827,1,0.17125634007349827,1.0105572938919067
data\raw\brri_rice_disease_pest\Healthy\HL_584.jpg,brri_rice_disease_pest,0.5194175918836141,1,0.5194175918836141,0.9936203360557556
data\raw\brri_rice_disease_pest\Healthy\HL_585.jpg,brri_rice_disease_pest,0.22696536986231775,1,0.22696536986231775,1.0121488571166992
data\raw\brri_rice_disease_pest\Healthy\HL_586.jpg,brri_rice_disease_pest,0.5893325084549268,1,0.5893325084549268,1.003770351409912
data\raw\brri_rice_disease_pest\Healthy\HL_587.jpg,brri_rice_disease_pest,0.6473165775415382,1,0.6473165775415382,1.0074416399002075
data\raw\brri_rice_disease_pest\Healthy\HL_588.jpg,brri_rice_disease_pest,0.16145745146460758,1,0.16145745146460758,1.0080628395080566
data\raw\brri_rice_disease_pest\Healthy\HL_589.jpg,brri_rice_disease_pest,0.2587649663838507,1,0.2587649663838507,1.0068691968917847
data\raw\brri_rice_disease_pest\Healthy\HL_59.jpg,brri_rice_disease_pest,0.49789687378279057,1,0.49789687378279057,1.0306304693222046
data\raw\brri_rice_disease_pest\Healthy\HL_590.jpg,brri_rice_disease_pest,0.5652079861556211,1,0.5652079861556211,0.9981157779693604
data\raw\brri_rice_disease_pest\Healthy\HL_591.jpg,brri_rice_disease_pest,0.5413736440734286,1,0.5413736440734286,1.001783013343811
data\raw\brri_rice_disease_pest\Healthy\HL_592.jpg,brri_rice_disease_pest,0.20552507836990597,1,0.20552507836990597,1.0074602365493774
data\raw\brri_rice_disease_pest\Healthy\HL_593.jpg,brri_rice_disease_pest,0.5267040278542279,1,0.5267040278542279,0.9954795837402344
data\raw\brri_rice_disease_pest\Healthy\HL_594.jpg,brri_rice_disease_pest,0.18951880386523898,1,0.18951880386523898,1.014276146888733
data\raw\brri_rice_disease_pest\Healthy\HL_595.jpg,brri_rice_disease_pest,0.5785076050561944,1,0.5785076050561944,1.0046586990356445
data\raw\brri_rice_disease_pest\Healthy\HL_596.jpg,brri_rice_disease_pest,0.6325767429760666,1,0.6325767429760666,1.0140478610992432
data\raw\brri_rice_disease_pest\Healthy\HL_597.jpg,brri_rice_disease_pest,0.13904607785884654,1,0.13904607785884654,0.9999793767929077
data\raw\brri_rice_disease_pest\Healthy\HL_598.jpg,brri_rice_disease_pest,0.9444178344464736,1,0.9444178344464736,1.0169419050216675
data\raw\brri_rice_disease_pest\Healthy\HL_599.jpg,brri_rice_disease_pest,0.5131246930515335,1,0.5131246930515335,1.0036900043487549
data\raw\brri_rice_disease_pest\Healthy\HL_6.jpg,brri_rice_disease_pest,0.5834815705128205,1,0.5834815705128205,0.9845805168151855
data\raw\brri_rice_disease_pest\Healthy\HL_60.jpg,brri_rice_disease_pest,0.1016192047230422,1,0.1016192047230422,1.004659652709961
data\raw\brri_rice_disease_pest\Healthy\HL_600.jpg,brri_rice_disease_pest,0.14285730876637856,1,0.14285730876637856,1.001297950744629
data\raw\brri_rice_disease_pest\Healthy\HL_601.jpg,brri_rice_disease_pest,0.5794325697625989,1,0.5794325697625989,1.0081287622451782
data\raw\brri_rice_disease_pest\Healthy\HL_602.jpg,brri_rice_disease_pest,0.12815609139077067,1,0.12815609139077067,1.0033035278320312
data\raw\brri_rice_disease_pest\Healthy\HL_603.jpg,brri_rice_disease_pest,0.527742595802629,1,0.527742595802629,1.0097841024398804
data\raw\brri_rice_disease_pest\Healthy\HL_61.jpg,brri_rice_disease_pest,0.20830263848668054,1,0.20830263848668054,1.0023038387298584
data\raw\brri_rice_disease_pest\Healthy\HL_62.jpg,brri_rice_disease_pest,0.511770150637606,1,0.511770150637606,1.0311286449432373
data\raw\brri_rice_disease_pest\Healthy\HL_63.jpg,brri_rice_disease_pest,0.13815538789818627,1,0.13815538789818627,1.004841923713684
data\raw\brri_rice_disease_pest\Healthy\HL_64.jpg,brri_rice_disease_pest,0.07161292951616455,1,0.07161292951616455,0.991423487663269
data\raw\brri_rice_disease_pest\Healthy\HL_65.jpg,brri_rice_disease_pest,0.675421865531333,1,0.675421865531333,1.003024697303772
data\raw\brri_rice_disease_pest\Healthy\HL_66.jpg,brri_rice_disease_pest,0.5176550936510356,1,0.5176550936510356,1.0008749961853027
data\raw\brri_rice_disease_pest\Healthy\HL_67.jpg,brri_rice_disease_pest,0.2637512913004454,1,0.2637512913004454,1.0073137283325195
data\raw\brri_rice_disease_pest\Healthy\HL_68.jpg,brri_rice_disease_pest,0.11798492295625147,1,0.11798492295625147,1.0053484439849854
data\raw\brri_rice_disease_pest\Healthy\HL_69.jpg,brri_rice_disease_pest,0.15388041076055478,1,0.15388041076055478,1.0061932802200317
data\raw\brri_rice_disease_pest\Healthy\HL_7.jpg,brri_rice_disease_pest,0.5263888269577808,1,0.5263888269577808,0.9971107244491577
data\raw\brri_rice_disease_pest\Healthy\HL_70.jpg,brri_rice_disease_pest,0.5108420855985474,1,0.5108420855985474,1.0122489929199219
data\raw\brri_rice_disease_pest\Healthy\HL_71.jpg,brri_rice_disease_pest,0.08962264150943396,1,0.08962264150943396,1.0013905763626099
data\raw\brri_rice_disease_pest\Healthy\HL_72.jpg,brri_rice_disease_pest,0.12709465867330522,1,0.12709465867330522,1.0068767070770264
data\raw\brri_rice_disease_pest\Healthy\HL_73.jpg,brri_rice_disease_pest,0.5059229077585518,1,0.5059229077585518,0.9989132881164551
data\raw\brri_rice_disease_pest\Healthy\HL_74.jpg,brri_rice_disease_pest,0.19560211646259887,1,0.19560211646259887,1.0072180032730103
data\raw\brri_rice_disease_pest\Healthy\HL_75.jpg,brri_rice_disease_pest,0.12221364883401921,1,0.12221364883401921,1.0020068883895874
data\raw\brri_rice_disease_pest\Healthy\HL_76.jpg,brri_rice_disease_pest,0.21376552735863436,1,0.21376552735863436,1.0092682838439941
data\raw\brri_rice_disease_pest\Healthy\HL_77.jpg,brri_rice_disease_pest,0.14585479812491792,1,0.14585479812491792,1.0034008026123047
data\raw\brri_rice_disease_pest\Healthy\HL_78.jpg,brri_rice_disease_pest,0.5129135336754221,1,0.5129135336754221,1.002302885055542
data\raw\brri_rice_disease_pest\Healthy\HL_79.jpg,brri_rice_disease_pest,0.2319272319859094,1,0.2319272319859094,1.008454442024231
data\raw\brri_rice_disease_pest\Healthy\HL_8.jpg,brri_rice_disease_pest,0.5212805014251536,1,0.5212805014251536,1.0032037496566772
data\raw\brri_rice_disease_pest\Healthy\HL_80.jpg,brri_rice_disease_pest,0.15424848430964114,1,0.15424848430964114,1.0083283185958862
data\raw\brri_rice_disease_pest\Healthy\HL_81.jpg,brri_rice_disease_pest,0.5622142203932328,1,0.5622142203932328,1.0138797760009766
data\raw\brri_rice_disease_pest\Healthy\HL_82.jpg,brri_rice_disease_pest,0.19078461320259446,1,0.19078461320259446,1.0072822570800781
data\raw\brri_rice_disease_pest\Healthy\HL_83.jpg,brri_rice_disease_pest,0.20433585877830276,1,0.20433585877830276,1.0082746744155884
data\raw\brri_rice_disease_pest\Healthy\HL_84.jpg,brri_rice_disease_pest,0.12380906921447708,1,0.12380906921447708,1.0018783807754517
data\raw\brri_rice_disease_pest\Healthy\HL_85.jpg,brri_rice_disease_pest,0.579184,1,0.579184,1.0016719102859497
data\raw\brri_rice_disease_pest\Healthy\HL_86.jpg,brri_rice_disease_pest,0.6016335016411559,1,0.6016335016411559,1.014438509941101
data\raw\brri_rice_disease_pest\Healthy\HL_87.jpg,brri_rice_disease_pest,0.5544997586749987,1,0.5544997586749987,1.0082489252090454
data\raw\brri_rice_disease_pest\Healthy\HL_88.jpg,brri_rice_disease_pest,0.17903695447848397,1,0.17903695447848397,1.0065113306045532
data\raw\brri_rice_disease_pest\Healthy\HL_89.jpg,brri_rice_disease_pest,0.223354756219411,1,0.223354756219411,1.0102859735488892
data\raw\brri_rice_disease_pest\Healthy\HL_9.jpg,brri_rice_disease_pest,0.1922828392521465,1,0.1922828392521465,1.0062607526779175
data\raw\brri_rice_disease_pest\Healthy\HL_90.jpg,brri_rice_disease_pest,0.2540055907741611,1,0.2540055907741611,1.0066355466842651
data\raw\brri_rice_disease_pest\Healthy\HL_91.jpg,brri_rice_disease_pest,0.12671811758031465,1,0.12671811758031465,1.0056698322296143
data\raw\brri_rice_disease_pest\Healthy\HL_92.jpg,brri_rice_disease_pest,0.17165643152297244,1,0.17165643152297244,0.9998576641082764
data\raw\brri_rice_disease_pest\Healthy\HL_93.jpg,brri_rice_disease_pest,0.5811685528120714,1,0.5811685528120714,1.006959080696106
data\raw\brri_rice_disease_pest\Healthy\HL_94.jpg,brri_rice_disease_pest,0.6285367872444919,1,0.6285367872444919,1.0062237977981567
data\raw\brri_rice_disease_pest\Healthy\HL_95.jpg,brri_rice_disease_pest,0.08391256625853105,1,0.08391256625853105,0.9978049993515015
data\raw\brri_rice_disease_pest\Healthy\HL_96.jpg,brri_rice_disease_pest,0.2592928648241291,1,0.2592928648241291,1.01129150390625
data\raw\brri_rice_disease_pest\Healthy\HL_97.jpg,brri_rice_disease_pest,0.5649185422276415,1,0.5649185422276415,1.0270205736160278
data\raw\brri_rice_disease_pest\Healthy\HL_98.jpg,brri_rice_disease_pest,0.5751076436518824,1,0.5751076436518824,1.0105124711990356
data\raw\brri_rice_disease_pest\Healthy\HL_99.jpg,brri_rice_disease_pest,0.24302724220562583,1,0.24302724220562583,1.0023126602172852
data\raw\brri_rice_disease_pest\Insect\I_1.jpg,brri_rice_disease_pest,0.1839616250910261,1,0.1839616250910261,1.0068044662475586
data\raw\brri_rice_disease_pest\Insect\I_10.jpg,brri_rice_disease_pest,0.6018757733809837,1,0.6018757733809837,1.003890037536621
data\raw\brri_rice_disease_pest\Insect\I_100.jpg,brri_rice_disease_pest,0.4623998998998999,1,0.4623998998998999,0.9958860874176025
data\raw\brri_rice_disease_pest\Insect\I_101.jpg,brri_rice_disease_pest,0.5030488450270114,1,0.5030488450270114,0.9985010623931885
data\raw\brri_rice_disease_pest\Insect\I_102.jpg,brri_rice_disease_pest,0.6072491678554446,1,0.6072491678554446,1.0084679126739502
data\raw\brri_rice_disease_pest\Insect\I_103.jpg,brri_rice_disease_pest,0.52316,1,0.52316,1.005216360092163
data\raw\brri_rice_disease_pest\Insect\I_104.jpg,brri_rice_disease_pest,0.5979028112662621,1,0.5979028112662621,0.9928479194641113
data\raw\brri_rice_disease_pest\Insect\I_105.jpg,brri_rice_disease_pest,0.93688,1,0.93688,1.0064177513122559
data\raw\brri_rice_disease_pest\Insect\I_106.jpg,brri_rice_disease_pest,0.22952389117512575,1,0.22952389117512575,1.0090681314468384
data\raw\brri_rice_disease_pest\Insect\I_107.jpg,brri_rice_disease_pest,0.6014417051939914,1,0.6014417051939914,0.9968123435974121
data\raw\brri_rice_disease_pest\Insect\I_108.jpg,brri_rice_disease_pest,0.545524,1,0.545524,0.9990718364715576
data\raw\brri_rice_disease_pest\Insect\I_109.jpg,brri_rice_disease_pest,0.5162256663957052,1,0.5162256663957052,1.009601354598999
data\raw\brri_rice_disease_pest\Insect\I_11.jpg,brri_rice_disease_pest,0.5319013932959762,1,0.5319013932959762,0.998744010925293
data\raw\brri_rice_disease_pest\Insect\I_110.jpg,brri_rice_disease_pest,0.54998,1,0.54998,1.0073755979537964
data\raw\brri_rice_disease_pest\Insect\I_111.jpg,brri_rice_disease_pest,0.6285135645793642,1,0.6285135645793642,1.0071873664855957
data\raw\brri_rice_disease_pest\Insect\I_112.jpg,brri_rice_disease_pest,0.5196656061067927,1,0.5196656061067927,1.0085910558700562
data\raw\brri_rice_disease_pest\Insect\I_113.jpg,brri_rice_disease_pest,0.48572636708496336,1,0.48572636708496336,1.0045318603515625
data\raw\brri_rice_disease_pest\Insect\I_114.jpg,brri_rice_disease_pest,0.4700841346153846,1,0.4700841346153846,0.9946361780166626
data\raw\brri_rice_disease_pest\Insect\I_115.jpg,brri_rice_disease_pest,0.19044480390698598,1,0.19044480390698598,1.006972312927246
data\raw\brri_rice_disease_pest\Insect\I_116.jpg,brri_rice_disease_pest,0.9409694881889764,1,0.9409694881889764,1.0027756690979004
data\raw\brri_rice_disease_pest\Insect\I_117.jpg,brri_rice_disease_pest,0.499172,1,0.499172,1.013880729675293
data\raw\brri_rice_disease_pest\Insect\I_118.jpg,brri_rice_disease_pest,0.5103653321817474,1,0.5103653321817474,1.0017287731170654
data\raw\brri_rice_disease_pest\Insect\I_119.jpg,brri_rice_disease_pest,0.096604,1,0.096604,1.0161269903182983
data\raw\brri_rice_disease_pest\Insect\I_12.jpg,brri_rice_disease_pest,0.9393423617674859,1,0.9393423617674859,1.0041929483413696
data\raw\brri_rice_disease_pest\Insect\I_120.jpg,brri_rice_disease_pest,0.590976,1,0.590976,1.0012136697769165
data\raw\brri_rice_disease_pest\Insect\I_121.jpg,brri_rice_disease_pest,0.17920524691358025,1,0.17920524691358025,1.005011796951294
data\raw\brri_rice_disease_pest\Insect\I_122.jpg,brri_rice_disease_pest,0.061444,1,0.061444,0.9908195734024048
data\raw\brri_rice_disease_pest\Insect\I_123.jpg,brri_rice_disease_pest,0.17396400242842192,1,0.17396400242842192,1.0008920431137085
data\raw\brri_rice_disease_pest\Insect\I_124.jpg,brri_rice_disease_pest,0.1019050386120002,1,0.1019050386120002,0.9969496726989746
data\raw\brri_rice_disease_pest\Insect\I_125.jpg,brri_rice_disease_pest,0.501612,1,0.501612,1.0012364387512207
data\raw\brri_rice_disease_pest\Insect\I_126.jpg,brri_rice_disease_pest,0.5326708845920959,1,0.5326708845920959,1.012715220451355
data\raw\brri_rice_disease_pest\Insect\I_127.jpg,brri_rice_disease_pest,0.49639999358573467,1,0.49639999358573467,1.00054931640625
data\raw\brri_rice_disease_pest\Insect\I_128.jpg,brri_rice_disease_pest,0.09703493749261578,1,0.09703493749261578,1.0072964429855347
data\raw\brri_rice_disease_pest\Insect\I_129.jpg,brri_rice_disease_pest,0.21826571853339635,1,0.21826571853339635,1.0085530281066895
data\raw\brri_rice_disease_pest\Insect\I_13.jpg,brri_rice_disease_pest,0.5054914668326306,1,0.5054914668326306,1.0064067840576172
data\raw\brri_rice_disease_pest\Insect\I_130.jpg,brri_rice_disease_pest,0.6173085081687706,1,0.6173085081687706,1.0123064517974854
data\raw\brri_rice_disease_pest\Insect\I_131.jpg,brri_rice_disease_pest,0.1979375709156802,1,0.1979375709156802,0.9956494569778442
data\raw\brri_rice_disease_pest\Insect\I_132.jpg,brri_rice_disease_pest,0.09016992464408081,1,0.09016992464408081,0.9954190254211426
data\raw\brri_rice_disease_pest\Insect\I_133.jpg,brri_rice_disease_pest,0.945332,1,0.945332,1.0017322301864624
data\raw\brri_rice_disease_pest\Insect\I_134.jpg,brri_rice_disease_pest,0.13811913622584632,1,0.13811913622584632,1.0066765546798706
data\raw\brri_rice_disease_pest\Insect\I_135.jpg,brri_rice_disease_pest,0.0709381721112974,1,0.0709381721112974,0.987809419631958
data\raw\brri_rice_disease_pest\Insect\I_136.jpg,brri_rice_disease_pest,0.5287762576839541,1,0.5287762576839541,1.0148897171020508
data\raw\brri_rice_disease_pest\Insect\I_137.jpg,brri_rice_disease_pest,0.186800006032264,1,0.186800006032264,1.0099300146102905
data\raw\brri_rice_disease_pest\Insect\I_138.jpg,brri_rice_disease_pest,0.5509426289034132,1,0.5509426289034132,1.0121524333953857
data\raw\brri_rice_disease_pest\Insect\I_139.jpg,brri_rice_disease_pest,0.7343809594392094,1,0.7343809594392094,1.0025749206542969
data\raw\brri_rice_disease_pest\Insect\I_14.jpg,brri_rice_disease_pest,0.6169857032357632,1,0.6169857032357632,1.0130245685577393
data\raw\brri_rice_disease_pest\Insect\I_140.jpg,brri_rice_disease_pest,0.9005001442723862,1,0.9005001442723862,1.002455472946167
data\raw\brri_rice_disease_pest\Insect\I_141.jpg,brri_rice_disease_pest,0.7037863790621144,1,0.7037863790621144,0.9934914112091064
data\raw\brri_rice_disease_pest\Insect\I_142.jpg,brri_rice_disease_pest,0.47392,1,0.47392,1.0062776803970337
data\raw\brri_rice_disease_pest\Insect\I_143.jpg,brri_rice_disease_pest,0.5924553191489361,1,0.5924553191489361,1.0053311586380005
data\raw\brri_rice_disease_pest\Insect\I_144.jpg,brri_rice_disease_pest,0.085968,1,0.085968,0.9992172718048096
data\raw\brri_rice_disease_pest\Insect\I_145.jpg,brri_rice_disease_pest,0.6170075351515756,1,0.6170075351515756,1.0000005960464478
data\raw\brri_rice_disease_pest\Insect\I_146.jpg,brri_rice_disease_pest,0.5939124709986622,1,0.5939124709986622,1.0196524858474731
data\raw\brri_rice_disease_pest\Insect\I_147.jpg,brri_rice_disease_pest,0.6147888932982191,1,0.6147888932982191,1.0085957050323486
data\raw\brri_rice_disease_pest\Insect\I_148.jpg,brri_rice_disease_pest,0.1721932628437384,1,0.1721932628437384,1.0106022357940674
data\raw\brri_rice_disease_pest\Insect\I_149.jpg,brri_rice_disease_pest,0.06117650834918113,1,0.06117650834918113,0.9867268800735474
data\raw\brri_rice_disease_pest\Insect\I_15.jpg,brri_rice_disease_pest,0.08887457171550095,1,0.08887457171550095,1.001518726348877
data\raw\brri_rice_disease_pest\Insect\I_150.jpg,brri_rice_disease_pest,0.1238001259357055,1,0.1238001259357055,1.0013624429702759
data\raw\brri_rice_disease_pest\Insect\I_151.jpg,brri_rice_disease_pest,0.6229921007257709,1,0.6229921007257709,1.0280530452728271
data\raw\brri_rice_disease_pest\Insect\I_152.jpg,brri_rice_disease_pest,0.5552136253544423,1,0.5552136253544423,1.0090488195419312
data\raw\brri_rice_disease_pest\Insect\I_153.jpg,brri_rice_disease_pest,0.5179910345546548,1,0.5179910345546548,1.0157830715179443
data\raw\brri_rice_disease_pest\Insect\I_154.jpg,brri_rice_disease_pest,0.5380856241476817,1,0.5380856241476817,1.004594087600708
data\raw\brri_rice_disease_pest\Insect\I_155.jpg,brri_rice_disease_pest,0.9034280118509527,1,0.9034280118509527,1.0035711526870728
data\raw\brri_rice_disease_pest\Insect\I_156.jpg,brri_rice_disease_pest,0.11285484761205827,1,0.11285484761205827,0.9867093563079834
data\raw\brri_rice_disease_pest\Insect\I_157.jpg,brri_rice_disease_pest,0.5420003408186421,1,0.5420003408186421,1.0311362743377686
data\raw\brri_rice_disease_pest\Insect\I_158.jpg,brri_rice_disease_pest,0.548828,1,0.548828,0.9970202445983887
data\raw\brri_rice_disease_pest\Insect\I_159.jpg,brri_rice_disease_pest,0.6154197826276545,1,0.6154197826276545,0.9944082498550415
data\raw\brri_rice_disease_pest\Insect\I_16.jpg,brri_rice_disease_pest,0.5496814159292035,1,0.5496814159292035,1.0074584484100342
data\raw\brri_rice_disease_pest\Insect\I_160.jpg,brri_rice_disease_pest,0.13286489344499094,1,0.13286489344499094,0.9936569929122925
data\raw\brri_rice_disease_pest\Insect\I_161.jpg,brri_rice_disease_pest,0.5228802434286408,1,0.5228802434286408,1.0057650804519653
data\raw\brri_rice_disease_pest\Insect\I_162.jpg,brri_rice_disease_pest,0.33905210079764264,1,0.33905210079764264,0.9943215847015381
data\raw\brri_rice_disease_pest\Insect\I_163.jpg,brri_rice_disease_pest,0.2695499074487249,1,0.2695499074487249,1.0161292552947998
data\raw\brri_rice_disease_pest\Insect\I_164.jpg,brri_rice_disease_pest,0.43773888375273867,1,0.43773888375273867,0.9486851692199707
data\raw\brri_rice_disease_pest\Insect\I_165.jpg,brri_rice_disease_pest,0.1532540771223899,1,0.1532540771223899,1.0057024955749512
data\raw\brri_rice_disease_pest\Insect\I_166.jpg,brri_rice_disease_pest,0.5320898745109993,1,0.5320898745109993,1.0320525169372559
data\raw\brri_rice_disease_pest\Insect\I_167.jpg,brri_rice_disease_pest,0.5530999678233331,1,0.5530999678233331,1.005436897277832
data\raw\brri_rice_disease_pest\Insect\I_168.jpg,brri_rice_disease_pest,0.12055083489982896,1,0.12055083489982896,1.0054309368133545
data\raw\brri_rice_disease_pest\Insect\I_169.jpg,brri_rice_disease_pest,0.4822470602753733,1,0.4822470602753733,0.9967715740203857
data\raw\brri_rice_disease_pest\Insect\I_17.jpg,brri_rice_disease_pest,0.15717065337326608,1,0.15717065337326608,1.0033353567123413
data\raw\brri_rice_disease_pest\Insect\I_170.jpg,brri_rice_disease_pest,0.06520112295457231,1,0.06520112295457231,0.9775460958480835
data\raw\brri_rice_disease_pest\Insect\I_171.jpg,brri_rice_disease_pest,0.5154768179816762,1,0.5154768179816762,1.007396936416626
data\raw\brri_rice_disease_pest\Insect\I_172.jpg,brri_rice_disease_pest,0.0909448545947319,1,0.0909448545947319,1.0022276639938354
data\raw\brri_rice_disease_pest\Insect\I_173.jpg,brri_rice_disease_pest,0.548828,1,0.548828,0.9970202445983887
data\raw\brri_rice_disease_pest\Insect\I_174.jpg,brri_rice_disease_pest,0.6187204094850309,1,0.6187204094850309,0.9946764707565308
data\raw\brri_rice_disease_pest\Insect\I_175.jpg,brri_rice_disease_pest,0.6482656353198192,1,0.6482656353198192,1.0111926794052124
data\raw\brri_rice_disease_pest\Insect\I_176.jpg,brri_rice_disease_pest,0.06013049266053403,1,0.06013049266053403,0.9798102378845215
data\raw\brri_rice_disease_pest\Insect\I_177.jpg,brri_rice_disease_pest,0.6196982897299357,1,0.6196982897299357,0.9989441633224487
data\raw\brri_rice_disease_pest\Insect\I_178.jpg,brri_rice_disease_pest,0.31915020945541595,1,0.31915020945541595,1.009842038154602
data\raw\brri_rice_disease_pest\Insect\I_179.jpg,brri_rice_disease_pest,0.5183901823062202,1,0.5183901823062202,1.0253195762634277
data\raw\brri_rice_disease_pest\Insect\I_18.jpg,brri_rice_disease_pest,0.9339364870700605,1,0.9339364870700605,1.0081629753112793
data\raw\brri_rice_disease_pest\Insect\I_180.jpg,brri_rice_disease_pest,0.2696566741558456,1,0.2696566741558456,1.00723397731781
data\raw\brri_rice_disease_pest\Insect\I_181.jpg,brri_rice_disease_pest,0.647639957283509,1,0.647639957283509,1.0121912956237793
data\raw\brri_rice_disease_pest\Insect\I_182.jpg,brri_rice_disease_pest,0.9305857564264643,1,0.9305857564264643,1.0017352104187012
data\raw\brri_rice_disease_pest\Insect\I_183.jpg,brri_rice_disease_pest,0.9435638427734375,1,0.9435638427734375,1.0073888301849365
data\raw\brri_rice_disease_pest\Insect\I_184.jpg,brri_rice_disease_pest,0.16216216216216217,1,0.16216216216216217,1.0071048736572266
data\raw\brri_rice_disease_pest\Insect\I_185.jpg,brri_rice_disease_pest,0.6017550470631624,1,0.6017550470631624,1.0016204118728638
data\raw\brri_rice_disease_pest\Insect\I_186.jpg,brri_rice_disease_pest,0.917386767430208,1,0.917386767430208,1.0037310123443604
data\raw\brri_rice_disease_pest\Insect\I_187.jpg,brri_rice_disease_pest,0.47892333984375,1,0.47892333984375,1.0185343027114868
data\raw\brri_rice_disease_pest\Insect\I_188.jpg,brri_rice_disease_pest,0.49939947376927,1,0.49939947376927,0.9964407682418823
data\raw\brri_rice_disease_pest\Insect\I_189.jpg,brri_rice_disease_pest,0.06881915709318774,1,0.06881915709318774,0.9987446665763855
data\raw\brri_rice_disease_pest\Insect\I_19.jpg,brri_rice_disease_pest,0.08806640031164488,1,0.08806640031164488,0.9858436584472656
data\raw\brri_rice_disease_pest\Insect\I_190.jpg,brri_rice_disease_pest,0.5433839904147403,1,0.5433839904147403,1.0290213823318481
data\raw\brri_rice_disease_pest\Insect\I_191.jpg,brri_rice_disease_pest,0.48485285285285284,1,0.48485285285285284,1.0006616115570068
data\raw\brri_rice_disease_pest\Insect\I_192.jpg,brri_rice_disease_pest,0.5612835693359375,1,0.5612835693359375,1.0038267374038696
data\raw\brri_rice_disease_pest\Insect\I_193.jpg,brri_rice_disease_pest,0.943628,1,0.943628,0.9968606233596802
data\raw\brri_rice_disease_pest\Insect\I_194.jpg,brri_rice_disease_pest,0.5154714595375722,1,0.5154714595375722,0.9955522418022156
data\raw\brri_rice_disease_pest\Insect\I_195.jpg,brri_rice_disease_pest,0.08390652436347673,1,0.08390652436347673,1.0048191547393799
data\raw\brri_rice_disease_pest\Insect\I_196.jpg,brri_rice_disease_pest,0.5917978476037615,1,0.5917978476037615,1.0132386684417725
data\raw\brri_rice_disease_pest\Insect\I_197.jpg,brri_rice_disease_pest,0.8999301260704091,1,0.8999301260704091,0.9957361221313477
data\raw\brri_rice_disease_pest\Insect\I_198.jpg,brri_rice_disease_pest,0.5891616679566564,1,0.5891616679566564,0.9991390705108643
data\raw\brri_rice_disease_pest\Insect\I_199.jpg,brri_rice_disease_pest,0.6179991883116883,1,0.6179991883116883,1.0070452690124512
data\raw\brri_rice_disease_pest\Insect\I_2.jpg,brri_rice_disease_pest,0.16955171764128096,1,0.16955171764128096,1.0127745866775513
data\raw\brri_rice_disease_pest\Insect\I_20.jpg,brri_rice_disease_pest,0.17762667751609487,1,0.17762667751609487,1.010812759399414
data\raw\brri_rice_disease_pest\Insect\I_200.jpg,brri_rice_disease_pest,0.9082950031100147,1,0.9082950031100147,1.001376986503601
data\raw\brri_rice_disease_pest\Insect\I_201.jpg,brri_rice_disease_pest,0.0776090090433369,1,0.0776090090433369,0.9375646114349365
data\raw\brri_rice_disease_pest\Insect\I_202.jpg,brri_rice_disease_pest,0.9279771318319838,1,0.9279771318319838,0.995177686214447
data\raw\brri_rice_disease_pest\Insect\I_203.jpg,brri_rice_disease_pest,0.9397797932295748,1,0.9397797932295748,0.9989504814147949
data\raw\brri_rice_disease_pest\Insect\I_204.jpg,brri_rice_disease_pest,0.500172,1,0.500172,1.0046101808547974
data\raw\brri_rice_disease_pest\Insect\I_205.jpg,brri_rice_disease_pest,0.5366962183948923,1,0.5366962183948923,1.0081524848937988
data\raw\brri_rice_disease_pest\Insect\I_206.jpg,brri_rice_disease_pest,0.14435865764026487,1,0.14435865764026487,1.006047010421753
data\raw\brri_rice_disease_pest\Insect\I_207.jpg,brri_rice_disease_pest,0.5330800479262985,1,0.5330800479262985,0.9963016510009766
data\raw\brri_rice_disease_pest\Insect\I_208.jpg,brri_rice_disease_pest,0.16600434596690883,1,0.16600434596690883,0.9990900754928589
data\raw\brri_rice_disease_pest\Insect\I_209.jpg,brri_rice_disease_pest,0.6045045745905943,1,0.6045045745905943,0.9982504844665527
data\raw\brri_rice_disease_pest\Insect\I_21.jpg,brri_rice_disease_pest,0.5461090056835831,1,0.5461090056835831,1.0051628351211548
data\raw\brri_rice_disease_pest\Insect\I_210.jpg,brri_rice_disease_pest,0.1451593697607072,1,0.1451593697607072,1.0033177137374878
data\raw\brri_rice_disease_pest\Insect\I_211.jpg,brri_rice_disease_pest,0.11464551685887991,1,0.11464551685887991,0.9873960018157959
data\raw\brri_rice_disease_pest\Insect\I_212.jpg,brri_rice_disease_pest,0.09308132864231401,1,0.09308132864231401,1.0012186765670776
data\raw\brri_rice_disease_pest\Insect\I_213.jpg,brri_rice_disease_pest,0.5196145362326203,1,0.5196145362326203,0.9997158050537109
data\raw\brri_rice_disease_pest\Insect\I_214.jpg,brri_rice_disease_pest,0.13820936849057563,1,0.13820936849057563,1.0048025846481323
data\raw\brri_rice_disease_pest\Insect\I_215.jpg,brri_rice_disease_pest,0.1385909371877593,1,0.1385909371877593,1.0049060583114624
data\raw\brri_rice_disease_pest\Insect\I_216.jpg,brri_rice_disease_pest,0.10221331013226304,1,0.10221331013226304,0.9971028566360474
data\raw\brri_rice_disease_pest\Insect\I_217.jpg,brri_rice_disease_pest,0.2065368909719047,1,0.2065368909719047,0.9978554248809814
data\raw\brri_rice_disease_pest\Insect\I_218.jpg,brri_rice_disease_pest,0.22279536910023878,1,0.22279536910023878,1.0161840915679932
data\raw\brri_rice_disease_pest\Insect\I_219.jpg,brri_rice_disease_pest,0.1558792803434436,1,0.1558792803434436,1.0050333738327026
data\raw\brri_rice_disease_pest\Insect\I_22.jpg,brri_rice_disease_pest,0.604572,1,0.604572,1.002511978149414
data\raw\brri_rice_disease_pest\Insect\I_220.jpg,brri_rice_disease_pest,0.20280455638537487,1,0.20280455638537487,1.0104336738586426
data\raw\brri_rice_disease_pest\Insect\I_221.jpg,brri_rice_disease_pest,0.16087407280394247,1,0.16087407280394247,0.9918922185897827
data\raw\brri_rice_disease_pest\Insect\I_222.jpg,brri_rice_disease_pest,0.5979133130021267,1,0.5979133130021267,1.0039912462234497
data\raw\brri_rice_disease_pest\Insect\I_223.jpg,brri_rice_disease_pest,0.5794400795567967,1,0.5794400795567967,1.0137168169021606
data\raw\brri_rice_disease_pest\Insect\I_224.jpg,brri_rice_disease_pest,0.5811599501646467,1,0.5811599501646467,1.0118494033813477
data\raw\brri_rice_disease_pest\Insect\I_225.jpg,brri_rice_disease_pest,0.09082942739100898,1,0.09082942739100898,0.9981042146682739
data\raw\brri_rice_disease_pest\Insect\I_226.jpg,brri_rice_disease_pest,0.5588273257643979,1,0.5588273257643979,1.0167922973632812
data\raw\brri_rice_disease_pest\Insect\I_227.jpg,brri_rice_disease_pest,0.4880671137529848,1,0.4880671137529848,1.006055474281311
data\raw\brri_rice_disease_pest\Insect\I_228.jpg,brri_rice_disease_pest,0.5996412936713577,1,0.5996412936713577,0.9993293285369873
data\raw\brri_rice_disease_pest\Insect\I_229.jpg,brri_rice_disease_pest,0.5160012764822436,1,0.5160012764822436,1.0194929838180542
data\raw\brri_rice_disease_pest\Insect\I_23.jpg,brri_rice_disease_pest,0.08928902595784681,1,0.08928902595784681,1.0054436922073364
data\raw\brri_rice_disease_pest\Insect\I_230.jpg,brri_rice_disease_pest,0.5214716414661599,1,0.5214716414661599,1.005114197731018
data\raw\brri_rice_disease_pest\Insect\I_231.jpg,brri_rice_disease_pest,0.555676,1,0.555676,0.9963294267654419
data\raw\brri_rice_disease_pest\Insect\I_232.jpg,brri_rice_disease_pest,0.5586523213764291,1,0.5586523213764291,1.0079025030136108
data\raw\brri_rice_disease_pest\Insect\I_233.jpg,brri_rice_disease_pest,0.1503502387847381,1,0.1503502387847381,1.0142860412597656
data\raw\brri_rice_disease_pest\Insect\I_234.jpg,brri_rice_disease_pest,0.5564904253247303,1,0.5564904253247303,1.0080024003982544
data\raw\brri_rice_disease_pest\Insect\I_235.jpg,brri_rice_disease_pest,0.60235064539807,1,0.60235064539807,1.001375436782837
data\raw\brri_rice_disease_pest\Insect\I_236.jpg,brri_rice_disease_pest,0.5010740550221003,1,0.5010740550221003,1.0018088817596436
data\raw\brri_rice_disease_pest\Insect\I_237.jpg,brri_rice_disease_pest,0.5129397301393758,1,0.5129397301393758,1.018702745437622
data\raw\brri_rice_disease_pest\Insect\I_238.jpg,brri_rice_disease_pest,0.21450114523531305,1,0.21450114523531305,1.0107208490371704
data\raw\brri_rice_disease_pest\Insect\I_239.jpg,brri_rice_disease_pest,0.09704585537918871,1,0.09704585537918871,0.996452808380127
data\raw\brri_rice_disease_pest\Insect\I_24.jpg,brri_rice_disease_pest,0.9359721375467832,1,0.9359721375467832,1.0029810667037964
data\raw\brri_rice_disease_pest\Insect\I_240.jpg,brri_rice_disease_pest,0.0608296447781264,1,0.0608296447781264,0.9977682828903198
data\raw\brri_rice_disease_pest\Insect\I_241.jpg,brri_rice_disease_pest,0.6276720393232739,1,0.6276720393232739,1.0098762512207031
data\raw\brri_rice_disease_pest\Insect\I_242.jpg,brri_rice_disease_pest,0.04379440168334773,1,0.04379440168334773,0.9829685688018799
data\raw\brri_rice_disease_pest\Insect\I_243.jpg,brri_rice_disease_pest,0.5583895241624969,1,0.5583895241624969,0.9988752603530884
data\raw\brri_rice_disease_pest\Insect\I_244.jpg,brri_rice_disease_pest,0.12082232552625785,1,0.12082232552625785,1.0062114000320435
data\raw\brri_rice_disease_pest\Insect\I_245.jpg,brri_rice_disease_pest,0.07450348899624262,1,0.07450348899624262,0.9972151517868042
data\raw\brri_rice_disease_pest\Insect\I_246.jpg,brri_rice_disease_pest,0.2300734876966587,1,0.2300734876966587,0.9672813415527344
data\raw\brri_rice_disease_pest\Insect\I_247.jpg,brri_rice_disease_pest,0.2692311152602076,1,0.2692311152602076,1.0095558166503906
data\raw\brri_rice_disease_pest\Insect\I_248.jpg,brri_rice_disease_pest,0.5646737931449429,1,0.5646737931449429,1.0093955993652344
data\raw\brri_rice_disease_pest\Insect\I_249.jpg,brri_rice_disease_pest,0.8548197259902792,1,0.8548197259902792,1.0032999515533447
data\raw\brri_rice_disease_pest\Insect\I_25.jpg,brri_rice_disease_pest,0.10013019294955104,1,0.10013019294955104,0.9988549947738647
data\raw\brri_rice_disease_pest\Insect\I_250.jpg,brri_rice_disease_pest,0.5142935376912339,1,0.5142935376912339,1.0040721893310547
data\raw\brri_rice_disease_pest\Insect\I_251.jpg,brri_rice_disease_pest,0.11702820712631187,1,0.11702820712631187,0.9996273517608643
data\raw\brri_rice_disease_pest\Insect\I_252.jpg,brri_rice_disease_pest,0.09815047672272181,1,0.09815047672272181,1.0043940544128418
data\raw\brri_rice_disease_pest\Insect\I_253.jpg,brri_rice_disease_pest,0.9445831933409145,1,0.9445831933409145,1.0012080669403076
data\raw\brri_rice_disease_pest\Insect\I_254.jpg,brri_rice_disease_pest,0.14509575400380886,1,0.14509575400380886,0.9962427616119385
data\raw\brri_rice_disease_pest\Insect\I_255.jpg,brri_rice_disease_pest,0.08396231307896831,1,0.08396231307896831,1.0076727867126465
data\raw\brri_rice_disease_pest\Insect\I_256.jpg,brri_rice_disease_pest,0.540971981846852,1,0.540971981846852,1.0120432376861572
data\raw\brri_rice_disease_pest\Insect\I_257.jpg,brri_rice_disease_pest,0.6262361476426309,1,0.6262361476426309,1.0104403495788574
data\raw\brri_rice_disease_pest\Insect\I_258.jpg,brri_rice_disease_pest,0.5837611596445643,1,0.5837611596445643,1.0077204704284668
data\raw\brri_rice_disease_pest\Insect\I_259.jpg,brri_rice_disease_pest,0.27117785652593607,1,0.27117785652593607,1.0070443153381348
data\raw\brri_rice_disease_pest\Insect\I_26.jpg,brri_rice_disease_pest,0.13194282493781095,1,0.13194282493781095,0.9995965957641602
data\raw\brri_rice_disease_pest\Insect\I_260.jpg,brri_rice_disease_pest,0.23324220139206422,1,0.23324220139206422,1.0087684392929077
data\raw\brri_rice_disease_pest\Insect\I_261.jpg,brri_rice_disease_pest,0.1506646600988154,1,0.1506646600988154,0.9971450567245483
data\raw\brri_rice_disease_pest\Insect\I_262.jpg,brri_rice_disease_pest,0.546307907422573,1,0.546307907422573,1.014821171760559
data\raw\brri_rice_disease_pest\Insect\I_263.jpg,brri_rice_disease_pest,0.09357612480062619,1,0.09357612480062619,1.0048770904541016
data\raw\brri_rice_disease_pest\Insect\I_264.jpg,brri_rice_disease_pest,0.09392252620704838,1,0.09392252620704838,0.980272650718689
data\raw\brri_rice_disease_pest\Insect\I_265.jpg,brri_rice_disease_pest,0.5110345562824905,1,0.5110345562824905,0.9992506504058838
data\raw\brri_rice_disease_pest\Insect\I_266.jpg,brri_rice_disease_pest,0.5477897593524023,1,0.5477897593524023,1.0308737754821777
data\raw\brri_rice_disease_pest\Insect\I_267.jpg,brri_rice_disease_pest,0.6369282932776394,1,0.6369282932776394,1.009509801864624
data\raw\brri_rice_disease_pest\Insect\I_268.jpg,brri_rice_disease_pest,0.5762740026737155,1,0.5762740026737155,1.0051239728927612
data\raw\brri_rice_disease_pest\Insect\I_269.jpg,brri_rice_disease_pest,0.059496,1,0.059496,1.0002772808074951
data\raw\brri_rice_disease_pest\Insect\I_27.jpg,brri_rice_disease_pest,0.8666172099150298,1,0.8666172099150298,0.9943857192993164
data\raw\brri_rice_disease_pest\Insect\I_270.jpg,brri_rice_disease_pest,0.03399773581492202,1,0.03399773581492202,0.9705305099487305
data\raw\brri_rice_disease_pest\Insect\I_271.jpg,brri_rice_disease_pest,0.5359788586597571,1,0.5359788586597571,1.0071990489959717
data\raw\brri_rice_disease_pest\Insect\I_272.jpg,brri_rice_disease_pest,0.953072,1,0.953072,1.0053495168685913
data\raw\brri_rice_disease_pest\Insect\I_273.jpg,brri_rice_disease_pest,0.3450947518162882,1,0.3450947518162882,1.0025615692138672
data\raw\brri_rice_disease_pest\Insect\I_274.jpg,brri_rice_disease_pest,0.029463365983872874,1,0.029463365983872874,0.9825911521911621
data\raw\brri_rice_disease_pest\Insect\I_275.jpg,brri_rice_disease_pest,0.5123390241020794,1,0.5123390241020794,0.9960165023803711
data\raw\brri_rice_disease_pest\Insect\I_276.jpg,brri_rice_disease_pest,0.9189149679894258,1,0.9189149679894258,1.015694260597229
data\raw\brri_rice_disease_pest\Insect\I_277.jpg,brri_rice_disease_pest,0.6619425378810255,1,0.6619425378810255,1.026633381843567
data\raw\brri_rice_disease_pest\Insect\I_278.jpg,brri_rice_disease_pest,0.6106754257654393,1,0.6106754257654393,1.0041155815124512
data\raw\brri_rice_disease_pest\Insect\I_279.jpg,brri_rice_disease_pest,0.577924241641068,1,0.577924241641068,1.0092674493789673
data\raw\brri_rice_disease_pest\Insect\I_28.jpg,brri_rice_disease_pest,0.1400178211968995,1,0.1400178211968995,1.0050182342529297
data\raw\brri_rice_disease_pest\Insect\I_280.jpg,brri_rice_disease_pest,0.5673576600159499,1,0.5673576600159499,1.0128611326217651
data\raw\brri_rice_disease_pest\Insect\I_281.jpg,brri_rice_disease_pest,0.07451792610615549,1,0.07451792610615549,1.0010350942611694
data\raw\brri_rice_disease_pest\Insect\I_29.jpg,brri_rice_disease_pest,0.11364778132376668,1,0.11364778132376668,0.9995530843734741
data\raw\brri_rice_disease_pest\Insect\I_3.jpg,brri_rice_disease_pest,0.9119825741744447,1,0.9119825741744447,1.0169790983200073
data\raw\brri_rice_disease_pest\Insect\I_30.jpg,brri_rice_disease_pest,0.49359488412833175,1,0.49359488412833175,1.0063321590423584
data\raw\brri_rice_disease_pest\Insect\I_31.jpg,brri_rice_disease_pest,0.5380243374231936,1,0.5380243374231936,1.0042014122009277
data\raw\brri_rice_disease_pest\Insect\I_32.jpg,brri_rice_disease_pest,0.27532219004555536,1,0.27532219004555536,1.0040994882583618
data\raw\brri_rice_disease_pest\Insect\I_33.jpg,brri_rice_disease_pest,0.21567871128956667,1,0.21567871128956667,1.011330008506775
data\raw\brri_rice_disease_pest\Insect\I_34.jpg,brri_rice_disease_pest,0.622277319160811,1,0.622277319160811,0.9930891990661621
data\raw\brri_rice_disease_pest\Insect\I_35.jpg,brri_rice_disease_pest,0.8767591322461007,1,0.8767591322461007,1.0103572607040405
data\raw\brri_rice_disease_pest\Insect\I_36.jpg,brri_rice_disease_pest,0.08233642578125,1,0.08233642578125,0.9968039989471436
data\raw\brri_rice_disease_pest\Insect\I_37.jpg,brri_rice_disease_pest,0.13779252728941133,1,0.13779252728941133,1.0083246231079102
data\raw\brri_rice_disease_pest\Insect\I_38.jpg,brri_rice_disease_pest,0.6159692159692159,1,0.6159692159692159,1.0102598667144775
data\raw\brri_rice_disease_pest\Insect\I_39.jpg,brri_rice_disease_pest,0.6478808548921241,1,0.6478808548921241,1.01984441280365
data\raw\brri_rice_disease_pest\Insect\I_4.jpg,brri_rice_disease_pest,0.14667911096540592,1,0.14667911096540592,1.00138258934021
data\raw\brri_rice_disease_pest\Insect\I_40.jpg,brri_rice_disease_pest,0.5903479424556708,1,0.5903479424556708,1.007125735282898
data\raw\brri_rice_disease_pest\Insect\I_41.jpg,brri_rice_disease_pest,0.664027346133313,1,0.664027346133313,1.0205705165863037
data\raw\brri_rice_disease_pest\Insect\I_42.jpg,brri_rice_disease_pest,0.09401504858366272,1,0.09401504858366272,0.9922215938568115
data\raw\brri_rice_disease_pest\Insect\I_43.jpg,brri_rice_disease_pest,0.0877428253116139,1,0.0877428253116139,0.9993494749069214
data\raw\brri_rice_disease_pest\Insect\I_44.jpg,brri_rice_disease_pest,0.5026794318215383,1,0.5026794318215383,1.0039746761322021
data\raw\brri_rice_disease_pest\Insect\I_45.jpg,brri_rice_disease_pest,0.34691315686971835,1,0.34691315686971835,1.0123790502548218
data\raw\brri_rice_disease_pest\Insect\I_46.jpg,brri_rice_disease_pest,0.18547784467137463,1,0.18547784467137463,1.0061877965927124
data\raw\brri_rice_disease_pest\Insect\I_47.jpg,brri_rice_disease_pest,0.9407729798030446,1,0.9407729798030446,0.9450875520706177
data\raw\brri_rice_disease_pest\Insect\I_48.jpg,brri_rice_disease_pest,0.6585208445711643,1,0.6585208445711643,1.00784432888031
data\raw\brri_rice_disease_pest\Insect\I_49.jpg,brri_rice_disease_pest,0.5066782629670371,1,0.5066782629670371,0.9964785575866699
data\raw\brri_rice_disease_pest\Insect\I_5.jpg,brri_rice_disease_pest,0.5649126179526994,1,0.5649126179526994,1.0118640661239624
data\raw\brri_rice_disease_pest\Insect\I_50.jpg,brri_rice_disease_pest,0.5894863270334807,1,0.5894863270334807,1.0029765367507935
data\raw\brri_rice_disease_pest\Insect\I_51.jpg,brri_rice_disease_pest,0.188068,1,0.188068,1.000878095626831
data\raw\brri_rice_disease_pest\Insect\I_52.jpg,brri_rice_disease_pest,0.19043929617775068,1,0.19043929617775068,1.0048942565917969
data\raw\brri_rice_disease_pest\Insect\I_53.jpg,brri_rice_disease_pest,0.14275617495639215,1,0.14275617495639215,1.007065773010254
data\raw\brri_rice_disease_pest\Insect\I_54.jpg,brri_rice_disease_pest,0.5388404379819485,1,0.5388404379819485,1.001768708229065
data\raw\brri_rice_disease_pest\Insect\I_55.jpg,brri_rice_disease_pest,0.08184410438212746,1,0.08184410438212746,1.0040169954299927
data\raw\brri_rice_disease_pest\Insect\I_56.jpg,brri_rice_disease_pest,0.179604,1,0.179604,1.012695550918579
data\raw\brri_rice_disease_pest\Insect\I_57.jpg,brri_rice_disease_pest,0.16808259877389964,1,0.16808259877389964,1.0025501251220703
data\raw\brri_rice_disease_pest\Insect\I_58.jpg,brri_rice_disease_pest,0.13121370196567816,1,0.13121370196567816,1.0046485662460327
data\raw\brri_rice_disease_pest\Insect\I_59.jpg,brri_rice_disease_pest,0.14982154651221866,1,0.14982154651221866,1.0111925601959229
data\raw\brri_rice_disease_pest\Insect\I_6.jpg,brri_rice_disease_pest,0.7146303926126617,1,0.7146303926126617,0.993848443031311
data\raw\brri_rice_disease_pest\Insect\I_60.jpg,brri_rice_disease_pest,0.6050399261666868,1,0.6050399261666868,1.0024161338806152
data\raw\brri_rice_disease_pest\Insect\I_61.jpg,brri_rice_disease_pest,0.5405916034892218,1,0.5405916034892218,1.001388430595398
data\raw\brri_rice_disease_pest\Insect\I_62.jpg,brri_rice_disease_pest,0.5779439536521349,1,0.5779439536521349,1.0060399770736694
data\raw\brri_rice_disease_pest\Insect\I_63.jpg,brri_rice_disease_pest,0.11468377618272747,1,0.11468377618272747,1.0025871992111206
data\raw\brri_rice_disease_pest\Insect\I_64.jpg,brri_rice_disease_pest,0.5047521057886787,1,0.5047521057886787,0.9991455078125
data\raw\brri_rice_disease_pest\Insect\I_65.jpg,brri_rice_disease_pest,0.597868,1,0.597868,1.0075966119766235
data\raw\brri_rice_disease_pest\Insect\I_66.jpg,brri_rice_disease_pest,0.144808,1,0.144808,0.9776449203491211
data\raw\brri_rice_disease_pest\Insect\I_67.jpg,brri_rice_disease_pest,0.11091150967695357,1,0.11091150967695357,1.001414179801941
data\raw\brri_rice_disease_pest\Insect\I_68.jpg,brri_rice_disease_pest,0.15798955105082219,1,0.15798955105082219,1.0097297430038452
data\raw\brri_rice_disease_pest\Insect\I_69.jpg,brri_rice_disease_pest,0.5906513194834363,1,0.5906513194834363,0.9992568492889404
data\raw\brri_rice_disease_pest\Insect\I_7.jpg,brri_rice_disease_pest,0.468296,1,0.468296,0.9932787418365479
data\raw\brri_rice_disease_pest\Insect\I_70.jpg,brri_rice_disease_pest,0.10773729946524065,1,0.10773729946524065,1.0064769983291626
data\raw\brri_rice_disease_pest\Insect\I_71.jpg,brri_rice_disease_pest,0.5322266720064077,1,0.5322266720064077,0.993046760559082
data\raw\brri_rice_disease_pest\Insect\I_72.jpg,brri_rice_disease_pest,0.5156451104167725,1,0.5156451104167725,1.0089850425720215
data\raw\brri_rice_disease_pest\Insect\I_73.jpg,brri_rice_disease_pest,0.044907824851778654,1,0.044907824851778654,0.9974582195281982
data\raw\brri_rice_disease_pest\Insect\I_74.jpg,brri_rice_disease_pest,0.53974,1,0.53974,1.0088963508605957
data\raw\brri_rice_disease_pest\Insect\I_75.jpg,brri_rice_disease_pest,0.5257762642913606,1,0.5257762642913606,1.0256067514419556
data\raw\brri_rice_disease_pest\Insect\I_76.jpg,brri_rice_disease_pest,0.531032,1,0.531032,1.0003901720046997
data\raw\brri_rice_disease_pest\Insect\I_77.jpg,brri_rice_disease_pest,0.180453945028705,1,0.180453945028705,1.0018432140350342
data\raw\brri_rice_disease_pest\Insect\I_78.jpg,brri_rice_disease_pest,0.2765978784568748,1,0.2765978784568748,1.0141005516052246
data\raw\brri_rice_disease_pest\Insect\I_79.jpg,brri_rice_disease_pest,0.18705254322681164,1,0.18705254322681164,1.0090938806533813
data\raw\brri_rice_disease_pest\Insect\I_8.jpg,brri_rice_disease_pest,0.07419198221880907,1,0.07419198221880907,0.9938421249389648
data\raw\brri_rice_disease_pest\Insect\I_80.jpg,brri_rice_disease_pest,0.517656,1,0.517656,0.9958345890045166
data\raw\brri_rice_disease_pest\Insect\I_81.jpg,brri_rice_disease_pest,0.1898958197637347,1,0.1898958197637347,1.0066558122634888
data\raw\brri_rice_disease_pest\Insect\I_82.jpg,brri_rice_disease_pest,0.5538665169260388,1,0.5538665169260388,1.0008549690246582
data\raw\brri_rice_disease_pest\Insect\I_83.jpg,brri_rice_disease_pest,0.09931086959777172,1,0.09931086959777172,1.0065051317214966
data\raw\brri_rice_disease_pest\Insect\I_84.jpg,brri_rice_disease_pest,0.6022195512820513,1,0.6022195512820513,1.0010448694229126
data\raw\brri_rice_disease_pest\Insect\I_85.jpg,brri_rice_disease_pest,0.507050866826761,1,0.507050866826761,0.99843430519104
data\raw\brri_rice_disease_pest\Insect\I_86.jpg,brri_rice_disease_pest,0.09208050675770547,1,0.09208050675770547,0.9963195323944092
data\raw\brri_rice_disease_pest\Insect\I_87.jpg,brri_rice_disease_pest,0.8969856596137773,1,0.8969856596137773,1.0088527202606201
data\raw\brri_rice_disease_pest\Insect\I_88.jpg,brri_rice_disease_pest,0.17349759310064522,1,0.17349759310064522,1.0098077058792114
data\raw\brri_rice_disease_pest\Insect\I_89.jpg,brri_rice_disease_pest,0.43279014244740344,1,0.43279014244740344,0.9940239191055298
data\raw\brri_rice_disease_pest\Insect\I_9.jpg,brri_rice_disease_pest,0.05901915003987476,1,0.05901915003987476,0.9936697483062744
data\raw\brri_rice_disease_pest\Insect\I_90.jpg,brri_rice_disease_pest,0.12867756016189943,1,0.12867756016189943,1.0060138702392578
data\raw\brri_rice_disease_pest\Insect\I_91.jpg,brri_rice_disease_pest,0.5132161346840379,1,0.5132161346840379,1.0121430158615112
data\raw\brri_rice_disease_pest\Insect\I_92.jpg,brri_rice_disease_pest,0.680404,1,0.680404,1.0092840194702148
data\raw\brri_rice_disease_pest\Insect\I_93.jpg,brri_rice_disease_pest,0.5842875037274197,1,0.5842875037274197,1.0141280889511108
data\raw\brri_rice_disease_pest\Insect\I_94.jpg,brri_rice_disease_pest,0.634784,1,0.634784,1.0011286735534668
data\raw\brri_rice_disease_pest\Insect\I_95.jpg,brri_rice_disease_pest,0.08367753710196436,1,0.08367753710196436,0.987468957901001
data\raw\brri_rice_disease_pest\Insect\I_96.jpg,brri_rice_disease_pest,0.14763575368499118,1,0.14763575368499118,0.9952118396759033
data\raw\brri_rice_disease_pest\Insect\I_97.jpg,brri_rice_disease_pest,0.05428390590949878,1,0.05428390590949878,0.9908287525177002
data\raw\brri_rice_disease_pest\Insect\I_98.jpg,brri_rice_disease_pest,0.8928696861339201,1,0.8928696861339201,1.005007028579712
data\raw\brri_rice_disease_pest\Insect\I_99.jpg,brri_rice_disease_pest,0.533476,1,0.533476,1.004204273223877
data\raw\brri_rice_disease_pest\Leaf Scald\LS_1.jpg,brri_rice_disease_pest,0.5258077507663127,1,0.5258077507663127,1.0070507526397705
data\raw\brri_rice_disease_pest\Leaf Scald\LS_10.jpg,brri_rice_disease_pest,0.6665878422710174,1,0.6665878422710174,1.004526972770691
data\raw\brri_rice_disease_pest\Leaf Scald\LS_100.jpg,brri_rice_disease_pest,0.19608,1,0.19608,1.0102649927139282
data\raw\brri_rice_disease_pest\Leaf Scald\LS_101.jpg,brri_rice_disease_pest,0.5255320263679317,1,0.5255320263679317,1.0191916227340698
data\raw\brri_rice_disease_pest\Leaf Scald\LS_102.jpg,brri_rice_disease_pest,0.5663305051736693,1,0.5663305051736693,1.0157023668289185
data\raw\brri_rice_disease_pest\Leaf Scald\LS_103.jpg,brri_rice_disease_pest,0.5093901111111111,1,0.5093901111111111,1.0016802549362183
data\raw\brri_rice_disease_pest\Leaf Scald\LS_104.jpg,brri_rice_disease_pest,0.587728,1,0.587728,1.0058051347732544
data\raw\brri_rice_disease_pest\Leaf Scald\LS_105.jpg,brri_rice_disease_pest,0.6010806995795196,1,0.6010806995795196,1.0089813470840454
data\raw\brri_rice_disease_pest\Leaf Scald\LS_106.jpg,brri_rice_disease_pest,0.705548,1,0.705548,1.0074830055236816
data\raw\brri_rice_disease_pest\Leaf Scald\LS_107.jpg,brri_rice_disease_pest,0.09631062739623238,1,0.09631062739623238,1.002374529838562
data\raw\brri_rice_disease_pest\Leaf Scald\LS_108.jpg,brri_rice_disease_pest,0.5021661879569865,1,0.5021661879569865,1.0080639123916626
data\raw\brri_rice_disease_pest\Leaf Scald\LS_109.jpg,brri_rice_disease_pest,0.584356,1,0.584356,1.005029320716858
data\raw\brri_rice_disease_pest\Leaf Scald\LS_11.jpg,brri_rice_disease_pest,0.5336435242276111,1,0.5336435242276111,1.007843017578125
data\raw\brri_rice_disease_pest\Leaf Scald\LS_110.jpg,brri_rice_disease_pest,0.6809765512540432,1,0.6809765512540432,0.9979921579360962
data\raw\brri_rice_disease_pest\Leaf Scald\LS_111.jpg,brri_rice_disease_pest,0.49509615538582247,1,0.49509615538582247,1.0007339715957642
data\raw\brri_rice_disease_pest\Leaf Scald\LS_112.jpg,brri_rice_disease_pest,0.04633942784805839,1,0.04633942784805839,0.9914273023605347
data\raw\brri_rice_disease_pest\Leaf Scald\LS_113.jpg,brri_rice_disease_pest,0.27779524208708023,1,0.27779524208708023,1.0093481540679932
data\raw\brri_rice_disease_pest\Leaf Scald\LS_114.jpg,brri_rice_disease_pest,0.1358958888888889,1,0.1358958888888889,1.005090594291687
data\raw\brri_rice_disease_pest\Leaf Scald\LS_115.jpg,brri_rice_disease_pest,0.6498998638147881,1,0.6498998638147881,1.0006378889083862
data\raw\brri_rice_disease_pest\Leaf Scald\LS_116.jpg,brri_rice_disease_pest,0.10912256134735558,1,0.10912256134735558,1.0048474073410034
data\raw\brri_rice_disease_pest\Leaf Scald\LS_117.jpg,brri_rice_disease_pest,0.5444589758388335,1,0.5444589758388335,1.0039489269256592
data\raw\brri_rice_disease_pest\Leaf Scald\LS_118.jpg,brri_rice_disease_pest,0.1706490934818075,1,0.1706490934818075,1.0023859739303589
data\raw\brri_rice_disease_pest\Leaf Scald\LS_119.jpg,brri_rice_disease_pest,0.5515625995455414,1,0.5515625995455414,1.0074708461761475
data\raw\brri_rice_disease_pest\Leaf Scald\LS_12.jpg,brri_rice_disease_pest,0.6831663467183002,1,0.6831663467183002,0.9922605752944946
data\raw\brri_rice_disease_pest\Leaf Scald\LS_120.jpg,brri_rice_disease_pest,0.5131330580251654,1,0.5131330580251654,1.0177313089370728
data\raw\brri_rice_disease_pest\Leaf Scald\LS_121.jpg,brri_rice_disease_pest,0.512024,1,0.512024,1.003867745399475
data\raw\brri_rice_disease_pest\Leaf Scald\LS_122.jpg,brri_rice_disease_pest,0.09897688904065102,1,0.09897688904065102,1.00460946559906
data\raw\brri_rice_disease_pest\Leaf Scald\LS_123.jpg,brri_rice_disease_pest,0.029346664478608394,1,0.029346664478608394,0.9895527362823486
data\raw\brri_rice_disease_pest\Leaf Scald\LS_124.jpg,brri_rice_disease_pest,0.25313113896933054,1,0.25313113896933054,0.9911973476409912
data\raw\brri_rice_disease_pest\Leaf Scald\LS_125.jpg,brri_rice_disease_pest,0.5167209964110514,1,0.5167209964110514,0.9984455108642578
data\raw\brri_rice_disease_pest\Leaf Scald\LS_126.jpg,brri_rice_disease_pest,0.029346664478608394,1,0.029346664478608394,0.9895527362823486
data\raw\brri_rice_disease_pest\Leaf Scald\LS_127.jpg,brri_rice_disease_pest,0.9489758981317535,1,0.9489758981317535,1.008713722229004
data\raw\brri_rice_disease_pest\Leaf Scald\LS_128.jpg,brri_rice_disease_pest,0.041417606303491374,1,0.041417606303491374,0.9926843643188477
data\raw\brri_rice_disease_pest\Leaf Scald\LS_129.jpg,brri_rice_disease_pest,0.17515220410167825,1,0.17515220410167825,1.0100746154785156
data\raw\brri_rice_disease_pest\Leaf Scald\LS_13.jpg,brri_rice_disease_pest,0.19613610095005843,1,0.19613610095005843,0.9643429517745972
data\raw\brri_rice_disease_pest\Leaf Scald\LS_130.jpg,brri_rice_disease_pest,0.1237640032007316,1,0.1237640032007316,1.0024855136871338
data\raw\brri_rice_disease_pest\Leaf Scald\LS_131.jpg,brri_rice_disease_pest,0.638244,1,0.638244,1.0020092725753784
data\raw\brri_rice_disease_pest\Leaf Scald\LS_132.jpg,brri_rice_disease_pest,0.3043834988001694,1,0.3043834988001694,1.0065058469772339
data\raw\brri_rice_disease_pest\Leaf Scald\LS_133.jpg,brri_rice_disease_pest,0.14280777405205847,1,0.14280777405205847,1.0025984048843384
data\raw\brri_rice_disease_pest\Leaf Scald\LS_134.jpg,brri_rice_disease_pest,0.645632,1,0.645632,1.0181875228881836
data\raw\brri_rice_disease_pest\Leaf Scald\LS_135.jpg,brri_rice_disease_pest,0.5368139701773104,1,0.5368139701773104,1.0117663145065308
data\raw\brri_rice_disease_pest\Leaf Scald\LS_136.jpg,brri_rice_disease_pest,0.12243803874748091,1,0.12243803874748091,0.9983773231506348
data\raw\brri_rice_disease_pest\Leaf Scald\LS_137.jpg,brri_rice_disease_pest,0.05418,1,0.05418,0.9858425855636597
data\raw\brri_rice_disease_pest\Leaf Scald\LS_138.jpg,brri_rice_disease_pest,0.05711459424432332,1,0.05711459424432332,0.9972529411315918
data\raw\brri_rice_disease_pest\Leaf Scald\LS_139.jpg,brri_rice_disease_pest,0.50838,1,0.50838,1.0019341707229614
data\raw\brri_rice_disease_pest\Leaf Scald\LS_14.jpg,brri_rice_disease_pest,0.544382250376595,1,0.544382250376595,1.0071486234664917
data\raw\brri_rice_disease_pest\Leaf Scald\LS_140.jpg,brri_rice_disease_pest,0.9311713811805884,1,0.9311713811805884,1.0038331747055054
data\raw\brri_rice_disease_pest\Leaf Scald\LS_141.jpg,brri_rice_disease_pest,0.536556,1,0.536556,1.012956976890564
data\raw\brri_rice_disease_pest\Leaf Scald\LS_142.jpg,brri_rice_disease_pest,0.15016289437585734,1,0.15016289437585734,1.008954405784607
data\raw\brri_rice_disease_pest\Leaf Scald\LS_143.jpg,brri_rice_disease_pest,0.7129979133186108,1,0.7129979133186108,1.0288913249969482
data\raw\brri_rice_disease_pest\Leaf Scald\LS_144.jpg,brri_rice_disease_pest,0.6212289734463611,1,0.6212289734463611,1.009721040725708
data\raw\brri_rice_disease_pest\Leaf Scald\LS_145.jpg,brri_rice_disease_pest,0.9724487179487179,1,0.9724487179487179,1.0073307752609253
data\raw\brri_rice_disease_pest\Leaf Scald\LS_146.jpg,brri_rice_disease_pest,0.550216,1,0.550216,1.0138918161392212
data\raw\brri_rice_disease_pest\Leaf Scald\LS_147.jpg,brri_rice_disease_pest,0.6183198454359872,1,0.6183198454359872,1.0097317695617676
data\raw\brri_rice_disease_pest\Leaf Scald\LS_148.jpg,brri_rice_disease_pest,0.146696,1,0.146696,1.008147954940796
data\raw\brri_rice_disease_pest\Leaf Scald\LS_149.jpg,brri_rice_disease_pest,0.12644900845060883,1,0.12644900845060883,1.006568431854248
data\raw\brri_rice_disease_pest\Leaf Scald\LS_15.jpg,brri_rice_disease_pest,0.547668,1,0.547668,1.0118212699890137
data\raw\brri_rice_disease_pest\Leaf Scald\LS_150.jpg,brri_rice_disease_pest,0.6567272727272727,1,0.6567272727272727,1.0176087617874146
data\raw\brri_rice_disease_pest\Leaf Scald\LS_151.jpg,brri_rice_disease_pest,0.12552948610476045,1,0.12552948610476045,1.0076329708099365
data\raw\brri_rice_disease_pest\Leaf Scald\LS_152.jpg,brri_rice_disease_pest,0.9602475515231629,1,0.9602475515231629,1.011867880821228
data\raw\brri_rice_disease_pest\Leaf Scald\LS_153.jpg,brri_rice_disease_pest,0.14826537070907211,1,0.14826537070907211,1.002725601196289
data\raw\brri_rice_disease_pest\Leaf Scald\LS_154.jpg,brri_rice_disease_pest,0.18466836100666245,1,0.18466836100666245,1.0089565515518188
data\raw\brri_rice_disease_pest\Leaf Scald\LS_155.jpg,brri_rice_disease_pest,0.5211894993988044,1,0.5211894993988044,1.003183364868164
data\raw\brri_rice_disease_pest\Leaf Scald\LS_156.jpg,brri_rice_disease_pest,0.12608437484123355,1,0.12608437484123355,1.0013407468795776
data\raw\brri_rice_disease_pest\Leaf Scald\LS_157.jpg,brri_rice_disease_pest,0.1569239635726261,1,0.1569239635726261,1.0032199621200562
data\raw\brri_rice_disease_pest\Leaf Scald\LS_158.jpg,brri_rice_disease_pest,0.6525739867192284,1,0.6525739867192284,0.9912627935409546
data\raw\brri_rice_disease_pest\Leaf Scald\LS_159.jpg,brri_rice_disease_pest,0.6423345660492391,1,0.6423345660492391,0.9994971752166748
data\raw\brri_rice_disease_pest\Leaf Scald\LS_16.jpg,brri_rice_disease_pest,0.08763660542532671,1,0.08763660542532671,1.0012580156326294
data\raw\brri_rice_disease_pest\Leaf Scald\LS_160.jpg,brri_rice_disease_pest,0.5065484193997292,1,0.5065484193997292,1.0115041732788086
data\raw\brri_rice_disease_pest\Leaf Scald\LS_161.jpg,brri_rice_disease_pest,0.122568,1,0.122568,0.9913202524185181
data\raw\brri_rice_disease_pest\Leaf Scald\LS_162.jpg,brri_rice_disease_pest,0.5485881844795902,1,0.5485881844795902,0.9922599792480469
data\raw\brri_rice_disease_pest\Leaf Scald\LS_163.jpg,brri_rice_disease_pest,0.946996,1,0.946996,1.0022331476211548
data\raw\brri_rice_disease_pest\Leaf Scald\LS_164.jpg,brri_rice_disease_pest,0.6195917749076717,1,0.6195917749076717,1.0013474225997925
data\raw\brri_rice_disease_pest\Leaf Scald\LS_165.jpg,brri_rice_disease_pest,0.584172,1,0.584172,0.9984924793243408
data\raw\brri_rice_disease_pest\Leaf Scald\LS_166.jpg,brri_rice_disease_pest,0.15422938567595695,1,0.15422938567595695,1.0102992057800293
data\raw\brri_rice_disease_pest\Leaf Scald\LS_167.jpg,brri_rice_disease_pest,0.9435678637095345,1,0.9435678637095345,1.0165807008743286
data\raw\brri_rice_disease_pest\Leaf Scald\LS_168.jpg,brri_rice_disease_pest,0.1057339561211875,1,0.1057339561211875,1.0089633464813232
data\raw\brri_rice_disease_pest\Leaf Scald\LS_169.jpg,brri_rice_disease_pest,0.2923216202791264,1,0.2923216202791264,1.012153148651123
data\raw\brri_rice_disease_pest\Leaf Scald\LS_17.jpg,brri_rice_disease_pest,0.5840202383052424,1,0.5840202383052424,1.0105016231536865
data\raw\brri_rice_disease_pest\Leaf Scald\LS_170.jpg,brri_rice_disease_pest,0.5442897169260987,1,0.5442897169260987,1.0063294172286987
data\raw\brri_rice_disease_pest\Leaf Scald\LS_171.jpg,brri_rice_disease_pest,0.6294089322258336,1,0.6294089322258336,0.9976532459259033
data\raw\brri_rice_disease_pest\Leaf Scald\LS_172.jpg,brri_rice_disease_pest,0.17816486864105913,1,0.17816486864105913,1.011243224143982
data\raw\brri_rice_disease_pest\Leaf Scald\LS_173.jpg,brri_rice_disease_pest,0.20122722413975994,1,0.20122722413975994,1.0122168064117432
data\raw\brri_rice_disease_pest\Leaf Scald\LS_174.jpg,brri_rice_disease_pest,0.28018573557553894,1,0.28018573557553894,1.0163002014160156
data\raw\brri_rice_disease_pest\Leaf Scald\LS_175.jpg,brri_rice_disease_pest,0.057953506259423644,1,0.057953506259423644,0.9977706670761108
data\raw\brri_rice_disease_pest\Leaf Scald\LS_176.jpg,brri_rice_disease_pest,0.6528927865612648,1,0.6528927865612648,1.0050259828567505
data\raw\brri_rice_disease_pest\Leaf Scald\LS_177.jpg,brri_rice_disease_pest,0.6238783150434385,1,0.6238783150434385,0.9974913597106934
data\raw\brri_rice_disease_pest\Leaf Scald\LS_178.jpg,brri_rice_disease_pest,0.5190207497163373,1,0.5190207497163373,1.0059133768081665
data\raw\brri_rice_disease_pest\Leaf Scald\LS_179.jpg,brri_rice_disease_pest,0.09722328066521024,1,0.09722328066521024,1.0005557537078857
data\raw\brri_rice_disease_pest\Leaf Scald\LS_18.jpg,brri_rice_disease_pest,0.5631467498702923,1,0.5631467498702923,1.0063680410385132
data\raw\brri_rice_disease_pest\Leaf Scald\LS_180.jpg,brri_rice_disease_pest,0.06757997488797808,1,0.06757997488797808,1.0004920959472656
data\raw\brri_rice_disease_pest\Leaf Scald\LS_181.jpg,brri_rice_disease_pest,0.5257255090588424,1,0.5257255090588424,1.008581280708313
data\raw\brri_rice_disease_pest\Leaf Scald\LS_182.jpg,brri_rice_disease_pest,0.5179898082834175,1,0.5179898082834175,0.9999732971191406
data\raw\brri_rice_disease_pest\Leaf Scald\LS_183.jpg,brri_rice_disease_pest,0.2977288988805907,1,0.2977288988805907,1.0082573890686035
data\raw\brri_rice_disease_pest\Leaf Scald\LS_184.jpg,brri_rice_disease_pest,0.6863360630316635,1,0.6863360630316635,1.0075867176055908
data\raw\brri_rice_disease_pest\Leaf Scald\LS_185.jpg,brri_rice_disease_pest,0.09652550212535352,1,0.09652550212535352,1.0020251274108887
data\raw\brri_rice_disease_pest\Leaf Scald\LS_186.jpg,brri_rice_disease_pest,0.7232009512715619,1,0.7232009512715619,1.0021066665649414
data\raw\brri_rice_disease_pest\Leaf Scald\LS_187.jpg,brri_rice_disease_pest,0.5050515984700873,1,0.5050515984700873,1.009358286857605
data\raw\brri_rice_disease_pest\Leaf Scald\LS_188.jpg,brri_rice_disease_pest,0.08946542278446713,1,0.08946542278446713,0.9994626045227051
data\raw\brri_rice_disease_pest\Leaf Scald\LS_189.jpg,brri_rice_disease_pest,0.11575661738556114,1,0.11575661738556114,0.9973084926605225
data\raw\brri_rice_disease_pest\Leaf Scald\LS_19.jpg,brri_rice_disease_pest,0.6353122772300369,1,0.6353122772300369,0.998624324798584
data\raw\brri_rice_disease_pest\Leaf Scald\LS_190.jpg,brri_rice_disease_pest,0.5287496930515335,1,0.5287496930515335,1.0173653364181519
data\raw\brri_rice_disease_pest\Leaf Scald\LS_191.jpg,brri_rice_disease_pest,0.07422675447509695,1,0.07422675447509695,0.9959895610809326
data\raw\brri_rice_disease_pest\Leaf Scald\LS_192.jpg,brri_rice_disease_pest,0.07605362707243137,1,0.07605362707243137,0.9976531267166138
data\raw\brri_rice_disease_pest\Leaf Scald\LS_193.jpg,brri_rice_disease_pest,0.10894130298565598,1,0.10894130298565598,1.0013136863708496
data\raw\brri_rice_disease_pest\Leaf Scald\LS_194.jpg,brri_rice_disease_pest,0.624252,1,0.624252,1.0000872611999512
data\raw\brri_rice_disease_pest\Leaf Scald\LS_195.jpg,brri_rice_disease_pest,0.16173035318125625,1,0.16173035318125625,0.996845006942749
data\raw\brri_rice_disease_pest\Leaf Scald\LS_196.jpg,brri_rice_disease_pest,0.5764844133685583,1,0.5764844133685583,1.003451943397522
data\raw\brri_rice_disease_pest\Leaf Scald\LS_197.jpg,brri_rice_disease_pest,0.2367250080441667,1,0.2367250080441667,1.0101743936538696
data\raw\brri_rice_disease_pest\Leaf Scald\LS_198.jpg,brri_rice_disease_pest,0.19695136666158614,1,0.19695136666158614,1.0120460987091064
data\raw\brri_rice_disease_pest\Leaf Scald\LS_199.jpg,brri_rice_disease_pest,0.3414447111720774,1,0.3414447111720774,1.0142163038253784
data\raw\brri_rice_disease_pest\Leaf Scald\LS_2.jpg,brri_rice_disease_pest,0.1904557020440651,1,0.1904557020440651,1.0018503665924072
data\raw\brri_rice_disease_pest\Leaf Scald\LS_20.jpg,brri_rice_disease_pest,0.05845110573359859,1,0.05845110573359859,0.9973180294036865
data\raw\brri_rice_disease_pest\Leaf Scald\LS_200.jpg,brri_rice_disease_pest,0.27340746668021476,1,0.27340746668021476,1.012165904045105
data\raw\brri_rice_disease_pest\Leaf Scald\LS_201.jpg,brri_rice_disease_pest,0.10846315136581483,1,0.10846315136581483,0.9956285953521729
data\raw\brri_rice_disease_pest\Leaf Scald\LS_202.jpg,brri_rice_disease_pest,0.5129458640497202,1,0.5129458640497202,1.0006253719329834
data\raw\brri_rice_disease_pest\Leaf Scald\LS_203.jpg,brri_rice_disease_pest,0.22675215387697856,1,0.22675215387697856,1.0082271099090576
data\raw\brri_rice_disease_pest\Leaf Scald\LS_204.jpg,brri_rice_disease_pest,0.927224,1,0.927224,1.0019148588180542
data\raw\brri_rice_disease_pest\Leaf Scald\LS_205.jpg,brri_rice_disease_pest,0.2735836974377212,1,0.2735836974377212,1.011430025100708
data\raw\brri_rice_disease_pest\Leaf Scald\LS_206.jpg,brri_rice_disease_pest,0.6335466625175702,1,0.6335466625175702,1.017260193824768
data\raw\brri_rice_disease_pest\Leaf Scald\LS_207.jpg,brri_rice_disease_pest,0.687106788429948,1,0.687106788429948,1.014938235282898
data\raw\brri_rice_disease_pest\Leaf Scald\LS_208.jpg,brri_rice_disease_pest,0.1720173592162366,1,0.1720173592162366,1.013358235359192
data\raw\brri_rice_disease_pest\Leaf Scald\LS_209.jpg,brri_rice_disease_pest,0.5382863650965161,1,0.5382863650965161,0.9975200891494751
data\raw\brri_rice_disease_pest\Leaf Scald\LS_21.jpg,brri_rice_disease_pest,0.04883747064774338,1,0.04883747064774338,0.997557520866394
data\raw\brri_rice_disease_pest\Leaf Scald\LS_210.jpg,brri_rice_disease_pest,0.5342057433660488,1,0.5342057433660488,1.004634141921997
data\raw\brri_rice_disease_pest\Leaf Scald\LS_211.jpg,brri_rice_disease_pest,0.5820048196031895,1,0.5820048196031895,1.002363920211792
data\raw\brri_rice_disease_pest\Leaf Scald\LS_212.jpg,brri_rice_disease_pest,0.27105931091127705,1,0.27105931091127705,0.9913175106048584
data\raw\brri_rice_disease_pest\Leaf Scald\LS_213.jpg,brri_rice_disease_pest,0.704832475690658,1,0.704832475690658,1.0080963373184204
data\raw\brri_rice_disease_pest\Leaf Scald\LS_214.jpg,brri_rice_disease_pest,0.042937367084120985,1,0.042937367084120985,0.981269359588623
data\raw\brri_rice_disease_pest\Leaf Scald\LS_215.jpg,brri_rice_disease_pest,0.06104946316753308,1,0.06104946316753308,0.9975830316543579
data\raw\brri_rice_disease_pest\Leaf Scald\LS_216.jpg,brri_rice_disease_pest,0.6288896944647424,1,0.6288896944647424,1.0268712043762207
data\raw\brri_rice_disease_pest\Leaf Scald\LS_217.jpg,brri_rice_disease_pest,0.5244630539297659,1,0.5244630539297659,1.0214132070541382
data\raw\brri_rice_disease_pest\Leaf Scald\LS_218.jpg,brri_rice_disease_pest,0.1954425561821538,1,0.1954425561821538,1.0075005292892456
data\raw\brri_rice_disease_pest\Leaf Scald\LS_219.jpg,brri_rice_disease_pest,0.5755532481498417,1,0.5755532481498417,0.999774694442749
data\raw\brri_rice_disease_pest\Leaf Scald\LS_22.jpg,brri_rice_disease_pest,0.05681483810056055,1,0.05681483810056055,0.9898625612258911
data\raw\brri_rice_disease_pest\Leaf Scald\LS_220.jpg,brri_rice_disease_pest,0.0789151426334491,1,0.0789151426334491,0.9782731533050537
data\raw\brri_rice_disease_pest\Leaf Scald\LS_221.jpg,brri_rice_disease_pest,0.13028374739623025,1,0.13028374739623025,1.0045621395111084
data\raw\brri_rice_disease_pest\Leaf Scald\LS_222.jpg,brri_rice_disease_pest,0.1396493801757862,1,0.1396493801757862,1.0030648708343506
data\raw\brri_rice_disease_pest\Leaf Scald\LS_223.jpg,brri_rice_disease_pest,0.213532,1,0.213532,0.9412813186645508
data\raw\brri_rice_disease_pest\Leaf Scald\LS_224.jpg,brri_rice_disease_pest,0.22691033082694034,1,0.22691033082694034,1.0071462392807007
data\raw\brri_rice_disease_pest\Leaf Scald\LS_225.jpg,brri_rice_disease_pest,0.1636217908008603,1,0.1636217908008603,1.0078357458114624
data\raw\brri_rice_disease_pest\Leaf Scald\LS_226.jpg,brri_rice_disease_pest,0.5226643516779494,1,0.5226643516779494,0.9948916435241699
data\raw\brri_rice_disease_pest\Leaf Scald\LS_227.jpg,brri_rice_disease_pest,0.21215616479533947,1,0.21215616479533947,1.0085912942886353
data\raw\brri_rice_disease_pest\Leaf Scald\LS_228.jpg,brri_rice_disease_pest,0.16619036732205456,1,0.16619036732205456,1.0022709369659424
data\raw\brri_rice_disease_pest\Leaf Scald\LS_229.jpg,brri_rice_disease_pest,0.11768404206675812,1,0.11768404206675812,0.9912164211273193
data\raw\brri_rice_disease_pest\Leaf Scald\LS_23.jpg,brri_rice_disease_pest,0.7359505942970219,1,0.7359505942970219,1.0126476287841797
data\raw\brri_rice_disease_pest\Leaf Scald\LS_230.jpg,brri_rice_disease_pest,0.6516948877786302,1,0.6516948877786302,1.0111066102981567
data\raw\brri_rice_disease_pest\Leaf Scald\LS_231.jpg,brri_rice_disease_pest,0.10440844202526446,1,0.10440844202526446,1.0008536577224731
data\raw\brri_rice_disease_pest\Leaf Scald\LS_232.jpg,brri_rice_disease_pest,0.5370486658348655,1,0.5370486658348655,1.0184860229492188
data\raw\brri_rice_disease_pest\Leaf Scald\LS_233.jpg,brri_rice_disease_pest,0.5694325369608292,1,0.5694325369608292,1.0084214210510254
data\raw\brri_rice_disease_pest\Leaf Scald\LS_234.jpg,brri_rice_disease_pest,0.5248278971701468,1,0.5248278971701468,1.0040230751037598
data\raw\brri_rice_disease_pest\Leaf Scald\LS_235.jpg,brri_rice_disease_pest,0.13068780800690952,1,0.13068780800690952,0.9951077699661255
data\raw\brri_rice_disease_pest\Leaf Scald\LS_236.jpg,brri_rice_disease_pest,0.03961435473032845,1,0.03961435473032845,0.9912879467010498
data\raw\brri_rice_disease_pest\Leaf Scald\LS_237.jpg,brri_rice_disease_pest,0.949888,1,0.949888,1.0010961294174194
data\raw\brri_rice_disease_pest\Leaf Scald\LS_238.jpg,brri_rice_disease_pest,0.5529126234144524,1,0.5529126234144524,1.0054357051849365
data\raw\brri_rice_disease_pest\Leaf Scald\LS_239.jpg,brri_rice_disease_pest,0.3034000364104388,1,0.3034000364104388,1.0113238096237183
data\raw\brri_rice_disease_pest\Leaf Scald\LS_24.jpg,brri_rice_disease_pest,0.3007608088197937,1,0.3007608088197937,0.9644957780838013
data\raw\brri_rice_disease_pest\Leaf Scald\LS_240.jpg,brri_rice_disease_pest,0.3231095679012346,1,0.3231095679012346,0.9930051565170288
data\raw\brri_rice_disease_pest\Leaf Scald\LS_241.jpg,brri_rice_disease_pest,0.2894518747142204,1,0.2894518747142204,1.0023226737976074
data\raw\brri_rice_disease_pest\Leaf Scald\LS_242.jpg,brri_rice_disease_pest,0.21364645252248132,1,0.21364645252248132,1.0132642984390259
data\raw\brri_rice_disease_pest\Leaf Scald\LS_243.jpg,brri_rice_disease_pest,0.49975998077700795,1,0.49975998077700795,0.9994570016860962
data\raw\brri_rice_disease_pest\Leaf Scald\LS_244.jpg,brri_rice_disease_pest,0.2119578739441983,1,0.2119578739441983,0.9962759017944336
data\raw\brri_rice_disease_pest\Leaf Scald\LS_245.jpg,brri_rice_disease_pest,0.1852015910514996,1,0.1852015910514996,0.9930789470672607
data\raw\brri_rice_disease_pest\Leaf Scald\LS_246.jpg,brri_rice_disease_pest,0.4932823269657403,1,0.4932823269657403,1.0052686929702759
data\raw\brri_rice_disease_pest\Leaf Scald\LS_247.jpg,brri_rice_disease_pest,0.1772712069637081,1,0.1772712069637081,0.9941902160644531
data\raw\brri_rice_disease_pest\Leaf Scald\LS_248.jpg,brri_rice_disease_pest,0.5172632051347186,1,0.5172632051347186,1.0011833906173706
data\raw\brri_rice_disease_pest\Leaf Scald\LS_249.jpg,brri_rice_disease_pest,0.13891138080238447,1,0.13891138080238447,1.001723051071167
data\raw\brri_rice_disease_pest\Leaf Scald\LS_25.jpg,brri_rice_disease_pest,0.9366449356289073,1,0.9366449356289073,1.002561092376709
data\raw\brri_rice_disease_pest\Leaf Scald\LS_250.jpg,brri_rice_disease_pest,0.1265188656878186,1,0.1265188656878186,1.0080876350402832
data\raw\brri_rice_disease_pest\Leaf Scald\LS_251.jpg,brri_rice_disease_pest,0.5264724125708885,1,0.5264724125708885,1.0095902681350708
data\raw\brri_rice_disease_pest\Leaf Scald\LS_252.jpg,brri_rice_disease_pest,0.5220722671285605,1,0.5220722671285605,1.000694990158081
data\raw\brri_rice_disease_pest\Leaf Scald\LS_253.jpg,brri_rice_disease_pest,0.22073378677030941,1,0.22073378677030941,1.0160599946975708
data\raw\brri_rice_disease_pest\Leaf Scald\LS_254.jpg,brri_rice_disease_pest,0.502478344256465,1,0.502478344256465,1.0061700344085693
data\raw\brri_rice_disease_pest\Leaf Scald\LS_255.jpg,brri_rice_disease_pest,0.15524776769856494,1,0.15524776769856494,0.9959390163421631
data\raw\brri_rice_disease_pest\Leaf Scald\LS_256.jpg,brri_rice_disease_pest,0.14401942666260226,1,0.14401942666260226,0.9942202568054199
data\raw\brri_rice_disease_pest\Leaf Scald\LS_257.jpg,brri_rice_disease_pest,0.05392819946146421,1,0.05392819946146421,0.9931949377059937
data\raw\brri_rice_disease_pest\Leaf Scald\LS_258.jpg,brri_rice_disease_pest,0.9419692104890293,1,0.9419692104890293,0.9979977607727051
data\raw\brri_rice_disease_pest\Leaf Scald\LS_259.jpg,brri_rice_disease_pest,0.34644294357228744,1,0.34644294357228744,1.0115575790405273
data\raw\brri_rice_disease_pest\Leaf Scald\LS_26.jpg,brri_rice_disease_pest,0.5880985553645185,1,0.5880985553645185,0.9979096055030823
data\raw\brri_rice_disease_pest\Leaf Scald\LS_260.jpg,brri_rice_disease_pest,0.20419879041135328,1,0.20419879041135328,1.0014628171920776
data\raw\brri_rice_disease_pest\Leaf Scald\LS_261.jpg,brri_rice_disease_pest,0.2782151793425799,1,0.2782151793425799,1.0066708326339722
data\raw\brri_rice_disease_pest\Leaf Scald\LS_262.jpg,brri_rice_disease_pest,0.32616065534628297,1,0.32616065534628297,1.0127538442611694
data\raw\brri_rice_disease_pest\Leaf Scald\LS_263.jpg,brri_rice_disease_pest,0.3020674566885129,1,0.3020674566885129,1.0119035243988037
data\raw\brri_rice_disease_pest\Leaf Scald\LS_264.jpg,brri_rice_disease_pest,0.24328841301292148,1,0.24328841301292148,1.0113269090652466
data\raw\brri_rice_disease_pest\Leaf Scald\LS_265.jpg,brri_rice_disease_pest,0.24427355882402751,1,0.24427355882402751,1.0100923776626587
data\raw\brri_rice_disease_pest\Leaf Scald\LS_266.jpg,brri_rice_disease_pest,0.08545106480387524,1,0.08545106480387524,1.0040950775146484
data\raw\brri_rice_disease_pest\Leaf Scald\LS_267.jpg,brri_rice_disease_pest,0.2418336282812961,1,0.2418336282812961,1.0076552629470825
data\raw\brri_rice_disease_pest\Leaf Scald\LS_268.jpg,brri_rice_disease_pest,0.5057351733306237,1,0.5057351733306237,1.0116472244262695
data\raw\brri_rice_disease_pest\Leaf Scald\LS_269.jpg,brri_rice_disease_pest,0.5220722671285605,1,0.5220722671285605,1.000694990158081
data\raw\brri_rice_disease_pest\Leaf Scald\LS_27.jpg,brri_rice_disease_pest,0.722076,1,0.722076,1.0207918882369995
data\raw\brri_rice_disease_pest\Leaf Scald\LS_270.jpg,brri_rice_disease_pest,0.28986360903656283,1,0.28986360903656283,1.014940857887268
data\raw\brri_rice_disease_pest\Leaf Scald\LS_271.jpg,brri_rice_disease_pest,0.5646304615503899,1,0.5646304615503899,1.0033271312713623
data\raw\brri_rice_disease_pest\Leaf Scald\LS_272.jpg,brri_rice_disease_pest,0.3415621983437484,1,0.3415621983437484,1.014797329902649
data\raw\brri_rice_disease_pest\Leaf Scald\LS_273.jpg,brri_rice_disease_pest,0.20504316330505173,1,0.20504316330505173,0.9927703142166138
data\raw\brri_rice_disease_pest\Leaf Scald\LS_274.jpg,brri_rice_disease_pest,0.25803569916510016,1,0.25803569916510016,1.003355622291565
data\raw\brri_rice_disease_pest\Leaf Scald\LS_275.jpg,brri_rice_disease_pest,0.22966307642805128,1,0.22966307642805128,0.991891622543335
data\raw\brri_rice_disease_pest\Leaf Scald\LS_276.jpg,brri_rice_disease_pest,0.3438870683669495,1,0.3438870683669495,1.0063389539718628
data\raw\brri_rice_disease_pest\Leaf Scald\LS_277.jpg,brri_rice_disease_pest,0.5229536592490982,1,0.5229536592490982,1.0009448528289795
data\raw\brri_rice_disease_pest\Leaf Scald\LS_278.jpg,brri_rice_disease_pest,0.637163362207658,1,0.637163362207658,1.003273844718933
data\raw\brri_rice_disease_pest\Leaf Scald\LS_279.jpg,brri_rice_disease_pest,0.10331488467205202,1,0.10331488467205202,1.0002434253692627
data\raw\brri_rice_disease_pest\Leaf Scald\LS_28.jpg,brri_rice_disease_pest,0.7466311362520135,1,0.7466311362520135,1.0065841674804688
data\raw\brri_rice_disease_pest\Leaf Scald\LS_280.jpg,brri_rice_disease_pest,0.14343083201624268,1,0.14343083201624268,1.0053694248199463
data\raw\brri_rice_disease_pest\Leaf Scald\LS_281.jpg,brri_rice_disease_pest,0.2071558155091534,1,0.2071558155091534,1.0105490684509277
data\raw\brri_rice_disease_pest\Leaf Scald\LS_282.jpg,brri_rice_disease_pest,0.22224394361127403,1,0.22224394361127403,1.0013597011566162
data\raw\brri_rice_disease_pest\Leaf Scald\LS_283.jpg,brri_rice_disease_pest,0.6052582998582231,1,0.6052582998582231,1.0055311918258667
data\raw\brri_rice_disease_pest\Leaf Scald\LS_284.jpg,brri_rice_disease_pest,0.5691536125319693,1,0.5691536125319693,1.01125168800354
data\raw\brri_rice_disease_pest\Leaf Scald\LS_285.jpg,brri_rice_disease_pest,0.9515601232056357,1,0.9515601232056357,1.0004158020019531
data\raw\brri_rice_disease_pest\Leaf Scald\LS_286.jpg,brri_rice_disease_pest,0.5039676312913516,1,0.5039676312913516,1.015596628189087
data\raw\brri_rice_disease_pest\Leaf Scald\LS_287.jpg,brri_rice_disease_pest,0.5566596986544601,1,0.5566596986544601,0.9965944886207581
data\raw\brri_rice_disease_pest\Leaf Scald\LS_288.jpg,brri_rice_disease_pest,0.16041115159395344,1,0.16041115159395344,1.007552146911621
data\raw\brri_rice_disease_pest\Leaf Scald\LS_289.jpg,brri_rice_disease_pest,0.052786835986759144,1,0.052786835986759144,0.9789894819259644
data\raw\brri_rice_disease_pest\Leaf Scald\LS_29.jpg,brri_rice_disease_pest,0.5089463380191284,1,0.5089463380191284,0.9897360801696777
data\raw\brri_rice_disease_pest\Leaf Scald\LS_290.jpg,brri_rice_disease_pest,0.0530189969347491,1,0.0530189969347491,0.9397286176681519
data\raw\brri_rice_disease_pest\Leaf Scald\LS_291.jpg,brri_rice_disease_pest,0.533004,1,0.533004,1.020181655883789
data\raw\brri_rice_disease_pest\Leaf Scald\LS_292.jpg,brri_rice_disease_pest,0.1501964999407272,1,0.1501964999407272,1.0058472156524658
data\raw\brri_rice_disease_pest\Leaf Scald\LS_293.jpg,brri_rice_disease_pest,0.5552094446984708,1,0.5552094446984708,1.0152504444122314
data\raw\brri_rice_disease_pest\Leaf Scald\LS_294.jpg,brri_rice_disease_pest,0.0734761748286862,1,0.0734761748286862,0.9989303350448608
data\raw\brri_rice_disease_pest\Leaf Scald\LS_295.jpg,brri_rice_disease_pest,0.6769666399939034,1,0.6769666399939034,1.0029096603393555
data\raw\brri_rice_disease_pest\Leaf Scald\LS_296.jpg,brri_rice_disease_pest,0.09524610916357601,1,0.09524610916357601,1.0004661083221436
data\raw\brri_rice_disease_pest\Leaf Scald\LS_297.jpg,brri_rice_disease_pest,0.5705781919054678,1,0.5705781919054678,0.9992682933807373
data\raw\brri_rice_disease_pest\Leaf Scald\LS_298.jpg,brri_rice_disease_pest,0.1322378977628749,1,0.1322378977628749,0.9977011680603027
data\raw\brri_rice_disease_pest\Leaf Scald\LS_299.jpg,brri_rice_disease_pest,0.17288396077833665,1,0.17288396077833665,1.0114856958389282
data\raw\brri_rice_disease_pest\Leaf Scald\LS_3.jpg,brri_rice_disease_pest,0.9190910867681411,1,0.9190910867681411,0.9981482028961182
data\raw\brri_rice_disease_pest\Leaf Scald\LS_30.jpg,brri_rice_disease_pest,0.08087515876063327,1,0.08087515876063327,0.9971016645431519
data\raw\brri_rice_disease_pest\Leaf Scald\LS_300.jpg,brri_rice_disease_pest,0.4926049234534031,1,0.4926049234534031,1.0054965019226074
data\raw\brri_rice_disease_pest\Leaf Scald\LS_301.jpg,brri_rice_disease_pest,0.5326598460600518,1,0.5326598460600518,1.011154294013977
data\raw\brri_rice_disease_pest\Leaf Scald\LS_302.jpg,brri_rice_disease_pest,0.49251310352419175,1,0.49251310352419175,1.0051473379135132
data\raw\brri_rice_disease_pest\Leaf Scald\LS_303.jpg,brri_rice_disease_pest,0.1816708898541889,1,0.1816708898541889,1.0054045915603638
data\raw\brri_rice_disease_pest\Leaf Scald\LS_304.jpg,brri_rice_disease_pest,0.2937200460634388,1,0.2937200460634388,1.0100771188735962
data\raw\brri_rice_disease_pest\Leaf Scald\LS_305.jpg,brri_rice_disease_pest,0.08790823514344262,1,0.08790823514344262,0.9894905090332031
data\raw\brri_rice_disease_pest\Leaf Scald\LS_306.jpg,brri_rice_disease_pest,0.14366821981332703,1,0.14366821981332703,0.999346137046814
data\raw\brri_rice_disease_pest\Leaf Scald\LS_307.jpg,brri_rice_disease_pest,0.195736,1,0.195736,1.0127562284469604
data\raw\brri_rice_disease_pest\Leaf Scald\LS_308.jpg,brri_rice_disease_pest,0.3957671806465817,1,0.3957671806465817,1.0098501443862915
data\raw\brri_rice_disease_pest\Leaf Scald\LS_309.jpg,brri_rice_disease_pest,0.11304541567173025,1,0.11304541567173025,0.9962460994720459
data\raw\brri_rice_disease_pest\Leaf Scald\LS_31.jpg,brri_rice_disease_pest,0.54636,1,0.54636,1.0047318935394287
data\raw\brri_rice_disease_pest\Leaf Scald\LS_310.jpg,brri_rice_disease_pest,0.35038379142745857,1,0.35038379142745857,1.0165115594863892
data\raw\brri_rice_disease_pest\Leaf Scald\LS_311.jpg,brri_rice_disease_pest,0.5176109036562855,1,0.5176109036562855,1.0170586109161377
data\raw\brri_rice_disease_pest\Leaf Scald\LS_312.jpg,brri_rice_disease_pest,0.48704201171908074,1,0.48704201171908074,1.0038247108459473
data\raw\brri_rice_disease_pest\Leaf Scald\LS_313.jpg,brri_rice_disease_pest,0.5660103261697912,1,0.5660103261697912,1.0249563455581665
data\raw\brri_rice_disease_pest\Leaf Scald\LS_314.jpg,brri_rice_disease_pest,0.6104008958661451,1,0.6104008958661451,0.9999959468841553
data\raw\brri_rice_disease_pest\Leaf Scald\LS_315.jpg,brri_rice_disease_pest,0.6936363232230859,1,0.6936363232230859,1.0073596239089966
data\raw\brri_rice_disease_pest\Leaf Scald\LS_316.jpg,brri_rice_disease_pest,0.20868658868058731,1,0.20868658868058731,1.0126250982284546
data\raw\brri_rice_disease_pest\Leaf Scald\LS_317.jpg,brri_rice_disease_pest,0.5839549360863069,1,0.5839549360863069,1.0186413526535034
data\raw\brri_rice_disease_pest\Leaf Scald\LS_318.jpg,brri_rice_disease_pest,0.20414666209419297,1,0.20414666209419297,1.0134425163269043
data\raw\brri_rice_disease_pest\Leaf Scald\LS_319.jpg,brri_rice_disease_pest,0.86596,1,0.86596,1.0049940347671509
data\raw\brri_rice_disease_pest\Leaf Scald\LS_32.jpg,brri_rice_disease_pest,0.6150335003928731,1,0.6150335003928731,1.011846899986267
data\raw\brri_rice_disease_pest\Leaf Scald\LS_320.jpg,brri_rice_disease_pest,0.20975905603820555,1,0.20975905603820555,1.01386559009552
data\raw\brri_rice_disease_pest\Leaf Scald\LS_321.jpg,brri_rice_disease_pest,0.4960754952221525,1,0.4960754952221525,1.007858395576477
data\raw\brri_rice_disease_pest\Leaf Scald\LS_322.jpg,brri_rice_disease_pest,0.5392885994640605,1,0.5392885994640605,0.9983744621276855
data\raw\brri_rice_disease_pest\Leaf Scald\LS_323.jpg,brri_rice_disease_pest,0.08007639432449197,1,0.08007639432449197,0.9668260812759399
data\raw\brri_rice_disease_pest\Leaf Scald\LS_324.jpg,brri_rice_disease_pest,0.15158,1,0.15158,0.9917930364608765
data\raw\brri_rice_disease_pest\Leaf Scald\LS_325.jpg,brri_rice_disease_pest,0.1586309208047209,1,0.1586309208047209,1.0069036483764648
data\raw\brri_rice_disease_pest\Leaf Scald\LS_326.jpg,brri_rice_disease_pest,0.6032949662348417,1,0.6032949662348417,0.996056079864502
data\raw\brri_rice_disease_pest\Leaf Scald\LS_327.jpg,brri_rice_disease_pest,0.1999471744993523,1,0.1999471744993523,1.0083833932876587
data\raw\brri_rice_disease_pest\Leaf Scald\LS_328.jpg,brri_rice_disease_pest,0.35681886018391507,1,0.35681886018391507,1.0095120668411255
data\raw\brri_rice_disease_pest\Leaf Scald\LS_329.jpg,brri_rice_disease_pest,0.26906101548686706,1,0.26906101548686706,1.005002737045288
data\raw\brri_rice_disease_pest\Leaf Scald\LS_33.jpg,brri_rice_disease_pest,0.6685337600975461,1,0.6685337600975461,1.0105023384094238
data\raw\brri_rice_disease_pest\Leaf Scald\LS_330.jpg,brri_rice_disease_pest,0.15132035560251483,1,0.15132035560251483,1.0067800283432007
data\raw\brri_rice_disease_pest\Leaf Scald\LS_331.jpg,brri_rice_disease_pest,0.09603329103767283,1,0.09603329103767283,1.0009562969207764
data\raw\brri_rice_disease_pest\Leaf Scald\LS_332.jpg,brri_rice_disease_pest,0.09304243086250402,1,0.09304243086250402,1.002944827079773
data\raw\brri_rice_disease_pest\Leaf Scald\LS_333.jpg,brri_rice_disease_pest,0.20403579019119714,1,0.20403579019119714,1.0045897960662842
data\raw\brri_rice_disease_pest\Leaf Scald\LS_334.jpg,brri_rice_disease_pest,0.5408056232959068,1,0.5408056232959068,1.00760018825531
data\raw\brri_rice_disease_pest\Leaf Scald\LS_335.jpg,brri_rice_disease_pest,0.6430599480939558,1,0.6430599480939558,1.0150667428970337
data\raw\brri_rice_disease_pest\Leaf Scald\LS_336.jpg,brri_rice_disease_pest,0.09202447331876916,1,0.09202447331876916,1.0005000829696655
data\raw\brri_rice_disease_pest\Leaf Scald\LS_337.jpg,brri_rice_disease_pest,0.12008617842808515,1,0.12008617842808515,1.001359224319458
data\raw\brri_rice_disease_pest\Leaf Scald\LS_338.jpg,brri_rice_disease_pest,0.538304852955937,1,0.538304852955937,1.0166646242141724
data\raw\brri_rice_disease_pest\Leaf Scald\LS_339.jpg,brri_rice_disease_pest,0.5446077248187263,1,0.5446077248187263,1.0083339214324951
data\raw\brri_rice_disease_pest\Leaf Scald\LS_34.jpg,brri_rice_disease_pest,0.5546699492811226,1,0.5546699492811226,0.9994722604751587
data\raw\brri_rice_disease_pest\Leaf Scald\LS_340.jpg,brri_rice_disease_pest,0.6152764423076923,1,0.6152764423076923,1.0030522346496582
data\raw\brri_rice_disease_pest\Leaf Scald\LS_341.jpg,brri_rice_disease_pest,0.5259918811876739,1,0.5259918811876739,1.030778169631958
data\raw\brri_rice_disease_pest\Leaf Scald\LS_342.jpg,brri_rice_disease_pest,0.20242536918491422,1,0.20242536918491422,1.0021497011184692
data\raw\brri_rice_disease_pest\Leaf Scald\LS_343.jpg,brri_rice_disease_pest,0.16916432750766314,1,0.16916432750766314,0.9839315414428711
data\raw\brri_rice_disease_pest\Leaf Scald\LS_344.jpg,brri_rice_disease_pest,0.18259517519348337,1,0.18259517519348337,1.0013976097106934
data\raw\brri_rice_disease_pest\Leaf Scald\LS_345.jpg,brri_rice_disease_pest,0.5290008086504429,1,0.5290008086504429,1.0287554264068604
data\raw\brri_rice_disease_pest\Leaf Scald\LS_346.jpg,brri_rice_disease_pest,0.5010481231688936,1,0.5010481231688936,1.0104261636734009
data\raw\brri_rice_disease_pest\Leaf Scald\LS_347.jpg,brri_rice_disease_pest,0.5470845717116293,1,0.5470845717116293,1.0043545961380005
data\raw\brri_rice_disease_pest\Leaf Scald\LS_348.jpg,brri_rice_disease_pest,0.182870046990094,1,0.182870046990094,1.0032333135604858
data\raw\brri_rice_disease_pest\Leaf Scald\LS_349.jpg,brri_rice_disease_pest,0.5245246532540772,1,0.5245246532540772,1.024949550628662
data\raw\brri_rice_disease_pest\Leaf Scald\LS_35.jpg,brri_rice_disease_pest,0.276128,1,0.276128,0.9919551610946655
data\raw\brri_rice_disease_pest\Leaf Scald\LS_350.jpg,brri_rice_disease_pest,0.12886384612779217,1,0.12886384612779217,1.0033020973205566
data\raw\brri_rice_disease_pest\Leaf Scald\LS_351.jpg,brri_rice_disease_pest,0.15050291918576097,1,0.15050291918576097,1.0071974992752075
data\raw\brri_rice_disease_pest\Leaf Scald\LS_352.jpg,brri_rice_disease_pest,0.11124628792092091,1,0.11124628792092091,1.002191185951233
data\raw\brri_rice_disease_pest\Leaf Scald\LS_353.jpg,brri_rice_disease_pest,0.19604639790682316,1,0.19604639790682316,0.99147629737854
data\raw\brri_rice_disease_pest\Leaf Scald\LS_354.jpg,brri_rice_disease_pest,0.09943068746059269,1,0.09943068746059269,0.9980032444000244
data\raw\brri_rice_disease_pest\Leaf Scald\LS_355.jpg,brri_rice_disease_pest,0.06888,1,0.06888,0.9971432685852051
data\raw\brri_rice_disease_pest\Leaf Scald\LS_356.jpg,brri_rice_disease_pest,0.09229278861623398,1,0.09229278861623398,1.0043243169784546
data\raw\brri_rice_disease_pest\Leaf Scald\LS_357.jpg,brri_rice_disease_pest,0.4979497219529616,1,0.4979497219529616,1.0008100271224976
data\raw\brri_rice_disease_pest\Leaf Scald\LS_358.jpg,brri_rice_disease_pest,0.13872244872902165,1,0.13872244872902165,1.0109179019927979
data\raw\brri_rice_disease_pest\Leaf Scald\LS_359.jpg,brri_rice_disease_pest,0.9439026201161563,1,0.9439026201161563,1.0000582933425903
data\raw\brri_rice_disease_pest\Leaf Scald\LS_36.jpg,brri_rice_disease_pest,0.615764,1,0.615764,1.0063008069992065
data\raw\brri_rice_disease_pest\Leaf Scald\LS_360.jpg,brri_rice_disease_pest,0.19639459151488972,1,0.19639459151488972,1.0118037462234497
data\raw\brri_rice_disease_pest\Leaf Scald\LS_361.jpg,brri_rice_disease_pest,0.5134885328286677,1,0.5134885328286677,1.0021204948425293
data\raw\brri_rice_disease_pest\Leaf Scald\LS_362.jpg,brri_rice_disease_pest,0.14490481422208673,1,0.14490481422208673,1.0061763525009155
data\raw\brri_rice_disease_pest\Leaf Scald\LS_363.jpg,brri_rice_disease_pest,0.04121237169864903,1,0.04121237169864903,0.9525755643844604
data\raw\brri_rice_disease_pest\Leaf Scald\LS_364.jpg,brri_rice_disease_pest,0.5320245156564887,1,0.5320245156564887,1.0223585367202759
data\raw\brri_rice_disease_pest\Leaf Scald\LS_365.jpg,brri_rice_disease_pest,0.5732125014818202,1,0.5732125014818202,0.9997802972793579
data\raw\brri_rice_disease_pest\Leaf Scald\LS_366.jpg,brri_rice_disease_pest,0.5194740279259598,1,0.5194740279259598,1.0008816719055176
data\raw\brri_rice_disease_pest\Leaf Scald\LS_367.jpg,brri_rice_disease_pest,0.22648668902098257,1,0.22648668902098257,1.0178792476654053
data\raw\brri_rice_disease_pest\Leaf Scald\LS_368.jpg,brri_rice_disease_pest,0.3019320401749692,1,0.3019320401749692,0.9379642009735107
data\raw\brri_rice_disease_pest\Leaf Scald\LS_369.jpg,brri_rice_disease_pest,0.19624287240682556,1,0.19624287240682556,0.9847577810287476
data\raw\brri_rice_disease_pest\Leaf Scald\LS_37.jpg,brri_rice_disease_pest,0.6272170422170422,1,0.6272170422170422,1.0078727006912231
data\raw\brri_rice_disease_pest\Leaf Scald\LS_370.jpg,brri_rice_disease_pest,0.5733427870980147,1,0.5733427870980147,1.0131257772445679
data\raw\brri_rice_disease_pest\Leaf Scald\LS_371.jpg,brri_rice_disease_pest,0.6299842080306186,1,0.6299842080306186,1.0032309293746948
data\raw\brri_rice_disease_pest\Leaf Scald\LS_372.jpg,brri_rice_disease_pest,0.491916,1,0.491916,1.00676429271698
data\raw\brri_rice_disease_pest\Leaf Scald\LS_373.jpg,brri_rice_disease_pest,0.6872053480390045,1,0.6872053480390045,1.0124298334121704
data\raw\brri_rice_disease_pest\Leaf Scald\LS_374.jpg,brri_rice_disease_pest,0.5500600067258348,1,0.5500600067258348,1.0057554244995117
data\raw\brri_rice_disease_pest\Leaf Scald\LS_375.jpg,brri_rice_disease_pest,0.5960787332174249,1,0.5960787332174249,0.9998973608016968
data\raw\brri_rice_disease_pest\Leaf Scald\LS_376.jpg,brri_rice_disease_pest,0.690676672210198,1,0.690676672210198,1.0048853158950806
data\raw\brri_rice_disease_pest\Leaf Scald\LS_377.jpg,brri_rice_disease_pest,0.7297929533102767,1,0.7297929533102767,0.9987633228302002
data\raw\brri_rice_disease_pest\Leaf Scald\LS_378.jpg,brri_rice_disease_pest,0.5586491197988112,1,0.5586491197988112,1.012725591659546
data\raw\brri_rice_disease_pest\Leaf Scald\LS_379.jpg,brri_rice_disease_pest,0.5009144423324052,1,0.5009144423324052,1.0055017471313477
data\raw\brri_rice_disease_pest\Leaf Scald\LS_38.jpg,brri_rice_disease_pest,0.04698,1,0.04698,0.9943914413452148
data\raw\brri_rice_disease_pest\Leaf Scald\LS_380.jpg,brri_rice_disease_pest,0.4978844308146365,1,0.4978844308146365,1.0285948514938354
data\raw\brri_rice_disease_pest\Leaf Scald\LS_381.jpg,brri_rice_disease_pest,0.10162053479476947,1,0.10162053479476947,0.9818930625915527
data\raw\brri_rice_disease_pest\Leaf Scald\LS_382.jpg,brri_rice_disease_pest,0.6031852507842516,1,0.6031852507842516,1.001887321472168
data\raw\brri_rice_disease_pest\Leaf Scald\LS_383.jpg,brri_rice_disease_pest,0.5146177688569681,1,0.5146177688569681,1.0038055181503296
data\raw\brri_rice_disease_pest\Leaf Scald\LS_384.jpg,brri_rice_disease_pest,0.5294637524592468,1,0.5294637524592468,0.9916521310806274
data\raw\brri_rice_disease_pest\Leaf Scald\LS_385.jpg,brri_rice_disease_pest,0.6917064650638045,1,0.6917064650638045,1.0026545524597168
data\raw\brri_rice_disease_pest\Leaf Scald\LS_386.jpg,brri_rice_disease_pest,0.1520755313902705,1,0.1520755313902705,1.009325623512268
data\raw\brri_rice_disease_pest\Leaf Scald\LS_387.jpg,brri_rice_disease_pest,0.530204,1,0.530204,1.009499430656433
data\raw\brri_rice_disease_pest\Leaf Scald\LS_388.jpg,brri_rice_disease_pest,0.9196146949990686,1,0.9196146949990686,1.005940556526184
data\raw\brri_rice_disease_pest\Leaf Scald\LS_389.jpg,brri_rice_disease_pest,0.5470059823197684,1,0.5470059823197684,1.0076396465301514
data\raw\brri_rice_disease_pest\Leaf Scald\LS_39.jpg,brri_rice_disease_pest,0.5460658515108104,1,0.5460658515108104,1.0096538066864014
data\raw\brri_rice_disease_pest\Leaf Scald\LS_390.jpg,brri_rice_disease_pest,0.573193151693939,1,0.573193151693939,1.0009791851043701
data\raw\brri_rice_disease_pest\Leaf Scald\LS_391.jpg,brri_rice_disease_pest,0.5696947662111128,1,0.5696947662111128,1.0125397443771362
data\raw\brri_rice_disease_pest\Leaf Scald\LS_392.jpg,brri_rice_disease_pest,0.10981901683347728,1,0.10981901683347728,0.9997560977935791
data\raw\brri_rice_disease_pest\Leaf Scald\LS_393.jpg,brri_rice_disease_pest,0.1415607128329547,1,0.1415607128329547,1.0056366920471191
data\raw\brri_rice_disease_pest\Leaf Scald\LS_394.jpg,brri_rice_disease_pest,0.5474324335094725,1,0.5474324335094725,1.0082275867462158
data\raw\brri_rice_disease_pest\Leaf Scald\LS_395.jpg,brri_rice_disease_pest,0.17370637098003353,1,0.17370637098003353,1.0040186643600464
data\raw\brri_rice_disease_pest\Leaf Scald\LS_396.jpg,brri_rice_disease_pest,0.735794901268438,1,0.735794901268438,1.0137442350387573
data\raw\brri_rice_disease_pest\Leaf Scald\LS_397.jpg,brri_rice_disease_pest,0.6415257349828108,1,0.6415257349828108,1.0065715312957764
data\raw\brri_rice_disease_pest\Leaf Scald\LS_398.jpg,brri_rice_disease_pest,0.24567176084552492,1,0.24567176084552492,1.012349247932434
data\raw\brri_rice_disease_pest\Leaf Scald\LS_399.jpg,brri_rice_disease_pest,0.5656748610117125,1,0.5656748610117125,1.0011043548583984
data\raw\brri_rice_disease_pest\Leaf Scald\LS_4.jpg,brri_rice_disease_pest,0.11457371846939982,1,0.11457371846939982,1.0063512325286865
data\raw\brri_rice_disease_pest\Leaf Scald\LS_40.jpg,brri_rice_disease_pest,0.148716,1,0.148716,0.9873862266540527
data\raw\brri_rice_disease_pest\Leaf Scald\LS_400.jpg,brri_rice_disease_pest,0.14563037689037917,1,0.14563037689037917,1.000046968460083
data\raw\brri_rice_disease_pest\Leaf Scald\LS_401.jpg,brri_rice_disease_pest,0.1682682421136925,1,0.1682682421136925,1.0108377933502197
data\raw\brri_rice_disease_pest\Leaf Scald\LS_402.jpg,brri_rice_disease_pest,0.5741955546749195,1,0.5741955546749195,1.0082342624664307
data\raw\brri_rice_disease_pest\Leaf Scald\LS_403.jpg,brri_rice_disease_pest,0.6675894395256601,1,0.6675894395256601,1.0314234495162964
data\raw\brri_rice_disease_pest\Leaf Scald\LS_404.jpg,brri_rice_disease_pest,0.4970360950227777,1,0.4970360950227777,1.0086017847061157
data\raw\brri_rice_disease_pest\Leaf Scald\LS_405.jpg,brri_rice_disease_pest,0.5473912555674101,1,0.5473912555674101,1.0113295316696167
data\raw\brri_rice_disease_pest\Leaf Scald\LS_406.jpg,brri_rice_disease_pest,0.49765495632005774,1,0.49765495632005774,0.9910627603530884
data\raw\brri_rice_disease_pest\Leaf Scald\LS_407.jpg,brri_rice_disease_pest,0.59088913224236,1,0.59088913224236,1.0024219751358032
data\raw\brri_rice_disease_pest\Leaf Scald\LS_408.jpg,brri_rice_disease_pest,0.5352945752679977,1,0.5352945752679977,1.014113187789917
data\raw\brri_rice_disease_pest\Leaf Scald\LS_409.jpg,brri_rice_disease_pest,0.5149956202817,1,0.5149956202817,1.002009391784668
data\raw\brri_rice_disease_pest\Leaf Scald\LS_41.jpg,brri_rice_disease_pest,0.5179936611702842,1,0.5179936611702842,0.9966704845428467
data\raw\brri_rice_disease_pest\Leaf Scald\LS_410.jpg,brri_rice_disease_pest,0.5542539080960539,1,0.5542539080960539,1.004106879234314
data\raw\brri_rice_disease_pest\Leaf Scald\LS_411.jpg,brri_rice_disease_pest,0.10084738945621433,1,0.10084738945621433,0.9985524415969849
data\raw\brri_rice_disease_pest\Leaf Scald\LS_412.jpg,brri_rice_disease_pest,0.6292368464205397,1,0.6292368464205397,1.004945993423462
data\raw\brri_rice_disease_pest\Leaf Scald\LS_413.jpg,brri_rice_disease_pest,0.20158743100017015,1,0.20158743100017015,0.998751163482666
data\raw\brri_rice_disease_pest\Leaf Scald\LS_414.jpg,brri_rice_disease_pest,0.1540293866111196,1,0.1540293866111196,1.0063157081604004
data\raw\brri_rice_disease_pest\Leaf Scald\LS_415.jpg,brri_rice_disease_pest,0.10498907686836356,1,0.10498907686836356,0.9972242116928101
data\raw\brri_rice_disease_pest\Leaf Scald\LS_416.jpg,brri_rice_disease_pest,0.05127680008713374,1,0.05127680008713374,0.9943994283676147
data\raw\brri_rice_disease_pest\Leaf Scald\LS_417.jpg,brri_rice_disease_pest,0.05394725823612863,1,0.05394725823612863,0.9870851039886475
data\raw\brri_rice_disease_pest\Leaf Scald\LS_418.jpg,brri_rice_disease_pest,0.5448743391127127,1,0.5448743391127127,1.0114716291427612
data\raw\brri_rice_disease_pest\Leaf Scald\LS_419.jpg,brri_rice_disease_pest,0.543857330513905,1,0.543857330513905,0.9912052154541016
data\raw\brri_rice_disease_pest\Leaf Scald\LS_42.jpg,brri_rice_disease_pest,0.592496,1,0.592496,0.9990994930267334
data\raw\brri_rice_disease_pest\Leaf Scald\LS_420.jpg,brri_rice_disease_pest,0.577535567644969,1,0.577535567644969,0.9963738918304443
data\raw\brri_rice_disease_pest\Leaf Scald\LS_421.jpg,brri_rice_disease_pest,0.08733819337783554,1,0.08733819337783554,0.9952125549316406
data\raw\brri_rice_disease_pest\Leaf Scald\LS_43.jpg,brri_rice_disease_pest,0.11886275970559407,1,0.11886275970559407,0.9953265190124512
data\raw\brri_rice_disease_pest\Leaf Scald\LS_44.jpg,brri_rice_disease_pest,0.510608,1,0.510608,0.9993644952774048
data\raw\brri_rice_disease_pest\Leaf Scald\LS_45.jpg,brri_rice_disease_pest,0.16662697505461566,1,0.16662697505461566,1.0103530883789062
data\raw\brri_rice_disease_pest\Leaf Scald\LS_46.jpg,brri_rice_disease_pest,0.10163143109959526,1,0.10163143109959526,1.0016453266143799
data\raw\brri_rice_disease_pest\Leaf Scald\LS_47.jpg,brri_rice_disease_pest,0.06313411950614367,1,0.06313411950614367,0.9828224182128906
data\raw\brri_rice_disease_pest\Leaf Scald\LS_48.jpg,brri_rice_disease_pest,0.5314441196651883,1,0.5314441196651883,1.0046794414520264
data\raw\brri_rice_disease_pest\Leaf Scald\LS_49.jpg,brri_rice_disease_pest,0.587212,1,0.587212,1.0022225379943848
data\raw\brri_rice_disease_pest\Leaf Scald\LS_5.jpg,brri_rice_disease_pest,0.5764244616783679,1,0.5764244616783679,1.0157115459442139
data\raw\brri_rice_disease_pest\Leaf Scald\LS_50.jpg,brri_rice_disease_pest,0.5262430403768904,1,0.5262430403768904,1.003275990486145
data\raw\brri_rice_disease_pest\Leaf Scald\LS_51.jpg,brri_rice_disease_pest,0.16051682692307692,1,0.16051682692307692,1.0132277011871338
data\raw\brri_rice_disease_pest\Leaf Scald\LS_52.jpg,brri_rice_disease_pest,0.5255959075025098,1,0.5255959075025098,0.9973146915435791
data\raw\brri_rice_disease_pest\Leaf Scald\LS_53.jpg,brri_rice_disease_pest,0.512012,1,0.512012,0.9980566501617432
data\raw\brri_rice_disease_pest\Leaf Scald\LS_54.jpg,brri_rice_disease_pest,0.5415726717568525,1,0.5415726717568525,0.998455286026001
data\raw\brri_rice_disease_pest\Leaf Scald\LS_55.jpg,brri_rice_disease_pest,0.19918,1,0.19918,1.0115693807601929
data\raw\brri_rice_disease_pest\Leaf Scald\LS_56.jpg,brri_rice_disease_pest,0.061259797930942814,1,0.061259797930942814,0.9877800941467285
data\raw\brri_rice_disease_pest\Leaf Scald\LS_57.jpg,brri_rice_disease_pest,0.5312698458060255,1,0.5312698458060255,1.0023107528686523
data\raw\brri_rice_disease_pest\Leaf Scald\LS_58.jpg,brri_rice_disease_pest,0.19740939073187783,1,0.19740939073187783,1.007179617881775
data\raw\brri_rice_disease_pest\Leaf Scald\LS_59.jpg,brri_rice_disease_pest,0.5014651497061762,1,0.5014651497061762,0.9719892740249634
data\raw\brri_rice_disease_pest\Leaf Scald\LS_6.jpg,brri_rice_disease_pest,0.5065794625602582,1,0.5065794625602582,1.001596450805664
data\raw\brri_rice_disease_pest\Leaf Scald\LS_60.jpg,brri_rice_disease_pest,0.5560536858974359,1,0.5560536858974359,1.0036262273788452
data\raw\brri_rice_disease_pest\Leaf Scald\LS_61.jpg,brri_rice_disease_pest,0.6879891583269181,1,0.6879891583269181,0.9980214834213257
data\raw\brri_rice_disease_pest\Leaf Scald\LS_62.jpg,brri_rice_disease_pest,0.050765098082433326,1,0.050765098082433326,0.9769374132156372
data\raw\brri_rice_disease_pest\Leaf Scald\LS_63.jpg,brri_rice_disease_pest,0.1875,1,0.1875,1.012143850326538
data\raw\brri_rice_disease_pest\Leaf Scald\LS_64.jpg,brri_rice_disease_pest,0.5140190382166979,1,0.5140190382166979,1.0022772550582886
data\raw\brri_rice_disease_pest\Leaf Scald\LS_65.jpg,brri_rice_disease_pest,0.5547986375475856,1,0.5547986375475856,0.9970930814743042
data\raw\brri_rice_disease_pest\Leaf Scald\LS_66.jpg,brri_rice_disease_pest,0.07091522222222223,1,0.07091522222222223,0.987937331199646
data\raw\brri_rice_disease_pest\Leaf Scald\LS_67.jpg,brri_rice_disease_pest,0.09285946082378818,1,0.09285946082378818,0.9952349662780762
data\raw\brri_rice_disease_pest\Leaf Scald\LS_68.jpg,brri_rice_disease_pest,0.5297660629307863,1,0.5297660629307863,1.009726881980896
data\raw\brri_rice_disease_pest\Leaf Scald\LS_69.jpg,brri_rice_disease_pest,0.5067303333333333,1,0.5067303333333333,1.0146427154541016
data\raw\brri_rice_disease_pest\Leaf Scald\LS_7.jpg,brri_rice_disease_pest,0.10225753928402646,1,0.10225753928402646,1.00661039352417
data\raw\brri_rice_disease_pest\Leaf Scald\LS_70.jpg,brri_rice_disease_pest,0.18503973258071618,1,0.18503973258071618,1.0083091259002686
data\raw\brri_rice_disease_pest\Leaf Scald\LS_71.jpg,brri_rice_disease_pest,0.5052480249453843,1,0.5052480249453843,0.9901447296142578
data\raw\brri_rice_disease_pest\Leaf Scald\LS_72.jpg,brri_rice_disease_pest,0.10060354691075515,1,0.10060354691075515,1.0108286142349243
data\raw\brri_rice_disease_pest\Leaf Scald\LS_73.jpg,brri_rice_disease_pest,0.124216,1,0.124216,1.0088642835617065
data\raw\brri_rice_disease_pest\Leaf Scald\LS_74.jpg,brri_rice_disease_pest,0.9396661109813332,1,0.9396661109813332,0.9966796636581421
data\raw\brri_rice_disease_pest\Leaf Scald\LS_75.jpg,brri_rice_disease_pest,0.9333024351924588,1,0.9333024351924588,1.0008412599563599
data\raw\brri_rice_disease_pest\Leaf Scald\LS_76.jpg,brri_rice_disease_pest,0.1655,1,0.1655,1.0098063945770264
data\raw\brri_rice_disease_pest\Leaf Scald\LS_77.jpg,brri_rice_disease_pest,0.5395460507369447,1,0.5395460507369447,1.0024932622909546
data\raw\brri_rice_disease_pest\Leaf Scald\LS_78.jpg,brri_rice_disease_pest,0.129104,1,0.129104,1.0082131624221802
data\raw\brri_rice_disease_pest\Leaf Scald\LS_79.jpg,brri_rice_disease_pest,0.1273492142119257,1,0.1273492142119257,1.0206842422485352
data\raw\brri_rice_disease_pest\Leaf Scald\LS_8.jpg,brri_rice_disease_pest,0.5520610140054045,1,0.5520610140054045,0.9988574981689453
data\raw\brri_rice_disease_pest\Leaf Scald\LS_80.jpg,brri_rice_disease_pest,0.6302881038211968,1,0.6302881038211968,1.01876962184906
data\raw\brri_rice_disease_pest\Leaf Scald\LS_81.jpg,brri_rice_disease_pest,0.115256,1,0.115256,1.0095504522323608
data\raw\brri_rice_disease_pest\Leaf Scald\LS_82.jpg,brri_rice_disease_pest,0.9330617403488304,1,0.9330617403488304,1.01153564453125
data\raw\brri_rice_disease_pest\Leaf Scald\LS_83.jpg,brri_rice_disease_pest,0.20615823299293806,1,0.20615823299293806,1.0126962661743164
data\raw\brri_rice_disease_pest\Leaf Scald\LS_84.jpg,brri_rice_disease_pest,0.5436383892789587,1,0.5436383892789587,1.0090440511703491
data\raw\brri_rice_disease_pest\Leaf Scald\LS_85.jpg,brri_rice_disease_pest,0.530628504003058,1,0.530628504003058,1.0120642185211182
data\raw\brri_rice_disease_pest\Leaf Scald\LS_86.jpg,brri_rice_disease_pest,0.5652090217844653,1,0.5652090217844653,1.011088252067566
data\raw\brri_rice_disease_pest\Leaf Scald\LS_87.jpg,brri_rice_disease_pest,0.5849410924208412,1,0.5849410924208412,1.0190240144729614
data\raw\brri_rice_disease_pest\Leaf Scald\LS_88.jpg,brri_rice_disease_pest,0.5550609980694,1,0.5550609980694,1.0165742635726929
data\raw\brri_rice_disease_pest\Leaf Scald\LS_89.jpg,brri_rice_disease_pest,0.1341209431873686,1,0.1341209431873686,0.9917449951171875
data\raw\brri_rice_disease_pest\Leaf Scald\LS_9.jpg,brri_rice_disease_pest,0.2004715278947242,1,0.2004715278947242,1.010408878326416
data\raw\brri_rice_disease_pest\Leaf Scald\LS_90.jpg,brri_rice_disease_pest,0.55336,1,0.55336,1.012344479560852
data\raw\brri_rice_disease_pest\Leaf Scald\LS_91.jpg,brri_rice_disease_pest,0.221232,1,0.221232,1.0130178928375244
data\raw\brri_rice_disease_pest\Leaf Scald\LS_92.jpg,brri_rice_disease_pest,0.150679,1,0.150679,1.011319637298584
data\raw\brri_rice_disease_pest\Leaf Scald\LS_93.jpg,brri_rice_disease_pest,0.572684,1,0.572684,1.0053292512893677
data\raw\brri_rice_disease_pest\Leaf Scald\LS_94.jpg,brri_rice_disease_pest,0.5603150650570516,1,0.5603150650570516,1.0040301084518433
data\raw\brri_rice_disease_pest\Leaf Scald\LS_95.jpg,brri_rice_disease_pest,0.24151578561872344,1,0.24151578561872344,1.0094785690307617
data\raw\brri_rice_disease_pest\Leaf Scald\LS_96.jpg,brri_rice_disease_pest,0.216268,1,0.216268,1.0124082565307617
data\raw\brri_rice_disease_pest\Leaf Scald\LS_97.jpg,brri_rice_disease_pest,0.5388866362101552,1,0.5388866362101552,1.0091084241867065
data\raw\brri_rice_disease_pest\Leaf Scald\LS_98.jpg,brri_rice_disease_pest,0.15148,1,0.15148,1.0104312896728516
data\raw\brri_rice_disease_pest\Leaf Scald\LS_99.jpg,brri_rice_disease_pest,0.1446445660079849,1,0.1446445660079849,0.9771043062210083
data\raw\brri_rice_disease_pest\Rice Blast\RB_1.jpg,brri_rice_disease_pest,0.12348695574861555,1,0.12348695574861555,1.0185266733169556
data\raw\brri_rice_disease_pest\Rice Blast\RB_10.jpg,brri_rice_disease_pest,0.19112569645548613,1,0.19112569645548613,1.0043903589248657
data\raw\brri_rice_disease_pest\Rice Blast\RB_100.jpg,brri_rice_disease_pest,0.15961197881189548,1,0.15961197881189548,0.9971297979354858
data\raw\brri_rice_disease_pest\Rice Blast\RB_101.jpg,brri_rice_disease_pest,0.5515541118393199,1,0.5515541118393199,1.021623134613037
data\raw\brri_rice_disease_pest\Rice Blast\RB_102.jpg,brri_rice_disease_pest,0.097618546009508,1,0.097618546009508,1.0059199333190918
data\raw\brri_rice_disease_pest\Rice Blast\RB_103.jpg,brri_rice_disease_pest,0.002028819643135827,1,0.002028819643135827,0.9416285753250122
data\raw\brri_rice_disease_pest\Rice Blast\RB_104.jpg,brri_rice_disease_pest,0.552793930636976,1,0.552793930636976,1.0042608976364136
data\raw\brri_rice_disease_pest\Rice Blast\RB_105.jpg,brri_rice_disease_pest,0.2867049505495436,1,0.2867049505495436,1.0134615898132324
data\raw\brri_rice_disease_pest\Rice Blast\RB_106.jpg,brri_rice_disease_pest,0.7058849234887531,1,0.7058849234887531,1.0099761486053467
data\raw\brri_rice_disease_pest\Rice Blast\RB_107.jpg,brri_rice_disease_pest,0.9002256071228979,1,0.9002256071228979,1.0095480680465698
data\raw\brri_rice_disease_pest\Rice Blast\RB_108.jpg,brri_rice_disease_pest,0.5168905988624958,1,0.5168905988624958,1.0070127248764038
data\raw\brri_rice_disease_pest\Rice Blast\RB_109.jpg,brri_rice_disease_pest,0.5300439228110599,1,0.5300439228110599,1.0099365711212158
data\raw\brri_rice_disease_pest\Rice Blast\RB_11.jpg,brri_rice_disease_pest,0.1895406006445242,1,0.1895406006445242,1.0105457305908203
data\raw\brri_rice_disease_pest\Rice Blast\RB_110.jpg,brri_rice_disease_pest,0.3153466824162983,1,0.3153466824162983,1.010344386100769
data\raw\brri_rice_disease_pest\Rice Blast\RB_111.jpg,brri_rice_disease_pest,0.5429190693322495,1,0.5429190693322495,1.003036618232727
data\raw\brri_rice_disease_pest\Rice Blast\RB_112.jpg,brri_rice_disease_pest,0.10031710951921285,1,0.10031710951921285,0.9989184141159058
data\raw\brri_rice_disease_pest\Rice Blast\RB_113.jpg,brri_rice_disease_pest,0.15871511371911462,1,0.15871511371911462,0.9953542947769165
data\raw\brri_rice_disease_pest\Rice Blast\RB_114.jpg,brri_rice_disease_pest,0.12328161780893834,1,0.12328161780893834,1.009352445602417
data\raw\brri_rice_disease_pest\Rice Blast\RB_115.jpg,brri_rice_disease_pest,0.5278145586716118,1,0.5278145586716118,1.0017178058624268
data\raw\brri_rice_disease_pest\Rice Blast\RB_116.jpg,brri_rice_disease_pest,0.23363991134481532,1,0.23363991134481532,1.035652995109558
data\raw\brri_rice_disease_pest\Rice Blast\RB_117.jpg,brri_rice_disease_pest,0.1060931748376357,1,0.1060931748376357,1.001929759979248
data\raw\brri_rice_disease_pest\Rice Blast\RB_118.jpg,brri_rice_disease_pest,0.10558645163228335,1,0.10558645163228335,0.9693877100944519
data\raw\brri_rice_disease_pest\Rice Blast\RB_119.jpg,brri_rice_disease_pest,0.07415425817677387,1,0.07415425817677387,1.0031061172485352
data\raw\brri_rice_disease_pest\Rice Blast\RB_12.jpg,brri_rice_disease_pest,0.5071852402242205,1,0.5071852402242205,1.0147839784622192
data\raw\brri_rice_disease_pest\Rice Blast\RB_120.jpg,brri_rice_disease_pest,0.171835572998696,1,0.171835572998696,1.0078104734420776
data\raw\brri_rice_disease_pest\Rice Blast\RB_121.jpg,brri_rice_disease_pest,0.15721212467611645,1,0.15721212467611645,1.0074306726455688
data\raw\brri_rice_disease_pest\Rice Blast\RB_122.jpg,brri_rice_disease_pest,0.10977381614706953,1,0.10977381614706953,1.0063709020614624
data\raw\brri_rice_disease_pest\Rice Blast\RB_123.jpg,brri_rice_disease_pest,0.5334073264322684,1,0.5334073264322684,1.0100386142730713
data\raw\brri_rice_disease_pest\Rice Blast\RB_124.jpg,brri_rice_disease_pest,0.5145980456908669,1,0.5145980456908669,1.014620065689087
data\raw\brri_rice_disease_pest\Rice Blast\RB_125.jpg,brri_rice_disease_pest,0.11414460871479619,1,0.11414460871479619,0.9694769382476807
data\raw\brri_rice_disease_pest\Rice Blast\RB_126.jpg,brri_rice_disease_pest,0.49138295102372603,1,0.49138295102372603,0.9585926532745361
data\raw\brri_rice_disease_pest\Rice Blast\RB_127.jpg,brri_rice_disease_pest,0.6605054700333621,1,0.6605054700333621,1.013592004776001
data\raw\brri_rice_disease_pest\Rice Blast\RB_128.jpg,brri_rice_disease_pest,0.09163761240664532,1,0.09163761240664532,1.0032488107681274
data\raw\brri_rice_disease_pest\Rice Blast\RB_129.jpg,brri_rice_disease_pest,0.3409459199139698,1,0.3409459199139698,1.0146440267562866
data\raw\brri_rice_disease_pest\Rice Blast\RB_13.jpg,brri_rice_disease_pest,0.17762208081423903,1,0.17762208081423903,1.0064506530761719
data\raw\brri_rice_disease_pest\Rice Blast\RB_130.jpg,brri_rice_disease_pest,0.093728,1,0.093728,0.9846792221069336
data\raw\brri_rice_disease_pest\Rice Blast\RB_131.jpg,brri_rice_disease_pest,0.1906078316989603,1,0.1906078316989603,1.009109616279602
data\raw\brri_rice_disease_pest\Rice Blast\RB_132.jpg,brri_rice_disease_pest,0.09935298292953183,1,0.09935298292953183,1.0061672925949097
data\raw\brri_rice_disease_pest\Rice Blast\RB_133.jpg,brri_rice_disease_pest,0.5887481234797811,1,0.5887481234797811,1.0110633373260498
data\raw\brri_rice_disease_pest\Rice Blast\RB_134.jpg,brri_rice_disease_pest,0.49263844045611604,1,0.49263844045611604,1.0085170269012451
data\raw\brri_rice_disease_pest\Rice Blast\RB_135.jpg,brri_rice_disease_pest,0.1740953487781334,1,0.1740953487781334,1.0064488649368286
data\raw\brri_rice_disease_pest\Rice Blast\RB_136.jpg,brri_rice_disease_pest,0.929124139948467,1,0.929124139948467,0.9996603727340698
data\raw\brri_rice_disease_pest\Rice Blast\RB_137.jpg,brri_rice_disease_pest,0.5234413050567461,1,0.5234413050567461,1.004555106163025
data\raw\brri_rice_disease_pest\Rice Blast\RB_138.jpg,brri_rice_disease_pest,0.552897540601873,1,0.552897540601873,1.0114641189575195
data\raw\brri_rice_disease_pest\Rice Blast\RB_139.jpg,brri_rice_disease_pest,0.25639722941963455,1,0.25639722941963455,1.015386700630188
data\raw\brri_rice_disease_pest\Rice Blast\RB_14.jpg,brri_rice_disease_pest,0.5071852402242205,1,0.5071852402242205,1.0147839784622192
data\raw\brri_rice_disease_pest\Rice Blast\RB_140.jpg,brri_rice_disease_pest,0.21341174278988637,1,0.21341174278988637,1.0116289854049683
data\raw\brri_rice_disease_pest\Rice Blast\RB_141.jpg,brri_rice_disease_pest,0.5000929479062735,1,0.5000929479062735,0.9935312271118164
data\raw\brri_rice_disease_pest\Rice Blast\RB_142.jpg,brri_rice_disease_pest,0.6050943919456723,1,0.6050943919456723,1.0174620151519775
data\raw\brri_rice_disease_pest\Rice Blast\RB_143.jpg,brri_rice_disease_pest,0.15611041663981856,1,0.15611041663981856,1.0075328350067139
data\raw\brri_rice_disease_pest\Rice Blast\RB_144.jpg,brri_rice_disease_pest,0.5839148090792671,1,0.5839148090792671,1.02815580368042
data\raw\brri_rice_disease_pest\Rice Blast\RB_145.jpg,brri_rice_disease_pest,0.5633933258818947,1,0.5633933258818947,1.0066088438034058
data\raw\brri_rice_disease_pest\Rice Blast\RB_146.jpg,brri_rice_disease_pest,0.1057498327660079,1,0.1057498327660079,1.004427194595337
data\raw\brri_rice_disease_pest\Rice Blast\RB_147.jpg,brri_rice_disease_pest,0.1324427064810581,1,0.1324427064810581,1.0071741342544556
data\raw\brri_rice_disease_pest\Rice Blast\RB_148.jpg,brri_rice_disease_pest,0.13560481487220988,1,0.13560481487220988,1.0117065906524658
data\raw\brri_rice_disease_pest\Rice Blast\RB_149.jpg,brri_rice_disease_pest,0.18569853003437822,1,0.18569853003437822,1.010450005531311
data\raw\brri_rice_disease_pest\Rice Blast\RB_15.jpg,brri_rice_disease_pest,0.11800412731998484,1,0.11800412731998484,1.005528211593628
data\raw\brri_rice_disease_pest\Rice Blast\RB_150.jpg,brri_rice_disease_pest,0.15256529534793137,1,0.15256529534793137,1.0019211769104004
data\raw\brri_rice_disease_pest\Rice Blast\RB_151.jpg,brri_rice_disease_pest,0.630176,1,0.630176,1.0016247034072876
data\raw\brri_rice_disease_pest\Rice Blast\RB_152.jpg,brri_rice_disease_pest,0.510309234703382,1,0.510309234703382,1.001708984375
data\raw\brri_rice_disease_pest\Rice Blast\RB_153.jpg,brri_rice_disease_pest,0.3466409691629956,1,0.3466409691629956,1.0169742107391357
data\raw\brri_rice_disease_pest\Rice Blast\RB_154.jpg,brri_rice_disease_pest,0.31124563164344754,1,0.31124563164344754,1.0143852233886719
data\raw\brri_rice_disease_pest\Rice Blast\RB_155.jpg,brri_rice_disease_pest,0.13032687894799236,1,0.13032687894799236,1.0040634870529175
data\raw\brri_rice_disease_pest\Rice Blast\RB_156.jpg,brri_rice_disease_pest,0.14588267407413355,1,0.14588267407413355,1.0005502700805664
data\raw\brri_rice_disease_pest\Rice Blast\RB_157.jpg,brri_rice_disease_pest,0.10866584319802199,1,0.10866584319802199,1.0021671056747437
data\raw\brri_rice_disease_pest\Rice Blast\RB_158.jpg,brri_rice_disease_pest,0.11797193855950143,1,0.11797193855950143,1.0030509233474731
data\raw\brri_rice_disease_pest\Rice Blast\RB_159.jpg,brri_rice_disease_pest,0.5126390059900698,1,0.5126390059900698,1.0089858770370483
data\raw\brri_rice_disease_pest\Rice Blast\RB_16.jpg,brri_rice_disease_pest,0.9238080085051711,1,0.9238080085051711,1.0162937641143799
data\raw\brri_rice_disease_pest\Rice Blast\RB_160.jpg,brri_rice_disease_pest,0.2069515121047852,1,0.2069515121047852,1.0114834308624268
data\raw\brri_rice_disease_pest\Rice Blast\RB_161.jpg,brri_rice_disease_pest,0.5290304450541076,1,0.5290304450541076,1.0226777791976929
data\raw\brri_rice_disease_pest\Rice Blast\RB_162.jpg,brri_rice_disease_pest,0.20220521304340464,1,0.20220521304340464,1.0065855979919434
data\raw\brri_rice_disease_pest\Rice Blast\RB_163.jpg,brri_rice_disease_pest,0.18548366610780878,1,0.18548366610780878,1.005630373954773
data\raw\brri_rice_disease_pest\Rice Blast\RB_164.jpg,brri_rice_disease_pest,0.17610956578434858,1,0.17610956578434858,1.011620283126831
data\raw\brri_rice_disease_pest\Rice Blast\RB_165.jpg,brri_rice_disease_pest,0.12829935978851606,1,0.12829935978851606,1.0055283308029175
data\raw\brri_rice_disease_pest\Rice Blast\RB_166.jpg,brri_rice_disease_pest,0.94652,1,0.94652,1.0093462467193604
data\raw\brri_rice_disease_pest\Rice Blast\RB_167.jpg,brri_rice_disease_pest,0.521679552990124,1,0.521679552990124,1.010915994644165
data\raw\brri_rice_disease_pest\Rice Blast\RB_168.jpg,brri_rice_disease_pest,0.63873938381683,1,0.63873938381683,1.008865237236023
data\raw\brri_rice_disease_pest\Rice Blast\RB_169.jpg,brri_rice_disease_pest,0.510667253044082,1,0.510667253044082,1.0136772394180298
data\raw\brri_rice_disease_pest\Rice Blast\RB_17.jpg,brri_rice_disease_pest,0.08500200561572403,1,0.08500200561572403,0.9964556694030762
data\raw\brri_rice_disease_pest\Rice Blast\RB_170.jpg,brri_rice_disease_pest,0.5234966891023748,1,0.5234966891023748,1.0267118215560913
data\raw\brri_rice_disease_pest\Rice Blast\RB_171.jpg,brri_rice_disease_pest,0.19800458476607274,1,0.19800458476607274,1.0051103830337524
data\raw\brri_rice_disease_pest\Rice Blast\RB_172.jpg,brri_rice_disease_pest,0.24896166742874562,1,0.24896166742874562,1.012241005897522
data\raw\brri_rice_disease_pest\Rice Blast\RB_173.jpg,brri_rice_disease_pest,0.16771240833883724,1,0.16771240833883724,1.0058274269104004
data\raw\brri_rice_disease_pest\Rice Blast\RB_174.jpg,brri_rice_disease_pest,0.38732080560212706,1,0.38732080560212706,1.010235071182251
data\raw\brri_rice_disease_pest\Rice Blast\RB_175.jpg,brri_rice_disease_pest,0.26782285686463786,1,0.26782285686463786,1.0009210109710693
data\raw\brri_rice_disease_pest\Rice Blast\RB_176.jpg,brri_rice_disease_pest,0.21224136945587563,1,0.21224136945587563,1.0080193281173706
data\raw\brri_rice_disease_pest\Rice Blast\RB_177.jpg,brri_rice_disease_pest,0.1397507260918898,1,0.1397507260918898,1.0082507133483887
data\raw\brri_rice_disease_pest\Rice Blast\RB_178.jpg,brri_rice_disease_pest,0.4512303024526623,1,0.4512303024526623,1.012289047241211
data\raw\brri_rice_disease_pest\Rice Blast\RB_179.jpg,brri_rice_disease_pest,0.5032277218919881,1,0.5032277218919881,1.0176979303359985
data\raw\brri_rice_disease_pest\Rice Blast\RB_18.jpg,brri_rice_disease_pest,0.30465852512320274,1,0.30465852512320274,1.001438856124878
data\raw\brri_rice_disease_pest\Rice Blast\RB_180.jpg,brri_rice_disease_pest,0.1373451391555411,1,0.1373451391555411,1.0100829601287842
data\raw\brri_rice_disease_pest\Rice Blast\RB_181.jpg,brri_rice_disease_pest,0.1879294632423919,1,0.1879294632423919,1.0081504583358765
data\raw\brri_rice_disease_pest\Rice Blast\RB_182.jpg,brri_rice_disease_pest,0.559436,1,0.559436,1.0010349750518799
data\raw\brri_rice_disease_pest\Rice Blast\RB_183.jpg,brri_rice_disease_pest,0.07548445068820889,1,0.07548445068820889,1.0061709880828857
data\raw\brri_rice_disease_pest\Rice Blast\RB_184.jpg,brri_rice_disease_pest,0.5548057669203044,1,0.5548057669203044,1.0017662048339844
data\raw\brri_rice_disease_pest\Rice Blast\RB_185.jpg,brri_rice_disease_pest,0.5053274081694864,1,0.5053274081694864,0.9969542026519775
data\raw\brri_rice_disease_pest\Rice Blast\RB_186.jpg,brri_rice_disease_pest,0.6328118384731325,1,0.6328118384731325,1.01420259475708
data\raw\brri_rice_disease_pest\Rice Blast\RB_187.jpg,brri_rice_disease_pest,0.27042794966891903,1,0.27042794966891903,1.0063639879226685
data\raw\brri_rice_disease_pest\Rice Blast\RB_188.jpg,brri_rice_disease_pest,0.3680640230994598,1,0.3680640230994598,0.9932456016540527
data\raw\brri_rice_disease_pest\Rice Blast\RB_189.jpg,brri_rice_disease_pest,0.5871101225253603,1,0.5871101225253603,1.027363896369934
data\raw\brri_rice_disease_pest\Rice Blast\RB_19.jpg,brri_rice_disease_pest,0.2627875789598469,1,0.2627875789598469,1.0125629901885986
data\raw\brri_rice_disease_pest\Rice Blast\RB_190.jpg,brri_rice_disease_pest,0.13211749987298685,1,0.13211749987298685,0.9867109060287476
data\raw\brri_rice_disease_pest\Rice Blast\RB_191.jpg,brri_rice_disease_pest,0.33827388059069585,1,0.33827388059069585,1.011005163192749
data\raw\brri_rice_disease_pest\Rice Blast\RB_192.jpg,brri_rice_disease_pest,0.13792411810530236,1,0.13792411810530236,1.0050177574157715
data\raw\brri_rice_disease_pest\Rice Blast\RB_193.jpg,brri_rice_disease_pest,0.5898107398093109,1,0.5898107398093109,1.0139291286468506
data\raw\brri_rice_disease_pest\Rice Blast\RB_194.jpg,brri_rice_disease_pest,0.7289076127453471,1,0.7289076127453471,1.0126581192016602
data\raw\brri_rice_disease_pest\Rice Blast\RB_195.jpg,brri_rice_disease_pest,0.20546812816474452,1,0.20546812816474452,1.011779546737671
data\raw\brri_rice_disease_pest\Rice Blast\RB_196.jpg,brri_rice_disease_pest,0.24971448500397975,1,0.24971448500397975,0.9964356422424316
data\raw\brri_rice_disease_pest\Rice Blast\RB_197.jpg,brri_rice_disease_pest,0.2157318498196413,1,0.2157318498196413,1.0118932723999023
data\raw\brri_rice_disease_pest\Rice Blast\RB_198.jpg,brri_rice_disease_pest,0.6514854188893969,1,0.6514854188893969,1.0173355340957642
data\raw\brri_rice_disease_pest\Rice Blast\RB_199.jpg,brri_rice_disease_pest,0.6129912811611539,1,0.6129912811611539,1.0210788249969482
data\raw\brri_rice_disease_pest\Rice Blast\RB_2.jpg,brri_rice_disease_pest,0.11007859997629088,1,0.11007859997629088,1.001374363899231
data\raw\brri_rice_disease_pest\Rice Blast\RB_20.jpg,brri_rice_disease_pest,0.180704,1,0.180704,1.0091943740844727
data\raw\brri_rice_disease_pest\Rice Blast\RB_200.jpg,brri_rice_disease_pest,0.53668,1,0.53668,0.9968380928039551
data\raw\brri_rice_disease_pest\Rice Blast\RB_201.jpg,brri_rice_disease_pest,0.1374409388812681,1,0.1374409388812681,1.0068737268447876
data\raw\brri_rice_disease_pest\Rice Blast\RB_202.jpg,brri_rice_disease_pest,0.23899669130721943,1,0.23899669130721943,1.0071914196014404
data\raw\brri_rice_disease_pest\Rice Blast\RB_203.jpg,brri_rice_disease_pest,0.23969446984707615,1,0.23969446984707615,1.014170527458191
data\raw\brri_rice_disease_pest\Rice Blast\RB_204.jpg,brri_rice_disease_pest,0.5381105628376434,1,0.5381105628376434,1.02475905418396
data\raw\brri_rice_disease_pest\Rice Blast\RB_205.jpg,brri_rice_disease_pest,0.5168268620129045,1,0.5168268620129045,1.0113505125045776
data\raw\brri_rice_disease_pest\Rice Blast\RB_206.jpg,brri_rice_disease_pest,0.23105439973581263,1,0.23105439973581263,1.0055102109909058
data\raw\brri_rice_disease_pest\Rice Blast\RB_207.jpg,brri_rice_disease_pest,0.5849813290656912,1,0.5849813290656912,1.0156135559082031
data\raw\brri_rice_disease_pest\Rice Blast\RB_208.jpg,brri_rice_disease_pest,0.12215316949420807,1,0.12215316949420807,1.008082628250122
data\raw\brri_rice_disease_pest\Rice Blast\RB_209.jpg,brri_rice_disease_pest,0.5369545167339285,1,0.5369545167339285,1.028108835220337
data\raw\brri_rice_disease_pest\Rice Blast\RB_21.jpg,brri_rice_disease_pest,0.3446758730037765,1,0.3446758730037765,1.0137463808059692
data\raw\brri_rice_disease_pest\Rice Blast\RB_210.jpg,brri_rice_disease_pest,0.5501315273511536,1,0.5501315273511536,1.005533218383789
data\raw\brri_rice_disease_pest\Rice Blast\RB_211.jpg,brri_rice_disease_pest,0.5028673544616369,1,0.5028673544616369,1.010849118232727
data\raw\brri_rice_disease_pest\Rice Blast\RB_212.jpg,brri_rice_disease_pest,0.09331445071042693,1,0.09331445071042693,1.004197359085083
data\raw\brri_rice_disease_pest\Rice Blast\RB_213.jpg,brri_rice_disease_pest,0.523217211553117,1,0.523217211553117,1.0043658018112183
data\raw\brri_rice_disease_pest\Rice Blast\RB_214.jpg,brri_rice_disease_pest,0.2539006270216261,1,0.2539006270216261,1.0115875005722046
data\raw\brri_rice_disease_pest\Rice Blast\RB_215.jpg,brri_rice_disease_pest,0.5262214444444444,1,0.5262214444444444,1.003665804862976
data\raw\brri_rice_disease_pest\Rice Blast\RB_216.jpg,brri_rice_disease_pest,0.6753464425482774,1,0.6753464425482774,1.0009956359863281
data\raw\brri_rice_disease_pest\Rice Blast\RB_217.jpg,brri_rice_disease_pest,0.13998252510626769,1,0.13998252510626769,1.009402871131897
data\raw\brri_rice_disease_pest\Rice Blast\RB_218.jpg,brri_rice_disease_pest,0.082704,1,0.082704,1.0027979612350464
data\raw\brri_rice_disease_pest\Rice Blast\RB_219.jpg,brri_rice_disease_pest,0.5863390468085827,1,0.5863390468085827,0.9930547475814819
data\raw\brri_rice_disease_pest\Rice Blast\RB_22.jpg,brri_rice_disease_pest,0.5992795707801994,1,0.5992795707801994,1.007830262184143
data\raw\brri_rice_disease_pest\Rice Blast\RB_220.jpg,brri_rice_disease_pest,0.21545651476251604,1,0.21545651476251604,1.013120174407959
data\raw\brri_rice_disease_pest\Rice Blast\RB_221.jpg,brri_rice_disease_pest,0.5316964915926414,1,0.5316964915926414,0.9926668405532837
data\raw\brri_rice_disease_pest\Rice Blast\RB_222.jpg,brri_rice_disease_pest,0.27679580729563585,1,0.27679580729563585,1.01142418384552
data\raw\brri_rice_disease_pest\Rice Blast\RB_223.jpg,brri_rice_disease_pest,0.18435324899659605,1,0.18435324899659605,1.0054596662521362
data\raw\brri_rice_disease_pest\Rice Blast\RB_224.jpg,brri_rice_disease_pest,0.20213032820200172,1,0.20213032820200172,1.017754316329956
data\raw\brri_rice_disease_pest\Rice Blast\RB_225.jpg,brri_rice_disease_pest,0.2535703928093617,1,0.2535703928093617,1.0065685510635376
data\raw\brri_rice_disease_pest\Rice Blast\RB_226.jpg,brri_rice_disease_pest,0.5391504830733798,1,0.5391504830733798,1.0108107328414917
data\raw\brri_rice_disease_pest\Rice Blast\RB_227.jpg,brri_rice_disease_pest,0.12644556851089772,1,0.12644556851089772,1.0048902034759521
data\raw\brri_rice_disease_pest\Rice Blast\RB_228.jpg,brri_rice_disease_pest,0.23521513912174635,1,0.23521513912174635,1.009244680404663
data\raw\brri_rice_disease_pest\Rice Blast\RB_229.jpg,brri_rice_disease_pest,0.5279678108930993,1,0.5279678108930993,1.0152078866958618
data\raw\brri_rice_disease_pest\Rice Blast\RB_23.jpg,brri_rice_disease_pest,0.14166256447917183,1,0.14166256447917183,1.0112391710281372
data\raw\brri_rice_disease_pest\Rice Blast\RB_230.jpg,brri_rice_disease_pest,0.5209269604800331,1,0.5209269604800331,1.0037568807601929
data\raw\brri_rice_disease_pest\Rice Blast\RB_231.jpg,brri_rice_disease_pest,0.22672192797507154,1,0.22672192797507154,1.0065555572509766
data\raw\brri_rice_disease_pest\Rice Blast\RB_232.jpg,brri_rice_disease_pest,0.13553362461684365,1,0.13553362461684365,1.01189124584198
data\raw\brri_rice_disease_pest\Rice Blast\RB_233.jpg,brri_rice_disease_pest,0.5902558896815947,1,0.5902558896815947,0.9931851625442505
data\raw\brri_rice_disease_pest\Rice Blast\RB_234.jpg,brri_rice_disease_pest,0.20340231206286305,1,0.20340231206286305,0.9832921028137207
data\raw\brri_rice_disease_pest\Rice Blast\RB_235.jpg,brri_rice_disease_pest,0.514403027570323,1,0.514403027570323,1.012066125869751
data\raw\brri_rice_disease_pest\Rice Blast\RB_236.jpg,brri_rice_disease_pest,0.619008,1,0.619008,0.9987157583236694
data\raw\brri_rice_disease_pest\Rice Blast\RB_237.jpg,brri_rice_disease_pest,0.26486027494115055,1,0.26486027494115055,1.0106419324874878
data\raw\brri_rice_disease_pest\Rice Blast\RB_238.jpg,brri_rice_disease_pest,0.2049227654151637,1,0.2049227654151637,1.0090358257293701
data\raw\brri_rice_disease_pest\Rice Blast\RB_239.jpg,brri_rice_disease_pest,0.1849735271871586,1,0.1849735271871586,1.011745810508728
data\raw\brri_rice_disease_pest\Rice Blast\RB_24.jpg,brri_rice_disease_pest,0.18157192543480838,1,0.18157192543480838,1.0073068141937256
data\raw\brri_rice_disease_pest\Rice Blast\RB_240.jpg,brri_rice_disease_pest,0.15325275406865485,1,0.15325275406865485,1.0072453022003174
data\raw\brri_rice_disease_pest\Rice Blast\RB_241.jpg,brri_rice_disease_pest,0.19841519331402732,1,0.19841519331402732,1.012656331062317
data\raw\brri_rice_disease_pest\Rice Blast\RB_242.jpg,brri_rice_disease_pest,0.24051740927026707,1,0.24051740927026707,1.0132166147232056
data\raw\brri_rice_disease_pest\Rice Blast\RB_243.jpg,brri_rice_disease_pest,0.21050340606953546,1,0.21050340606953546,1.0092295408248901
data\raw\brri_rice_disease_pest\Rice Blast\RB_244.jpg,brri_rice_disease_pest,0.23659799488560349,1,0.23659799488560349,1.0093063116073608
data\raw\brri_rice_disease_pest\Rice Blast\RB_245.jpg,brri_rice_disease_pest,0.2768846901431977,1,0.2768846901431977,1.0120086669921875
data\raw\brri_rice_disease_pest\Rice Blast\RB_246.jpg,brri_rice_disease_pest,0.5263613164490508,1,0.5263613164490508,1.0015723705291748
data\raw\brri_rice_disease_pest\Rice Blast\RB_247.jpg,brri_rice_disease_pest,0.15065851030500094,1,0.15065851030500094,1.0058586597442627
data\raw\brri_rice_disease_pest\Rice Blast\RB_248.jpg,brri_rice_disease_pest,0.5023764691188674,1,0.5023764691188674,0.8911193609237671
data\raw\brri_rice_disease_pest\Rice Blast\RB_249.jpg,brri_rice_disease_pest,0.20944337541702654,1,0.20944337541702654,1.0058876276016235
data\raw\brri_rice_disease_pest\Rice Blast\RB_25.jpg,brri_rice_disease_pest,0.627417026265512,1,0.627417026265512,1.0133801698684692
data\raw\brri_rice_disease_pest\Rice Blast\RB_250.jpg,brri_rice_disease_pest,0.23867558128753774,1,0.23867558128753774,1.0066325664520264
data\raw\brri_rice_disease_pest\Rice Blast\RB_251.jpg,brri_rice_disease_pest,0.3272512553133838,1,0.3272512553133838,1.0156031847000122
data\raw\brri_rice_disease_pest\Rice Blast\RB_252.jpg,brri_rice_disease_pest,0.6389654798742971,1,0.6389654798742971,1.0088260173797607
data\raw\brri_rice_disease_pest\Rice Blast\RB_253.jpg,brri_rice_disease_pest,0.16023080407796914,1,0.16023080407796914,1.008098840713501
data\raw\brri_rice_disease_pest\Rice Blast\RB_254.jpg,brri_rice_disease_pest,0.7957695943807055,1,0.7957695943807055,1.0110994577407837
data\raw\brri_rice_disease_pest\Rice Blast\RB_255.jpg,brri_rice_disease_pest,0.24370173499974598,1,0.24370173499974598,1.009304404258728
data\raw\brri_rice_disease_pest\Rice Blast\RB_256.jpg,brri_rice_disease_pest,0.5457378911666917,1,0.5457378911666917,1.0027204751968384
data\raw\brri_rice_disease_pest\Rice Blast\RB_257.jpg,brri_rice_disease_pest,0.15473325119815745,1,0.15473325119815745,1.0054466724395752
data\raw\brri_rice_disease_pest\Rice Blast\RB_258.jpg,brri_rice_disease_pest,0.6017672966017841,1,0.6017672966017841,1.0045160055160522
data\raw\brri_rice_disease_pest\Rice Blast\RB_259.jpg,brri_rice_disease_pest,0.11445962034657775,1,0.11445962034657775,1.0034024715423584
data\raw\brri_rice_disease_pest\Rice Blast\RB_26.jpg,brri_rice_disease_pest,0.14355738104076607,1,0.14355738104076607,1.0042574405670166
data\raw\brri_rice_disease_pest\Rice Blast\RB_260.jpg,brri_rice_disease_pest,0.24668628287774308,1,0.24668628287774308,1.009752869606018
data\raw\brri_rice_disease_pest\Rice Blast\RB_261.jpg,brri_rice_disease_pest,0.5506621090111602,1,0.5506621090111602,1.018026351928711
data\raw\brri_rice_disease_pest\Rice Blast\RB_262.jpg,brri_rice_disease_pest,0.16685374646480042,1,0.16685374646480042,1.0052998065948486
data\raw\brri_rice_disease_pest\Rice Blast\RB_263.jpg,brri_rice_disease_pest,0.3269887614523531,1,0.3269887614523531,1.0071721076965332
data\raw\brri_rice_disease_pest\Rice Blast\RB_264.jpg,brri_rice_disease_pest,0.5029487124491843,1,0.5029487124491843,1.0069916248321533
data\raw\brri_rice_disease_pest\Rice Blast\RB_265.jpg,brri_rice_disease_pest,0.17491189616640881,1,0.17491189616640881,1.0110396146774292
data\raw\brri_rice_disease_pest\Rice Blast\RB_266.jpg,brri_rice_disease_pest,0.2014496885432339,1,0.2014496885432339,1.0082154273986816
data\raw\brri_rice_disease_pest\Rice Blast\RB_267.jpg,brri_rice_disease_pest,0.2193633677115616,1,0.2193633677115616,1.010535717010498
data\raw\brri_rice_disease_pest\Rice Blast\RB_268.jpg,brri_rice_disease_pest,0.5268376157936628,1,0.5268376157936628,1.0096458196640015
data\raw\brri_rice_disease_pest\Rice Blast\RB_269.jpg,brri_rice_disease_pest,0.5441476133172884,1,0.5441476133172884,0.9986000061035156
data\raw\brri_rice_disease_pest\Rice Blast\RB_27.jpg,brri_rice_disease_pest,0.3335725414486274,1,0.3335725414486274,1.0111671686172485
data\raw\brri_rice_disease_pest\Rice Blast\RB_270.jpg,brri_rice_disease_pest,0.5825493224530347,1,0.5825493224530347,0.9956614971160889
data\raw\brri_rice_disease_pest\Rice Blast\RB_271.jpg,brri_rice_disease_pest,0.09906841140408813,1,0.09906841140408813,1.0077542066574097
data\raw\brri_rice_disease_pest\Rice Blast\RB_272.jpg,brri_rice_disease_pest,0.19160040813561618,1,0.19160040813561618,1.008752465248108
data\raw\brri_rice_disease_pest\Rice Blast\RB_273.jpg,brri_rice_disease_pest,0.12261870286196346,1,0.12261870286196346,1.006304144859314
data\raw\brri_rice_disease_pest\Rice Blast\RB_274.jpg,brri_rice_disease_pest,0.6141832488672201,1,0.6141832488672201,1.0076295137405396
data\raw\brri_rice_disease_pest\Rice Blast\RB_275.jpg,brri_rice_disease_pest,0.506315332393436,1,0.506315332393436,1.001471757888794
data\raw\brri_rice_disease_pest\Rice Blast\RB_276.jpg,brri_rice_disease_pest,0.5706219622686244,1,0.5706219622686244,1.0096555948257446
data\raw\brri_rice_disease_pest\Rice Blast\RB_277.jpg,brri_rice_disease_pest,0.20783270816019406,1,0.20783270816019406,1.0149424076080322
data\raw\brri_rice_disease_pest\Rice Blast\RB_278.jpg,brri_rice_disease_pest,0.13785082092838152,1,0.13785082092838152,1.0135775804519653
data\raw\brri_rice_disease_pest\Rice Blast\RB_279.jpg,brri_rice_disease_pest,0.15879343850022862,1,0.15879343850022862,1.0138647556304932
data\raw\brri_rice_disease_pest\Rice Blast\RB_28.jpg,brri_rice_disease_pest,0.24141496892411388,1,0.24141496892411388,1.012758731842041
data\raw\brri_rice_disease_pest\Rice Blast\RB_280.jpg,brri_rice_disease_pest,0.54448,1,0.54448,1.0039035081863403
data\raw\brri_rice_disease_pest\Rice Blast\RB_281.jpg,brri_rice_disease_pest,0.18236231773611747,1,0.18236231773611747,1.0146660804748535
data\raw\brri_rice_disease_pest\Rice Blast\RB_282.jpg,brri_rice_disease_pest,0.545180697386916,1,0.545180697386916,1.021545648574829
data\raw\brri_rice_disease_pest\Rice Blast\RB_283.jpg,brri_rice_disease_pest,0.5444199366591047,1,0.5444199366591047,1.007110357284546
data\raw\brri_rice_disease_pest\Rice Blast\RB_284.jpg,brri_rice_disease_pest,0.257359883317245,1,0.257359883317245,1.0143201351165771
data\raw\brri_rice_disease_pest\Rice Blast\RB_285.jpg,brri_rice_disease_pest,0.5441476133172884,1,0.5441476133172884,0.9986000061035156
data\raw\brri_rice_disease_pest\Rice Blast\RB_286.jpg,brri_rice_disease_pest,0.22945985537435012,1,0.22945985537435012,1.013506293296814
data\raw\brri_rice_disease_pest\Rice Blast\RB_287.jpg,brri_rice_disease_pest,0.2109643579908212,1,0.2109643579908212,1.0122618675231934
data\raw\brri_rice_disease_pest\Rice Blast\RB_288.jpg,brri_rice_disease_pest,0.16610675032600045,1,0.16610675032600045,1.0097119808197021
data\raw\brri_rice_disease_pest\Rice Blast\RB_289.jpg,brri_rice_disease_pest,0.06937872178538512,1,0.06937872178538512,0.9982724189758301
data\raw\brri_rice_disease_pest\Rice Blast\RB_29.jpg,brri_rice_disease_pest,0.1532879761162276,1,0.1532879761162276,0.9987925291061401
data\raw\brri_rice_disease_pest\Rice Blast\RB_290.jpg,brri_rice_disease_pest,0.0007816601466578604,1,0.0007816601466578604,0.9353654384613037
data\raw\brri_rice_disease_pest\Rice Blast\RB_291.jpg,brri_rice_disease_pest,0.6866112979171131,1,0.6866112979171131,1.0042744874954224
data\raw\brri_rice_disease_pest\Rice Blast\RB_292.jpg,brri_rice_disease_pest,0.6572523455096615,1,0.6572523455096615,1.0027717351913452
data\raw\brri_rice_disease_pest\Rice Blast\RB_293.jpg,brri_rice_disease_pest,0.5966447518412419,1,0.5966447518412419,1.0065044164657593
data\raw\brri_rice_disease_pest\Rice Blast\RB_294.jpg,brri_rice_disease_pest,0.5724977878541551,1,0.5724977878541551,1.011164903640747
data\raw\brri_rice_disease_pest\Rice Blast\RB_295.jpg,brri_rice_disease_pest,0.3099617247921225,1,0.3099617247921225,1.0023839473724365
data\raw\brri_rice_disease_pest\Rice Blast\RB_296.jpg,brri_rice_disease_pest,0.5748720590688846,1,0.5748720590688846,0.9878091812133789
data\raw\brri_rice_disease_pest\Rice Blast\RB_297.jpg,brri_rice_disease_pest,0.7004217084818882,1,0.7004217084818882,0.9995870590209961
data\raw\brri_rice_disease_pest\Rice Blast\RB_298.jpg,brri_rice_disease_pest,0.5017488345771981,1,0.5017488345771981,1.004945993423462
data\raw\brri_rice_disease_pest\Rice Blast\RB_299.jpg,brri_rice_disease_pest,0.25701483090314825,1,0.25701483090314825,1.0136809349060059
data\raw\brri_rice_disease_pest\Rice Blast\RB_3.jpg,brri_rice_disease_pest,0.14868795407204186,1,0.14868795407204186,1.0063239336013794
data\raw\brri_rice_disease_pest\Rice Blast\RB_30.jpg,brri_rice_disease_pest,0.5291276284683339,1,0.5291276284683339,1.0011054277420044
data\raw\brri_rice_disease_pest\Rice Blast\RB_300.jpg,brri_rice_disease_pest,0.544096,1,0.544096,1.0027810335159302
data\raw\brri_rice_disease_pest\Rice Blast\RB_301.jpg,brri_rice_disease_pest,0.00022253763823265423,1,0.00022253763823265423,0.9152426719665527
data\raw\brri_rice_disease_pest\Rice Blast\RB_302.jpg,brri_rice_disease_pest,0.5989900555117946,1,0.5989900555117946,1.0079373121261597
data\raw\brri_rice_disease_pest\Rice Blast\RB_303.jpg,brri_rice_disease_pest,0.2680639426841276,1,0.2680639426841276,1.0125653743743896
data\raw\brri_rice_disease_pest\Rice Blast\RB_304.jpg,brri_rice_disease_pest,0.23872758217751358,1,0.23872758217751358,1.0118869543075562
data\raw\brri_rice_disease_pest\Rice Blast\RB_305.jpg,brri_rice_disease_pest,0.2176359887551017,1,0.2176359887551017,1.0113598108291626
data\raw\brri_rice_disease_pest\Rice Blast\RB_306.jpg,brri_rice_disease_pest,0.2363894816169622,1,0.2363894816169622,1.010847806930542
data\raw\brri_rice_disease_pest\Rice Blast\RB_307.jpg,brri_rice_disease_pest,0.1621034543345357,1,0.1621034543345357,1.007165551185608
data\raw\brri_rice_disease_pest\Rice Blast\RB_308.jpg,brri_rice_disease_pest,0.16070046281723965,1,0.16070046281723965,1.005277395248413
data\raw\brri_rice_disease_pest\Rice Blast\RB_309.jpg,brri_rice_disease_pest,0.114530675794679,1,0.114530675794679,1.0068403482437134
data\raw\brri_rice_disease_pest\Rice Blast\RB_31.jpg,brri_rice_disease_pest,0.17080306186387575,1,0.17080306186387575,1.008891224861145
data\raw\brri_rice_disease_pest\Rice Blast\RB_310.jpg,brri_rice_disease_pest,0.24279068019780184,1,0.24279068019780184,1.010472059249878
data\raw\brri_rice_disease_pest\Rice Blast\RB_311.jpg,brri_rice_disease_pest,0.2261453411573439,1,0.2261453411573439,1.0119937658309937
data\raw\brri_rice_disease_pest\Rice Blast\RB_312.jpg,brri_rice_disease_pest,0.21665375366221273,1,0.21665375366221273,1.011519193649292
data\raw\brri_rice_disease_pest\Rice Blast\RB_313.jpg,brri_rice_disease_pest,0.2588792782265576,1,0.2588792782265576,1.005850076675415
data\raw\brri_rice_disease_pest\Rice Blast\RB_314.jpg,brri_rice_disease_pest,0.19995046486816034,1,0.19995046486816034,0.9749041795730591
data\raw\brri_rice_disease_pest\Rice Blast\RB_315.jpg,brri_rice_disease_pest,0.20961166785212282,1,0.20961166785212282,1.0107430219650269
data\raw\brri_rice_disease_pest\Rice Blast\RB_316.jpg,brri_rice_disease_pest,0.945716,1,0.945716,0.9991357326507568
data\raw\brri_rice_disease_pest\Rice Blast\RB_317.jpg,brri_rice_disease_pest,0.5793176006367593,1,0.5793176006367593,1.0108400583267212
data\raw\brri_rice_disease_pest\Rice Blast\RB_318.jpg,brri_rice_disease_pest,0.1075236387198724,1,0.1075236387198724,1.0129505395889282
data\raw\brri_rice_disease_pest\Rice Blast\RB_319.jpg,brri_rice_disease_pest,0.2401765906281224,1,0.2401765906281224,1.0100539922714233
data\raw\brri_rice_disease_pest\Rice Blast\RB_32.jpg,brri_rice_disease_pest,0.494944,1,0.494944,1.0141860246658325
data\raw\brri_rice_disease_pest\Rice Blast\RB_320.jpg,brri_rice_disease_pest,0.45274734913457043,1,0.45274734913457043,1.0025627613067627
data\raw\brri_rice_disease_pest\Rice Blast\RB_321.jpg,brri_rice_disease_pest,0.5344655497976257,1,0.5344655497976257,1.029964566230774
data\raw\brri_rice_disease_pest\Rice Blast\RB_322.jpg,brri_rice_disease_pest,0.502443911842542,1,0.502443911842542,1.002008080482483
data\raw\brri_rice_disease_pest\Rice Blast\RB_323.jpg,brri_rice_disease_pest,0.25457538442649325,1,0.25457538442649325,1.0077683925628662
data\raw\brri_rice_disease_pest\Rice Blast\RB_324.jpg,brri_rice_disease_pest,0.15094190841504512,1,0.15094190841504512,1.0079569816589355
data\raw\brri_rice_disease_pest\Rice Blast\RB_325.jpg,brri_rice_disease_pest,0.5894148821317888,1,0.5894148821317888,1.0088633298873901
data\raw\brri_rice_disease_pest\Rice Blast\RB_326.jpg,brri_rice_disease_pest,0.15562763552304018,1,0.15562763552304018,1.006288766860962
data\raw\brri_rice_disease_pest\Rice Blast\RB_327.jpg,brri_rice_disease_pest,0.5207253721485546,1,0.5207253721485546,1.0251878499984741
data\raw\brri_rice_disease_pest\Rice Blast\RB_328.jpg,brri_rice_disease_pest,0.11063216565902895,1,0.11063216565902895,1.0025168657302856
data\raw\brri_rice_disease_pest\Rice Blast\RB_329.jpg,brri_rice_disease_pest,0.5654009276194347,1,0.5654009276194347,1.0109935998916626
data\raw\brri_rice_disease_pest\Rice Blast\RB_33.jpg,brri_rice_disease_pest,0.14758532108926484,1,0.14758532108926484,1.0019645690917969
data\raw\brri_rice_disease_pest\Rice Blast\RB_330.jpg,brri_rice_disease_pest,0.5864020241663703,1,0.5864020241663703,1.0104255676269531
data\raw\brri_rice_disease_pest\Rice Blast\RB_331.jpg,brri_rice_disease_pest,0.24949856263442227,1,0.24949856263442227,1.0098462104797363
data\raw\brri_rice_disease_pest\Rice Blast\RB_332.jpg,brri_rice_disease_pest,0.6141486430461669,1,0.6141486430461669,0.9830154180526733
data\raw\brri_rice_disease_pest\Rice Blast\RB_333.jpg,brri_rice_disease_pest,0.959304,1,0.959304,1.0000438690185547
data\raw\brri_rice_disease_pest\Rice Blast\RB_334.jpg,brri_rice_disease_pest,0.14701455570797134,1,0.14701455570797134,1.0040006637573242
data\raw\brri_rice_disease_pest\Rice Blast\RB_335.jpg,brri_rice_disease_pest,0.34726323688800825,1,0.34726323688800825,1.0086342096328735
data\raw\brri_rice_disease_pest\Rice Blast\RB_336.jpg,brri_rice_disease_pest,0.1420184401937374,1,0.1420184401937374,1.0064646005630493
data\raw\brri_rice_disease_pest\Rice Blast\RB_337.jpg,brri_rice_disease_pest,0.1256333041910868,1,0.1256333041910868,1.0047848224639893
data\raw\brri_rice_disease_pest\Rice Blast\RB_338.jpg,brri_rice_disease_pest,0.10462656014496435,1,0.10462656014496435,0.9953948259353638
data\raw\brri_rice_disease_pest\Rice Blast\RB_339.jpg,brri_rice_disease_pest,0.1579775787431535,1,0.1579775787431535,1.008544921875
data\raw\brri_rice_disease_pest\Rice Blast\RB_34.jpg,brri_rice_disease_pest,0.2630000613896933,1,0.2630000613896933,1.013042688369751
data\raw\brri_rice_disease_pest\Rice Blast\RB_340.jpg,brri_rice_disease_pest,0.5396529788819455,1,0.5396529788819455,1.003213882446289
data\raw\brri_rice_disease_pest\Rice Blast\RB_341.jpg,brri_rice_disease_pest,0.557696521109587,1,0.557696521109587,1.0088856220245361
data\raw\brri_rice_disease_pest\Rice Blast\RB_342.jpg,brri_rice_disease_pest,0.5959362139917695,1,0.5959362139917695,1.010321021080017
data\raw\brri_rice_disease_pest\Rice Blast\RB_343.jpg,brri_rice_disease_pest,0.25441476570306015,1,0.25441476570306015,1.0117344856262207
data\raw\brri_rice_disease_pest\Rice Blast\RB_344.jpg,brri_rice_disease_pest,0.20421361987337516,1,0.20421361987337516,1.0050393342971802
data\raw\brri_rice_disease_pest\Rice Blast\RB_345.jpg,brri_rice_disease_pest,0.2700887186912564,1,0.2700887186912564,0.9987478256225586
data\raw\brri_rice_disease_pest\Rice Blast\RB_346.jpg,brri_rice_disease_pest,0.2255790741587495,1,0.2255790741587495,1.0140875577926636
data\raw\brri_rice_disease_pest\Rice Blast\RB_347.jpg,brri_rice_disease_pest,0.1815012743653576,1,0.1815012743653576,1.0089014768600464
data\raw\brri_rice_disease_pest\Rice Blast\RB_348.jpg,brri_rice_disease_pest,0.5157733765802222,1,0.5157733765802222,1.0064570903778076
data\raw\brri_rice_disease_pest\Rice Blast\RB_349.jpg,brri_rice_disease_pest,0.5346841034595801,1,0.5346841034595801,0.9987616539001465
data\raw\brri_rice_disease_pest\Rice Blast\RB_35.jpg,brri_rice_disease_pest,0.2023224356043286,1,0.2023224356043286,0.9979699850082397
data\raw\brri_rice_disease_pest\Rice Blast\RB_350.jpg,brri_rice_disease_pest,0.5162817638740707,1,0.5162817638740707,1.0141624212265015
data\raw\brri_rice_disease_pest\Rice Blast\RB_351.jpg,brri_rice_disease_pest,0.115192,1,0.115192,0.9974247217178345
data\raw\brri_rice_disease_pest\Rice Blast\RB_352.jpg,brri_rice_disease_pest,0.22961729876881912,1,0.22961729876881912,1.0076353549957275
data\raw\brri_rice_disease_pest\Rice Blast\RB_353.jpg,brri_rice_disease_pest,0.5830265072396171,1,0.5830265072396171,0.99658203125
data\raw\brri_rice_disease_pest\Rice Blast\RB_354.jpg,brri_rice_disease_pest,0.24734621881826957,1,0.24734621881826957,1.0126664638519287
data\raw\brri_rice_disease_pest\Rice Blast\RB_355.jpg,brri_rice_disease_pest,0.6177058540689987,1,0.6177058540689987,0.9999274015426636
data\raw\brri_rice_disease_pest\Rice Blast\RB_356.jpg,brri_rice_disease_pest,0.5683005321851344,1,0.5683005321851344,1.0114564895629883
data\raw\brri_rice_disease_pest\Rice Blast\RB_357.jpg,brri_rice_disease_pest,0.155855994597707,1,0.155855994597707,0.9943917393684387
data\raw\brri_rice_disease_pest\Rice Blast\RB_358.jpg,brri_rice_disease_pest,0.17340859315183135,1,0.17340859315183135,1.0136544704437256
data\raw\brri_rice_disease_pest\Rice Blast\RB_359.jpg,brri_rice_disease_pest,0.0563264668196003,1,0.0563264668196003,0.9991538524627686
data\raw\brri_rice_disease_pest\Rice Blast\RB_36.jpg,brri_rice_disease_pest,0.23713083535963814,1,0.23713083535963814,1.0016162395477295
data\raw\brri_rice_disease_pest\Rice Blast\RB_360.jpg,brri_rice_disease_pest,0.17159715871564293,1,0.17159715871564293,0.9915100336074829
data\raw\brri_rice_disease_pest\Rice Blast\RB_361.jpg,brri_rice_disease_pest,0.21993386848210808,1,0.21993386848210808,0.993270993232727
data\raw\brri_rice_disease_pest\Rice Blast\RB_362.jpg,brri_rice_disease_pest,0.17492622652373452,1,0.17492622652373452,1.007512092590332
data\raw\brri_rice_disease_pest\Rice Blast\RB_363.jpg,brri_rice_disease_pest,0.5108752281924955,1,0.5108752281924955,1.0057356357574463
data\raw\brri_rice_disease_pest\Rice Blast\RB_364.jpg,brri_rice_disease_pest,0.5560406764812502,1,0.5560406764812502,1.0011571645736694
data\raw\brri_rice_disease_pest\Rice Blast\RB_365.jpg,brri_rice_disease_pest,0.2865324243424952,1,0.2865324243424952,1.0140591859817505
data\raw\brri_rice_disease_pest\Rice Blast\RB_366.jpg,brri_rice_disease_pest,0.5881590770514425,1,0.5881590770514425,0.9908703565597534
data\raw\brri_rice_disease_pest\Rice Blast\RB_367.jpg,brri_rice_disease_pest,0.5317562003590238,1,0.5317562003590238,1.0279685258865356
data\raw\brri_rice_disease_pest\Rice Blast\RB_368.jpg,brri_rice_disease_pest,0.1878347325949635,1,0.1878347325949635,1.0123438835144043
data\raw\brri_rice_disease_pest\Rice Blast\RB_369.jpg,brri_rice_disease_pest,0.12187033333333333,1,0.12187033333333333,0.9995424747467041
data\raw\brri_rice_disease_pest\Rice Blast\RB_37.jpg,brri_rice_disease_pest,0.18861374663415129,1,0.18861374663415129,0.97296142578125
data\raw\brri_rice_disease_pest\Rice Blast\RB_370.jpg,brri_rice_disease_pest,0.11881631145319989,1,0.11881631145319989,1.0059658288955688
data\raw\brri_rice_disease_pest\Rice Blast\RB_371.jpg,brri_rice_disease_pest,0.8533764822365955,1,0.8533764822365955,0.9972034692764282
data\raw\brri_rice_disease_pest\Rice Blast\RB_372.jpg,brri_rice_disease_pest,0.12110413597182001,1,0.12110413597182001,1.006152868270874
data\raw\brri_rice_disease_pest\Rice Blast\RB_373.jpg,brri_rice_disease_pest,0.9282797685417651,1,0.9282797685417651,0.9998352527618408
data\raw\brri_rice_disease_pest\Rice Blast\RB_374.jpg,brri_rice_disease_pest,0.00016295565107290417,1,0.00016295565107290417,0.9189504384994507
data\raw\brri_rice_disease_pest\Rice Blast\RB_375.jpg,brri_rice_disease_pest,0.20069375645650223,1,0.20069375645650223,1.0112062692642212
data\raw\brri_rice_disease_pest\Rice Blast\RB_376.jpg,brri_rice_disease_pest,0.2157804024766741,1,0.2157804024766741,1.0113649368286133
data\raw\brri_rice_disease_pest\Rice Blast\RB_377.jpg,brri_rice_disease_pest,0.23998898160849463,1,0.23998898160849463,1.011589527130127
data\raw\brri_rice_disease_pest\Rice Blast\RB_378.jpg,brri_rice_disease_pest,0.09553188877034327,1,0.09553188877034327,1.0007296800613403
data\raw\brri_rice_disease_pest\Rice Blast\RB_379.jpg,brri_rice_disease_pest,0.5276195405510677,1,0.5276195405510677,1.025403618812561
data\raw\brri_rice_disease_pest\Rice Blast\RB_38.jpg,brri_rice_disease_pest,0.5140761176249294,1,0.5140761176249294,0.9978264570236206
data\raw\brri_rice_disease_pest\Rice Blast\RB_380.jpg,brri_rice_disease_pest,0.14472048654849973,1,0.14472048654849973,1.0059800148010254
data\raw\brri_rice_disease_pest\Rice Blast\RB_381.jpg,brri_rice_disease_pest,0.6260708980689711,1,0.6260708980689711,1.0016838312149048
data\raw\brri_rice_disease_pest\Rice Blast\RB_382.jpg,brri_rice_disease_pest,0.5525249632635278,1,0.5525249632635278,1.0049036741256714
data\raw\brri_rice_disease_pest\Rice Blast\RB_383.jpg,brri_rice_disease_pest,0.7399411111111112,1,0.7399411111111112,1.011111855506897
data\raw\brri_rice_disease_pest\Rice Blast\RB_384.jpg,brri_rice_disease_pest,0.1048314606741573,1,0.1048314606741573,1.0067940950393677
data\raw\brri_rice_disease_pest\Rice Blast\RB_385.jpg,brri_rice_disease_pest,0.22448702560585276,1,0.22448702560585276,1.0065619945526123
data\raw\brri_rice_disease_pest\Rice Blast\RB_386.jpg,brri_rice_disease_pest,0.245304,1,0.245304,1.0118885040283203
data\raw\brri_rice_disease_pest\Rice Blast\RB_387.jpg,brri_rice_disease_pest,0.5077415423041706,1,0.5077415423041706,1.0121971368789673
data\raw\brri_rice_disease_pest\Rice Blast\RB_388.jpg,brri_rice_disease_pest,0.14267652712154313,1,0.14267652712154313,1.0069879293441772
data\raw\brri_rice_disease_pest\Rice Blast\RB_389.jpg,brri_rice_disease_pest,0.5044420206100019,1,0.5044420206100019,1.0031179189682007
data\raw\brri_rice_disease_pest\Rice Blast\RB_39.jpg,brri_rice_disease_pest,0.5013725839425103,1,0.5013725839425103,0.9810872077941895
data\raw\brri_rice_disease_pest\Rice Blast\RB_390.jpg,brri_rice_disease_pest,0.522828762976511,1,0.522828762976511,1.030761957168579
data\raw\brri_rice_disease_pest\Rice Blast\RB_391.jpg,brri_rice_disease_pest,0.5193564517736886,1,0.5193564517736886,1.0038049221038818
data\raw\brri_rice_disease_pest\Rice Blast\RB_392.jpg,brri_rice_disease_pest,0.15861306433866965,1,0.15861306433866965,1.0109838247299194
data\raw\brri_rice_disease_pest\Rice Blast\RB_393.jpg,brri_rice_disease_pest,0.9182440031860263,1,0.9182440031860263,1.0008108615875244
data\raw\brri_rice_disease_pest\Rice Blast\RB_394.jpg,brri_rice_disease_pest,0.2474988277557892,1,0.2474988277557892,1.0046027898788452
data\raw\brri_rice_disease_pest\Rice Blast\RB_395.jpg,brri_rice_disease_pest,0.2695631316868947,1,0.2695631316868947,1.0131014585494995
data\raw\brri_rice_disease_pest\Rice Blast\RB_396.jpg,brri_rice_disease_pest,0.31178697555577256,1,0.31178697555577256,1.0059735774993896
data\raw\brri_rice_disease_pest\Rice Blast\RB_397.jpg,brri_rice_disease_pest,0.11098872950819672,1,0.11098872950819672,0.960199236869812
data\raw\brri_rice_disease_pest\Rice Blast\RB_398.jpg,brri_rice_disease_pest,0.17472300547003336,1,0.17472300547003336,1.011777639389038
data\raw\brri_rice_disease_pest\Rice Blast\RB_399.jpg,brri_rice_disease_pest,0.5025500926719045,1,0.5025500926719045,1.0016783475875854
data\raw\brri_rice_disease_pest\Rice Blast\RB_4.jpg,brri_rice_disease_pest,0.5446086792187264,1,0.5446086792187264,1.0213310718536377
data\raw\brri_rice_disease_pest\Rice Blast\RB_40.jpg,brri_rice_disease_pest,0.19928258734271537,1,0.19928258734271537,1.010499119758606
data\raw\brri_rice_disease_pest\Rice Blast\RB_400.jpg,brri_rice_disease_pest,0.26950604582634763,1,0.26950604582634763,1.0091363191604614
data\raw\brri_rice_disease_pest\Rice Blast\RB_401.jpg,brri_rice_disease_pest,0.26523311148368306,1,0.26523311148368306,1.0067600011825562
data\raw\brri_rice_disease_pest\Rice Blast\RB_402.jpg,brri_rice_disease_pest,0.098956,1,0.098956,1.001383900642395
data\raw\brri_rice_disease_pest\Rice Blast\RB_403.jpg,brri_rice_disease_pest,0.626925043184474,1,0.626925043184474,1.010400652885437
data\raw\brri_rice_disease_pest\Rice Blast\RB_404.jpg,brri_rice_disease_pest,0.06701729383270322,1,0.06701729383270322,0.9917083978652954
data\raw\brri_rice_disease_pest\Rice Blast\RB_405.jpg,brri_rice_disease_pest,0.26221385683459986,1,0.26221385683459986,1.0048573017120361
data\raw\brri_rice_disease_pest\Rice Blast\RB_406.jpg,brri_rice_disease_pest,0.5520306823384333,1,0.5520306823384333,1.0015801191329956
data\raw\brri_rice_disease_pest\Rice Blast\RB_407.jpg,brri_rice_disease_pest,0.1114656560137051,1,0.1114656560137051,1.0052778720855713
data\raw\brri_rice_disease_pest\Rice Blast\RB_408.jpg,brri_rice_disease_pest,0.0723978486088138,1,0.0723978486088138,0.9935024976730347
data\raw\brri_rice_disease_pest\Rice Blast\RB_409.jpg,brri_rice_disease_pest,0.5590748049421057,1,0.5590748049421057,1.0010342597961426
data\raw\brri_rice_disease_pest\Rice Blast\RB_41.jpg,brri_rice_disease_pest,0.18233400438618774,1,0.18233400438618774,1.0017513036727905
data\raw\brri_rice_disease_pest\Rice Blast\RB_410.jpg,brri_rice_disease_pest,0.6273561868794933,1,0.6273561868794933,1.0037964582443237
data\raw\brri_rice_disease_pest\Rice Blast\RB_411.jpg,brri_rice_disease_pest,0.5082015913552421,1,0.5082015913552421,0.9689631462097168
data\raw\brri_rice_disease_pest\Rice Blast\RB_412.jpg,brri_rice_disease_pest,0.3235125700689258,1,0.3235125700689258,1.012996792793274
data\raw\brri_rice_disease_pest\Rice Blast\RB_413.jpg,brri_rice_disease_pest,0.5407498265437606,1,0.5407498265437606,0.9983150959014893
data\raw\brri_rice_disease_pest\Rice Blast\RB_414.jpg,brri_rice_disease_pest,0.5085468833072424,1,0.5085468833072424,1.002182126045227
data\raw\brri_rice_disease_pest\Rice Blast\RB_415.jpg,brri_rice_disease_pest,0.6148152865841385,1,0.6148152865841385,0.9944149851799011
data\raw\brri_rice_disease_pest\Rice Blast\RB_416.jpg,brri_rice_disease_pest,0.15797552668123085,1,0.15797552668123085,1.0094852447509766
data\raw\brri_rice_disease_pest\Rice Blast\RB_417.jpg,brri_rice_disease_pest,0.863052,1,0.863052,1.0047403573989868
data\raw\brri_rice_disease_pest\Rice Blast\RB_418.jpg,brri_rice_disease_pest,0.32825836381649137,1,0.32825836381649137,1.015025019645691
data\raw\brri_rice_disease_pest\Rice Blast\RB_419.jpg,brri_rice_disease_pest,0.534212,1,0.534212,0.9990037679672241
data\raw\brri_rice_disease_pest\Rice Blast\RB_42.jpg,brri_rice_disease_pest,0.5529495056501771,1,0.5529495056501771,0.9947828054428101
data\raw\brri_rice_disease_pest\Rice Blast\RB_420.jpg,brri_rice_disease_pest,0.5716050963132056,1,0.5716050963132056,0.9923882484436035
data\raw\brri_rice_disease_pest\Rice Blast\RB_421.jpg,brri_rice_disease_pest,0.6359761748286862,1,0.6359761748286862,1.0135998725891113
data\raw\brri_rice_disease_pest\Rice Blast\RB_422.jpg,brri_rice_disease_pest,0.5267457439227906,1,0.5267457439227906,1.0097360610961914
data\raw\brri_rice_disease_pest\Rice Blast\RB_423.jpg,brri_rice_disease_pest,0.20805549204897628,1,0.20805549204897628,1.0045610666275024
data\raw\brri_rice_disease_pest\Rice Blast\RB_424.jpg,brri_rice_disease_pest,0.11787333250988143,1,0.11787333250988143,1.0077329874038696
data\raw\brri_rice_disease_pest\Rice Blast\RB_425.jpg,brri_rice_disease_pest,0.5648142592893431,1,0.5648142592893431,1.0078524351119995
data\raw\brri_rice_disease_pest\Rice Blast\RB_426.jpg,brri_rice_disease_pest,0.5063632323295723,1,0.5063632323295723,1.0126898288726807
data\raw\brri_rice_disease_pest\Rice Blast\RB_427.jpg,brri_rice_disease_pest,0.11223269139886578,1,0.11223269139886578,1.0027616024017334
data\raw\brri_rice_disease_pest\Rice Blast\RB_428.jpg,brri_rice_disease_pest,0.4879862606530854,1,0.4879862606530854,0.9880250692367554
data\raw\brri_rice_disease_pest\Rice Blast\RB_429.jpg,brri_rice_disease_pest,0.8749682467103592,1,0.8749682467103592,1.0094916820526123
data\raw\brri_rice_disease_pest\Rice Blast\RB_43.jpg,brri_rice_disease_pest,0.17207451650324307,1,0.17207451650324307,1.0200119018554688
data\raw\brri_rice_disease_pest\Rice Blast\RB_430.jpg,brri_rice_disease_pest,0.17628515333351769,1,0.17628515333351769,1.0085071325302124
data\raw\brri_rice_disease_pest\Rice Blast\RB_431.jpg,brri_rice_disease_pest,0.541961782648934,1,0.541961782648934,1.0031358003616333
data\raw\brri_rice_disease_pest\Rice Blast\RB_432.jpg,brri_rice_disease_pest,0.19788511076764553,1,0.19788511076764553,1.011427402496338
data\raw\brri_rice_disease_pest\Rice Blast\RB_433.jpg,brri_rice_disease_pest,0.25374847584209725,1,0.25374847584209725,1.0102531909942627
data\raw\brri_rice_disease_pest\Rice Blast\RB_434.jpg,brri_rice_disease_pest,0.19098412970583753,1,0.19098412970583753,1.0078179836273193
data\raw\brri_rice_disease_pest\Rice Blast\RB_435.jpg,brri_rice_disease_pest,0.534212,1,0.534212,0.9990037679672241
data\raw\brri_rice_disease_pest\Rice Blast\RB_436.jpg,brri_rice_disease_pest,0.06761853050419424,1,0.06761853050419424,0.9994078874588013
data\raw\brri_rice_disease_pest\Rice Blast\RB_437.jpg,brri_rice_disease_pest,0.5673324001707606,1,0.5673324001707606,1.001805305480957
data\raw\brri_rice_disease_pest\Rice Blast\RB_438.jpg,brri_rice_disease_pest,0.509888,1,0.509888,0.9992344379425049
data\raw\brri_rice_disease_pest\Rice Blast\RB_439.jpg,brri_rice_disease_pest,0.2613261338041288,1,0.2613261338041288,1.001869559288025
data\raw\brri_rice_disease_pest\Rice Blast\RB_44.jpg,brri_rice_disease_pest,0.5818493037634253,1,0.5818493037634253,1.014331579208374
data\raw\brri_rice_disease_pest\Rice Blast\RB_440.jpg,brri_rice_disease_pest,0.14192911964968843,1,0.14192911964968843,1.0094640254974365
data\raw\brri_rice_disease_pest\Rice Blast\RB_441.jpg,brri_rice_disease_pest,0.2129290927873461,1,0.2129290927873461,1.0103740692138672
data\raw\brri_rice_disease_pest\Rice Blast\RB_442.jpg,brri_rice_disease_pest,0.5272978294098535,1,0.5272978294098535,1.0276395082473755
data\raw\brri_rice_disease_pest\Rice Blast\RB_443.jpg,brri_rice_disease_pest,0.9341249913727198,1,0.9341249913727198,1.0160163640975952
data\raw\brri_rice_disease_pest\Rice Blast\RB_444.jpg,brri_rice_disease_pest,0.54448,1,0.54448,1.0039035081863403
data\raw\brri_rice_disease_pest\Rice Blast\RB_445.jpg,brri_rice_disease_pest,0.5880455215160291,1,0.5880455215160291,1.0083712339401245
data\raw\brri_rice_disease_pest\Rice Blast\RB_446.jpg,brri_rice_disease_pest,0.15619734246134567,1,0.15619734246134567,1.0084737539291382
data\raw\brri_rice_disease_pest\Rice Blast\RB_447.jpg,brri_rice_disease_pest,0.156484,1,0.156484,1.0076489448547363
data\raw\brri_rice_disease_pest\Rice Blast\RB_448.jpg,brri_rice_disease_pest,0.08766090667090029,1,0.08766090667090029,1.0052014589309692
data\raw\brri_rice_disease_pest\Rice Blast\RB_449.jpg,brri_rice_disease_pest,0.131804,1,0.131804,1.0088698863983154
data\raw\brri_rice_disease_pest\Rice Blast\RB_45.jpg,brri_rice_disease_pest,0.12838087421281488,1,0.12838087421281488,1.0084543228149414
data\raw\brri_rice_disease_pest\Rice Blast\RB_450.jpg,brri_rice_disease_pest,0.07133557930196012,1,0.07133557930196012,1.0035159587860107
data\raw\brri_rice_disease_pest\Rice Blast\RB_451.jpg,brri_rice_disease_pest,0.119572,1,0.119572,1.005428433418274
data\raw\brri_rice_disease_pest\Rice Blast\RB_452.jpg,brri_rice_disease_pest,0.05289634389135467,1,0.05289634389135467,0.970559298992157
data\raw\brri_rice_disease_pest\Rice Blast\RB_453.jpg,brri_rice_disease_pest,0.1227,1,0.1227,0.9983959197998047
data\raw\brri_rice_disease_pest\Rice Blast\RB_454.jpg,brri_rice_disease_pest,0.5781456666666667,1,0.5781456666666667,1.0121594667434692
data\raw\brri_rice_disease_pest\Rice Blast\RB_455.jpg,brri_rice_disease_pest,0.08936116615014648,1,0.08936116615014648,1.0028799772262573
data\raw\brri_rice_disease_pest\Rice Blast\RB_456.jpg,brri_rice_disease_pest,0.88366,1,0.88366,1.005924105644226
data\raw\brri_rice_disease_pest\Rice Blast\RB_457.jpg,brri_rice_disease_pest,0.2481739212349066,1,0.2481739212349066,0.9950665235519409
data\raw\brri_rice_disease_pest\Rice Blast\RB_458.jpg,brri_rice_disease_pest,0.9188366625951544,1,0.9188366625951544,1.0093576908111572
data\raw\brri_rice_disease_pest\Rice Blast\RB_459.jpg,brri_rice_disease_pest,0.5510201428654997,1,0.5510201428654997,1.016746997833252
data\raw\brri_rice_disease_pest\Rice Blast\RB_46.jpg,brri_rice_disease_pest,0.20101843384307946,1,0.20101843384307946,1.0047104358673096
data\raw\brri_rice_disease_pest\Rice Blast\RB_460.jpg,brri_rice_disease_pest,0.153188,1,0.153188,1.0124468803405762
data\raw\brri_rice_disease_pest\Rice Blast\RB_461.jpg,brri_rice_disease_pest,0.09227067029985772,1,0.09227067029985772,1.0022152662277222
data\raw\brri_rice_disease_pest\Rice Blast\RB_462.jpg,brri_rice_disease_pest,0.52338,1,0.52338,1.0046614408493042
data\raw\brri_rice_disease_pest\Rice Blast\RB_463.jpg,brri_rice_disease_pest,0.10042665836847364,1,0.10042665836847364,1.0030057430267334
data\raw\brri_rice_disease_pest\Rice Blast\RB_464.jpg,brri_rice_disease_pest,0.138568,1,0.138568,0.9502569437026978
data\raw\brri_rice_disease_pest\Rice Blast\RB_465.jpg,brri_rice_disease_pest,0.13371283806669038,1,0.13371283806669038,1.0065721273422241
data\raw\brri_rice_disease_pest\Rice Blast\RB_466.jpg,brri_rice_disease_pest,0.505012,1,0.505012,1.0005607604980469
data\raw\brri_rice_disease_pest\Rice Blast\RB_467.jpg,brri_rice_disease_pest,0.19854523368264348,1,0.19854523368264348,1.0093777179718018
data\raw\brri_rice_disease_pest\Rice Blast\RB_468.jpg,brri_rice_disease_pest,0.17165511111111112,1,0.17165511111111112,1.0097682476043701
data\raw\brri_rice_disease_pest\Rice Blast\RB_469.jpg,brri_rice_disease_pest,0.5483968854191,1,0.5483968854191,1.0043067932128906
data\raw\brri_rice_disease_pest\Rice Blast\RB_47.jpg,brri_rice_disease_pest,0.08786,1,0.08786,1.0084664821624756
data\raw\brri_rice_disease_pest\Rice Blast\RB_470.jpg,brri_rice_disease_pest,0.554588,1,0.554588,1.001796841621399
data\raw\brri_rice_disease_pest\Rice Blast\RB_471.jpg,brri_rice_disease_pest,0.5930446368844103,1,0.5930446368844103,1.0130754709243774
data\raw\brri_rice_disease_pest\Rice Blast\RB_472.jpg,brri_rice_disease_pest,0.5176355124557571,1,0.5176355124557571,1.0041160583496094
data\raw\brri_rice_disease_pest\Rice Blast\RB_473.jpg,brri_rice_disease_pest,0.19161542223540637,1,0.19161542223540637,1.0014793872833252
data\raw\brri_rice_disease_pest\Rice Blast\RB_474.jpg,brri_rice_disease_pest,0.20180432776168944,1,0.20180432776168944,1.0100446939468384
data\raw\brri_rice_disease_pest\Rice Blast\RB_475.jpg,brri_rice_disease_pest,0.545316,1,0.545316,1.0100986957550049
data\raw\brri_rice_disease_pest\Rice Blast\RB_476.jpg,brri_rice_disease_pest,0.2074979572050331,1,0.2074979572050331,1.0084701776504517
data\raw\brri_rice_disease_pest\Rice Blast\RB_477.jpg,brri_rice_disease_pest,0.248376,1,0.248376,1.0105210542678833
data\raw\brri_rice_disease_pest\Rice Blast\RB_478.jpg,brri_rice_disease_pest,0.18415771819272977,1,0.18415771819272977,0.9986594319343567
data\raw\brri_rice_disease_pest\Rice Blast\RB_479.jpg,brri_rice_disease_pest,0.2493546143880506,1,0.2493546143880506,1.0097463130950928
data\raw\brri_rice_disease_pest\Rice Blast\RB_48.jpg,brri_rice_disease_pest,0.29526696049044016,1,0.29526696049044016,1.0115114450454712
data\raw\brri_rice_disease_pest\Rice Blast\RB_480.jpg,brri_rice_disease_pest,0.20330714389528737,1,0.20330714389528737,1.0175336599349976
data\raw\brri_rice_disease_pest\Rice Blast\RB_481.jpg,brri_rice_disease_pest,0.22884,1,0.22884,1.0127720832824707
data\raw\brri_rice_disease_pest\Rice Blast\RB_482.jpg,brri_rice_disease_pest,0.3411380273162966,1,0.3411380273162966,1.0157496929168701
data\raw\brri_rice_disease_pest\Rice Blast\RB_483.jpg,brri_rice_disease_pest,0.16644,1,0.16644,1.0123562812805176
data\raw\brri_rice_disease_pest\Rice Blast\RB_484.jpg,brri_rice_disease_pest,0.11988677777777777,1,0.11988677777777777,1.0100058317184448
data\raw\brri_rice_disease_pest\Rice Blast\RB_485.jpg,brri_rice_disease_pest,0.09984310729250759,1,0.09984310729250759,1.0062775611877441
data\raw\brri_rice_disease_pest\Rice Blast\RB_486.jpg,brri_rice_disease_pest,0.88366,1,0.88366,1.005924105644226
data\raw\brri_rice_disease_pest\Rice Blast\RB_487.jpg,brri_rice_disease_pest,0.5461605509830818,1,0.5461605509830818,1.0024350881576538
data\raw\brri_rice_disease_pest\Rice Blast\RB_488.jpg,brri_rice_disease_pest,0.19154,1,0.19154,1.0132484436035156
data\raw\brri_rice_disease_pest\Rice Blast\RB_489.jpg,brri_rice_disease_pest,0.20297311343121813,1,0.20297311343121813,1.011928677558899
data\raw\brri_rice_disease_pest\Rice Blast\RB_49.jpg,brri_rice_disease_pest,0.15723898495402322,1,0.15723898495402322,1.0119938850402832
data\raw\brri_rice_disease_pest\Rice Blast\RB_490.jpg,brri_rice_disease_pest,0.263324,1,0.263324,1.0143073797225952
data\raw\brri_rice_disease_pest\Rice Blast\RB_491.jpg,brri_rice_disease_pest,0.16518,1,0.16518,1.009954810142517
data\raw\brri_rice_disease_pest\Rice Blast\RB_492.jpg,brri_rice_disease_pest,0.16273534479838778,1,0.16273534479838778,1.0033868551254272
data\raw\brri_rice_disease_pest\Rice Blast\RB_493.jpg,brri_rice_disease_pest,0.514679281190198,1,0.514679281190198,0.9992103576660156
data\raw\brri_rice_disease_pest\Rice Blast\RB_494.jpg,brri_rice_disease_pest,0.235724,1,0.235724,1.0110905170440674
data\raw\brri_rice_disease_pest\Rice Blast\RB_495.jpg,brri_rice_disease_pest,0.6105286034999781,1,0.6105286034999781,0.9935498237609863
data\raw\brri_rice_disease_pest\Rice Blast\RB_496.jpg,brri_rice_disease_pest,0.18316,1,0.18316,1.0082511901855469
data\raw\brri_rice_disease_pest\Rice Blast\RB_497.jpg,brri_rice_disease_pest,0.1588905506443801,1,0.1588905506443801,1.0040760040283203
data\raw\brri_rice_disease_pest\Rice Blast\RB_498.jpg,brri_rice_disease_pest,0.605675741756846,1,0.605675741756846,1.0102229118347168
data\raw\brri_rice_disease_pest\Rice Blast\RB_499.jpg,brri_rice_disease_pest,0.122868,1,0.122868,1.005932331085205
data\raw\brri_rice_disease_pest\Rice Blast\RB_5.jpg,brri_rice_disease_pest,0.5209137750004234,1,0.5209137750004234,1.001042127609253
data\raw\brri_rice_disease_pest\Rice Blast\RB_50.jpg,brri_rice_disease_pest,0.909388,1,0.909388,1.0019855499267578
data\raw\brri_rice_disease_pest\Rice Blast\RB_500.jpg,brri_rice_disease_pest,0.25837016714931665,1,0.25837016714931665,1.0116428136825562
data\raw\brri_rice_disease_pest\Rice Blast\RB_501.jpg,brri_rice_disease_pest,0.10981578665762036,1,0.10981578665762036,0.99076908826828
data\raw\brri_rice_disease_pest\Rice Blast\RB_502.jpg,brri_rice_disease_pest,0.138676,1,0.138676,1.008835792541504
data\raw\brri_rice_disease_pest\Rice Blast\RB_503.jpg,brri_rice_disease_pest,0.23723861750410677,1,0.23723861750410677,1.0112264156341553
data\raw\brri_rice_disease_pest\Rice Blast\RB_504.jpg,brri_rice_disease_pest,0.5111951514843605,1,0.5111951514843605,1.02263605594635
data\raw\brri_rice_disease_pest\Rice Blast\RB_505.jpg,brri_rice_disease_pest,0.23428,1,0.23428,1.011962652206421
data\raw\brri_rice_disease_pest\Rice Blast\RB_506.jpg,brri_rice_disease_pest,0.28635248903453064,1,0.28635248903453064,1.0112093687057495
data\raw\brri_rice_disease_pest\Rice Blast\RB_507.jpg,brri_rice_disease_pest,0.174948,1,0.174948,1.0117650032043457
data\raw\brri_rice_disease_pest\Rice Blast\RB_508.jpg,brri_rice_disease_pest,0.2530747768802181,1,0.2530747768802181,1.0121504068374634
data\raw\brri_rice_disease_pest\Rice Blast\RB_509.jpg,brri_rice_disease_pest,0.5341517204942343,1,0.5341517204942343,0.9965075254440308
data\raw\brri_rice_disease_pest\Rice Blast\RB_51.jpg,brri_rice_disease_pest,0.12422467740191839,1,0.12422467740191839,1.0074138641357422
data\raw\brri_rice_disease_pest\Rice Blast\RB_510.jpg,brri_rice_disease_pest,0.3251682395129469,1,0.3251682395129469,1.016318678855896
data\raw\brri_rice_disease_pest\Rice Blast\RB_511.jpg,brri_rice_disease_pest,0.3517521726941407,1,0.3517521726941407,1.019680380821228
data\raw\brri_rice_disease_pest\Rice Blast\RB_512.jpg,brri_rice_disease_pest,0.07531562769902962,1,0.07531562769902962,0.999945878982544
data\raw\brri_rice_disease_pest\Rice Blast\RB_513.jpg,brri_rice_disease_pest,0.5807425234751046,1,0.5807425234751046,1.010003685951233
data\raw\brri_rice_disease_pest\Rice Blast\RB_514.jpg,brri_rice_disease_pest,0.17862,1,0.17862,1.0107338428497314
data\raw\brri_rice_disease_pest\Rice Blast\RB_515.jpg,brri_rice_disease_pest,0.15303786258882482,1,0.15303786258882482,1.011263370513916
data\raw\brri_rice_disease_pest\Rice Blast\RB_516.jpg,brri_rice_disease_pest,0.125787481583092,1,0.125787481583092,1.0034911632537842
data\raw\brri_rice_disease_pest\Rice Blast\RB_517.jpg,brri_rice_disease_pest,0.129808,1,0.129808,1.0064548254013062
data\raw\brri_rice_disease_pest\Rice Blast\RB_518.jpg,brri_rice_disease_pest,0.5435395934194011,1,0.5435395934194011,1.0148028135299683
data\raw\brri_rice_disease_pest\Rice Blast\RB_519.jpg,brri_rice_disease_pest,0.503572,1,0.503572,1.0009357929229736
data\raw\brri_rice_disease_pest\Rice Blast\RB_52.jpg,brri_rice_disease_pest,0.265032,1,0.265032,1.0129989385604858
data\raw\brri_rice_disease_pest\Rice Blast\RB_520.jpg,brri_rice_disease_pest,0.5365057306517826,1,0.5365057306517826,1.0107578039169312
data\raw\brri_rice_disease_pest\Rice Blast\RB_521.jpg,brri_rice_disease_pest,0.514616,1,0.514616,1.0019489526748657
data\raw\brri_rice_disease_pest\Rice Blast\RB_522.jpg,brri_rice_disease_pest,0.15184419948635428,1,0.15184419948635428,0.9991233348846436
data\raw\brri_rice_disease_pest\Rice Blast\RB_523.jpg,brri_rice_disease_pest,0.2770585657674135,1,0.2770585657674135,1.007771611213684
data\raw\brri_rice_disease_pest\Rice Blast\RB_524.jpg,brri_rice_disease_pest,0.191772,1,0.191772,1.0100690126419067
data\raw\brri_rice_disease_pest\Rice Blast\RB_525.jpg,brri_rice_disease_pest,0.16888675083405308,1,0.16888675083405308,0.9957742691040039
data\raw\brri_rice_disease_pest\Rice Blast\RB_526.jpg,brri_rice_disease_pest,0.19514486909177123,1,0.19514486909177123,1.0090280771255493
data\raw\brri_rice_disease_pest\Rice Blast\RB_527.jpg,brri_rice_disease_pest,0.513276,1,0.513276,1.002366542816162
data\raw\brri_rice_disease_pest\Rice Blast\RB_528.jpg,brri_rice_disease_pest,0.2269680159697878,1,0.2269680159697878,1.0116245746612549
data\raw\brri_rice_disease_pest\Rice Blast\RB_529.jpg,brri_rice_disease_pest,0.2625973238327491,1,0.2625973238327491,0.9888478517532349
data\raw\brri_rice_disease_pest\Rice Blast\RB_53.jpg,brri_rice_disease_pest,0.21334591474941142,1,0.21334591474941142,1.0225160121917725
data\raw\brri_rice_disease_pest\Rice Blast\RB_530.jpg,brri_rice_disease_pest,0.513944,1,0.513944,1.0035393238067627
data\raw\brri_rice_disease_pest\Rice Blast\RB_531.jpg,brri_rice_disease_pest,0.5637948966446443,1,0.5637948966446443,1.0041600465774536
data\raw\brri_rice_disease_pest\Rice Blast\RB_532.jpg,brri_rice_disease_pest,0.182592,1,0.182592,1.0115571022033691
data\raw\brri_rice_disease_pest\Rice Blast\RB_533.jpg,brri_rice_disease_pest,0.12320646835678843,1,0.12320646835678843,1.0056248903274536
data\raw\brri_rice_disease_pest\Rice Blast\RB_534.jpg,brri_rice_disease_pest,0.24723839675872894,1,0.24723839675872894,1.0104800462722778
data\raw\brri_rice_disease_pest\Rice Blast\RB_535.jpg,brri_rice_disease_pest,0.238552,1,0.238552,1.0139905214309692
data\raw\brri_rice_disease_pest\Rice Blast\RB_536.jpg,brri_rice_disease_pest,0.5804321411031517,1,0.5804321411031517,1.003762125968933
data\raw\brri_rice_disease_pest\Rice Blast\RB_537.jpg,brri_rice_disease_pest,0.524056,1,0.524056,1.003879189491272
data\raw\brri_rice_disease_pest\Rice Blast\RB_538.jpg,brri_rice_disease_pest,0.5225816165388067,1,0.5225816165388067,1.0047985315322876
data\raw\brri_rice_disease_pest\Rice Blast\RB_539.jpg,brri_rice_disease_pest,0.1767348409795255,1,0.1767348409795255,1.009360432624817
data\raw\brri_rice_disease_pest\Rice Blast\RB_54.jpg,brri_rice_disease_pest,0.3058677038284039,1,0.3058677038284039,1.0098401308059692
data\raw\brri_rice_disease_pest\Rice Blast\RB_540.jpg,brri_rice_disease_pest,0.5081764720825077,1,0.5081764720825077,1.0140924453735352
data\raw\brri_rice_disease_pest\Rice Blast\RB_541.jpg,brri_rice_disease_pest,0.10166006701187938,1,0.10166006701187938,1.0062882900238037
data\raw\brri_rice_disease_pest\Rice Blast\RB_542.jpg,brri_rice_disease_pest,0.5007128613524361,1,0.5007128613524361,0.9903957843780518
data\raw\brri_rice_disease_pest\Rice Blast\RB_543.jpg,brri_rice_disease_pest,0.159724,1,0.159724,1.018174648284912
data\raw\brri_rice_disease_pest\Rice Blast\RB_544.jpg,brri_rice_disease_pest,0.13266193366994522,1,0.13266193366994522,1.0146461725234985
data\raw\brri_rice_disease_pest\Rice Blast\RB_545.jpg,brri_rice_disease_pest,0.2360833269826754,1,0.2360833269826754,1.008184552192688
data\raw\brri_rice_disease_pest\Rice Blast\RB_546.jpg,brri_rice_disease_pest,0.508032,1,0.508032,1.0089268684387207
data\raw\brri_rice_disease_pest\Rice Blast\RB_547.jpg,brri_rice_disease_pest,0.5695984478992023,1,0.5695984478992023,1.0163692235946655
data\raw\brri_rice_disease_pest\Rice Blast\RB_548.jpg,brri_rice_disease_pest,0.151932,1,0.151932,1.0072193145751953
data\raw\brri_rice_disease_pest\Rice Blast\RB_549.jpg,brri_rice_disease_pest,0.5126931129231656,1,0.5126931129231656,1.0207304954528809
data\raw\brri_rice_disease_pest\Rice Blast\RB_55.jpg,brri_rice_disease_pest,0.23359254602110113,1,0.23359254602110113,1.007128357887268
data\raw\brri_rice_disease_pest\Rice Blast\RB_550.jpg,brri_rice_disease_pest,0.31288,1,0.31288,1.0151160955429077
data\raw\brri_rice_disease_pest\Rice Blast\RB_551.jpg,brri_rice_disease_pest,0.147591142525699,1,0.147591142525699,1.004020094871521
data\raw\brri_rice_disease_pest\Rice Blast\RB_552.jpg,brri_rice_disease_pest,0.15213371521956343,1,0.15213371521956343,1.005722999572754
data\raw\brri_rice_disease_pest\Rice Blast\RB_553.jpg,brri_rice_disease_pest,0.1407177111273673,1,0.1407177111273673,1.0103914737701416
data\raw\brri_rice_disease_pest\Rice Blast\RB_554.jpg,brri_rice_disease_pest,0.537513444959946,1,0.537513444959946,1.0041934251785278
data\raw\brri_rice_disease_pest\Rice Blast\RB_555.jpg,brri_rice_disease_pest,0.5279177568629443,1,0.5279177568629443,1.0115615129470825
data\raw\brri_rice_disease_pest\Rice Blast\RB_556.jpg,brri_rice_disease_pest,0.1427347414858846,1,0.1427347414858846,0.978000283241272
data\raw\brri_rice_disease_pest\Rice Blast\RB_557.jpg,brri_rice_disease_pest,0.12909088214872394,1,0.12909088214872394,1.0068951845169067
data\raw\brri_rice_disease_pest\Rice Blast\RB_558.jpg,brri_rice_disease_pest,0.5891799863798421,1,0.5891799863798421,1.0053138732910156
data\raw\brri_rice_disease_pest\Rice Blast\RB_559.jpg,brri_rice_disease_pest,0.5150063400734983,1,0.5150063400734983,1.0100294351577759
data\raw\brri_rice_disease_pest\Rice Blast\RB_56.jpg,brri_rice_disease_pest,0.22622604743518096,1,0.22622604743518096,1.0067371129989624
data\raw\brri_rice_disease_pest\Rice Blast\RB_560.jpg,brri_rice_disease_pest,0.5041814810950505,1,0.5041814810950505,0.9989241361618042
data\raw\brri_rice_disease_pest\Rice Blast\RB_561.jpg,brri_rice_disease_pest,0.5468977565242426,1,0.5468977565242426,1.0059734582901
data\raw\brri_rice_disease_pest\Rice Blast\RB_562.jpg,brri_rice_disease_pest,0.13856363934570504,1,0.13856363934570504,1.008202075958252
data\raw\brri_rice_disease_pest\Rice Blast\RB_563.jpg,brri_rice_disease_pest,0.962183229496273,1,0.962183229496273,1.0042158365249634
data\raw\brri_rice_disease_pest\Rice Blast\RB_564.jpg,brri_rice_disease_pest,0.205756,1,0.205756,1.0134410858154297
data\raw\brri_rice_disease_pest\Rice Blast\RB_565.jpg,brri_rice_disease_pest,0.20486229241797782,1,0.20486229241797782,1.0033737421035767
data\raw\brri_rice_disease_pest\Rice Blast\RB_566.jpg,brri_rice_disease_pest,0.29899947213309636,1,0.29899947213309636,1.0095329284667969
data\raw\brri_rice_disease_pest\Rice Blast\RB_567.jpg,brri_rice_disease_pest,0.12312933857412475,1,0.12312933857412475,1.0080757141113281
data\raw\brri_rice_disease_pest\Rice Blast\RB_568.jpg,brri_rice_disease_pest,0.2988923923351793,1,0.2988923923351793,1.0094966888427734
data\raw\brri_rice_disease_pest\Rice Blast\RB_569.jpg,brri_rice_disease_pest,0.16899524124032583,1,0.16899524124032583,1.0075671672821045
data\raw\brri_rice_disease_pest\Rice Blast\RB_57.jpg,brri_rice_disease_pest,0.13847424384832935,1,0.13847424384832935,1.005764126777649
data\raw\brri_rice_disease_pest\Rice Blast\RB_570.jpg,brri_rice_disease_pest,0.2643861225668758,1,0.2643861225668758,1.0088356733322144
data\raw\brri_rice_disease_pest\Rice Blast\RB_571.jpg,brri_rice_disease_pest,0.5521042102454926,1,0.5521042102454926,1.0050477981567383
data\raw\brri_rice_disease_pest\Rice Blast\RB_572.jpg,brri_rice_disease_pest,0.16194,1,0.16194,1.0103132724761963
data\raw\brri_rice_disease_pest\Rice Blast\RB_573.jpg,brri_rice_disease_pest,0.15552638686848308,1,0.15552638686848308,1.0109643936157227
data\raw\brri_rice_disease_pest\Rice Blast\RB_574.jpg,brri_rice_disease_pest,0.067588,1,0.067588,1.0035756826400757
data\raw\brri_rice_disease_pest\Rice Blast\RB_575.jpg,brri_rice_disease_pest,0.18365573506748634,1,0.18365573506748634,1.00202214717865
data\raw\brri_rice_disease_pest\Rice Blast\RB_576.jpg,brri_rice_disease_pest,0.2319620145980457,1,0.2319620145980457,1.010919213294983
data\raw\brri_rice_disease_pest\Rice Blast\RB_577.jpg,brri_rice_disease_pest,0.2023622489058467,1,0.2023622489058467,1.0104050636291504
data\raw\brri_rice_disease_pest\Rice Blast\RB_578.jpg,brri_rice_disease_pest,0.573332,1,0.573332,1.010491132736206
data\raw\brri_rice_disease_pest\Rice Blast\RB_579.jpg,brri_rice_disease_pest,0.32258643245440227,1,0.32258643245440227,1.014595866203308
data\raw\brri_rice_disease_pest\Rice Blast\RB_58.jpg,brri_rice_disease_pest,0.24586492785652594,1,0.24586492785652594,1.007735252380371
data\raw\brri_rice_disease_pest\Rice Blast\RB_580.jpg,brri_rice_disease_pest,0.1924664791105692,1,0.1924664791105692,1.0109751224517822
data\raw\brri_rice_disease_pest\Rice Blast\RB_581.jpg,brri_rice_disease_pest,0.2121252053379397,1,0.2121252053379397,1.0116342306137085
data\raw\brri_rice_disease_pest\Rice Blast\RB_582.jpg,brri_rice_disease_pest,0.2162150290436756,1,0.2162150290436756,1.0111066102981567
data\raw\brri_rice_disease_pest\Rice Blast\RB_583.jpg,brri_rice_disease_pest,0.18405794340293655,1,0.18405794340293655,1.0089633464813232
data\raw\brri_rice_disease_pest\Rice Blast\RB_584.jpg,brri_rice_disease_pest,0.2066358553912852,1,0.2066358553912852,1.007866621017456
data\raw\brri_rice_disease_pest\Rice Blast\RB_585.jpg,brri_rice_disease_pest,0.2218705545394503,1,0.2218705545394503,1.0080351829528809
data\raw\brri_rice_disease_pest\Rice Blast\RB_586.jpg,brri_rice_disease_pest,0.5050059061118732,1,0.5050059061118732,1.0108704566955566
data\raw\brri_rice_disease_pest\Rice Blast\RB_587.jpg,brri_rice_disease_pest,0.5088879607999373,1,0.5088879607999373,1.0206968784332275
data\raw\brri_rice_disease_pest\Rice Blast\RB_588.jpg,brri_rice_disease_pest,0.5023642454758583,1,0.5023642454758583,1.0112937688827515
data\raw\brri_rice_disease_pest\Rice Blast\RB_589.jpg,brri_rice_disease_pest,0.12102051607445008,1,0.12102051607445008,1.0082786083221436
data\raw\brri_rice_disease_pest\Rice Blast\RB_59.jpg,brri_rice_disease_pest,0.21546485757591152,1,0.21546485757591152,1.0067452192306519
data\raw\brri_rice_disease_pest\Rice Blast\RB_590.jpg,brri_rice_disease_pest,0.14171731316364375,1,0.14171731316364375,1.0031371116638184
data\raw\brri_rice_disease_pest\Rice Blast\RB_591.jpg,brri_rice_disease_pest,0.4371122795835989,1,0.4371122795835989,1.0116074085235596
data\raw\brri_rice_disease_pest\Rice Blast\RB_592.jpg,brri_rice_disease_pest,0.13574511165027925,1,0.13574511165027925,1.0044528245925903
data\raw\brri_rice_disease_pest\Rice Blast\RB_593.jpg,brri_rice_disease_pest,0.24862111339734796,1,0.24862111339734796,1.0107290744781494
data\raw\brri_rice_disease_pest\Rice Blast\RB_594.jpg,brri_rice_disease_pest,0.2023622489058467,1,0.2023622489058467,1.0104050636291504
data\raw\brri_rice_disease_pest\Rice Blast\RB_595.jpg,brri_rice_disease_pest,0.52982,1,0.52982,1.0030924081802368
data\raw\brri_rice_disease_pest\Rice Blast\RB_596.jpg,brri_rice_disease_pest,0.13574511165027925,1,0.13574511165027925,1.0044528245925903
data\raw\brri_rice_disease_pest\Rice Blast\RB_597.jpg,brri_rice_disease_pest,0.5605872222222222,1,0.5605872222222222,1.0090223550796509
data\raw\brri_rice_disease_pest\Rice Blast\RB_598.jpg,brri_rice_disease_pest,0.6027818267760184,1,0.6027818267760184,1.0010595321655273
data\raw\brri_rice_disease_pest\Rice Blast\RB_599.jpg,brri_rice_disease_pest,0.11368489550055734,1,0.11368489550055734,1.003849983215332
data\raw\brri_rice_disease_pest\Rice Blast\RB_6.jpg,brri_rice_disease_pest,0.5638049999709597,1,0.5638049999709597,0.9962682723999023
data\raw\brri_rice_disease_pest\Rice Blast\RB_60.jpg,brri_rice_disease_pest,0.5859886407393146,1,0.5859886407393146,1.0066111087799072
data\raw\brri_rice_disease_pest\Rice Blast\RB_600.jpg,brri_rice_disease_pest,0.20134795615564846,1,0.20134795615564846,1.0115352869033813
data\raw\brri_rice_disease_pest\Rice Blast\RB_601.jpg,brri_rice_disease_pest,0.5239499187115785,1,0.5239499187115785,1.0096518993377686
data\raw\brri_rice_disease_pest\Rice Blast\RB_602.jpg,brri_rice_disease_pest,0.5239310171931496,1,0.5239310171931496,0.9953714609146118
data\raw\brri_rice_disease_pest\Rice Blast\RB_603.jpg,brri_rice_disease_pest,0.21965686441932214,1,0.21965686441932214,1.0090936422348022
data\raw\brri_rice_disease_pest\Rice Blast\RB_604.jpg,brri_rice_disease_pest,0.2783252574133347,1,0.2783252574133347,1.0131604671478271
data\raw\brri_rice_disease_pest\Rice Blast\RB_605.jpg,brri_rice_disease_pest,0.2432443418314256,1,0.2432443418314256,1.0082587003707886
data\raw\brri_rice_disease_pest\Rice Blast\RB_606.jpg,brri_rice_disease_pest,0.27215691628986094,1,0.27215691628986094,1.0033037662506104
data\raw\brri_rice_disease_pest\Rice Blast\RB_607.jpg,brri_rice_disease_pest,0.5936544755203306,1,0.5936544755203306,1.0144169330596924
data\raw\brri_rice_disease_pest\Rice Blast\RB_608.jpg,brri_rice_disease_pest,0.17551778613370425,1,0.17551778613370425,0.9981139898300171
data\raw\brri_rice_disease_pest\Rice Blast\RB_609.jpg,brri_rice_disease_pest,0.15852247709529374,1,0.15852247709529374,0.9910197257995605
data\raw\brri_rice_disease_pest\Rice Blast\RB_61.jpg,brri_rice_disease_pest,0.30784549696015173,1,0.30784549696015173,1.0120155811309814
data\raw\brri_rice_disease_pest\Rice Blast\RB_610.jpg,brri_rice_disease_pest,0.1774649353144614,1,0.1774649353144614,1.0080405473709106
data\raw\brri_rice_disease_pest\Rice Blast\RB_611.jpg,brri_rice_disease_pest,0.5331070382224932,1,0.5331070382224932,1.0127755403518677
data\raw\brri_rice_disease_pest\Rice Blast\RB_612.jpg,brri_rice_disease_pest,0.1899995131162255,1,0.1899995131162255,1.0039340257644653
data\raw\brri_rice_disease_pest\Rice Blast\RB_613.jpg,brri_rice_disease_pest,0.15294027665696872,1,0.15294027665696872,0.9876686334609985
data\raw\brri_rice_disease_pest\Rice Blast\RB_614.jpg,brri_rice_disease_pest,0.6393336231414734,1,0.6393336231414734,1.0001847743988037
data\raw\brri_rice_disease_pest\Rice Blast\RB_615.jpg,brri_rice_disease_pest,0.2908574870023201,1,0.2908574870023201,1.0134152173995972
data\raw\brri_rice_disease_pest\Rice Blast\RB_616.jpg,brri_rice_disease_pest,0.16742358496425377,1,0.16742358496425377,1.0030646324157715
data\raw\brri_rice_disease_pest\Rice Blast\RB_617.jpg,brri_rice_disease_pest,0.5286127897438893,1,0.5286127897438893,1.0172561407089233
data\raw\brri_rice_disease_pest\Rice Blast\RB_618.jpg,brri_rice_disease_pest,0.11645180972846723,1,0.11645180972846723,1.0076026916503906
data\raw\brri_rice_disease_pest\Rice Blast\RB_619.jpg,brri_rice_disease_pest,0.2386336453623262,1,0.2386336453623262,1.0035849809646606
data\raw\brri_rice_disease_pest\Rice Blast\RB_62.jpg,brri_rice_disease_pest,0.2759281486562008,1,0.2759281486562008,1.0017250776290894
data\raw\brri_rice_disease_pest\Rice Blast\RB_620.jpg,brri_rice_disease_pest,0.24500980145686943,1,0.24500980145686943,1.0088237524032593
data\raw\brri_rice_disease_pest\Rice Blast\RB_621.jpg,brri_rice_disease_pest,0.21169388982031873,1,0.21169388982031873,1.0098508596420288
data\raw\brri_rice_disease_pest\Rice Blast\RB_622.jpg,brri_rice_disease_pest,0.5065096889871123,1,0.5065096889871123,1.0002835988998413
data\raw\brri_rice_disease_pest\Rice Blast\RB_623.jpg,brri_rice_disease_pest,0.1899995131162255,1,0.1899995131162255,1.0039340257644653
data\raw\brri_rice_disease_pest\Rice Blast\RB_624.jpg,brri_rice_disease_pest,0.586115979948856,1,0.586115979948856,1.0114511251449585
data\raw\brri_rice_disease_pest\Rice Blast\RB_625.jpg,brri_rice_disease_pest,0.14136841505580852,1,0.14136841505580852,1.006939172744751
data\raw\brri_rice_disease_pest\Rice Blast\RB_626.jpg,brri_rice_disease_pest,0.16431718784399396,1,0.16431718784399396,1.0007133483886719
data\raw\brri_rice_disease_pest\Rice Blast\RB_627.jpg,brri_rice_disease_pest,0.6220171405412415,1,0.6220171405412415,1.0121973752975464
data\raw\brri_rice_disease_pest\Rice Blast\RB_628.jpg,brri_rice_disease_pest,0.5551871668695715,1,0.5551871668695715,0.9921137094497681
data\raw\brri_rice_disease_pest\Rice Blast\RB_629.jpg,brri_rice_disease_pest,0.3606954076275635,1,0.3606954076275635,1.0127623081207275
data\raw\brri_rice_disease_pest\Rice Blast\RB_63.jpg,brri_rice_disease_pest,0.1667161488763569,1,0.1667161488763569,1.0070059299468994
data\raw\brri_rice_disease_pest\Rice Blast\RB_630.jpg,brri_rice_disease_pest,0.11647715244966045,1,0.11647715244966045,1.0007715225219727
data\raw\brri_rice_disease_pest\Rice Blast\RB_631.jpg,brri_rice_disease_pest,0.5088629704755465,1,0.5088629704755465,0.9971717596054077
data\raw\brri_rice_disease_pest\Rice Blast\RB_632.jpg,brri_rice_disease_pest,0.73304,1,0.73304,1.0039507150650024
data\raw\brri_rice_disease_pest\Rice Blast\RB_633.jpg,brri_rice_disease_pest,0.17897578632266034,1,0.17897578632266034,1.0070253610610962
data\raw\brri_rice_disease_pest\Rice Blast\RB_634.jpg,brri_rice_disease_pest,0.5572335066101912,1,0.5572335066101912,1.0082311630249023
data\raw\brri_rice_disease_pest\Rice Blast\RB_635.jpg,brri_rice_disease_pest,0.15726738192237413,1,0.15726738192237413,0.9845649003982544
data\raw\brri_rice_disease_pest\Rice Blast\RB_636.jpg,brri_rice_disease_pest,0.23348220333959932,1,0.23348220333959932,1.0139977931976318
data\raw\brri_rice_disease_pest\Rice Blast\RB_637.jpg,brri_rice_disease_pest,0.23348220333959932,1,0.23348220333959932,1.0139977931976318
data\raw\brri_rice_disease_pest\Rice Blast\RB_638.jpg,brri_rice_disease_pest,0.3297864908804552,1,0.3297864908804552,1.0131564140319824
data\raw\brri_rice_disease_pest\Rice Blast\RB_639.jpg,brri_rice_disease_pest,0.28879246473267967,1,0.28879246473267967,1.0122493505477905
data\raw\brri_rice_disease_pest\Rice Blast\RB_64.jpg,brri_rice_disease_pest,0.5440814431165972,1,0.5440814431165972,0.9971399307250977
data\raw\brri_rice_disease_pest\Rice Blast\RB_640.jpg,brri_rice_disease_pest,0.2830131014073058,1,0.2830131014073058,1.0140948295593262
data\raw\brri_rice_disease_pest\Rice Blast\RB_641.jpg,brri_rice_disease_pest,0.5698178102084709,1,0.5698178102084709,1.0086618661880493
data\raw\brri_rice_disease_pest\Rice Blast\RB_642.jpg,brri_rice_disease_pest,0.5698178102084709,1,0.5698178102084709,1.0086618661880493
data\raw\brri_rice_disease_pest\Rice Blast\RB_643.jpg,brri_rice_disease_pest,0.17775200469101932,1,0.17775200469101932,1.0027952194213867
data\raw\brri_rice_disease_pest\Rice Blast\RB_644.jpg,brri_rice_disease_pest,0.17775200469101932,1,0.17775200469101932,1.0027952194213867
data\raw\brri_rice_disease_pest\Rice Blast\RB_645.jpg,brri_rice_disease_pest,0.20191679197994988,1,0.20191679197994988,1.0079230070114136
data\raw\brri_rice_disease_pest\Rice Blast\RB_646.jpg,brri_rice_disease_pest,0.5427187589967654,1,0.5427187589967654,1.017397165298462
data\raw\brri_rice_disease_pest\Rice Blast\RB_647.jpg,brri_rice_disease_pest,0.21241601254890008,1,0.21241601254890008,1.0123714208602905
data\raw\brri_rice_disease_pest\Rice Blast\RB_648.jpg,brri_rice_disease_pest,0.12694670695831414,1,0.12694670695831414,0.992949366569519
data\raw\brri_rice_disease_pest\Rice Blast\RB_649.jpg,brri_rice_disease_pest,0.5427187589967654,1,0.5427187589967654,1.017397165298462
data\raw\brri_rice_disease_pest\Rice Blast\RB_65.jpg,brri_rice_disease_pest,0.2477365196701045,1,0.2477365196701045,1.0037750005722046
data\raw\brri_rice_disease_pest\Rice Blast\RB_650.jpg,brri_rice_disease_pest,0.17218062541279278,1,0.17218062541279278,1.0100497007369995
data\raw\brri_rice_disease_pest\Rice Blast\RB_651.jpg,brri_rice_disease_pest,0.19335048195155044,1,0.19335048195155044,1.0039254426956177
data\raw\brri_rice_disease_pest\Rice Blast\RB_652.jpg,brri_rice_disease_pest,0.9321569161943093,1,0.9321569161943093,1.0057799816131592
data\raw\brri_rice_disease_pest\Rice Blast\RB_653.jpg,brri_rice_disease_pest,0.650366026742362,1,0.650366026742362,1.0072623491287231
data\raw\brri_rice_disease_pest\Rice Blast\RB_654.jpg,brri_rice_disease_pest,0.16628880251994108,1,0.16628880251994108,1.007337212562561
data\raw\brri_rice_disease_pest\Rice Blast\RB_655.jpg,brri_rice_disease_pest,0.5964732668685849,1,0.5964732668685849,1.0153846740722656
data\raw\brri_rice_disease_pest\Rice Blast\RB_656.jpg,brri_rice_disease_pest,0.5498641301424536,1,0.5498641301424536,1.0001537799835205
data\raw\brri_rice_disease_pest\Rice Blast\RB_657.jpg,brri_rice_disease_pest,0.23191094472387339,1,0.23191094472387339,1.0121839046478271
data\raw\brri_rice_disease_pest\Rice Blast\RB_658.jpg,brri_rice_disease_pest,0.3176638787278362,1,0.3176638787278362,1.011291742324829
data\raw\brri_rice_disease_pest\Rice Blast\RB_659.jpg,brri_rice_disease_pest,0.5354771566834324,1,0.5354771566834324,1.0051865577697754
data\raw\brri_rice_disease_pest\Rice Blast\RB_66.jpg,brri_rice_disease_pest,0.495224574991812,1,0.495224574991812,0.9917128086090088
data\raw\brri_rice_disease_pest\Rice Blast\RB_660.jpg,brri_rice_disease_pest,0.5354771566834324,1,0.5354771566834324,1.0051865577697754
data\raw\brri_rice_disease_pest\Rice Blast\RB_661.jpg,brri_rice_disease_pest,0.13818952268455012,1,0.13818952268455012,1.0072855949401855
data\raw\brri_rice_disease_pest\Rice Blast\RB_662.jpg,brri_rice_disease_pest,0.28160552525181803,1,0.28160552525181803,0.9902587532997131
data\raw\brri_rice_disease_pest\Rice Blast\RB_663.jpg,brri_rice_disease_pest,0.5405858581267992,1,0.5405858581267992,1.019058108329773
data\raw\brri_rice_disease_pest\Rice Blast\RB_664.jpg,brri_rice_disease_pest,0.49745523844603634,1,0.49745523844603634,1.0069372653961182
data\raw\brri_rice_disease_pest\Rice Blast\RB_665.jpg,brri_rice_disease_pest,0.602437401814626,1,0.602437401814626,0.9975885152816772
data\raw\brri_rice_disease_pest\Rice Blast\RB_666.jpg,brri_rice_disease_pest,0.5387887601822215,1,0.5387887601822215,1.011295199394226
data\raw\brri_rice_disease_pest\Rice Blast\RB_667.jpg,brri_rice_disease_pest,0.5411721091805111,1,0.5411721091805111,0.9983452558517456
data\raw\brri_rice_disease_pest\Rice Blast\RB_668.jpg,brri_rice_disease_pest,0.2839540572236617,1,0.2839540572236617,1.0116329193115234
data\raw\brri_rice_disease_pest\Rice Blast\RB_669.jpg,brri_rice_disease_pest,0.2839540572236617,1,0.2839540572236617,1.0116329193115234
data\raw\brri_rice_disease_pest\Rice Blast\RB_67.jpg,brri_rice_disease_pest,0.316192,1,0.316192,1.006563425064087
data\raw\brri_rice_disease_pest\Rice Blast\RB_670.jpg,brri_rice_disease_pest,0.5017069391563206,1,0.5017069391563206,0.9947054982185364
data\raw\brri_rice_disease_pest\Rice Blast\RB_671.jpg,brri_rice_disease_pest,0.2957414075598232,1,0.2957414075598232,1.0052211284637451
data\raw\brri_rice_disease_pest\Rice Blast\RB_672.jpg,brri_rice_disease_pest,0.2022150036410439,1,0.2022150036410439,1.0088014602661133
data\raw\brri_rice_disease_pest\Rice Blast\RB_673.jpg,brri_rice_disease_pest,0.2022150036410439,1,0.2022150036410439,1.0088014602661133
data\raw\brri_rice_disease_pest\Rice Blast\RB_674.jpg,brri_rice_disease_pest,0.1739447852630866,1,0.1739447852630866,1.005981206893921
data\raw\brri_rice_disease_pest\Rice Blast\RB_675.jpg,brri_rice_disease_pest,0.20360489429257336,1,0.20360489429257336,1.005488634109497
data\raw\brri_rice_disease_pest\Rice Blast\RB_676.jpg,brri_rice_disease_pest,0.5699405373241928,1,0.5699405373241928,1.011741042137146
data\raw\brri_rice_disease_pest\Rice Blast\RB_677.jpg,brri_rice_disease_pest,0.1739447852630866,1,0.1739447852630866,1.005981206893921
data\raw\brri_rice_disease_pest\Rice Blast\RB_678.jpg,brri_rice_disease_pest,0.5066628986096293,1,0.5066628986096293,1.0102206468582153
data\raw\brri_rice_disease_pest\Rice Blast\RB_679.jpg,brri_rice_disease_pest,0.5169083621229826,1,0.5169083621229826,1.0139838457107544
data\raw\brri_rice_disease_pest\Rice Blast\RB_68.jpg,brri_rice_disease_pest,0.5051861060305848,1,0.5051861060305848,1.0093352794647217
data\raw\brri_rice_disease_pest\Rice Blast\RB_680.jpg,brri_rice_disease_pest,0.6095035443940869,1,0.6095035443940869,0.9991296529769897
data\raw\brri_rice_disease_pest\Rice Blast\RB_681.jpg,brri_rice_disease_pest,0.20309509898558825,1,0.20309509898558825,0.9912705421447754
data\raw\brri_rice_disease_pest\Rice Blast\RB_682.jpg,brri_rice_disease_pest,0.5445186412979052,1,0.5445186412979052,1.0035258531570435
data\raw\brri_rice_disease_pest\Rice Blast\RB_683.jpg,brri_rice_disease_pest,0.5964122487256347,1,0.5964122487256347,1.0338603258132935
data\raw\brri_rice_disease_pest\Rice Blast\RB_684.jpg,brri_rice_disease_pest,0.5964122487256347,1,0.5964122487256347,1.0338603258132935
data\raw\brri_rice_disease_pest\Rice Blast\RB_685.jpg,brri_rice_disease_pest,0.5326939808464157,1,0.5326939808464157,1.005363941192627
data\raw\brri_rice_disease_pest\Rice Blast\RB_686.jpg,brri_rice_disease_pest,0.5115051588004804,1,0.5115051588004804,1.0023866891860962
data\raw\brri_rice_disease_pest\Rice Blast\RB_687.jpg,brri_rice_disease_pest,0.5326939808464157,1,0.5326939808464157,1.005363941192627
data\raw\brri_rice_disease_pest\Rice Blast\RB_688.jpg,brri_rice_disease_pest,0.18668764500668936,1,0.18668764500668936,1.0143221616744995
data\raw\brri_rice_disease_pest\Rice Blast\RB_689.jpg,brri_rice_disease_pest,0.577271925322384,1,0.577271925322384,1.01519775390625
data\raw\brri_rice_disease_pest\Rice Blast\RB_69.jpg,brri_rice_disease_pest,0.5993176747277684,1,0.5993176747277684,1.0161936283111572
data\raw\brri_rice_disease_pest\Rice Blast\RB_690.jpg,brri_rice_disease_pest,0.18668764500668936,1,0.18668764500668936,1.0143221616744995
data\raw\brri_rice_disease_pest\Rice Blast\RB_691.jpg,brri_rice_disease_pest,0.6309783506071229,1,0.6309783506071229,1.0206751823425293
data\raw\brri_rice_disease_pest\Rice Blast\RB_692.jpg,brri_rice_disease_pest,0.6309783506071229,1,0.6309783506071229,1.0206751823425293
data\raw\brri_rice_disease_pest\Rice Blast\RB_693.jpg,brri_rice_disease_pest,0.14868795407204186,1,0.14868795407204186,1.0063239336013794
data\raw\brri_rice_disease_pest\Rice Blast\RB_694.jpg,brri_rice_disease_pest,0.15550733580610235,1,0.15550733580610235,1.0117802619934082
data\raw\brri_rice_disease_pest\Rice Blast\RB_695.jpg,brri_rice_disease_pest,0.6606315692710576,1,0.6606315692710576,1.0126734972000122
data\raw\brri_rice_disease_pest\Rice Blast\RB_696.jpg,brri_rice_disease_pest,0.955688,1,0.955688,0.999988317489624
data\raw\brri_rice_disease_pest\Rice Blast\RB_7.jpg,brri_rice_disease_pest,0.20299375306948467,1,0.20299375306948467,1.0084477663040161
data\raw\brri_rice_disease_pest\Rice Blast\RB_70.jpg,brri_rice_disease_pest,0.13286545867054583,1,0.13286545867054583,0.9939901828765869
data\raw\brri_rice_disease_pest\Rice Blast\RB_71.jpg,brri_rice_disease_pest,0.17881944444444445,1,0.17881944444444445,1.0128415822982788
data\raw\brri_rice_disease_pest\Rice Blast\RB_72.jpg,brri_rice_disease_pest,0.576116,1,0.576116,1.0039063692092896
data\raw\brri_rice_disease_pest\Rice Blast\RB_73.jpg,brri_rice_disease_pest,0.6175084606590695,1,0.6175084606590695,1.00604248046875
data\raw\brri_rice_disease_pest\Rice Blast\RB_74.jpg,brri_rice_disease_pest,0.2547828392521465,1,0.2547828392521465,0.9980897903442383
data\raw\brri_rice_disease_pest\Rice Blast\RB_75.jpg,brri_rice_disease_pest,0.535792,1,0.535792,1.006066918373108
data\raw\brri_rice_disease_pest\Rice Blast\RB_76.jpg,brri_rice_disease_pest,0.226110147927992,1,0.226110147927992,1.010059118270874
data\raw\brri_rice_disease_pest\Rice Blast\RB_77.jpg,brri_rice_disease_pest,0.5715346482327076,1,0.5715346482327076,1.013963222503662
data\raw\brri_rice_disease_pest\Rice Blast\RB_78.jpg,brri_rice_disease_pest,0.5903571469283996,1,0.5903571469283996,1.0054574012756348
data\raw\brri_rice_disease_pest\Rice Blast\RB_79.jpg,brri_rice_disease_pest,0.17404904189740725,1,0.17404904189740725,1.0043989419937134
data\raw\brri_rice_disease_pest\Rice Blast\RB_8.jpg,brri_rice_disease_pest,0.16852271089546503,1,0.16852271089546503,1.0081233978271484
data\raw\brri_rice_disease_pest\Rice Blast\RB_80.jpg,brri_rice_disease_pest,0.5513592954159593,1,0.5513592954159593,1.0203824043273926
data\raw\brri_rice_disease_pest\Rice Blast\RB_81.jpg,brri_rice_disease_pest,0.14312213161950244,1,0.14312213161950244,1.0056076049804688
data\raw\brri_rice_disease_pest\Rice Blast\RB_82.jpg,brri_rice_disease_pest,0.5134458741057109,1,0.5134458741057109,1.0064985752105713
data\raw\brri_rice_disease_pest\Rice Blast\RB_83.jpg,brri_rice_disease_pest,0.12024348660024509,1,0.12024348660024509,1.0062795877456665
data\raw\brri_rice_disease_pest\Rice Blast\RB_84.jpg,brri_rice_disease_pest,0.5000240685472225,1,0.5000240685472225,0.996630072593689
data\raw\brri_rice_disease_pest\Rice Blast\RB_85.jpg,brri_rice_disease_pest,0.32232808472096425,1,0.32232808472096425,1.0003552436828613
data\raw\brri_rice_disease_pest\Rice Blast\RB_86.jpg,brri_rice_disease_pest,0.14937223746380124,1,0.14937223746380124,1.004168152809143
data\raw\brri_rice_disease_pest\Rice Blast\RB_87.jpg,brri_rice_disease_pest,0.5366263611576826,1,0.5366263611576826,1.0073968172073364
data\raw\brri_rice_disease_pest\Rice Blast\RB_88.jpg,brri_rice_disease_pest,0.23119861259293129,1,0.23119861259293129,1.0082892179489136
data\raw\brri_rice_disease_pest\Rice Blast\RB_89.jpg,brri_rice_disease_pest,0.29215778421311117,1,0.29215778421311117,1.0039923191070557
data\raw\brri_rice_disease_pest\Rice Blast\RB_9.jpg,brri_rice_disease_pest,0.19112569645548613,1,0.19112569645548613,1.0043903589248657
data\raw\brri_rice_disease_pest\Rice Blast\RB_90.jpg,brri_rice_disease_pest,0.12418,1,0.12418,1.005709171295166
data\raw\brri_rice_disease_pest\Rice Blast\RB_91.jpg,brri_rice_disease_pest,0.3690499627428068,1,0.3690499627428068,1.0138542652130127
data\raw\brri_rice_disease_pest\Rice Blast\RB_92.jpg,brri_rice_disease_pest,0.5697138181848973,1,0.5697138181848973,1.00949227809906
data\raw\brri_rice_disease_pest\Rice Blast\RB_93.jpg,brri_rice_disease_pest,0.6456195275938812,1,0.6456195275938812,1.0086138248443604
data\raw\brri_rice_disease_pest\Rice Blast\RB_94.jpg,brri_rice_disease_pest,0.21664237540009146,1,0.21664237540009146,1.0010159015655518
data\raw\brri_rice_disease_pest\Rice Blast\RB_95.jpg,brri_rice_disease_pest,0.23621378008094973,1,0.23621378008094973,1.0099552869796753
data\raw\brri_rice_disease_pest\Rice Blast\RB_96.jpg,brri_rice_disease_pest,0.5401668529526326,1,0.5401668529526326,1.0198614597320557
data\raw\brri_rice_disease_pest\Rice Blast\RB_97.jpg,brri_rice_disease_pest,0.2947833019757045,1,0.2947833019757045,0.9990584850311279
data\raw\brri_rice_disease_pest\Rice Blast\RB_98.jpg,brri_rice_disease_pest,0.513280099671537,1,0.513280099671537,1.0161489248275757
data\raw\brri_rice_disease_pest\Rice Blast\RB_99.jpg,brri_rice_disease_pest,0.5308341763646031,1,0.5308341763646031,1.0117058753967285
data\raw\brri_rice_disease_pest\Rice Leaffolder\RLF_1.jpg,brri_rice_disease_pest,0.13922970753103356,1,0.13922970753103356,1.0095337629318237
data\raw\brri_rice_disease_pest\Rice Leaffolder\RLF_10.jpg,brri_rice_disease_pest,0.7543613143321648,1,0.7543613143321648,1.0031236410140991
data\raw\brri_rice_disease_pest\Rice Leaffolder\RLF_100.jpg,brri_rice_disease_pest,0.2234957937475656,1,0.2234957937475656,1.009214997291565
data\raw\brri_rice_disease_pest\Rice Leaffolder\RLF_101.jpg,brri_rice_disease_pest,0.17091790292807668,1,0.17091790292807668,0.996504545211792
data\raw\brri_rice_disease_pest\Rice Leaffolder\RLF_102.jpg,brri_rice_disease_pest,0.653248,1,0.653248,1.024856686592102
data\raw\brri_rice_disease_pest\Rice Leaffolder\RLF_103.jpg,brri_rice_disease_pest,0.125949100528058,1,0.125949100528058,0.9975705146789551
data\raw\brri_rice_disease_pest\Rice Leaffolder\RLF_104.jpg,brri_rice_disease_pest,0.49392105790422763,1,0.49392105790422763,1.0061020851135254
data\raw\brri_rice_disease_pest\Rice Leaffolder\RLF_105.jpg,brri_rice_disease_pest,0.12524765751017647,1,0.12524765751017647,1.0089765787124634
data\raw\brri_rice_disease_pest\Rice Leaffolder\RLF_106.jpg,brri_rice_disease_pest,0.16214314594658674,1,0.16214314594658674,0.9858952760696411
data\raw\brri_rice_disease_pest\Rice Leaffolder\RLF_107.jpg,brri_rice_disease_pest,0.6282173078233542,1,0.6282173078233542,0.9992167353630066
data\raw\brri_rice_disease_pest\Rice Leaffolder\RLF_108.jpg,brri_rice_disease_pest,0.2458841075067935,1,0.2458841075067935,1.0012493133544922
data\raw\brri_rice_disease_pest\Rice Leaffolder\RLF_109.jpg,brri_rice_disease_pest,0.044168,1,0.044168,0.9943176507949829
data\raw\brri_rice_disease_pest\Rice Leaffolder\RLF_11.jpg,brri_rice_disease_pest,0.1815952813016895,1,0.1815952813016895,0.9789316654205322
data\raw\brri_rice_disease_pest\Rice Leaffolder\RLF_110.jpg,brri_rice_disease_pest,0.5140199035944583,1,0.5140199035944583,1.0078353881835938
data\raw\brri_rice_disease_pest\Rice Leaffolder\RLF_111.jpg,brri_rice_disease_pest,0.5172731829573934,1,0.5172731829573934,1.0099254846572876
data\raw\brri_rice_disease_pest\Rice Leaffolder\RLF_112.jpg,brri_rice_disease_pest,0.189164,1,0.189164,1.0129799842834473
data\raw\brri_rice_disease_pest\Rice Leaffolder\RLF_113.jpg,brri_rice_disease_pest,0.544750440312283,1,0.544750440312283,1.0281141996383667
data\raw\brri_rice_disease_pest\Rice Leaffolder\RLF_114.jpg,brri_rice_disease_pest,0.5065660674991139,1,0.5065660674991139,1.01361083984375
data\raw\brri_rice_disease_pest\Rice Leaffolder\RLF_115.jpg,brri_rice_disease_pest,0.2275875037210243,1,0.2275875037210243,0.9910953044891357
data\raw\brri_rice_disease_pest\Rice Leaffolder\RLF_116.jpg,brri_rice_disease_pest,0.541492,1,0.541492,1.0058238506317139
data\raw\brri_rice_disease_pest\Rice Leaffolder\RLF_117.jpg,brri_rice_disease_pest,0.5348303061126536,1,0.5348303061126536,1.0036301612854004
data\raw\brri_rice_disease_pest\Rice Leaffolder\RLF_118.jpg,brri_rice_disease_pest,0.5714007816315912,1,0.5714007816315912,1.0135993957519531
data\raw\brri_rice_disease_pest\Rice Leaffolder\RLF_119.jpg,brri_rice_disease_pest,0.523772,1,0.523772,1.0053751468658447
data\raw\brri_rice_disease_pest\Rice Leaffolder\RLF_12.jpg,brri_rice_disease_pest,0.09061145192975326,1,0.09061145192975326,0.9995701313018799
data\raw\brri_rice_disease_pest\Rice Leaffolder\RLF_120.jpg,brri_rice_disease_pest,0.21630022244890962,1,0.21630022244890962,1.0050830841064453
data\raw\brri_rice_disease_pest\Rice Leaffolder\RLF_121.jpg,brri_rice_disease_pest,0.9484,1,0.9484,0.9993261098861694
data\raw\brri_rice_disease_pest\Rice Leaffolder\RLF_122.jpg,brri_rice_disease_pest,0.16093222237540497,1,0.16093222237540497,1.0105942487716675
data\raw\brri_rice_disease_pest\Rice Leaffolder\RLF_123.jpg,brri_rice_disease_pest,0.5174173596756878,1,0.5174173596756878,1.0240321159362793
data\raw\brri_rice_disease_pest\Rice Leaffolder\RLF_124.jpg,brri_rice_disease_pest,0.9138022553303189,1,0.9138022553303189,1.0126138925552368
data\raw\brri_rice_disease_pest\Rice Leaffolder\RLF_125.jpg,brri_rice_disease_pest,0.5940376354553287,1,0.5940376354553287,1.0009723901748657
data\raw\brri_rice_disease_pest\Rice Leaffolder\RLF_126.jpg,brri_rice_disease_pest,0.12089241368260835,1,0.12089241368260835,1.0140377283096313
data\raw\brri_rice_disease_pest\Rice Leaffolder\RLF_127.jpg,brri_rice_disease_pest,0.5150998970815096,1,0.5150998970815096,0.9926474094390869
data\raw\brri_rice_disease_pest\Rice Leaffolder\RLF_128.jpg,brri_rice_disease_pest,0.16221450567780843,1,0.16221450567780843,0.9072341918945312
data\raw\brri_rice_disease_pest\Rice Leaffolder\RLF_129.jpg,brri_rice_disease_pest,0.6149299299299299,1,0.6149299299299299,1.0123505592346191
data\raw\brri_rice_disease_pest\Rice Leaffolder\RLF_13.jpg,brri_rice_disease_pest,0.5836164668326306,1,0.5836164668326306,1.0148801803588867
data\raw\brri_rice_disease_pest\Rice Leaffolder\RLF_130.jpg,brri_rice_disease_pest,0.5935734151952101,1,0.5935734151952101,1.0074855089187622
data\raw\brri_rice_disease_pest\Rice Leaffolder\RLF_131.jpg,brri_rice_disease_pest,0.1499945185209504,1,0.1499945185209504,1.0076508522033691
data\raw\brri_rice_disease_pest\Rice Leaffolder\RLF_132.jpg,brri_rice_disease_pest,0.583504,1,0.583504,1.003150463104248
data\raw\brri_rice_disease_pest\Rice Leaffolder\RLF_133.jpg,brri_rice_disease_pest,0.07208339829828939,1,0.07208339829828939,1.0041804313659668
data\raw\brri_rice_disease_pest\Rice Leaffolder\RLF_134.jpg,brri_rice_disease_pest,0.719104,1,0.719104,1.0028220415115356
data\raw\brri_rice_disease_pest\Rice Leaffolder\RLF_135.jpg,brri_rice_disease_pest,0.5430437459386814,1,0.5430437459386814,1.0084930658340454
data\raw\brri_rice_disease_pest\Rice Leaffolder\RLF_136.jpg,brri_rice_disease_pest,0.5128977673753209,1,0.5128977673753209,1.0058698654174805
data\raw\brri_rice_disease_pest\Rice Leaffolder\RLF_137.jpg,brri_rice_disease_pest,0.07060530633760988,1,0.07060530633760988,1.0045257806777954
data\raw\brri_rice_disease_pest\Rice Leaffolder\RLF_138.jpg,brri_rice_disease_pest,0.10583583125878508,1,0.10583583125878508,1.0103676319122314
data\raw\brri_rice_disease_pest\Rice Leaffolder\RLF_139.jpg,brri_rice_disease_pest,0.303312,1,0.303312,1.013857126235962
data\raw\brri_rice_disease_pest\Rice Leaffolder\RLF_14.jpg,brri_rice_disease_pest,0.12452856399161154,1,0.12452856399161154,1.0069483518600464
data\raw\brri_rice_disease_pest\Rice Leaffolder\RLF_140.jpg,brri_rice_disease_pest,0.520440017838561,1,0.520440017838561,1.0057120323181152
data\raw\brri_rice_disease_pest\Rice Leaffolder\RLF_141.jpg,brri_rice_disease_pest,0.5195155718132398,1,0.5195155718132398,1.0015147924423218
data\raw\brri_rice_disease_pest\Rice Leaffolder\RLF_142.jpg,brri_rice_disease_pest,0.18702452612704917,1,0.18702452612704917,1.0025811195373535
data\raw\brri_rice_disease_pest\Rice Leaffolder\RLF_143.jpg,brri_rice_disease_pest,0.5954401173841024,1,0.5954401173841024,1.0123907327651978
data\raw\brri_rice_disease_pest\Rice Leaffolder\RLF_144.jpg,brri_rice_disease_pest,0.8057023667947928,1,0.8057023667947928,1.0108627080917358
data\raw\brri_rice_disease_pest\Rice Leaffolder\RLF_145.jpg,brri_rice_disease_pest,0.0861984752277602,1,0.0861984752277602,1.004621148109436
data\raw\brri_rice_disease_pest\Rice Leaffolder\RLF_146.jpg,brri_rice_disease_pest,0.2507673342922446,1,0.2507673342922446,0.9215906858444214
data\raw\brri_rice_disease_pest\Rice Leaffolder\RLF_147.jpg,brri_rice_disease_pest,0.8918078498959418,1,0.8918078498959418,1.0048896074295044
data\raw\brri_rice_disease_pest\Rice Leaffolder\RLF_148.jpg,brri_rice_disease_pest,0.14687298895832274,1,0.14687298895832274,1.0025180578231812
data\raw\brri_rice_disease_pest\Rice Leaffolder\RLF_149.jpg,brri_rice_disease_pest,0.18447179461125507,1,0.18447179461125507,0.9960002899169922
data\raw\brri_rice_disease_pest\Rice Leaffolder\RLF_15.jpg,brri_rice_disease_pest,0.575628,1,0.575628,1.0033373832702637
data\raw\brri_rice_disease_pest\Rice Leaffolder\RLF_150.jpg,brri_rice_disease_pest,0.22750385273247642,1,0.22750385273247642,0.9966951608657837
data\raw\brri_rice_disease_pest\Rice Leaffolder\RLF_151.jpg,brri_rice_disease_pest,0.29115120493149754,1,0.29115120493149754,1.0143311023712158
data\raw\brri_rice_disease_pest\Rice Leaffolder\RLF_152.jpg,brri_rice_disease_pest,0.22173861997531452,1,0.22173861997531452,1.0059186220169067
data\raw\brri_rice_disease_pest\Rice Leaffolder\RLF_153.jpg,brri_rice_disease_pest,0.1060181480634727,1,0.1060181480634727,0.9583821296691895
data\raw\brri_rice_disease_pest\Rice Leaffolder\RLF_154.jpg,brri_rice_disease_pest,0.11572159893692388,1,0.11572159893692388,1.0013219118118286
data\raw\brri_rice_disease_pest\Rice Leaffolder\RLF_155.jpg,brri_rice_disease_pest,0.5074167746278514,1,0.5074167746278514,1.0279908180236816
data\raw\brri_rice_disease_pest\Rice Leaffolder\RLF_156.jpg,brri_rice_disease_pest,0.394592,1,0.394592,1.0046347379684448
data\raw\brri_rice_disease_pest\Rice Leaffolder\RLF_157.jpg,brri_rice_disease_pest,0.25495827617741196,1,0.25495827617741196,1.0090924501419067
data\raw\brri_rice_disease_pest\Rice Leaffolder\RLF_158.jpg,brri_rice_disease_pest,0.5423378868268792,1,0.5423378868268792,0.9958622455596924
data\raw\brri_rice_disease_pest\Rice Leaffolder\RLF_159.jpg,brri_rice_disease_pest,0.5658168019996532,1,0.5658168019996532,0.9954894781112671
data\raw\brri_rice_disease_pest\Rice Leaffolder\RLF_16.jpg,brri_rice_disease_pest,0.6315994118472353,1,0.6315994118472353,1.01083505153656
data\raw\brri_rice_disease_pest\Rice Leaffolder\RLF_160.jpg,brri_rice_disease_pest,0.147059865660385,1,0.147059865660385,1.0044729709625244
data\raw\brri_rice_disease_pest\Rice Leaffolder\RLF_161.jpg,brri_rice_disease_pest,0.5455550468524681,1,0.5455550468524681,1.001213550567627
data\raw\brri_rice_disease_pest\Rice Leaffolder\RLF_162.jpg,brri_rice_disease_pest,0.6307744565217391,1,0.6307744565217391,1.0235259532928467
data\raw\brri_rice_disease_pest\Rice Leaffolder\RLF_163.jpg,brri_rice_disease_pest,0.08707625234974344,1,0.08707625234974344,0.9681927561759949
data\raw\brri_rice_disease_pest\Rice Leaffolder\RLF_164.jpg,brri_rice_disease_pest,0.0462687767786076,1,0.0462687767786076,1.0066889524459839
data\raw\brri_rice_disease_pest\Rice Leaffolder\RLF_165.jpg,brri_rice_disease_pest,0.5006398287862622,1,0.5006398287862622,1.0111135244369507
data\raw\brri_rice_disease_pest\Rice Leaffolder\RLF_166.jpg,brri_rice_disease_pest,0.23061752739250452,1,0.23061752739250452,1.0154674053192139
data\raw\brri_rice_disease_pest\Rice Leaffolder\RLF_167.jpg,brri_rice_disease_pest,0.2267703517417738,1,0.2267703517417738,1.0116987228393555
data\raw\brri_rice_disease_pest\Rice Leaffolder\RLF_168.jpg,brri_rice_disease_pest,0.5885779183390066,1,0.5885779183390066,1.0054360628128052
data\raw\brri_rice_disease_pest\Rice Leaffolder\RLF_169.jpg,brri_rice_disease_pest,0.130756,1,0.130756,0.985723614692688
data\raw\brri_rice_disease_pest\Rice Leaffolder\RLF_17.jpg,brri_rice_disease_pest,0.5200048370844553,1,0.5200048370844553,1.0051978826522827
data\raw\brri_rice_disease_pest\Rice Leaffolder\RLF_170.jpg,brri_rice_disease_pest,0.175063294890684,1,0.175063294890684,1.0062124729156494
data\raw\brri_rice_disease_pest\Rice Leaffolder\RLF_171.jpg,brri_rice_disease_pest,0.636056,1,0.636056,1.0055903196334839
data\raw\brri_rice_disease_pest\Rice Leaffolder\RLF_172.jpg,brri_rice_disease_pest,0.5102179081994329,1,0.5102179081994329,1.0050995349884033
data\raw\brri_rice_disease_pest\Rice Leaffolder\RLF_173.jpg,brri_rice_disease_pest,0.0806303124137272,1,0.0806303124137272,0.9954588413238525
data\raw\brri_rice_disease_pest\Rice Leaffolder\RLF_174.jpg,brri_rice_disease_pest,0.17445601101960914,1,0.17445601101960914,1.0083260536193848
data\raw\brri_rice_disease_pest\Rice Leaffolder\RLF_175.jpg,brri_rice_disease_pest,0.1584116137095345,1,0.1584116137095345,1.0083673000335693
data\raw\brri_rice_disease_pest\Rice Leaffolder\RLF_176.jpg,brri_rice_disease_pest,0.5071575133852714,1,0.5071575133852714,1.0059535503387451
data\raw\brri_rice_disease_pest\Rice Leaffolder\RLF_177.jpg,brri_rice_disease_pest,0.4354654079662653,1,0.4354654079662653,1.000658392906189
data\raw\brri_rice_disease_pest\Rice Leaffolder\RLF_178.jpg,brri_rice_disease_pest,0.1987732188844424,1,0.1987732188844424,1.0051743984222412
data\raw\brri_rice_disease_pest\Rice Leaffolder\RLF_179.jpg,brri_rice_disease_pest,0.9404988171137576,1,0.9404988171137576,1.0066540241241455
data\raw\brri_rice_disease_pest\Rice Leaffolder\RLF_18.jpg,brri_rice_disease_pest,0.1184690075245156,1,0.1184690075245156,1.0007166862487793
data\raw\brri_rice_disease_pest\Rice Leaffolder\RLF_180.jpg,brri_rice_disease_pest,0.2577652669816593,1,0.2577652669816593,1.0147777795791626
data\raw\brri_rice_disease_pest\Rice Leaffolder\RLF_181.jpg,brri_rice_disease_pest,0.5488301475824794,1,0.5488301475824794,1.0096707344055176
data\raw\brri_rice_disease_pest\Rice Leaffolder\RLF_182.jpg,brri_rice_disease_pest,0.556772,1,0.556772,1.008275032043457
data\raw\brri_rice_disease_pest\Rice Leaffolder\RLF_183.jpg,brri_rice_disease_pest,0.31213642483361276,1,0.31213642483361276,0.9952154159545898
data\raw\brri_rice_disease_pest\Rice Leaffolder\RLF_184.jpg,brri_rice_disease_pest,0.1667656310860472,1,0.1667656310860472,1.0076895952224731
data\raw\brri_rice_disease_pest\Rice Leaffolder\RLF_185.jpg,brri_rice_disease_pest,0.5761102537722909,1,0.5761102537722909,1.0024579763412476
data\raw\brri_rice_disease_pest\Rice Leaffolder\RLF_186.jpg,brri_rice_disease_pest,0.146652,1,0.146652,1.0007175207138062
data\raw\brri_rice_disease_pest\Rice Leaffolder\RLF_187.jpg,brri_rice_disease_pest,0.18654501981405275,1,0.18654501981405275,1.0040888786315918
data\raw\brri_rice_disease_pest\Rice Leaffolder\RLF_188.jpg,brri_rice_disease_pest,0.5147869788382724,1,0.5147869788382724,1.004806399345398
data\raw\brri_rice_disease_pest\Rice Leaffolder\RLF_189.jpg,brri_rice_disease_pest,0.28821455486121694,1,0.28821455486121694,1.0037517547607422
data\raw\brri_rice_disease_pest\Rice Leaffolder\RLF_19.jpg,brri_rice_disease_pest,0.5366702282924715,1,0.5366702282924715,0.9911508560180664
data\raw\brri_rice_disease_pest\Rice Leaffolder\RLF_190.jpg,brri_rice_disease_pest,0.5897442874131963,1,0.5897442874131963,1.0165408849716187
data\raw\brri_rice_disease_pest\Rice Leaffolder\RLF_191.jpg,brri_rice_disease_pest,0.5897442874131963,1,0.5897442874131963,1.0165408849716187
data\raw\brri_rice_disease_pest\Rice Leaffolder\RLF_192.jpg,brri_rice_disease_pest,0.5342519617108029,1,0.5342519617108029,1.0153371095657349
data\raw\brri_rice_disease_pest\Rice Leaffolder\RLF_193.jpg,brri_rice_disease_pest,0.5035841525682061,1,0.5035841525682061,1.0105735063552856
data\raw\brri_rice_disease_pest\Rice Leaffolder\RLF_194.jpg,brri_rice_disease_pest,0.5169528167284797,1,0.5169528167284797,1.0034923553466797
data\raw\brri_rice_disease_pest\Rice Leaffolder\RLF_195.jpg,brri_rice_disease_pest,0.30857793950786633,1,0.30857793950786633,0.9563350677490234
data\raw\brri_rice_disease_pest\Rice Leaffolder\RLF_196.jpg,brri_rice_disease_pest,0.3813042436169139,1,0.3813042436169139,0.9844326972961426
data\raw\brri_rice_disease_pest\Rice Leaffolder\RLF_197.jpg,brri_rice_disease_pest,0.40324793938739517,1,0.40324793938739517,1.0071181058883667
data\raw\brri_rice_disease_pest\Rice Leaffolder\RLF_198.jpg,brri_rice_disease_pest,0.46180899549526666,1,0.46180899549526666,1.014722228050232
data\raw\brri_rice_disease_pest\Rice Leaffolder\RLF_199.jpg,brri_rice_disease_pest,0.5033635620915032,1,0.5033635620915032,0.991977334022522
data\raw\brri_rice_disease_pest\Rice Leaffolder\RLF_2.jpg,brri_rice_disease_pest,0.5737806207556436,1,0.5737806207556436,1.0249996185302734
data\raw\brri_rice_disease_pest\Rice Leaffolder\RLF_20.jpg,brri_rice_disease_pest,0.5357276036743857,1,0.5357276036743857,0.9968122243881226
data\raw\brri_rice_disease_pest\Rice Leaffolder\RLF_200.jpg,brri_rice_disease_pest,0.2975169456722383,1,0.2975169456722383,1.008207082748413
data\raw\brri_rice_disease_pest\Rice Leaffolder\RLF_201.jpg,brri_rice_disease_pest,0.6285971184948094,1,0.6285971184948094,1.0084677934646606
data\raw\brri_rice_disease_pest\Rice Leaffolder\RLF_202.jpg,brri_rice_disease_pest,0.170284,1,0.170284,1.0133782625198364
data\raw\brri_rice_disease_pest\Rice Leaffolder\RLF_203.jpg,brri_rice_disease_pest,0.5081381035241918,1,0.5081381035241918,1.0008834600448608
data\raw\brri_rice_disease_pest\Rice Leaffolder\RLF_204.jpg,brri_rice_disease_pest,0.49873568985080186,1,0.49873568985080186,0.9813153743743896
data\raw\brri_rice_disease_pest\Rice Leaffolder\RLF_205.jpg,brri_rice_disease_pest,0.23952220825077478,1,0.23952220825077478,1.0000543594360352
data\raw\brri_rice_disease_pest\Rice Leaffolder\RLF_206.jpg,brri_rice_disease_pest,0.12538958530473954,1,0.12538958530473954,1.0016841888427734
data\raw\brri_rice_disease_pest\Rice Leaffolder\RLF_207.jpg,brri_rice_disease_pest,0.1523454038171688,1,0.1523454038171688,0.9818469285964966
data\raw\brri_rice_disease_pest\Rice Leaffolder\RLF_208.jpg,brri_rice_disease_pest,0.11425635634944384,1,0.11425635634944384,1.002708077430725
data\raw\brri_rice_disease_pest\Rice Leaffolder\RLF_209.jpg,brri_rice_disease_pest,0.5252843507087335,1,0.5252843507087335,1.0049079656600952
data\raw\brri_rice_disease_pest\Rice Leaffolder\RLF_21.jpg,brri_rice_disease_pest,0.5350783882876933,1,0.5350783882876933,1.0089737176895142
data\raw\brri_rice_disease_pest\Rice Leaffolder\RLF_210.jpg,brri_rice_disease_pest,0.1664592118410134,1,0.1664592118410134,1.0076433420181274
data\raw\brri_rice_disease_pest\Rice Leaffolder\RLF_211.jpg,brri_rice_disease_pest,0.5161415201781572,1,0.5161415201781572,1.000473976135254
data\raw\brri_rice_disease_pest\Rice Leaffolder\RLF_212.jpg,brri_rice_disease_pest,0.5345183585313175,1,0.5345183585313175,1.0012577772140503
data\raw\brri_rice_disease_pest\Rice Leaffolder\RLF_213.jpg,brri_rice_disease_pest,0.10633454926748583,1,0.10633454926748583,1.0037617683410645
data\raw\brri_rice_disease_pest\Rice Leaffolder\RLF_214.jpg,brri_rice_disease_pest,0.06780241914731555,1,0.06780241914731555,0.9925254583358765
data\raw\brri_rice_disease_pest\Rice Leaffolder\RLF_215.jpg,brri_rice_disease_pest,0.05467810631848126,1,0.05467810631848126,0.998365044593811
data\raw\brri_rice_disease_pest\Rice Leaffolder\RLF_216.jpg,brri_rice_disease_pest,0.5054210803739267,1,0.5054210803739267,1.0082241296768188
data\raw\brri_rice_disease_pest\Rice Leaffolder\RLF_217.jpg,brri_rice_disease_pest,0.20580206692746703,1,0.20580206692746703,1.0133436918258667
data\raw\brri_rice_disease_pest\Rice Leaffolder\RLF_218.jpg,brri_rice_disease_pest,0.6381608743325705,1,0.6381608743325705,1.0135358572006226
data\raw\brri_rice_disease_pest\Rice Leaffolder\RLF_219.jpg,brri_rice_disease_pest,0.15001174181427804,1,0.15001174181427804,1.0084296464920044
data\raw\brri_rice_disease_pest\Rice Leaffolder\RLF_22.jpg,brri_rice_disease_pest,0.616146653626649,1,0.616146653626649,1.0110790729522705
data\raw\brri_rice_disease_pest\Rice Leaffolder\RLF_220.jpg,brri_rice_disease_pest,0.5889446688343579,1,0.5889446688343579,1.0012420415878296
data\raw\brri_rice_disease_pest\Rice Leaffolder\RLF_221.jpg,brri_rice_disease_pest,0.18942342870517445,1,0.18942342870517445,0.9793639183044434
data\raw\brri_rice_disease_pest\Rice Leaffolder\RLF_222.jpg,brri_rice_disease_pest,0.6109970175543946,1,0.6109970175543946,1.0092662572860718
data\raw\brri_rice_disease_pest\Rice Leaffolder\RLF_223.jpg,brri_rice_disease_pest,0.14876839573913192,1,0.14876839573913192,1.009111762046814
data\raw\brri_rice_disease_pest\Rice Leaffolder\RLF_224.jpg,brri_rice_disease_pest,0.524289151447364,1,0.524289151447364,1.0122755765914917
data\raw\brri_rice_disease_pest\Rice Leaffolder\RLF_225.jpg,brri_rice_disease_pest,0.750904968754763,1,0.750904968754763,0.9977841377258301
data\raw\brri_rice_disease_pest\Rice Leaffolder\RLF_226.jpg,brri_rice_disease_pest,0.5264441396128638,1,0.5264441396128638,1.0287398099899292
data\raw\brri_rice_disease_pest\Rice Leaffolder\RLF_227.jpg,brri_rice_disease_pest,0.49695141958373557,1,0.49695141958373557,1.0063964128494263
data\raw\brri_rice_disease_pest\Rice Leaffolder\RLF_228.jpg,brri_rice_disease_pest,0.5953717992684042,1,0.5953717992684042,1.0047155618667603
data\raw\brri_rice_disease_pest\Rice Leaffolder\RLF_229.jpg,brri_rice_disease_pest,0.5758832177513591,1,0.5758832177513591,1.003513216972351
data\raw\brri_rice_disease_pest\Rice Leaffolder\RLF_23.jpg,brri_rice_disease_pest,0.10850409836065573,1,0.10850409836065573,0.9984967708587646
data\raw\brri_rice_disease_pest\Rice Leaffolder\RLF_230.jpg,brri_rice_disease_pest,0.2997467553023109,1,0.2997467553023109,1.0091811418533325
data\raw\brri_rice_disease_pest\Rice Leaffolder\RLF_231.jpg,brri_rice_disease_pest,0.5635499754441227,1,0.5635499754441227,1.0001304149627686
data\raw\brri_rice_disease_pest\Rice Leaffolder\RLF_232.jpg,brri_rice_disease_pest,0.3289833972632898,1,0.3289833972632898,1.0128289461135864
data\raw\brri_rice_disease_pest\Rice Leaffolder\RLF_233.jpg,brri_rice_disease_pest,0.5441601659022783,1,0.5441601659022783,1.0064796209335327
data\raw\brri_rice_disease_pest\Rice Leaffolder\RLF_234.jpg,brri_rice_disease_pest,0.30051022244237835,1,0.30051022244237835,1.013489842414856
data\raw\brri_rice_disease_pest\Rice Leaffolder\RLF_235.jpg,brri_rice_disease_pest,0.5022749901843725,1,0.5022749901843725,0.997384786605835
data\raw\brri_rice_disease_pest\Rice Leaffolder\RLF_236.jpg,brri_rice_disease_pest,0.5441707865168539,1,0.5441707865168539,1.0012470483779907
data\raw\brri_rice_disease_pest\Rice Leaffolder\RLF_237.jpg,brri_rice_disease_pest,0.1234848388626395,1,0.1234848388626395,1.0065640211105347
data\raw\brri_rice_disease_pest\Rice Leaffolder\RLF_238.jpg,brri_rice_disease_pest,0.14470008571090795,1,0.14470008571090795,0.9958627223968506
data\raw\brri_rice_disease_pest\Rice Leaffolder\RLF_239.jpg,brri_rice_disease_pest,0.585416741753467,1,0.585416741753467,1.002207636833191
data\raw\brri_rice_disease_pest\Rice Leaffolder\RLF_24.jpg,brri_rice_disease_pest,0.1600204385340988,1,0.1600204385340988,1.0025643110275269
data\raw\brri_rice_disease_pest\Rice Leaffolder\RLF_240.jpg,brri_rice_disease_pest,0.616276,1,0.616276,1.0329054594039917
data\raw\brri_rice_disease_pest\Rice Leaffolder\RLF_241.jpg,brri_rice_disease_pest,0.13252605886636523,1,0.13252605886636523,1.0140109062194824
data\raw\brri_rice_disease_pest\Rice Leaffolder\RLF_242.jpg,brri_rice_disease_pest,0.5857725151992413,1,0.5857725151992413,1.0135327577590942
data\raw\brri_rice_disease_pest\Rice Leaffolder\RLF_243.jpg,brri_rice_disease_pest,0.04740501532625447,1,0.04740501532625447,0.9919744729995728
data\raw\brri_rice_disease_pest\Rice Leaffolder\RLF_244.jpg,brri_rice_disease_pest,0.17557134752493692,1,0.17557134752493692,1.0094894170761108
data\raw\brri_rice_disease_pest\Rice Leaffolder\RLF_245.jpg,brri_rice_disease_pest,0.6232375748786213,1,0.6232375748786213,0.9982631206512451
data\raw\brri_rice_disease_pest\Rice Leaffolder\RLF_246.jpg,brri_rice_disease_pest,0.07589777134244441,1,0.07589777134244441,1.0004124641418457
data\raw\brri_rice_disease_pest\Rice Leaffolder\RLF_247.jpg,brri_rice_disease_pest,0.5168602029670274,1,0.5168602029670274,1.0139037370681763
data\raw\brri_rice_disease_pest\Rice Leaffolder\RLF_25.jpg,brri_rice_disease_pest,0.5629042272468567,1,0.5629042272468567,1.0103646516799927
data\raw\brri_rice_disease_pest\Rice Leaffolder\RLF_26.jpg,brri_rice_disease_pest,0.1442413041632207,1,0.1442413041632207,1.0036497116088867
data\raw\brri_rice_disease_pest\Rice Leaffolder\RLF_27.jpg,brri_rice_disease_pest,0.5056313051702396,1,0.5056313051702396,1.0047731399536133
data\raw\brri_rice_disease_pest\Rice Leaffolder\RLF_28.jpg,brri_rice_disease_pest,0.9146662749955695,1,0.9146662749955695,1.003342866897583
data\raw\brri_rice_disease_pest\Rice Leaffolder\RLF_29.jpg,brri_rice_disease_pest,0.5269111775813308,1,0.5269111775813308,1.0142494440078735
data\raw\brri_rice_disease_pest\Rice Leaffolder\RLF_3.jpg,brri_rice_disease_pest,0.8505572440494956,1,0.8505572440494956,0.9987298250198364
data\raw\brri_rice_disease_pest\Rice Leaffolder\RLF_30.jpg,brri_rice_disease_pest,0.1586545178580501,1,0.1586545178580501,1.0108438730239868
data\raw\brri_rice_disease_pest\Rice Leaffolder\RLF_31.jpg,brri_rice_disease_pest,0.5220738285153008,1,0.5220738285153008,1.0207713842391968
data\raw\brri_rice_disease_pest\Rice Leaffolder\RLF_32.jpg,brri_rice_disease_pest,0.6363464682630021,1,0.6363464682630021,1.006649374961853
data\raw\brri_rice_disease_pest\Rice Leaffolder\RLF_33.jpg,brri_rice_disease_pest,0.6337252747717997,1,0.6337252747717997,1.015411138534546
data\raw\brri_rice_disease_pest\Rice Leaffolder\RLF_34.jpg,brri_rice_disease_pest,0.6270210828582822,1,0.6270210828582822,0.9997503757476807
data\raw\brri_rice_disease_pest\Rice Leaffolder\RLF_35.jpg,brri_rice_disease_pest,0.5665353138918525,1,0.5665353138918525,1.002520203590393
data\raw\brri_rice_disease_pest\Rice Leaffolder\RLF_36.jpg,brri_rice_disease_pest,0.5781547214673913,1,0.5781547214673913,1.011631965637207
data\raw\brri_rice_disease_pest\Rice Leaffolder\RLF_37.jpg,brri_rice_disease_pest,0.14616515521007978,1,0.14616515521007978,0.9315365552902222
data\raw\brri_rice_disease_pest\Rice Leaffolder\RLF_38.jpg,brri_rice_disease_pest,0.07554557443817846,1,0.07554557443817846,0.9962747097015381
data\raw\brri_rice_disease_pest\Rice Leaffolder\RLF_39.jpg,brri_rice_disease_pest,0.49000327058883303,1,0.49000327058883303,0.9645116329193115
data\raw\brri_rice_disease_pest\Rice Leaffolder\RLF_4.jpg,brri_rice_disease_pest,0.06632468373723517,1,0.06632468373723517,0.996856689453125
data\raw\brri_rice_disease_pest\Rice Leaffolder\RLF_40.jpg,brri_rice_disease_pest,0.074692,1,0.074692,0.9922418594360352
data\raw\brri_rice_disease_pest\Rice Leaffolder\RLF_41.jpg,brri_rice_disease_pest,0.5110966070302648,1,0.5110966070302648,0.9983457326889038
data\raw\brri_rice_disease_pest\Rice Leaffolder\RLF_42.jpg,brri_rice_disease_pest,0.288204,1,0.288204,1.002640962600708
data\raw\brri_rice_disease_pest\Rice Leaffolder\RLF_43.jpg,brri_rice_disease_pest,0.5459235925963905,1,0.5459235925963905,1.0147292613983154
data\raw\brri_rice_disease_pest\Rice Leaffolder\RLF_44.jpg,brri_rice_disease_pest,0.5284260741079443,1,0.5284260741079443,1.006642460823059
data\raw\brri_rice_disease_pest\Rice Leaffolder\RLF_45.jpg,brri_rice_disease_pest,0.07811547401310776,1,0.07811547401310776,0.9980106353759766
data\raw\brri_rice_disease_pest\Rice Leaffolder\RLF_46.jpg,brri_rice_disease_pest,0.5346685062405798,1,0.5346685062405798,1.0227081775665283
data\raw\brri_rice_disease_pest\Rice Leaffolder\RLF_47.jpg,brri_rice_disease_pest,0.12908000982100662,1,0.12908000982100662,1.0061113834381104
data\raw\brri_rice_disease_pest\Rice Leaffolder\RLF_48.jpg,brri_rice_disease_pest,0.1063205981473014,1,0.1063205981473014,0.9923433065414429
data\raw\brri_rice_disease_pest\Rice Leaffolder\RLF_49.jpg,brri_rice_disease_pest,0.560220907636031,1,0.560220907636031,1.0004562139511108
data\raw\brri_rice_disease_pest\Rice Leaffolder\RLF_5.jpg,brri_rice_disease_pest,0.5798481451845078,1,0.5798481451845078,1.014458417892456
data\raw\brri_rice_disease_pest\Rice Leaffolder\RLF_50.jpg,brri_rice_disease_pest,0.04428440952120747,1,0.04428440952120747,1.0026065111160278
data\raw\brri_rice_disease_pest\Rice Leaffolder\RLF_51.jpg,brri_rice_disease_pest,0.06728760224559265,1,0.06728760224559265,0.9968280792236328
data\raw\brri_rice_disease_pest\Rice Leaffolder\RLF_52.jpg,brri_rice_disease_pest,0.5773670249448297,1,0.5773670249448297,1.0056859254837036
data\raw\brri_rice_disease_pest\Rice Leaffolder\RLF_53.jpg,brri_rice_disease_pest,0.07749760791884706,1,0.07749760791884706,0.9998470544815063
data\raw\brri_rice_disease_pest\Rice Leaffolder\RLF_54.jpg,brri_rice_disease_pest,0.5848754421299032,1,0.5848754421299032,1.0079357624053955
data\raw\brri_rice_disease_pest\Rice Leaffolder\RLF_55.jpg,brri_rice_disease_pest,0.5742943228305175,1,0.5742943228305175,1.0180398225784302
data\raw\brri_rice_disease_pest\Rice Leaffolder\RLF_56.jpg,brri_rice_disease_pest,0.18559120822824715,1,0.18559120822824715,0.9894955158233643
data\raw\brri_rice_disease_pest\Rice Leaffolder\RLF_57.jpg,brri_rice_disease_pest,0.5042668482954834,1,0.5042668482954834,1.0012929439544678
data\raw\brri_rice_disease_pest\Rice Leaffolder\RLF_58.jpg,brri_rice_disease_pest,0.339248,1,0.339248,1.0168308019638062
data\raw\brri_rice_disease_pest\Rice Leaffolder\RLF_59.jpg,brri_rice_disease_pest,0.10909689410489594,1,0.10909689410489594,1.006664514541626
data\raw\brri_rice_disease_pest\Rice Leaffolder\RLF_6.jpg,brri_rice_disease_pest,0.18245281461159377,1,0.18245281461159377,1.0107311010360718
data\raw\brri_rice_disease_pest\Rice Leaffolder\RLF_60.jpg,brri_rice_disease_pest,0.5447435334211963,1,0.5447435334211963,1.012831449508667
data\raw\brri_rice_disease_pest\Rice Leaffolder\RLF_61.jpg,brri_rice_disease_pest,0.4942079794045199,1,0.4942079794045199,0.9998666048049927
data\raw\brri_rice_disease_pest\Rice Leaffolder\RLF_62.jpg,brri_rice_disease_pest,0.06999832470610823,1,0.06999832470610823,1.0020960569381714
data\raw\brri_rice_disease_pest\Rice Leaffolder\RLF_63.jpg,brri_rice_disease_pest,0.7026744474760751,1,0.7026744474760751,1.0128296613693237
data\raw\brri_rice_disease_pest\Rice Leaffolder\RLF_64.jpg,brri_rice_disease_pest,0.9523475345673863,1,0.9523475345673863,1.0037685632705688
data\raw\brri_rice_disease_pest\Rice Leaffolder\RLF_65.jpg,brri_rice_disease_pest,0.6011140242866848,1,0.6011140242866848,1.0128259658813477
data\raw\brri_rice_disease_pest\Rice Leaffolder\RLF_66.jpg,brri_rice_disease_pest,0.07650428007590973,1,0.07650428007590973,1.0030035972595215
data\raw\brri_rice_disease_pest\Rice Leaffolder\RLF_67.jpg,brri_rice_disease_pest,0.5502262951108402,1,0.5502262951108402,0.9981459379196167
data\raw\brri_rice_disease_pest\Rice Leaffolder\RLF_68.jpg,brri_rice_disease_pest,0.17659274500838287,1,0.17659274500838287,1.0078524351119995
data\raw\brri_rice_disease_pest\Rice Leaffolder\RLF_69.jpg,brri_rice_disease_pest,0.5435737941576086,1,0.5435737941576086,1.0066850185394287
data\raw\brri_rice_disease_pest\Rice Leaffolder\RLF_7.jpg,brri_rice_disease_pest,0.09298448110890956,1,0.09298448110890956,0.9971177577972412
data\raw\brri_rice_disease_pest\Rice Leaffolder\RLF_70.jpg,brri_rice_disease_pest,0.5811704120023039,1,0.5811704120023039,1.011256217956543
data\raw\brri_rice_disease_pest\Rice Leaffolder\RLF_71.jpg,brri_rice_disease_pest,0.5302390061991477,1,0.5302390061991477,1.0120856761932373
data\raw\brri_rice_disease_pest\Rice Leaffolder\RLF_72.jpg,brri_rice_disease_pest,0.1881198031604666,1,0.1881198031604666,1.0027316808700562
data\raw\brri_rice_disease_pest\Rice Leaffolder\RLF_73.jpg,brri_rice_disease_pest,0.12023454740699874,1,0.12023454740699874,1.0158196687698364
data\raw\brri_rice_disease_pest\Rice Leaffolder\RLF_74.jpg,brri_rice_disease_pest,0.4978378655862081,1,0.4978378655862081,0.9981005191802979
data\raw\brri_rice_disease_pest\Rice Leaffolder\RLF_75.jpg,brri_rice_disease_pest,0.511944,1,0.511944,0.9971866607666016
data\raw\brri_rice_disease_pest\Rice Leaffolder\RLF_76.jpg,brri_rice_disease_pest,0.5683849897540983,1,0.5683849897540983,1.0049394369125366
data\raw\brri_rice_disease_pest\Rice Leaffolder\RLF_77.jpg,brri_rice_disease_pest,0.497968,1,0.497968,1.0081236362457275
data\raw\brri_rice_disease_pest\Rice Leaffolder\RLF_78.jpg,brri_rice_disease_pest,0.5266493192386507,1,0.5266493192386507,1.006035566329956
data\raw\brri_rice_disease_pest\Rice Leaffolder\RLF_79.jpg,brri_rice_disease_pest,0.5173878367965588,1,0.5173878367965588,1.0176751613616943
data\raw\brri_rice_disease_pest\Rice Leaffolder\RLF_8.jpg,brri_rice_disease_pest,0.5470938337405422,1,0.5470938337405422,1.002571702003479
data\raw\brri_rice_disease_pest\Rice Leaffolder\RLF_80.jpg,brri_rice_disease_pest,0.024424,1,0.024424,0.9794280529022217
data\raw\brri_rice_disease_pest\Rice Leaffolder\RLF_81.jpg,brri_rice_disease_pest,0.17714466400630802,1,0.17714466400630802,1.010116457939148
data\raw\brri_rice_disease_pest\Rice Leaffolder\RLF_82.jpg,brri_rice_disease_pest,0.09026466173097751,1,0.09026466173097751,1.0031728744506836
data\raw\brri_rice_disease_pest\Rice Leaffolder\RLF_83.jpg,brri_rice_disease_pest,0.4943094062285625,1,0.4943094062285625,1.0113056898117065
data\raw\brri_rice_disease_pest\Rice Leaffolder\RLF_84.jpg,brri_rice_disease_pest,0.1652045732187894,1,0.1652045732187894,1.0017333030700684
data\raw\brri_rice_disease_pest\Rice Leaffolder\RLF_85.jpg,brri_rice_disease_pest,0.597472,1,0.597472,0.9978154897689819
data\raw\brri_rice_disease_pest\Rice Leaffolder\RLF_86.jpg,brri_rice_disease_pest,0.21537069967686004,1,0.21537069967686004,1.0036712884902954
data\raw\brri_rice_disease_pest\Rice Leaffolder\RLF_87.jpg,brri_rice_disease_pest,0.5350971762759924,1,0.5350971762759924,1.0094949007034302
data\raw\brri_rice_disease_pest\Rice Leaffolder\RLF_88.jpg,brri_rice_disease_pest,0.500204,1,0.500204,1.0022523403167725
data\raw\brri_rice_disease_pest\Rice Leaffolder\RLF_89.jpg,brri_rice_disease_pest,0.5266969774590164,1,0.5266969774590164,1.005167841911316
data\raw\brri_rice_disease_pest\Rice Leaffolder\RLF_9.jpg,brri_rice_disease_pest,0.69486,1,0.69486,1.0297127962112427
data\raw\brri_rice_disease_pest\Rice Leaffolder\RLF_90.jpg,brri_rice_disease_pest,0.19636657691070128,1,0.19636657691070128,1.0041059255599976
data\raw\brri_rice_disease_pest\Rice Leaffolder\RLF_91.jpg,brri_rice_disease_pest,0.60206,1,0.60206,1.0047616958618164
data\raw\brri_rice_disease_pest\Rice Leaffolder\RLF_92.jpg,brri_rice_disease_pest,0.1814914929460908,1,0.1814914929460908,1.0002949237823486
data\raw\brri_rice_disease_pest\Rice Leaffolder\RLF_93.jpg,brri_rice_disease_pest,0.13614993005201764,1,0.13614993005201764,0.9960483312606812
data\raw\brri_rice_disease_pest\Rice Leaffolder\RLF_94.jpg,brri_rice_disease_pest,0.511384,1,0.511384,1.007707118988037
data\raw\brri_rice_disease_pest\Rice Leaffolder\RLF_95.jpg,brri_rice_disease_pest,0.5840104823455233,1,0.5840104823455233,1.004482388496399
data\raw\brri_rice_disease_pest\Rice Leaffolder\RLF_96.jpg,brri_rice_disease_pest,0.5408918729331597,1,0.5408918729331597,0.9974782466888428
data\raw\brri_rice_disease_pest\Rice Leaffolder\RLF_97.jpg,brri_rice_disease_pest,0.23989239340321564,1,0.23989239340321564,0.9992966651916504
data\raw\brri_rice_disease_pest\Rice Leaffolder\RLF_98.jpg,brri_rice_disease_pest,0.048152,1,0.048152,0.9941393136978149
data\raw\brri_rice_disease_pest\Rice Leaffolder\RLF_99.jpg,brri_rice_disease_pest,0.10594594794293821,1,0.10594594794293821,0.9921884536743164
data\raw\brri_rice_disease_pest\Rice Stripes\RS_1.jpg,brri_rice_disease_pest,0.15730288616233976,1,0.15730288616233976,1.0088491439819336
data\raw\brri_rice_disease_pest\Rice Stripes\RS_10.jpg,brri_rice_disease_pest,0.1543448026215516,1,0.1543448026215516,1.0059733390808105
data\raw\brri_rice_disease_pest\Rice Stripes\RS_100.jpg,brri_rice_disease_pest,0.550884,1,0.550884,1.0130525827407837
data\raw\brri_rice_disease_pest\Rice Stripes\RS_101.jpg,brri_rice_disease_pest,0.2753934822530944,1,0.2753934822530944,1.0093942880630493
data\raw\brri_rice_disease_pest\Rice Stripes\RS_102.jpg,brri_rice_disease_pest,0.1178318931657502,1,0.1178318931657502,1.0089027881622314
data\raw\brri_rice_disease_pest\Rice Stripes\RS_103.jpg,brri_rice_disease_pest,0.363664340208979,1,0.363664340208979,1.016825795173645
data\raw\brri_rice_disease_pest\Rice Stripes\RS_104.jpg,brri_rice_disease_pest,0.186384,1,0.186384,1.0102293491363525
data\raw\brri_rice_disease_pest\Rice Stripes\RS_105.jpg,brri_rice_disease_pest,0.5152326344513143,1,0.5152326344513143,0.9955161213874817
data\raw\brri_rice_disease_pest\Rice Stripes\RS_106.jpg,brri_rice_disease_pest,0.22626554592823367,1,0.22626554592823367,0.9969131946563721
data\raw\brri_rice_disease_pest\Rice Stripes\RS_107.jpg,brri_rice_disease_pest,0.576679272911437,1,0.576679272911437,1.0023308992385864
data\raw\brri_rice_disease_pest\Rice Stripes\RS_108.jpg,brri_rice_disease_pest,0.25345872707412487,1,0.25345872707412487,1.0126783847808838
data\raw\brri_rice_disease_pest\Rice Stripes\RS_109.jpg,brri_rice_disease_pest,0.1659326233448928,1,0.1659326233448928,1.007039189338684
data\raw\brri_rice_disease_pest\Rice Stripes\RS_11.jpg,brri_rice_disease_pest,0.19370459279581365,1,0.19370459279581365,1.0067059993743896
data\raw\brri_rice_disease_pest\Rice Stripes\RS_110.jpg,brri_rice_disease_pest,0.07397518325497959,1,0.07397518325497959,0.9999890327453613
data\raw\brri_rice_disease_pest\Rice Stripes\RS_111.jpg,brri_rice_disease_pest,0.11273293001131457,1,0.11273293001131457,1.006908655166626
data\raw\brri_rice_disease_pest\Rice Stripes\RS_112.jpg,brri_rice_disease_pest,0.2536553328591509,1,0.2536553328591509,1.0138146877288818
data\raw\brri_rice_disease_pest\Rice Stripes\RS_113.jpg,brri_rice_disease_pest,0.6207824591652883,1,0.6207824591652883,1.017157793045044
data\raw\brri_rice_disease_pest\Rice Stripes\RS_114.jpg,brri_rice_disease_pest,0.5973526895158908,1,0.5973526895158908,1.006010890007019
data\raw\brri_rice_disease_pest\Rice Stripes\RS_115.jpg,brri_rice_disease_pest,0.5783924449573864,1,0.5783924449573864,1.0057216882705688
data\raw\brri_rice_disease_pest\Rice Stripes\RS_116.jpg,brri_rice_disease_pest,0.644604861398275,1,0.644604861398275,1.0194768905639648
data\raw\brri_rice_disease_pest\Rice Stripes\RS_117.jpg,brri_rice_disease_pest,0.1379110806606918,1,0.1379110806606918,1.001875877380371
data\raw\brri_rice_disease_pest\Rice Stripes\RS_118.jpg,brri_rice_disease_pest,0.5357533760118306,1,0.5357533760118306,1.000218391418457
data\raw\brri_rice_disease_pest\Rice Stripes\RS_119.jpg,brri_rice_disease_pest,0.35486126987755934,1,0.35486126987755934,1.010353684425354
data\raw\brri_rice_disease_pest\Rice Stripes\RS_12.jpg,brri_rice_disease_pest,0.24107732561093329,1,0.24107732561093329,1.0092090368270874
data\raw\brri_rice_disease_pest\Rice Stripes\RS_120.jpg,brri_rice_disease_pest,0.251976,1,0.251976,1.0135269165039062
data\raw\brri_rice_disease_pest\Rice Stripes\RS_121.jpg,brri_rice_disease_pest,0.16960883656243125,1,0.16960883656243125,1.0065348148345947
data\raw\brri_rice_disease_pest\Rice Stripes\RS_122.jpg,brri_rice_disease_pest,0.5040950562199328,1,0.5040950562199328,0.982955813407898
data\raw\brri_rice_disease_pest\Rice Stripes\RS_123.jpg,brri_rice_disease_pest,0.5478403994836787,1,0.5478403994836787,0.991275429725647
data\raw\brri_rice_disease_pest\Rice Stripes\RS_124.jpg,brri_rice_disease_pest,0.20993697969758748,1,0.20993697969758748,1.0114446878433228
data\raw\brri_rice_disease_pest\Rice Stripes\RS_125.jpg,brri_rice_disease_pest,0.11942200545309828,1,0.11942200545309828,1.0025858879089355
data\raw\brri_rice_disease_pest\Rice Stripes\RS_126.jpg,brri_rice_disease_pest,0.1713517369627599,1,0.1713517369627599,1.009702444076538
data\raw\brri_rice_disease_pest\Rice Stripes\RS_127.jpg,brri_rice_disease_pest,0.5293260869565217,1,0.5293260869565217,0.9967474937438965
data\raw\brri_rice_disease_pest\Rice Stripes\RS_128.jpg,brri_rice_disease_pest,0.5986274525214894,1,0.5986274525214894,1.0019140243530273
data\raw\brri_rice_disease_pest\Rice Stripes\RS_129.jpg,brri_rice_disease_pest,0.5953832577915046,1,0.5953832577915046,0.999448299407959
data\raw\brri_rice_disease_pest\Rice Stripes\RS_13.jpg,brri_rice_disease_pest,0.5047481752442886,1,0.5047481752442886,1.011671543121338
data\raw\brri_rice_disease_pest\Rice Stripes\RS_130.jpg,brri_rice_disease_pest,0.13826096758624193,1,0.13826096758624193,1.007597804069519
data\raw\brri_rice_disease_pest\Rice Stripes\RS_131.jpg,brri_rice_disease_pest,0.169971932638332,1,0.169971932638332,1.0077602863311768
data\raw\brri_rice_disease_pest\Rice Stripes\RS_132.jpg,brri_rice_disease_pest,0.16086920653868705,1,0.16086920653868705,1.010215401649475
data\raw\brri_rice_disease_pest\Rice Stripes\RS_133.jpg,brri_rice_disease_pest,0.610804,1,0.610804,1.0012564659118652
data\raw\brri_rice_disease_pest\Rice Stripes\RS_134.jpg,brri_rice_disease_pest,0.1835482768290295,1,0.1835482768290295,1.0072983503341675
data\raw\brri_rice_disease_pest\Rice Stripes\RS_135.jpg,brri_rice_disease_pest,0.5277839434414269,1,0.5277839434414269,1.0225468873977661
data\raw\brri_rice_disease_pest\Rice Stripes\RS_136.jpg,brri_rice_disease_pest,0.6749700305954459,1,0.6749700305954459,1.014917254447937
data\raw\brri_rice_disease_pest\Rice Stripes\RS_137.jpg,brri_rice_disease_pest,0.055816,1,0.055816,0.9910402297973633
data\raw\brri_rice_disease_pest\Rice Stripes\RS_138.jpg,brri_rice_disease_pest,0.6026198395591327,1,0.6026198395591327,0.9977390766143799
data\raw\brri_rice_disease_pest\Rice Stripes\RS_139.jpg,brri_rice_disease_pest,0.9628474734906664,1,0.9628474734906664,1.0019079446792603
data\raw\brri_rice_disease_pest\Rice Stripes\RS_14.jpg,brri_rice_disease_pest,0.2504657551926177,1,0.2504657551926177,1.0048760175704956
data\raw\brri_rice_disease_pest\Rice Stripes\RS_140.jpg,brri_rice_disease_pest,0.532792,1,0.532792,1.0123848915100098
data\raw\brri_rice_disease_pest\Rice Stripes\RS_141.jpg,brri_rice_disease_pest,0.5345635392554524,1,0.5345635392554524,1.0071396827697754
data\raw\brri_rice_disease_pest\Rice Stripes\RS_142.jpg,brri_rice_disease_pest,0.104656,1,0.104656,1.0075055360794067
data\raw\brri_rice_disease_pest\Rice Stripes\RS_143.jpg,brri_rice_disease_pest,0.15656705254942768,1,0.15656705254942768,1.008763313293457
data\raw\brri_rice_disease_pest\Rice Stripes\RS_144.jpg,brri_rice_disease_pest,0.162316,1,0.162316,1.011425256729126
data\raw\brri_rice_disease_pest\Rice Stripes\RS_145.jpg,brri_rice_disease_pest,0.15791755555555556,1,0.15791755555555556,1.0097465515136719
data\raw\brri_rice_disease_pest\Rice Stripes\RS_146.jpg,brri_rice_disease_pest,0.254732,1,0.254732,1.0086220502853394
data\raw\brri_rice_disease_pest\Rice Stripes\RS_147.jpg,brri_rice_disease_pest,0.550884,1,0.550884,1.0130525827407837
data\raw\brri_rice_disease_pest\Rice Stripes\RS_148.jpg,brri_rice_disease_pest,0.5887117291702754,1,0.5887117291702754,0.9987504482269287
data\raw\brri_rice_disease_pest\Rice Stripes\RS_149.jpg,brri_rice_disease_pest,0.10251104748614553,1,0.10251104748614553,1.007495641708374
data\raw\brri_rice_disease_pest\Rice Stripes\RS_15.jpg,brri_rice_disease_pest,0.5285488534945554,1,0.5285488534945554,1.0138510465621948
data\raw\brri_rice_disease_pest\Rice Stripes\RS_150.jpg,brri_rice_disease_pest,0.07961450493284679,1,0.07961450493284679,1.000394582748413
data\raw\brri_rice_disease_pest\Rice Stripes\RS_151.jpg,brri_rice_disease_pest,0.5301553053396332,1,0.5301553053396332,1.0031723976135254
data\raw\brri_rice_disease_pest\Rice Stripes\RS_152.jpg,brri_rice_disease_pest,0.20527178699046555,1,0.20527178699046555,0.9699273109436035
data\raw\brri_rice_disease_pest\Rice Stripes\RS_153.jpg,brri_rice_disease_pest,0.198816,1,0.198816,1.0118404626846313
data\raw\brri_rice_disease_pest\Rice Stripes\RS_154.jpg,brri_rice_disease_pest,0.24748275796372504,1,0.24748275796372504,0.9714865684509277
data\raw\brri_rice_disease_pest\Rice Stripes\RS_155.jpg,brri_rice_disease_pest,0.526404,1,0.526404,1.0053815841674805
data\raw\brri_rice_disease_pest\Rice Stripes\RS_156.jpg,brri_rice_disease_pest,0.16177507239750039,1,0.16177507239750039,1.0101877450942993
data\raw\brri_rice_disease_pest\Rice Stripes\RS_157.jpg,brri_rice_disease_pest,0.21875369210775047,1,0.21875369210775047,1.009711503982544
data\raw\brri_rice_disease_pest\Rice Stripes\RS_158.jpg,brri_rice_disease_pest,0.5878231292517007,1,0.5878231292517007,1.001022219657898
data\raw\brri_rice_disease_pest\Rice Stripes\RS_159.jpg,brri_rice_disease_pest,0.28224017341529917,1,0.28224017341529917,1.011454463005066
data\raw\brri_rice_disease_pest\Rice Stripes\RS_16.jpg,brri_rice_disease_pest,0.5258925570900479,1,0.5258925570900479,0.9961332082748413
data\raw\brri_rice_disease_pest\Rice Stripes\RS_160.jpg,brri_rice_disease_pest,0.5597805630080487,1,0.5597805630080487,0.9979779720306396
data\raw\brri_rice_disease_pest\Rice Stripes\RS_161.jpg,brri_rice_disease_pest,0.5273353273791942,1,0.5273353273791942,0.9999806880950928
data\raw\brri_rice_disease_pest\Rice Stripes\RS_162.jpg,brri_rice_disease_pest,0.23183526605022947,1,0.23183526605022947,0.9986927509307861
data\raw\brri_rice_disease_pest\Rice Stripes\RS_163.jpg,brri_rice_disease_pest,0.5146848380158852,1,0.5146848380158852,1.0052152872085571
data\raw\brri_rice_disease_pest\Rice Stripes\RS_164.jpg,brri_rice_disease_pest,0.25460260498692805,1,0.25460260498692805,1.0001099109649658
data\raw\brri_rice_disease_pest\Rice Stripes\RS_165.jpg,brri_rice_disease_pest,0.5007959491269962,1,0.5007959491269962,1.0084476470947266
data\raw\brri_rice_disease_pest\Rice Stripes\RS_166.jpg,brri_rice_disease_pest,0.5356137986475623,1,0.5356137986475623,1.0143330097198486
data\raw\brri_rice_disease_pest\Rice Stripes\RS_167.jpg,brri_rice_disease_pest,0.07147303510373973,1,0.07147303510373973,1.0008375644683838
data\raw\brri_rice_disease_pest\Rice Stripes\RS_168.jpg,brri_rice_disease_pest,0.12390259336044511,1,0.12390259336044511,0.9997422695159912
data\raw\brri_rice_disease_pest\Rice Stripes\RS_169.jpg,brri_rice_disease_pest,0.9266743648960739,1,0.9266743648960739,1.0038291215896606
data\raw\brri_rice_disease_pest\Rice Stripes\RS_17.jpg,brri_rice_disease_pest,0.558232,1,0.558232,1.002066969871521
data\raw\brri_rice_disease_pest\Rice Stripes\RS_170.jpg,brri_rice_disease_pest,0.24798578299378482,1,0.24798578299378482,1.0112501382827759
data\raw\brri_rice_disease_pest\Rice Stripes\RS_171.jpg,brri_rice_disease_pest,0.9282610555127876,1,0.9282610555127876,1.0033750534057617
data\raw\brri_rice_disease_pest\Rice Stripes\RS_172.jpg,brri_rice_disease_pest,0.3052901509763078,1,0.3052901509763078,1.0164762735366821
data\raw\brri_rice_disease_pest\Rice Stripes\RS_173.jpg,brri_rice_disease_pest,0.5753042545613172,1,0.5753042545613172,0.9984512329101562
data\raw\brri_rice_disease_pest\Rice Stripes\RS_174.jpg,brri_rice_disease_pest,0.5423282222222222,1,0.5423282222222222,0.9984927177429199
data\raw\brri_rice_disease_pest\Rice Stripes\RS_175.jpg,brri_rice_disease_pest,0.5218266820775965,1,0.5218266820775965,1.0065926313400269
data\raw\brri_rice_disease_pest\Rice Stripes\RS_176.jpg,brri_rice_disease_pest,0.5041906933443415,1,0.5041906933443415,1.0165555477142334
data\raw\brri_rice_disease_pest\Rice Stripes\RS_177.jpg,brri_rice_disease_pest,0.257204,1,0.257204,1.005244493484497
data\raw\brri_rice_disease_pest\Rice Stripes\RS_178.jpg,brri_rice_disease_pest,0.1787779005571644,1,0.1787779005571644,1.0060621500015259
data\raw\brri_rice_disease_pest\Rice Stripes\RS_179.jpg,brri_rice_disease_pest,0.5348305320337898,1,0.5348305320337898,1.0021387338638306
data\raw\brri_rice_disease_pest\Rice Stripes\RS_18.jpg,brri_rice_disease_pest,0.7056393762976835,1,0.7056393762976835,0.9884377717971802
data\raw\brri_rice_disease_pest\Rice Stripes\RS_180.jpg,brri_rice_disease_pest,0.21367257753762223,1,0.21367257753762223,1.008961796760559
data\raw\brri_rice_disease_pest\Rice Stripes\RS_181.jpg,brri_rice_disease_pest,0.2141752848830433,1,0.2141752848830433,1.0019336938858032
data\raw\brri_rice_disease_pest\Rice Stripes\RS_182.jpg,brri_rice_disease_pest,0.25189911133126724,1,0.25189911133126724,0.9948590993881226
data\raw\brri_rice_disease_pest\Rice Stripes\RS_183.jpg,brri_rice_disease_pest,0.27375834053074566,1,0.27375834053074566,1.0127278566360474
data\raw\brri_rice_disease_pest\Rice Stripes\RS_184.jpg,brri_rice_disease_pest,0.11707892160659439,1,0.11707892160659439,1.0057952404022217
data\raw\brri_rice_disease_pest\Rice Stripes\RS_185.jpg,brri_rice_disease_pest,0.1595131061622199,1,0.1595131061622199,1.0059394836425781
data\raw\brri_rice_disease_pest\Rice Stripes\RS_186.jpg,brri_rice_disease_pest,0.09826108850499095,1,0.09826108850499095,0.9953804016113281
data\raw\brri_rice_disease_pest\Rice Stripes\RS_187.jpg,brri_rice_disease_pest,0.6186082247681642,1,0.6186082247681642,0.9960129261016846
data\raw\brri_rice_disease_pest\Rice Stripes\RS_188.jpg,brri_rice_disease_pest,0.640349804823113,1,0.640349804823113,1.0115545988082886
data\raw\brri_rice_disease_pest\Rice Stripes\RS_189.jpg,brri_rice_disease_pest,0.09909095011573828,1,0.09909095011573828,1.0040974617004395
data\raw\brri_rice_disease_pest\Rice Stripes\RS_19.jpg,brri_rice_disease_pest,0.17111689020982573,1,0.17111689020982573,1.0130738019943237
data\raw\brri_rice_disease_pest\Rice Stripes\RS_190.jpg,brri_rice_disease_pest,0.17840559323612593,1,0.17840559323612593,1.0065789222717285
data\raw\brri_rice_disease_pest\Rice Stripes\RS_191.jpg,brri_rice_disease_pest,0.09381667733263221,1,0.09381667733263221,1.0047898292541504
data\raw\brri_rice_disease_pest\Rice Stripes\RS_192.jpg,brri_rice_disease_pest,0.5295397972558593,1,0.5295397972558593,1.00013267993927
data\raw\brri_rice_disease_pest\Rice Stripes\RS_193.jpg,brri_rice_disease_pest,0.18649738987959152,1,0.18649738987959152,1.0094044208526611
data\raw\brri_rice_disease_pest\Rice Stripes\RS_194.jpg,brri_rice_disease_pest,0.2348404988566517,1,0.2348404988566517,1.0049822330474854
data\raw\brri_rice_disease_pest\Rice Stripes\RS_195.jpg,brri_rice_disease_pest,0.5125462115191929,1,0.5125462115191929,0.9957448244094849
data\raw\brri_rice_disease_pest\Rice Stripes\RS_196.jpg,brri_rice_disease_pest,0.694080966039985,1,0.694080966039985,1.0067087411880493
data\raw\brri_rice_disease_pest\Rice Stripes\RS_197.jpg,brri_rice_disease_pest,0.1302534078154537,1,0.1302534078154537,1.0001832246780396
data\raw\brri_rice_disease_pest\Rice Stripes\RS_198.jpg,brri_rice_disease_pest,0.16159444444444446,1,0.16159444444444446,1.0070710182189941
data\raw\brri_rice_disease_pest\Rice Stripes\RS_199.jpg,brri_rice_disease_pest,0.1845716003607576,1,0.1845716003607576,1.0090340375900269
data\raw\brri_rice_disease_pest\Rice Stripes\RS_2.jpg,brri_rice_disease_pest,0.5289126932716897,1,0.5289126932716897,1.001626968383789
data\raw\brri_rice_disease_pest\Rice Stripes\RS_20.jpg,brri_rice_disease_pest,0.2613973140950736,1,0.2613973140950736,1.0130817890167236
data\raw\brri_rice_disease_pest\Rice Stripes\RS_200.jpg,brri_rice_disease_pest,0.14625591669630306,1,0.14625591669630306,1.0088998079299927
data\raw\brri_rice_disease_pest\Rice Stripes\RS_201.jpg,brri_rice_disease_pest,0.2068480732103846,1,0.2068480732103846,0.9873743057250977
data\raw\brri_rice_disease_pest\Rice Stripes\RS_202.jpg,brri_rice_disease_pest,0.23429758315409432,1,0.23429758315409432,1.0131845474243164
data\raw\brri_rice_disease_pest\Rice Stripes\RS_203.jpg,brri_rice_disease_pest,0.538331108015016,1,0.538331108015016,1.0078697204589844
data\raw\brri_rice_disease_pest\Rice Stripes\RS_204.jpg,brri_rice_disease_pest,0.5111570074713255,1,0.5111570074713255,0.9895749092102051
data\raw\brri_rice_disease_pest\Rice Stripes\RS_205.jpg,brri_rice_disease_pest,0.632144219748094,1,0.632144219748094,1.0035070180892944
data\raw\brri_rice_disease_pest\Rice Stripes\RS_206.jpg,brri_rice_disease_pest,0.2950957573371268,1,0.2950957573371268,1.0133849382400513
data\raw\brri_rice_disease_pest\Rice Stripes\RS_207.jpg,brri_rice_disease_pest,0.12330864475086598,1,0.12330864475086598,1.005833625793457
data\raw\brri_rice_disease_pest\Rice Stripes\RS_208.jpg,brri_rice_disease_pest,0.2869305315382082,1,0.2869305315382082,1.011384129524231
data\raw\brri_rice_disease_pest\Rice Stripes\RS_209.jpg,brri_rice_disease_pest,0.15986187491261594,1,0.15986187491261594,1.0097558498382568
data\raw\brri_rice_disease_pest\Rice Stripes\RS_21.jpg,brri_rice_disease_pest,0.23592893038965723,1,0.23592893038965723,1.01601243019104
data\raw\brri_rice_disease_pest\Rice Stripes\RS_210.jpg,brri_rice_disease_pest,0.5114734939204126,1,0.5114734939204126,1.009775161743164
data\raw\brri_rice_disease_pest\Rice Stripes\RS_211.jpg,brri_rice_disease_pest,0.22180969406763873,1,0.22180969406763873,1.0075500011444092
data\raw\brri_rice_disease_pest\Rice Stripes\RS_212.jpg,brri_rice_disease_pest,0.20898798032142796,1,0.20898798032142796,0.9948223829269409
data\raw\brri_rice_disease_pest\Rice Stripes\RS_213.jpg,brri_rice_disease_pest,0.5599105192297922,1,0.5599105192297922,1.0036224126815796
data\raw\brri_rice_disease_pest\Rice Stripes\RS_214.jpg,brri_rice_disease_pest,0.13653841361206284,1,0.13653841361206284,1.008664846420288
data\raw\brri_rice_disease_pest\Rice Stripes\RS_215.jpg,brri_rice_disease_pest,0.590670558676124,1,0.590670558676124,1.0045958757400513
data\raw\brri_rice_disease_pest\Rice Stripes\RS_216.jpg,brri_rice_disease_pest,0.91014,1,0.91014,1.006110429763794
data\raw\brri_rice_disease_pest\Rice Stripes\RS_217.jpg,brri_rice_disease_pest,0.14997086074960012,1,0.14997086074960012,1.0049580335617065
data\raw\brri_rice_disease_pest\Rice Stripes\RS_218.jpg,brri_rice_disease_pest,0.5678214877458257,1,0.5678214877458257,1.0085458755493164
data\raw\brri_rice_disease_pest\Rice Stripes\RS_219.jpg,brri_rice_disease_pest,0.1384567795390269,1,0.1384567795390269,1.0001349449157715
data\raw\brri_rice_disease_pest\Rice Stripes\RS_22.jpg,brri_rice_disease_pest,0.523175706484818,1,0.523175706484818,1.003778100013733
data\raw\brri_rice_disease_pest\Rice Stripes\RS_220.jpg,brri_rice_disease_pest,0.5373538550443041,1,0.5373538550443041,0.9998533725738525
data\raw\brri_rice_disease_pest\Rice Stripes\RS_221.jpg,brri_rice_disease_pest,0.61390381293502,1,0.61390381293502,1.0320154428482056
data\raw\brri_rice_disease_pest\Rice Stripes\RS_222.jpg,brri_rice_disease_pest,0.12737771739130435,1,0.12737771739130435,1.010079264640808
data\raw\brri_rice_disease_pest\Rice Stripes\RS_223.jpg,brri_rice_disease_pest,0.21341200740063337,1,0.21341200740063337,1.0034836530685425
data\raw\brri_rice_disease_pest\Rice Stripes\RS_224.jpg,brri_rice_disease_pest,0.10404832692137288,1,0.10404832692137288,0.9812581539154053
data\raw\brri_rice_disease_pest\Rice Stripes\RS_225.jpg,brri_rice_disease_pest,0.17374712103507256,1,0.17374712103507256,1.0095288753509521
data\raw\brri_rice_disease_pest\Rice Stripes\RS_226.jpg,brri_rice_disease_pest,0.44778727201138036,1,0.44778727201138036,1.011752963066101
data\raw\brri_rice_disease_pest\Rice Stripes\RS_227.jpg,brri_rice_disease_pest,0.18269302875937055,1,0.18269302875937055,1.011598825454712
data\raw\brri_rice_disease_pest\Rice Stripes\RS_228.jpg,brri_rice_disease_pest,0.2717573540618808,1,0.2717573540618808,1.0122418403625488
data\raw\brri_rice_disease_pest\Rice Stripes\RS_229.jpg,brri_rice_disease_pest,0.26842423696304213,1,0.26842423696304213,1.0056601762771606
data\raw\brri_rice_disease_pest\Rice Stripes\RS_23.jpg,brri_rice_disease_pest,0.5452696065979102,1,0.5452696065979102,1.0138014554977417
data\raw\brri_rice_disease_pest\Rice Stripes\RS_230.jpg,brri_rice_disease_pest,0.14189719111297017,1,0.14189719111297017,1.0070728063583374
data\raw\brri_rice_disease_pest\Rice Stripes\RS_231.jpg,brri_rice_disease_pest,0.1659978051730629,1,0.1659978051730629,1.0115370750427246
data\raw\brri_rice_disease_pest\Rice Stripes\RS_232.jpg,brri_rice_disease_pest,0.09725288722826086,1,0.09725288722826086,1.0042316913604736
data\raw\brri_rice_disease_pest\Rice Stripes\RS_233.jpg,brri_rice_disease_pest,0.37015356688858725,1,0.37015356688858725,1.0053249597549438
data\raw\brri_rice_disease_pest\Rice Stripes\RS_234.jpg,brri_rice_disease_pest,0.2008149481786313,1,0.2008149481786313,0.9970866441726685
data\raw\brri_rice_disease_pest\Rice Stripes\RS_235.jpg,brri_rice_disease_pest,0.20431741326601893,1,0.20431741326601893,1.0091891288757324
data\raw\brri_rice_disease_pest\Rice Stripes\RS_236.jpg,brri_rice_disease_pest,0.2507239750038104,1,0.2507239750038104,1.0096453428268433
data\raw\brri_rice_disease_pest\Rice Stripes\RS_237.jpg,brri_rice_disease_pest,0.5926317551119766,1,0.5926317551119766,1.010892629623413
data\raw\brri_rice_disease_pest\Rice Stripes\RS_238.jpg,brri_rice_disease_pest,0.2491847342884723,1,0.2491847342884723,1.0113650560379028
data\raw\brri_rice_disease_pest\Rice Stripes\RS_239.jpg,brri_rice_disease_pest,0.12652609462508835,1,0.12652609462508835,1.0066907405853271
data\raw\brri_rice_disease_pest\Rice Stripes\RS_24.jpg,brri_rice_disease_pest,0.1745750880624566,1,0.1745750880624566,1.0089143514633179
data\raw\brri_rice_disease_pest\Rice Stripes\RS_240.jpg,brri_rice_disease_pest,0.21272794671243764,1,0.21272794671243764,1.015105962753296
data\raw\brri_rice_disease_pest\Rice Stripes\RS_241.jpg,brri_rice_disease_pest,0.6043910565801284,1,0.6043910565801284,0.9983395338058472
data\raw\brri_rice_disease_pest\Rice Stripes\RS_242.jpg,brri_rice_disease_pest,0.7610049926394825,1,0.7610049926394825,0.9866117238998413
data\raw\brri_rice_disease_pest\Rice Stripes\RS_243.jpg,brri_rice_disease_pest,0.10381768504719324,1,0.10381768504719324,1.0052541494369507
data\raw\brri_rice_disease_pest\Rice Stripes\RS_244.jpg,brri_rice_disease_pest,0.5723493412250843,1,0.5723493412250843,1.014174222946167
data\raw\brri_rice_disease_pest\Rice Stripes\RS_245.jpg,brri_rice_disease_pest,0.1760542621382242,1,0.1760542621382242,0.990514874458313
data\raw\brri_rice_disease_pest\Rice Stripes\RS_246.jpg,brri_rice_disease_pest,0.1699737717827567,1,0.1699737717827567,1.0100722312927246
data\raw\brri_rice_disease_pest\Rice Stripes\RS_247.jpg,brri_rice_disease_pest,0.5606244790449999,1,0.5606244790449999,1.0123544931411743
data\raw\brri_rice_disease_pest\Rice Stripes\RS_248.jpg,brri_rice_disease_pest,0.5108618019275987,1,0.5108618019275987,1.0058585405349731
data\raw\brri_rice_disease_pest\Rice Stripes\RS_249.jpg,brri_rice_disease_pest,0.529532,1,0.529532,1.014639973640442
data\raw\brri_rice_disease_pest\Rice Stripes\RS_25.jpg,brri_rice_disease_pest,0.6298100941590882,1,0.6298100941590882,1.0303725004196167
data\raw\brri_rice_disease_pest\Rice Stripes\RS_250.jpg,brri_rice_disease_pest,0.565369397194895,1,0.565369397194895,1.0041505098342896
data\raw\brri_rice_disease_pest\Rice Stripes\RS_251.jpg,brri_rice_disease_pest,0.268852192670494,1,0.268852192670494,1.012338399887085
data\raw\brri_rice_disease_pest\Rice Stripes\RS_252.jpg,brri_rice_disease_pest,0.5807951870480449,1,0.5807951870480449,1.015479326248169
data\raw\brri_rice_disease_pest\Rice Stripes\RS_253.jpg,brri_rice_disease_pest,0.3793446438551034,1,0.3793446438551034,1.0111052989959717
data\raw\brri_rice_disease_pest\Rice Stripes\RS_254.jpg,brri_rice_disease_pest,0.17474576199427594,1,0.17474576199427594,1.0061664581298828
data\raw\brri_rice_disease_pest\Rice Stripes\RS_255.jpg,brri_rice_disease_pest,0.7268725987016428,1,0.7268725987016428,0.9870157837867737
data\raw\brri_rice_disease_pest\Rice Stripes\RS_256.jpg,brri_rice_disease_pest,0.21097176709173737,1,0.21097176709173737,1.0134996175765991
data\raw\brri_rice_disease_pest\Rice Stripes\RS_257.jpg,brri_rice_disease_pest,0.5383361382949988,1,0.5383361382949988,1.0009244680404663
data\raw\brri_rice_disease_pest\Rice Stripes\RS_258.jpg,brri_rice_disease_pest,0.28208229389995404,1,0.28208229389995404,1.0122332572937012
data\raw\brri_rice_disease_pest\Rice Stripes\RS_259.jpg,brri_rice_disease_pest,0.19108759250791715,1,0.19108759250791715,1.009891152381897
data\raw\brri_rice_disease_pest\Rice Stripes\RS_26.jpg,brri_rice_disease_pest,0.6479113215295771,1,0.6479113215295771,1.0151500701904297
data\raw\brri_rice_disease_pest\Rice Stripes\RS_260.jpg,brri_rice_disease_pest,0.5072654172805636,1,0.5072654172805636,1.0029010772705078
data\raw\brri_rice_disease_pest\Rice Stripes\RS_261.jpg,brri_rice_disease_pest,0.5469996086365785,1,0.5469996086365785,1.0053194761276245
data\raw\brri_rice_disease_pest\Rice Stripes\RS_262.jpg,brri_rice_disease_pest,0.6314911662348219,1,0.6314911662348219,1.0240064859390259
data\raw\brri_rice_disease_pest\Rice Stripes\RS_263.jpg,brri_rice_disease_pest,0.6355222463547223,1,0.6355222463547223,1.0168150663375854
data\raw\brri_rice_disease_pest\Rice Stripes\RS_264.jpg,brri_rice_disease_pest,0.6690183783991397,1,0.6690183783991397,0.9971002340316772
data\raw\brri_rice_disease_pest\Rice Stripes\RS_265.jpg,brri_rice_disease_pest,0.06607966625215612,1,0.06607966625215612,1.001004695892334
data\raw\brri_rice_disease_pest\Rice Stripes\RS_266.jpg,brri_rice_disease_pest,0.5534495421373123,1,0.5534495421373123,1.0160576105117798
data\raw\brri_rice_disease_pest\Rice Stripes\RS_27.jpg,brri_rice_disease_pest,0.22389593261283836,1,0.22389593261283836,1.0107574462890625
data\raw\brri_rice_disease_pest\Rice Stripes\RS_28.jpg,brri_rice_disease_pest,0.21502507451438635,1,0.21502507451438635,1.0040738582611084
data\raw\brri_rice_disease_pest\Rice Stripes\RS_29.jpg,brri_rice_disease_pest,0.1872046944063405,1,0.1872046944063405,1.001469612121582
data\raw\brri_rice_disease_pest\Rice Stripes\RS_3.jpg,brri_rice_disease_pest,0.19671625804327975,1,0.19671625804327975,1.0051301717758179
data\raw\brri_rice_disease_pest\Rice Stripes\RS_30.jpg,brri_rice_disease_pest,0.12597244449524972,1,0.12597244449524972,1.0049387216567993
data\raw\brri_rice_disease_pest\Rice Stripes\RS_31.jpg,brri_rice_disease_pest,0.22952060684233155,1,0.22952060684233155,1.0098323822021484
data\raw\brri_rice_disease_pest\Rice Stripes\RS_32.jpg,brri_rice_disease_pest,0.2520308874832766,1,0.2520308874832766,1.0121262073516846
data\raw\brri_rice_disease_pest\Rice Stripes\RS_33.jpg,brri_rice_disease_pest,0.22445844764517603,1,0.22445844764517603,1.0106126070022583
data\raw\brri_rice_disease_pest\Rice Stripes\RS_34.jpg,brri_rice_disease_pest,0.18659439590880034,1,0.18659439590880034,1.0085408687591553
data\raw\brri_rice_disease_pest\Rice Stripes\RS_35.jpg,brri_rice_disease_pest,0.13983222620196786,1,0.13983222620196786,1.0080413818359375
data\raw\brri_rice_disease_pest\Rice Stripes\RS_36.jpg,brri_rice_disease_pest,0.587018302596149,1,0.587018302596149,1.010483741760254
data\raw\brri_rice_disease_pest\Rice Stripes\RS_37.jpg,brri_rice_disease_pest,0.536523500117554,1,0.536523500117554,1.000270962715149
data\raw\brri_rice_disease_pest\Rice Stripes\RS_38.jpg,brri_rice_disease_pest,0.10567680019983404,1,0.10567680019983404,0.9966232776641846
data\raw\brri_rice_disease_pest\Rice Stripes\RS_39.jpg,brri_rice_disease_pest,0.30832206091551084,1,0.30832206091551084,1.0144838094711304
data\raw\brri_rice_disease_pest\Rice Stripes\RS_4.jpg,brri_rice_disease_pest,0.10891983139721056,1,0.10891983139721056,1.0042370557785034
data\raw\brri_rice_disease_pest\Rice Stripes\RS_40.jpg,brri_rice_disease_pest,0.20203348066859728,1,0.20203348066859728,1.0130380392074585
data\raw\brri_rice_disease_pest\Rice Stripes\RS_41.jpg,brri_rice_disease_pest,0.13680502633406155,1,0.13680502633406155,1.000450849533081
data\raw\brri_rice_disease_pest\Rice Stripes\RS_42.jpg,brri_rice_disease_pest,0.1135926857764973,1,0.1135926857764973,1.0020129680633545
data\raw\brri_rice_disease_pest\Rice Stripes\RS_43.jpg,brri_rice_disease_pest,0.5372193538417247,1,0.5372193538417247,1.002629280090332
data\raw\brri_rice_disease_pest\Rice Stripes\RS_44.jpg,brri_rice_disease_pest,0.5143282910090209,1,0.5143282910090209,1.0015732049942017
data\raw\brri_rice_disease_pest\Rice Stripes\RS_45.jpg,brri_rice_disease_pest,0.5761111859788516,1,0.5761111859788516,1.006202220916748
data\raw\brri_rice_disease_pest\Rice Stripes\RS_46.jpg,brri_rice_disease_pest,0.5805308409117851,1,0.5805308409117851,1.0004230737686157
data\raw\brri_rice_disease_pest\Rice Stripes\RS_47.jpg,brri_rice_disease_pest,0.20518287777947128,1,0.20518287777947128,1.0096502304077148
data\raw\brri_rice_disease_pest\Rice Stripes\RS_48.jpg,brri_rice_disease_pest,0.2329066749648597,1,0.2329066749648597,1.007232666015625
data\raw\brri_rice_disease_pest\Rice Stripes\RS_49.jpg,brri_rice_disease_pest,0.2079575860725838,1,0.2079575860725838,1.0067025423049927
data\raw\brri_rice_disease_pest\Rice Stripes\RS_5.jpg,brri_rice_disease_pest,0.5161264373655777,1,0.5161264373655777,1.0284478664398193
data\raw\brri_rice_disease_pest\Rice Stripes\RS_50.jpg,brri_rice_disease_pest,0.572336,1,0.572336,0.9975438117980957
data\raw\brri_rice_disease_pest\Rice Stripes\RS_51.jpg,brri_rice_disease_pest,0.22169988060763096,1,0.22169988060763096,0.998340368270874
data\raw\brri_rice_disease_pest\Rice Stripes\RS_52.jpg,brri_rice_disease_pest,0.2663410366814002,1,0.2663410366814002,1.011220097541809
data\raw\brri_rice_disease_pest\Rice Stripes\RS_53.jpg,brri_rice_disease_pest,0.5220923308953118,1,0.5220923308953118,1.0161491632461548
data\raw\brri_rice_disease_pest\Rice Stripes\RS_54.jpg,brri_rice_disease_pest,0.2412913462147943,1,0.2412913462147943,1.0104724168777466
data\raw\brri_rice_disease_pest\Rice Stripes\RS_55.jpg,brri_rice_disease_pest,0.2339616780131755,1,0.2339616780131755,1.0111461877822876
data\raw\brri_rice_disease_pest\Rice Stripes\RS_56.jpg,brri_rice_disease_pest,0.24804505580111433,1,0.24804505580111433,1.0135937929153442
data\raw\brri_rice_disease_pest\Rice Stripes\RS_57.jpg,brri_rice_disease_pest,0.17573514157733408,1,0.17573514157733408,1.007291316986084
data\raw\brri_rice_disease_pest\Rice Stripes\RS_58.jpg,brri_rice_disease_pest,0.6243620730077386,1,0.6243620730077386,1.0040525197982788
data\raw\brri_rice_disease_pest\Rice Stripes\RS_59.jpg,brri_rice_disease_pest,0.267238596335247,1,0.267238596335247,1.0112090110778809
data\raw\brri_rice_disease_pest\Rice Stripes\RS_6.jpg,brri_rice_disease_pest,0.16789121573724008,1,0.16789121573724008,0.9885433912277222
data\raw\brri_rice_disease_pest\Rice Stripes\RS_60.jpg,brri_rice_disease_pest,0.3521569480431506,1,0.3521569480431506,1.0146390199661255
data\raw\brri_rice_disease_pest\Rice Stripes\RS_61.jpg,brri_rice_disease_pest,0.16954404392961778,1,0.16954404392961778,1.0023047924041748
data\raw\brri_rice_disease_pest\Rice Stripes\RS_62.jpg,brri_rice_disease_pest,0.23320330361225422,1,0.23320330361225422,1.0095733404159546
data\raw\brri_rice_disease_pest\Rice Stripes\RS_63.jpg,brri_rice_disease_pest,0.24427144193805145,1,0.24427144193805145,1.0063304901123047
data\raw\brri_rice_disease_pest\Rice Stripes\RS_64.jpg,brri_rice_disease_pest,0.1127477285813477,1,0.1127477285813477,1.0056875944137573
data\raw\brri_rice_disease_pest\Rice Stripes\RS_65.jpg,brri_rice_disease_pest,0.5304827420228234,1,0.5304827420228234,1.011198878288269
data\raw\brri_rice_disease_pest\Rice Stripes\RS_66.jpg,brri_rice_disease_pest,0.2552619902874265,1,0.2552619902874265,1.0076571702957153
data\raw\brri_rice_disease_pest\Rice Stripes\RS_67.jpg,brri_rice_disease_pest,0.5622236617505102,1,0.5622236617505102,0.9958046674728394
data\raw\brri_rice_disease_pest\Rice Stripes\RS_68.jpg,brri_rice_disease_pest,0.1607378888888889,1,0.1607378888888889,1.007385492324829
data\raw\brri_rice_disease_pest\Rice Stripes\RS_69.jpg,brri_rice_disease_pest,0.2666172539579395,1,0.2666172539579395,1.0128549337387085
data\raw\brri_rice_disease_pest\Rice Stripes\RS_7.jpg,brri_rice_disease_pest,0.5550184453586577,1,0.5550184453586577,1.0057038068771362
data\raw\brri_rice_disease_pest\Rice Stripes\RS_70.jpg,brri_rice_disease_pest,0.13268385312056946,1,0.13268385312056946,1.0030380487442017
data\raw\brri_rice_disease_pest\Rice Stripes\RS_71.jpg,brri_rice_disease_pest,0.4837727126331893,1,0.4837727126331893,0.9409765005111694
data\raw\brri_rice_disease_pest\Rice Stripes\RS_72.jpg,brri_rice_disease_pest,0.5194158351452879,1,0.5194158351452879,0.9986013770103455
data\raw\brri_rice_disease_pest\Rice Stripes\RS_73.jpg,brri_rice_disease_pest,0.6280206649223973,1,0.6280206649223973,1.00335693359375
data\raw\brri_rice_disease_pest\Rice Stripes\RS_74.jpg,brri_rice_disease_pest,0.2345198624109487,1,0.2345198624109487,1.0075668096542358
data\raw\brri_rice_disease_pest\Rice Stripes\RS_75.jpg,brri_rice_disease_pest,0.25147765405735206,1,0.25147765405735206,1.0072296857833862
data\raw\brri_rice_disease_pest\Rice Stripes\RS_76.jpg,brri_rice_disease_pest,0.5322188011633445,1,0.5322188011633445,1.0086519718170166
data\raw\brri_rice_disease_pest\Rice Stripes\RS_77.jpg,brri_rice_disease_pest,0.1809539696905422,1,0.1809539696905422,1.0060958862304688
data\raw\brri_rice_disease_pest\Rice Stripes\RS_78.jpg,brri_rice_disease_pest,0.17637682263882537,1,0.17637682263882537,1.0046573877334595
data\raw\brri_rice_disease_pest\Rice Stripes\RS_79.jpg,brri_rice_disease_pest,0.20741169410150892,1,0.20741169410150892,0.9581640958786011
data\raw\brri_rice_disease_pest\Rice Stripes\RS_8.jpg,brri_rice_disease_pest,0.27008501414079833,1,0.27008501414079833,1.0056684017181396
data\raw\brri_rice_disease_pest\Rice Stripes\RS_80.jpg,brri_rice_disease_pest,0.12919275728632154,1,0.12919275728632154,1.0054264068603516
data\raw\brri_rice_disease_pest\Rice Stripes\RS_81.jpg,brri_rice_disease_pest,0.5388881314609715,1,0.5388881314609715,0.9910094141960144
data\raw\brri_rice_disease_pest\Rice Stripes\RS_82.jpg,brri_rice_disease_pest,0.2020175191461083,1,0.2020175191461083,1.0072623491287231
data\raw\brri_rice_disease_pest\Rice Stripes\RS_83.jpg,brri_rice_disease_pest,0.29169874890501113,1,0.29169874890501113,0.9998246431350708
data\raw\brri_rice_disease_pest\Rice Stripes\RS_84.jpg,brri_rice_disease_pest,0.19763882538230962,1,0.19763882538230962,1.011437177658081
data\raw\brri_rice_disease_pest\Rice Stripes\RS_85.jpg,brri_rice_disease_pest,0.5249826944571457,1,0.5249826944571457,1.0038301944732666
data\raw\brri_rice_disease_pest\Rice Stripes\RS_86.jpg,brri_rice_disease_pest,0.15862117690392724,1,0.15862117690392724,1.0084878206253052
data\raw\brri_rice_disease_pest\Rice Stripes\RS_87.jpg,brri_rice_disease_pest,0.31676049763755526,1,0.31676049763755526,1.0087336301803589
data\raw\brri_rice_disease_pest\Rice Stripes\RS_88.jpg,brri_rice_disease_pest,0.5142130370539721,1,0.5142130370539721,1.007422685623169
data\raw\brri_rice_disease_pest\Rice Stripes\RS_89.jpg,brri_rice_disease_pest,0.49935379456157597,1,0.49935379456157597,0.973629355430603
data\raw\brri_rice_disease_pest\Rice Stripes\RS_9.jpg,brri_rice_disease_pest,0.45868314874087623,1,0.45868314874087623,1.0129953622817993
data\raw\brri_rice_disease_pest\Rice Stripes\RS_90.jpg,brri_rice_disease_pest,0.10571974942301351,1,0.10571974942301351,1.00864577293396
data\raw\brri_rice_disease_pest\Rice Stripes\RS_91.jpg,brri_rice_disease_pest,0.6391963131274718,1,0.6391963131274718,1.000702977180481
data\raw\brri_rice_disease_pest\Rice Stripes\RS_92.jpg,brri_rice_disease_pest,0.5345364654778235,1,0.5345364654778235,1.0041759014129639
data\raw\brri_rice_disease_pest\Rice Stripes\RS_93.jpg,brri_rice_disease_pest,0.5772324679503463,1,0.5772324679503463,0.9975882768630981
data\raw\brri_rice_disease_pest\Rice Stripes\RS_94.jpg,brri_rice_disease_pest,0.36977635505729095,1,0.36977635505729095,1.0093971490859985
data\raw\brri_rice_disease_pest\Rice Stripes\RS_95.jpg,brri_rice_disease_pest,0.24348076063429325,1,0.24348076063429325,0.9855623841285706
data\raw\brri_rice_disease_pest\Rice Stripes\RS_96.jpg,brri_rice_disease_pest,0.13544021702315026,1,0.13544021702315026,1.0050709247589111
data\raw\brri_rice_disease_pest\Rice Stripes\RS_97.jpg,brri_rice_disease_pest,0.5914444465613304,1,0.5914444465613304,1.0050885677337646
data\raw\brri_rice_disease_pest\Rice Stripes\RS_98.jpg,brri_rice_disease_pest,0.17201010806799386,1,0.17201010806799386,1.0089261531829834
data\raw\brri_rice_disease_pest\Rice Stripes\RS_99.jpg,brri_rice_disease_pest,0.5007114056890362,1,0.5007114056890362,0.997185230255127
data\raw\brri_rice_disease_pest\Rice Tungro\RT_1.jpg,brri_rice_disease_pest,0.22223571737031955,1,0.22223571737031955,0.9987316131591797
data\raw\brri_rice_disease_pest\Rice Tungro\RT_10.jpg,brri_rice_disease_pest,0.08064585451953854,1,0.08064585451953854,1.0024014711380005
data\raw\brri_rice_disease_pest\Rice Tungro\RT_100.jpg,brri_rice_disease_pest,0.18756535885451067,1,0.18756535885451067,1.006562352180481
data\raw\brri_rice_disease_pest\Rice Tungro\RT_101.jpg,brri_rice_disease_pest,0.12248037646700198,1,0.12248037646700198,1.0082738399505615
data\raw\brri_rice_disease_pest\Rice Tungro\RT_102.jpg,brri_rice_disease_pest,0.25559043125201103,1,0.25559043125201103,1.0088897943496704
data\raw\brri_rice_disease_pest\Rice Tungro\RT_103.jpg,brri_rice_disease_pest,0.14553405857846874,1,0.14553405857846874,1.0076507329940796
data\raw\brri_rice_disease_pest\Rice Tungro\RT_104.jpg,brri_rice_disease_pest,0.505776,1,0.505776,0.9988952875137329
data\raw\brri_rice_disease_pest\Rice Tungro\RT_105.jpg,brri_rice_disease_pest,0.5958785001181475,1,0.5958785001181475,1.010213017463684
data\raw\brri_rice_disease_pest\Rice Tungro\RT_106.jpg,brri_rice_disease_pest,0.0871328198842155,1,0.0871328198842155,1.0026705265045166
data\raw\brri_rice_disease_pest\Rice Tungro\RT_107.jpg,brri_rice_disease_pest,0.5518335287857498,1,0.5518335287857498,1.0005258321762085
data\raw\brri_rice_disease_pest\Rice Tungro\RT_108.jpg,brri_rice_disease_pest,0.203072,1,0.203072,1.0103341341018677
data\raw\brri_rice_disease_pest\Rice Tungro\RT_109.jpg,brri_rice_disease_pest,0.642823996300508,1,0.642823996300508,1.0025676488876343
data\raw\brri_rice_disease_pest\Rice Tungro\RT_11.jpg,brri_rice_disease_pest,0.08972544124630646,1,0.08972544124630646,1.0027949810028076
data\raw\brri_rice_disease_pest\Rice Tungro\RT_110.jpg,brri_rice_disease_pest,0.6488459304873773,1,0.6488459304873773,1.0251426696777344
data\raw\brri_rice_disease_pest\Rice Tungro\RT_111.jpg,brri_rice_disease_pest,0.5207771131189993,1,0.5207771131189993,1.0030224323272705
data\raw\brri_rice_disease_pest\Rice Tungro\RT_112.jpg,brri_rice_disease_pest,0.14340579434029366,1,0.14340579434029366,1.0077617168426514
data\raw\brri_rice_disease_pest\Rice Tungro\RT_113.jpg,brri_rice_disease_pest,0.5859069374587207,1,0.5859069374587207,1.0011998414993286
data\raw\brri_rice_disease_pest\Rice Tungro\RT_114.jpg,brri_rice_disease_pest,0.19141491600196447,1,0.19141491600196447,1.0081627368927002
data\raw\brri_rice_disease_pest\Rice Tungro\RT_115.jpg,brri_rice_disease_pest,0.21772833790580703,1,0.21772833790580703,1.0090250968933105
data\raw\brri_rice_disease_pest\Rice Tungro\RT_116.jpg,brri_rice_disease_pest,0.13541534361293164,1,0.13541534361293164,1.0052977800369263
data\raw\brri_rice_disease_pest\Rice Tungro\RT_117.jpg,brri_rice_disease_pest,0.3020224728615218,1,0.3020224728615218,1.0126867294311523
data\raw\brri_rice_disease_pest\Rice Tungro\RT_118.jpg,brri_rice_disease_pest,0.5166497573211518,1,0.5166497573211518,1.0049656629562378
data\raw\brri_rice_disease_pest\Rice Tungro\RT_119.jpg,brri_rice_disease_pest,0.5449270018875713,1,0.5449270018875713,0.9972403049468994
data\raw\brri_rice_disease_pest\Rice Tungro\RT_12.jpg,brri_rice_disease_pest,0.1815999741739911,1,0.1815999741739911,1.0081967115402222
data\raw\brri_rice_disease_pest\Rice Tungro\RT_120.jpg,brri_rice_disease_pest,0.5312550276041931,1,0.5312550276041931,1.0039982795715332
data\raw\brri_rice_disease_pest\Rice Tungro\RT_121.jpg,brri_rice_disease_pest,0.6142122435701164,1,0.6142122435701164,1.0107595920562744
data\raw\brri_rice_disease_pest\Rice Tungro\RT_122.jpg,brri_rice_disease_pest,0.146476,1,0.146476,1.0108988285064697
data\raw\brri_rice_disease_pest\Rice Tungro\RT_123.jpg,brri_rice_disease_pest,0.17387175269691274,1,0.17387175269691274,1.0093121528625488
data\raw\brri_rice_disease_pest\Rice Tungro\RT_124.jpg,brri_rice_disease_pest,0.1721467552371759,1,0.1721467552371759,1.0023143291473389
data\raw\brri_rice_disease_pest\Rice Tungro\RT_125.jpg,brri_rice_disease_pest,0.20144234025978425,1,0.20144234025978425,1.0100995302200317
data\raw\brri_rice_disease_pest\Rice Tungro\RT_126.jpg,brri_rice_disease_pest,0.21496236176734576,1,0.21496236176734576,1.012075424194336
data\raw\brri_rice_disease_pest\Rice Tungro\RT_127.jpg,brri_rice_disease_pest,0.5253180520070297,1,0.5253180520070297,1.0112242698669434
data\raw\brri_rice_disease_pest\Rice Tungro\RT_128.jpg,brri_rice_disease_pest,0.12604648179052458,1,0.12604648179052458,1.004768967628479
data\raw\brri_rice_disease_pest\Rice Tungro\RT_129.jpg,brri_rice_disease_pest,0.5196278447690217,1,0.5196278447690217,1.0033481121063232
data\raw\brri_rice_disease_pest\Rice Tungro\RT_13.jpg,brri_rice_disease_pest,0.21669900209995088,1,0.21669900209995088,1.004492163658142
data\raw\brri_rice_disease_pest\Rice Tungro\RT_130.jpg,brri_rice_disease_pest,0.10214668711209438,1,0.10214668711209438,1.0029432773590088
data\raw\brri_rice_disease_pest\Rice Tungro\RT_131.jpg,brri_rice_disease_pest,0.5280205595020085,1,0.5280205595020085,1.031050443649292
data\raw\brri_rice_disease_pest\Rice Tungro\RT_132.jpg,brri_rice_disease_pest,0.09657048595234466,1,0.09657048595234466,1.0014054775238037
data\raw\brri_rice_disease_pest\Rice Tungro\RT_133.jpg,brri_rice_disease_pest,0.259948,1,0.259948,1.0115840435028076
data\raw\brri_rice_disease_pest\Rice Tungro\RT_134.jpg,brri_rice_disease_pest,0.502543516104974,1,0.502543516104974,1.0123378038406372
data\raw\brri_rice_disease_pest\Rice Tungro\RT_135.jpg,brri_rice_disease_pest,0.24412193686599265,1,0.24412193686599265,1.0092095136642456
data\raw\brri_rice_disease_pest\Rice Tungro\RT_136.jpg,brri_rice_disease_pest,0.21801120679435723,1,0.21801120679435723,1.0080101490020752
data\raw\brri_rice_disease_pest\Rice Tungro\RT_137.jpg,brri_rice_disease_pest,0.6064926044980559,1,0.6064926044980559,0.9975894689559937
data\raw\brri_rice_disease_pest\Rice Tungro\RT_138.jpg,brri_rice_disease_pest,0.392732,1,0.392732,1.0166043043136597
data\raw\brri_rice_disease_pest\Rice Tungro\RT_139.jpg,brri_rice_disease_pest,0.1990277671933479,1,0.1990277671933479,0.9968143701553345
data\raw\brri_rice_disease_pest\Rice Tungro\RT_14.jpg,brri_rice_disease_pest,0.308344,1,0.308344,1.0107383728027344
data\raw\brri_rice_disease_pest\Rice Tungro\RT_140.jpg,brri_rice_disease_pest,0.5388631158021304,1,0.5388631158021304,1.0128613710403442
data\raw\brri_rice_disease_pest\Rice Tungro\RT_141.jpg,brri_rice_disease_pest,0.17139517604023777,1,0.17139517604023777,1.0107861757278442
data\raw\brri_rice_disease_pest\Rice Tungro\RT_142.jpg,brri_rice_disease_pest,0.13892408211824078,1,0.13892408211824078,1.005862832069397
data\raw\brri_rice_disease_pest\Rice Tungro\RT_143.jpg,brri_rice_disease_pest,0.5154482400209995,1,0.5154482400209995,0.9987174272537231
data\raw\brri_rice_disease_pest\Rice Tungro\RT_144.jpg,brri_rice_disease_pest,0.5513452194588847,1,0.5513452194588847,1.016601800918579
data\raw\brri_rice_disease_pest\Rice Tungro\RT_145.jpg,brri_rice_disease_pest,0.5862840179175118,1,0.5862840179175118,1.0190995931625366
data\raw\brri_rice_disease_pest\Rice Tungro\RT_146.jpg,brri_rice_disease_pest,0.283532796914427,1,0.283532796914427,1.0138849020004272
data\raw\brri_rice_disease_pest\Rice Tungro\RT_147.jpg,brri_rice_disease_pest,0.5246868596419922,1,0.5246868596419922,1.0174355506896973
data\raw\brri_rice_disease_pest\Rice Tungro\RT_148.jpg,brri_rice_disease_pest,0.5329803700947091,1,0.5329803700947091,1.003218650817871
data\raw\brri_rice_disease_pest\Rice Tungro\RT_149.jpg,brri_rice_disease_pest,0.3356111810345767,1,0.3356111810345767,1.0075979232788086
data\raw\brri_rice_disease_pest\Rice Tungro\RT_15.jpg,brri_rice_disease_pest,0.947608,1,0.947608,1.0001758337020874
data\raw\brri_rice_disease_pest\Rice Tungro\RT_150.jpg,brri_rice_disease_pest,0.2656930049619807,1,0.2656930049619807,0.9891693592071533
data\raw\brri_rice_disease_pest\Rice Tungro\RT_151.jpg,brri_rice_disease_pest,0.20373704465782655,1,0.20373704465782655,1.0084328651428223
data\raw\brri_rice_disease_pest\Rice Tungro\RT_152.jpg,brri_rice_disease_pest,0.0873146666327965,1,0.0873146666327965,0.9979625940322876
data\raw\brri_rice_disease_pest\Rice Tungro\RT_153.jpg,brri_rice_disease_pest,0.125852,1,0.125852,1.0081908702850342
data\raw\brri_rice_disease_pest\Rice Tungro\RT_154.jpg,brri_rice_disease_pest,0.5923613227997088,1,0.5923613227997088,1.0140728950500488
data\raw\brri_rice_disease_pest\Rice Tungro\RT_155.jpg,brri_rice_disease_pest,0.6585891590035394,1,0.6585891590035394,0.997343897819519
data\raw\brri_rice_disease_pest\Rice Tungro\RT_156.jpg,brri_rice_disease_pest,0.550377917068875,1,0.550377917068875,1.0061835050582886
data\raw\brri_rice_disease_pest\Rice Tungro\RT_157.jpg,brri_rice_disease_pest,0.4120505321851344,1,0.4120505321851344,1.0121558904647827
data\raw\brri_rice_disease_pest\Rice Tungro\RT_158.jpg,brri_rice_disease_pest,0.5249863990076038,1,0.5249863990076038,1.0275583267211914
data\raw\brri_rice_disease_pest\Rice Tungro\RT_159.jpg,brri_rice_disease_pest,0.19057557071245915,1,0.19057557071245915,1.0083943605422974
data\raw\brri_rice_disease_pest\Rice Tungro\RT_16.jpg,brri_rice_disease_pest,0.0937335641654979,1,0.0937335641654979,0.9979013204574585
data\raw\brri_rice_disease_pest\Rice Tungro\RT_160.jpg,brri_rice_disease_pest,0.5026588087859235,1,0.5026588087859235,1.01958429813385
data\raw\brri_rice_disease_pest\Rice Tungro\RT_161.jpg,brri_rice_disease_pest,0.2298334857491236,1,0.2298334857491236,1.0060480833053589
data\raw\brri_rice_disease_pest\Rice Tungro\RT_162.jpg,brri_rice_disease_pest,0.16619513031550068,1,0.16619513031550068,1.0157485008239746
data\raw\brri_rice_disease_pest\Rice Tungro\RT_163.jpg,brri_rice_disease_pest,0.12434588223339937,1,0.12434588223339937,1.0067431926727295
data\raw\brri_rice_disease_pest\Rice Tungro\RT_164.jpg,brri_rice_disease_pest,0.15191646979627088,1,0.15191646979627088,1.005254864692688
data\raw\brri_rice_disease_pest\Rice Tungro\RT_165.jpg,brri_rice_disease_pest,0.13742347457196566,1,0.13742347457196566,1.00413179397583
data\raw\brri_rice_disease_pest\Rice Tungro\RT_166.jpg,brri_rice_disease_pest,0.5082566491388508,1,0.5082566491388508,1.0004746913909912
data\raw\brri_rice_disease_pest\Rice Tungro\RT_167.jpg,brri_rice_disease_pest,0.15133882453555522,1,0.15133882453555522,1.0062707662582397
data\raw\brri_rice_disease_pest\Rice Tungro\RT_168.jpg,brri_rice_disease_pest,0.587276,1,0.587276,1.008924961090088
data\raw\brri_rice_disease_pest\Rice Tungro\RT_169.jpg,brri_rice_disease_pest,0.15926682712662366,1,0.15926682712662366,1.0060298442840576
data\raw\brri_rice_disease_pest\Rice Tungro\RT_17.jpg,brri_rice_disease_pest,0.5195881315350307,1,0.5195881315350307,1.0127795934677124
data\raw\brri_rice_disease_pest\Rice Tungro\RT_170.jpg,brri_rice_disease_pest,0.2620125340818642,1,0.2620125340818642,1.013780951499939
data\raw\brri_rice_disease_pest\Rice Tungro\RT_171.jpg,brri_rice_disease_pest,0.2984139761045911,1,0.2984139761045911,1.010704755783081
data\raw\brri_rice_disease_pest\Rice Tungro\RT_172.jpg,brri_rice_disease_pest,0.5618265656488679,1,0.5618265656488679,1.03014075756073
data\raw\brri_rice_disease_pest\Rice Tungro\RT_173.jpg,brri_rice_disease_pest,0.15138069255669193,1,0.15138069255669193,1.001938819885254
data\raw\brri_rice_disease_pest\Rice Tungro\RT_174.jpg,brri_rice_disease_pest,0.526681495452929,1,0.526681495452929,1.0054216384887695
data\raw\brri_rice_disease_pest\Rice Tungro\RT_175.jpg,brri_rice_disease_pest,0.20294559391352945,1,0.20294559391352945,1.0040398836135864
data\raw\brri_rice_disease_pest\Rice Tungro\RT_176.jpg,brri_rice_disease_pest,0.2595910811360057,1,0.2595910811360057,1.013519525527954
data\raw\brri_rice_disease_pest\Rice Tungro\RT_177.jpg,brri_rice_disease_pest,0.24966659045877154,1,0.24966659045877154,1.0131518840789795
data\raw\brri_rice_disease_pest\Rice Tungro\RT_178.jpg,brri_rice_disease_pest,0.5876551113926884,1,0.5876551113926884,1.0037509202957153
data\raw\brri_rice_disease_pest\Rice Tungro\RT_179.jpg,brri_rice_disease_pest,0.57594,1,0.57594,1.001652717590332
data\raw\brri_rice_disease_pest\Rice Tungro\RT_18.jpg,brri_rice_disease_pest,0.5865493514812736,1,0.5865493514812736,1.0039268732070923
data\raw\brri_rice_disease_pest\Rice Tungro\RT_180.jpg,brri_rice_disease_pest,0.5662542616345604,1,0.5662542616345604,1.0235744714736938
data\raw\brri_rice_disease_pest\Rice Tungro\RT_181.jpg,brri_rice_disease_pest,0.5144367778262522,1,0.5144367778262522,0.994969367980957
data\raw\brri_rice_disease_pest\Rice Tungro\RT_182.jpg,brri_rice_disease_pest,0.18499043167538823,1,0.18499043167538823,1.0004523992538452
data\raw\brri_rice_disease_pest\Rice Tungro\RT_183.jpg,brri_rice_disease_pest,0.157672,1,0.157672,1.0086658000946045
data\raw\brri_rice_disease_pest\Rice Tungro\RT_184.jpg,brri_rice_disease_pest,0.29932873545699334,1,0.29932873545699334,1.0009121894836426
data\raw\brri_rice_disease_pest\Rice Tungro\RT_185.jpg,brri_rice_disease_pest,0.18344457569137496,1,0.18344457569137496,0.987492561340332
data\raw\brri_rice_disease_pest\Rice Tungro\RT_186.jpg,brri_rice_disease_pest,0.15218319742925368,1,0.15218319742925368,1.0053725242614746
data\raw\brri_rice_disease_pest\Rice Tungro\RT_187.jpg,brri_rice_disease_pest,0.15450833206320175,1,0.15450833206320175,1.0030978918075562
data\raw\brri_rice_disease_pest\Rice Tungro\RT_188.jpg,brri_rice_disease_pest,0.11107697632474724,1,0.11107697632474724,1.0030161142349243
data\raw\brri_rice_disease_pest\Rice Tungro\RT_189.jpg,brri_rice_disease_pest,0.1690092656099172,1,0.1690092656099172,1.0069494247436523
data\raw\brri_rice_disease_pest\Rice Tungro\RT_19.jpg,brri_rice_disease_pest,0.5272808139646932,1,0.5272808139646932,1.0102461576461792
data\raw\brri_rice_disease_pest\Rice Tungro\RT_190.jpg,brri_rice_disease_pest,0.5648166670900439,1,0.5648166670900439,1.0053569078445435
data\raw\brri_rice_disease_pest\Rice Tungro\RT_191.jpg,brri_rice_disease_pest,0.19280015326254465,1,0.19280015326254465,1.0119353532791138
data\raw\brri_rice_disease_pest\Rice Tungro\RT_192.jpg,brri_rice_disease_pest,0.7871584502241578,1,0.7871584502241578,1.0009803771972656
data\raw\brri_rice_disease_pest\Rice Tungro\RT_193.jpg,brri_rice_disease_pest,0.5590489466375383,1,0.5590489466375383,1.0054348707199097
data\raw\brri_rice_disease_pest\Rice Tungro\RT_194.jpg,brri_rice_disease_pest,0.18533627792172602,1,0.18533627792172602,1.0102713108062744
data\raw\brri_rice_disease_pest\Rice Tungro\RT_195.jpg,brri_rice_disease_pest,0.20449356678351877,1,0.20449356678351877,1.0128120183944702
data\raw\brri_rice_disease_pest\Rice Tungro\RT_196.jpg,brri_rice_disease_pest,0.20496378008094973,1,0.20496378008094973,1.009090542793274
data\raw\brri_rice_disease_pest\Rice Tungro\RT_197.jpg,brri_rice_disease_pest,0.5463087330014056,1,0.5463087330014056,1.016109585762024
data\raw\brri_rice_disease_pest\Rice Tungro\RT_198.jpg,brri_rice_disease_pest,0.661444838185236,1,0.661444838185236,1.0306286811828613
data\raw\brri_rice_disease_pest\Rice Tungro\RT_199.jpg,brri_rice_disease_pest,0.09025158131382412,1,0.09025158131382412,1.0004483461380005
data\raw\brri_rice_disease_pest\Rice Tungro\RT_2.jpg,brri_rice_disease_pest,0.5599364510829988,1,0.5599364510829988,1.0072115659713745
data\raw\brri_rice_disease_pest\Rice Tungro\RT_20.jpg,brri_rice_disease_pest,0.6094842243038812,1,0.6094842243038812,1.001064658164978
data\raw\brri_rice_disease_pest\Rice Tungro\RT_200.jpg,brri_rice_disease_pest,0.5274070581212214,1,0.5274070581212214,1.0089824199676514
data\raw\brri_rice_disease_pest\Rice Tungro\RT_201.jpg,brri_rice_disease_pest,0.6130295390269098,1,0.6130295390269098,1.0047132968902588
data\raw\brri_rice_disease_pest\Rice Tungro\RT_202.jpg,brri_rice_disease_pest,0.17918249038933767,1,0.17918249038933767,1.0088636875152588
data\raw\brri_rice_disease_pest\Rice Tungro\RT_203.jpg,brri_rice_disease_pest,0.5550754034747333,1,0.5550754034747333,1.0093125104904175
data\raw\brri_rice_disease_pest\Rice Tungro\RT_204.jpg,brri_rice_disease_pest,0.1988621208657217,1,0.1988621208657217,1.0091818571090698
data\raw\brri_rice_disease_pest\Rice Tungro\RT_205.jpg,brri_rice_disease_pest,0.5619084466790669,1,0.5619084466790669,1.0192571878433228
data\raw\brri_rice_disease_pest\Rice Tungro\RT_206.jpg,brri_rice_disease_pest,0.5269248588272082,1,0.5269248588272082,0.9984567165374756
data\raw\brri_rice_disease_pest\Rice Tungro\RT_207.jpg,brri_rice_disease_pest,0.1470084696607902,1,0.1470084696607902,0.9938336610794067
data\raw\brri_rice_disease_pest\Rice Tungro\RT_208.jpg,brri_rice_disease_pest,0.11764170434723704,1,0.11764170434723704,1.0039681196212769
data\raw\brri_rice_disease_pest\Rice Tungro\RT_209.jpg,brri_rice_disease_pest,0.17913194973665938,1,0.17913194973665938,1.0082941055297852
data\raw\brri_rice_disease_pest\Rice Tungro\RT_21.jpg,brri_rice_disease_pest,0.29382192120103645,1,0.29382192120103645,1.013304591178894
data\raw\brri_rice_disease_pest\Rice Tungro\RT_210.jpg,brri_rice_disease_pest,0.15936923148571525,1,0.15936923148571525,1.0049757957458496
data\raw\brri_rice_disease_pest\Rice Tungro\RT_211.jpg,brri_rice_disease_pest,0.7119182797337804,1,0.7119182797337804,1.0223909616470337
data\raw\brri_rice_disease_pest\Rice Tungro\RT_212.jpg,brri_rice_disease_pest,0.20684304560619146,1,0.20684304560619146,1.0062898397445679
data\raw\brri_rice_disease_pest\Rice Tungro\RT_213.jpg,brri_rice_disease_pest,0.5154008746972853,1,0.5154008746972853,1.0111744403839111
data\raw\brri_rice_disease_pest\Rice Tungro\RT_214.jpg,brri_rice_disease_pest,0.14539302105031415,1,0.14539302105031415,1.0116688013076782
data\raw\brri_rice_disease_pest\Rice Tungro\RT_215.jpg,brri_rice_disease_pest,0.5339508818946976,1,0.5339508818946976,1.0203371047973633
data\raw\brri_rice_disease_pest\Rice Tungro\RT_216.jpg,brri_rice_disease_pest,0.6116535771290629,1,0.6116535771290629,1.0033360719680786
data\raw\brri_rice_disease_pest\Rice Tungro\RT_217.jpg,brri_rice_disease_pest,0.20569198885671222,1,0.20569198885671222,1.0068904161453247
data\raw\brri_rice_disease_pest\Rice Tungro\RT_218.jpg,brri_rice_disease_pest,0.5200850141407983,1,0.5200850141407983,1.0172697305679321
data\raw\brri_rice_disease_pest\Rice Tungro\RT_219.jpg,brri_rice_disease_pest,0.16172691324154514,1,0.16172691324154514,1.0081523656845093
data\raw\brri_rice_disease_pest\Rice Tungro\RT_22.jpg,brri_rice_disease_pest,0.12854390299408752,1,0.12854390299408752,1.004302740097046
data\raw\brri_rice_disease_pest\Rice Tungro\RT_220.jpg,brri_rice_disease_pest,0.118628,1,0.118628,1.005248785018921
data\raw\brri_rice_disease_pest\Rice Tungro\RT_221.jpg,brri_rice_disease_pest,0.163112,1,0.163112,1.0089783668518066
data\raw\brri_rice_disease_pest\Rice Tungro\RT_222.jpg,brri_rice_disease_pest,0.1805613769919897,1,0.1805613769919897,1.007300853729248
data\raw\brri_rice_disease_pest\Rice Tungro\RT_223.jpg,brri_rice_disease_pest,0.3666128771194962,1,0.3666128771194962,1.0074790716171265
data\raw\brri_rice_disease_pest\Rice Tungro\RT_224.jpg,brri_rice_disease_pest,0.054379096174363664,1,0.054379096174363664,0.9922221899032593
data\raw\brri_rice_disease_pest\Rice Tungro\RT_225.jpg,brri_rice_disease_pest,0.06590950947518164,1,0.06590950947518164,1.0013043880462646
data\raw\brri_rice_disease_pest\Rice Tungro\RT_226.jpg,brri_rice_disease_pest,0.546438392267439,1,0.546438392267439,1.0107336044311523
data\raw\brri_rice_disease_pest\Rice Tungro\RT_227.jpg,brri_rice_disease_pest,0.6894010893563918,1,0.6894010893563918,1.0100854635238647
data\raw\brri_rice_disease_pest\Rice Tungro\RT_228.jpg,brri_rice_disease_pest,0.785992,1,0.785992,1.0047798156738281
data\raw\brri_rice_disease_pest\Rice Tungro\RT_229.jpg,brri_rice_disease_pest,0.09290059950210842,1,0.09290059950210842,0.9992862939834595
data\raw\brri_rice_disease_pest\Rice Tungro\RT_23.jpg,brri_rice_disease_pest,0.5594372636012838,1,0.5594372636012838,0.9988656044006348
data\raw\brri_rice_disease_pest\Rice Tungro\RT_230.jpg,brri_rice_disease_pest,0.03403788748670841,1,0.03403788748670841,0.9896270036697388
data\raw\brri_rice_disease_pest\Rice Tungro\RT_231.jpg,brri_rice_disease_pest,0.19356920870585487,1,0.19356920870585487,1.0060279369354248
data\raw\brri_rice_disease_pest\Rice Tungro\RT_232.jpg,brri_rice_disease_pest,0.586151437788955,1,0.586151437788955,1.0146030187606812
data\raw\brri_rice_disease_pest\Rice Tungro\RT_233.jpg,brri_rice_disease_pest,0.6112823245240125,1,0.6112823245240125,1.0065793991088867
data\raw\brri_rice_disease_pest\Rice Tungro\RT_234.jpg,brri_rice_disease_pest,0.5261671953814628,1,0.5261671953814628,1.0038299560546875
data\raw\brri_rice_disease_pest\Rice Tungro\RT_235.jpg,brri_rice_disease_pest,0.1698716320344121,1,0.1698716320344121,0.9869396686553955
data\raw\brri_rice_disease_pest\Rice Tungro\RT_236.jpg,brri_rice_disease_pest,0.261088,1,0.261088,1.01262366771698
data\raw\brri_rice_disease_pest\Rice Tungro\RT_237.jpg,brri_rice_disease_pest,0.5273092686002522,1,0.5273092686002522,1.003037691116333
data\raw\brri_rice_disease_pest\Rice Tungro\RT_238.jpg,brri_rice_disease_pest,0.6425145807061791,1,0.6425145807061791,1.0006450414657593
data\raw\brri_rice_disease_pest\Rice Tungro\RT_239.jpg,brri_rice_disease_pest,0.08420336314094991,1,0.08420336314094991,0.9969874620437622
data\raw\brri_rice_disease_pest\Rice Tungro\RT_24.jpg,brri_rice_disease_pest,0.5343247768802182,1,0.5343247768802182,1.0082286596298218
data\raw\brri_rice_disease_pest\Rice Tungro\RT_25.jpg,brri_rice_disease_pest,0.5171432186234818,1,0.5171432186234818,1.008757472038269
data\raw\brri_rice_disease_pest\Rice Tungro\RT_26.jpg,brri_rice_disease_pest,0.10821032148120854,1,0.10821032148120854,1.0097763538360596
data\raw\brri_rice_disease_pest\Rice Tungro\RT_27.jpg,brri_rice_disease_pest,0.5766599254932656,1,0.5766599254932656,1.0036909580230713
data\raw\brri_rice_disease_pest\Rice Tungro\RT_28.jpg,brri_rice_disease_pest,0.5119341944094711,1,0.5119341944094711,0.9941704273223877
data\raw\brri_rice_disease_pest\Rice Tungro\RT_29.jpg,brri_rice_disease_pest,0.5470115391454554,1,0.5470115391454554,1.022560715675354
data\raw\brri_rice_disease_pest\Rice Tungro\RT_3.jpg,brri_rice_disease_pest,0.5628101497605328,1,0.5628101497605328,0.9926152229309082
data\raw\brri_rice_disease_pest\Rice Tungro\RT_30.jpg,brri_rice_disease_pest,0.191212,1,0.191212,1.0110695362091064
data\raw\brri_rice_disease_pest\Rice Tungro\RT_31.jpg,brri_rice_disease_pest,0.12972048638361325,1,0.12972048638361325,1.012739896774292
data\raw\brri_rice_disease_pest\Rice Tungro\RT_32.jpg,brri_rice_disease_pest,0.2767664948220504,1,0.2767664948220504,0.9892898797988892
data\raw\brri_rice_disease_pest\Rice Tungro\RT_33.jpg,brri_rice_disease_pest,0.13241244444444444,1,0.13241244444444444,1.0081881284713745
data\raw\brri_rice_disease_pest\Rice Tungro\RT_34.jpg,brri_rice_disease_pest,0.5540570648952565,1,0.5540570648952565,1.0118695497512817
data\raw\brri_rice_disease_pest\Rice Tungro\RT_35.jpg,brri_rice_disease_pest,0.1234692268285661,1,0.1234692268285661,1.0010414123535156
data\raw\brri_rice_disease_pest\Rice Tungro\RT_36.jpg,brri_rice_disease_pest,0.1246841111111111,1,0.1246841111111111,1.0055172443389893
data\raw\brri_rice_disease_pest\Rice Tungro\RT_37.jpg,brri_rice_disease_pest,0.16136942412233907,1,0.16136942412233907,1.0090830326080322
data\raw\brri_rice_disease_pest\Rice Tungro\RT_38.jpg,brri_rice_disease_pest,0.5275631784619553,1,0.5275631784619553,0.9985520243644714
data\raw\brri_rice_disease_pest\Rice Tungro\RT_39.jpg,brri_rice_disease_pest,0.596216,1,0.596216,1.004335641860962
data\raw\brri_rice_disease_pest\Rice Tungro\RT_4.jpg,brri_rice_disease_pest,0.563307149514046,1,0.563307149514046,1.0112560987472534
data\raw\brri_rice_disease_pest\Rice Tungro\RT_40.jpg,brri_rice_disease_pest,0.19668923820331294,1,0.19668923820331294,1.0097277164459229
data\raw\brri_rice_disease_pest\Rice Tungro\RT_41.jpg,brri_rice_disease_pest,0.5259328023196564,1,0.5259328023196564,1.018629550933838
data\raw\brri_rice_disease_pest\Rice Tungro\RT_42.jpg,brri_rice_disease_pest,0.25103597097561814,1,0.25103597097561814,1.0115734338760376
data\raw\brri_rice_disease_pest\Rice Tungro\RT_43.jpg,brri_rice_disease_pest,0.6492052505676782,1,0.6492052505676782,1.0091501474380493
data\raw\brri_rice_disease_pest\Rice Tungro\RT_44.jpg,brri_rice_disease_pest,0.21149410870632865,1,0.21149410870632865,1.008544921875
data\raw\brri_rice_disease_pest\Rice Tungro\RT_45.jpg,brri_rice_disease_pest,0.2586,1,0.2586,1.013420820236206
data\raw\brri_rice_disease_pest\Rice Tungro\RT_46.jpg,brri_rice_disease_pest,0.2384213330393886,1,0.2384213330393886,1.000288963317871
data\raw\brri_rice_disease_pest\Rice Tungro\RT_47.jpg,brri_rice_disease_pest,0.13054133103183735,1,0.13054133103183735,1.0024110078811646
data\raw\brri_rice_disease_pest\Rice Tungro\RT_48.jpg,brri_rice_disease_pest,0.15587714618294693,1,0.15587714618294693,0.9966106414794922
data\raw\brri_rice_disease_pest\Rice Tungro\RT_49.jpg,brri_rice_disease_pest,0.11365696305238368,1,0.11365696305238368,0.9780107140541077
data\raw\brri_rice_disease_pest\Rice Tungro\RT_5.jpg,brri_rice_disease_pest,0.7138001311844078,1,0.7138001311844078,0.9978762865066528
data\raw\brri_rice_disease_pest\Rice Tungro\RT_50.jpg,brri_rice_disease_pest,0.9230631822798682,1,0.9230631822798682,0.9998064041137695
data\raw\brri_rice_disease_pest\Rice Tungro\RT_51.jpg,brri_rice_disease_pest,0.13456694808428707,1,0.13456694808428707,1.012468695640564
data\raw\brri_rice_disease_pest\Rice Tungro\RT_52.jpg,brri_rice_disease_pest,0.13490279259597962,1,0.13490279259597962,1.0046955347061157
data\raw\brri_rice_disease_pest\Rice Tungro\RT_53.jpg,brri_rice_disease_pest,0.11673978555950955,1,0.11673978555950955,0.9906561374664307
data\raw\brri_rice_disease_pest\Rice Tungro\RT_54.jpg,brri_rice_disease_pest,0.33825033023421225,1,0.33825033023421225,1.0143159627914429
data\raw\brri_rice_disease_pest\Rice Tungro\RT_55.jpg,brri_rice_disease_pest,0.22308564708970516,1,0.22308564708970516,1.0122631788253784
data\raw\brri_rice_disease_pest\Rice Tungro\RT_56.jpg,brri_rice_disease_pest,0.598747703178716,1,0.598747703178716,1.005230188369751
data\raw\brri_rice_disease_pest\Rice Tungro\RT_57.jpg,brri_rice_disease_pest,0.5165553713864757,1,0.5165553713864757,1.0125553607940674
data\raw\brri_rice_disease_pest\Rice Tungro\RT_58.jpg,brri_rice_disease_pest,0.23386562431201205,1,0.23386562431201205,1.010818362236023
data\raw\brri_rice_disease_pest\Rice Tungro\RT_59.jpg,brri_rice_disease_pest,0.1742247434334197,1,0.1742247434334197,1.005861759185791
data\raw\brri_rice_disease_pest\Rice Tungro\RT_6.jpg,brri_rice_disease_pest,0.10906649466699235,1,0.10906649466699235,0.9960002899169922
data\raw\brri_rice_disease_pest\Rice Tungro\RT_60.jpg,brri_rice_disease_pest,0.5136496962915601,1,0.5136496962915601,1.0104643106460571
data\raw\brri_rice_disease_pest\Rice Tungro\RT_61.jpg,brri_rice_disease_pest,0.14389177972993003,1,0.14389177972993003,1.0114881992340088
data\raw\brri_rice_disease_pest\Rice Tungro\RT_62.jpg,brri_rice_disease_pest,0.6532563481716024,1,0.6532563481716024,1.0054479837417603
data\raw\brri_rice_disease_pest\Rice Tungro\RT_63.jpg,brri_rice_disease_pest,0.6087761012585813,1,0.6087761012585813,1.011021614074707
data\raw\brri_rice_disease_pest\Rice Tungro\RT_64.jpg,brri_rice_disease_pest,0.137848,1,0.137848,0.9479156732559204
data\raw\brri_rice_disease_pest\Rice Tungro\RT_65.jpg,brri_rice_disease_pest,0.3327832975712909,1,0.3327832975712909,1.005216360092163
data\raw\brri_rice_disease_pest\Rice Tungro\RT_66.jpg,brri_rice_disease_pest,0.523610609344894,1,0.523610609344894,0.9924567341804504
data\raw\brri_rice_disease_pest\Rice Tungro\RT_67.jpg,brri_rice_disease_pest,0.147692,1,0.147692,1.0006024837493896
data\raw\brri_rice_disease_pest\Rice Tungro\RT_68.jpg,brri_rice_disease_pest,0.20222135429897203,1,0.20222135429897203,1.0068484544754028
data\raw\brri_rice_disease_pest\Rice Tungro\RT_69.jpg,brri_rice_disease_pest,0.5531221597232527,1,0.5531221597232527,0.9959129095077515
data\raw\brri_rice_disease_pest\Rice Tungro\RT_7.jpg,brri_rice_disease_pest,0.1301282020190262,1,0.1301282020190262,1.0069315433502197
data\raw\brri_rice_disease_pest\Rice Tungro\RT_70.jpg,brri_rice_disease_pest,0.21189173578911902,1,0.21189173578911902,1.0099358558654785
data\raw\brri_rice_disease_pest\Rice Tungro\RT_71.jpg,brri_rice_disease_pest,0.16700510381208827,1,0.16700510381208827,1.0069218873977661
data\raw\brri_rice_disease_pest\Rice Tungro\RT_72.jpg,brri_rice_disease_pest,0.1123857984921432,1,0.1123857984921432,1.0019627809524536
data\raw\brri_rice_disease_pest\Rice Tungro\RT_73.jpg,brri_rice_disease_pest,0.606712,1,0.606712,1.005361795425415
data\raw\brri_rice_disease_pest\Rice Tungro\RT_74.jpg,brri_rice_disease_pest,0.6235963906150183,1,0.6235963906150183,0.9973145723342896
data\raw\brri_rice_disease_pest\Rice Tungro\RT_75.jpg,brri_rice_disease_pest,0.24249330914225667,1,0.24249330914225667,1.0084532499313354
data\raw\brri_rice_disease_pest\Rice Tungro\RT_76.jpg,brri_rice_disease_pest,0.11001652050395257,1,0.11001652050395257,1.0085766315460205
data\raw\brri_rice_disease_pest\Rice Tungro\RT_77.jpg,brri_rice_disease_pest,0.5125830348524107,1,0.5125830348524107,1.0023329257965088
data\raw\brri_rice_disease_pest\Rice Tungro\RT_78.jpg,brri_rice_disease_pest,0.2910649418279734,1,0.2910649418279734,1.0092326402664185
data\raw\brri_rice_disease_pest\Rice Tungro\RT_79.jpg,brri_rice_disease_pest,0.511136407898525,1,0.511136407898525,1.0246578454971313
data\raw\brri_rice_disease_pest\Rice Tungro\RT_8.jpg,brri_rice_disease_pest,0.5787563612423581,1,0.5787563612423581,1.0055006742477417
data\raw\brri_rice_disease_pest\Rice Tungro\RT_80.jpg,brri_rice_disease_pest,0.18629416882589037,1,0.18629416882589037,1.0075953006744385
data\raw\brri_rice_disease_pest\Rice Tungro\RT_81.jpg,brri_rice_disease_pest,0.18061350530915002,1,0.18061350530915002,1.007442831993103
data\raw\brri_rice_disease_pest\Rice Tungro\RT_82.jpg,brri_rice_disease_pest,0.2514455685108977,1,0.2514455685108977,1.0090866088867188
data\raw\brri_rice_disease_pest\Rice Tungro\RT_83.jpg,brri_rice_disease_pest,0.5594802621551592,1,0.5594802621551592,1.0084099769592285
data\raw\brri_rice_disease_pest\Rice Tungro\RT_84.jpg,brri_rice_disease_pest,0.284368,1,0.284368,1.0120218992233276
data\raw\brri_rice_disease_pest\Rice Tungro\RT_85.jpg,brri_rice_disease_pest,0.5167896047910374,1,0.5167896047910374,1.0218204259872437
data\raw\brri_rice_disease_pest\Rice Tungro\RT_86.jpg,brri_rice_disease_pest,0.1923061249978831,1,0.1923061249978831,1.0050877332687378
data\raw\brri_rice_disease_pest\Rice Tungro\RT_87.jpg,brri_rice_disease_pest,0.5724099370861488,1,0.5724099370861488,1.006412386894226
data\raw\brri_rice_disease_pest\Rice Tungro\RT_88.jpg,brri_rice_disease_pest,0.513088,1,0.513088,1.0037888288497925
data\raw\brri_rice_disease_pest\Rice Tungro\RT_89.jpg,brri_rice_disease_pest,0.5074585831258785,1,0.5074585831258785,1.0031977891921997
data\raw\brri_rice_disease_pest\Rice Tungro\RT_9.jpg,brri_rice_disease_pest,0.9485737975632095,1,0.9485737975632095,1.003098726272583
data\raw\brri_rice_disease_pest\Rice Tungro\RT_90.jpg,brri_rice_disease_pest,0.22842099358160173,1,0.22842099358160173,1.0105369091033936
data\raw\brri_rice_disease_pest\Rice Tungro\RT_91.jpg,brri_rice_disease_pest,0.19030831385798236,1,0.19030831385798236,1.0098612308502197
data\raw\brri_rice_disease_pest\Rice Tungro\RT_92.jpg,brri_rice_disease_pest,0.523968441463869,1,0.523968441463869,1.009657621383667
data\raw\brri_rice_disease_pest\Rice Tungro\RT_93.jpg,brri_rice_disease_pest,0.29183945748446205,1,0.29183945748446205,1.0123775005340576
data\raw\brri_rice_disease_pest\Rice Tungro\RT_94.jpg,brri_rice_disease_pest,0.29052831123304373,1,0.29052831123304373,1.0081956386566162
data\raw\brri_rice_disease_pest\Rice Tungro\RT_95.jpg,brri_rice_disease_pest,0.1316708369320395,1,0.1316708369320395,1.0035357475280762
data\raw\brri_rice_disease_pest\Rice Tungro\RT_96.jpg,brri_rice_disease_pest,0.15767625192636625,1,0.15767625192636625,1.006352186203003
data\raw\brri_rice_disease_pest\Rice Tungro\RT_97.jpg,brri_rice_disease_pest,0.22011697911903674,1,0.22011697911903674,1.0129109621047974
data\raw\brri_rice_disease_pest\Rice Tungro\RT_98.jpg,brri_rice_disease_pest,0.17107508171179867,1,0.17107508171179867,1.005905270576477
data\raw\brri_rice_disease_pest\Rice Tungro\RT_99.jpg,brri_rice_disease_pest,0.5296165578587275,1,0.5296165578587275,1.0149422883987427
